agenda,dkod,nazev,metodika
1,D1.1,Počet obyvatel obce VČETNĚ cizinců,"Počet obyvatel obce - správní obvod obce s pověřením I. stupně; k 31.12. sledovaného roku; zdroje dat - ohlašovna; http://www.mvcr.cz/clanek/statistiky-pocty-obyvatel-v-obcich.aspx - Informativní počet cizinců v obcích a městských částech (počet cizinců celkem, tj. trvalý + přechodný pobyt). Údaje z této agendy vstupují do řady výpočtů a případné chyby mohou zásadně ovlivnit vaše výsledky v jiných agendách !!!"
1,D1.1.1,Z TOHO počet cizinců s trvalým a přechodným pobytem v obci,"Zdroj dat: http://www.mvcr.cz/clanek/statistiky-pocty-obyvatel-v-obcich.aspx - Informativní počet cizinců v obcích a městských částech (počet cizinců celkem, tj. trvalý + přechodný pobyt). K 31.12. sledovaného roku."
1,D1.2,Počet obyvatel správního obvodu obce s pověřeným obecním úřadem VČETNĚ cizinců,"Počet obyvatel správního obvodu obce s pověřením II. stupně; k 31.12. sledovaného roku; zdroj dat - uveďte poslední aktuální údaj, který máte k dispozici (WYSE k datu ""překlopení"" na IS C227, vlastní evidence na základě oslovení obcí nebo poslední údaj Českého statistického úřadu (ČSÚ uvádí počty obyvatel včetně cizinců)). !!! Údaje z této agendy vstupují do řady výpočtů a případné chyby mohou zásadně ovlivnit vaše výsledky v jiných agendách !!! Dále: http://www.mvcr.cz/clanek/statistiky-pocty-obyvatel-v-obcich.aspx - Informativní počet cizinců v obcích a městských částech (počet cizinců celkem, tj. trvalý + přechodný pobyt)."
1,D1.3,Počet obyvatel správního obvodu obce s rozšířenou působností VČETNĚ cizinců,"Počet obyvatel správního obvodu obce s pověřením III. stupně; k 31.12. sledovaného roku; zdroj dat - uveďte poslední aktuální údaj, který máte k dispozici (WYSE k datu ""překlopení"" na IS C227, vlastní evidence na základě oslovení obcí nebo poslední údaj Českého statistického úřadu (ČSÚ uvádí počty obyvatel včetně cizinců)). V případě, že vyplňujete za obec II. typu - vyplňte počet obyvatel ""dvojkového"" správního obvodu. Za městské části, prosím vyplňte včetně cizinců. !!! Údaje z této agendy vstupují do řady výpočtů a případné chyby mohou zásadně ovlivnit vaše výsledky v jiných agendách !!! Dále: http://www.mvcr.cz/clanek/statistiky-pocty-obyvatel-v-obcich.aspx - Informativní počet cizinců v obcích a městských částech (počet cizinců celkem, tj. trvalý + přechodný pobyt)."
1,D1.3.1,Z TOHO počet cizinců ve správním obvodu obce s rozšířenou působností,"Počet cizinců ve správním obvodu obce s rozšířenou působností k 31.12 sledovaného roku (nebo k 1.1. roku následujícího). Zdroj dat: http://www.mvcr.cz/clanek/statistiky-pocty-obyvatel-v-obcich.aspx - Informativní počet cizinců v obcích a městských částech. Údaje z této agendy vstupují do řady výpočtů a případné chyby mohou zásadně ovlivnit vaše výsledky v jiných agendách !!! Dále: http://www.mvcr.cz/clanek/statistiky-pocty-obyvatel-v-obcich.aspx - Informativní počet cizinců v obcích a městských částech (počet cizinců celkem, tj. trvalý + přechodný pobyt)."
1,D1.4,Počet obyvatel správního obvodu obce s působností matričního úřadu VČETNĚ cizinců,"Počet obyvatel správního obvodu obce pro který obec zajišťuje výkon přenesené působnosti v oblasti matričního úřadu; k 31.12. sledovaného roku; zdroj dat - uveďte poslední aktuální údaj, který máte k dispozici (WYSE k datu ""překlopení"" na IS C227, vlastní evidence na základě oslovení obcí nebo poslední údaj Českého statistického úřadu (ČSÚ uvádí počty obyvatel včetně cizinců)). PROSÍME, získejte/ověřte si tento údaj u PRACOVNÍKŮ MATRIKY. !!! Údaje z této agendy vstupují do řady výpočtů a případné chyby mohou zásadně ovlivnit vaše výsledky v jiných agendách !!! Dále: http://www.mvcr.cz/clanek/statistiky-pocty-obyvatel-v-obcich.aspx - Informativní počet cizinců v obcích a městských částech (počet cizinců celkem, tj. trvalý + přechodný pobyt)."
1,D1.5,Počet obyvatel správního obvodu obce s působností stavebního úřadu VČETNĚ cizinců,"Počet obyvatel správního obvodu obce pro který obec zajišťuje výkon přenesené působnosti v oblasti stavebního úřadu (PRO ORP JE TO STEJNÝ ÚDAJ JAKO V POLI D1.3, U MĚSTSKÝCH ČÁSTÍ SE MŮŽE LIŠIT DLE PŮSOBNOSTI SVĚŘENÉ STATUTEM; k 31.12. sledovaného roku; zdroj dat - uveďte poslední aktuální údaj, který máte k dispozici (WYSE k datu ""překlopení"" na IS C227, vlastní evidence na základě oslovení obcí nebo poslední údaj Českého statistického úřadu (ČSÚ uvádí počty obyvatel včetně cizinců)). Údaje z této agendy vstupují do řady výpočtů a případné chyby mohou zásadně ovlivnit vaše výsledky v jiných agendách !!! Dále: http://www.mvcr.cz/clanek/statistiky-pocty-obyvatel-v-obcich.aspx - Informativní počet cizinců v obcích a městských částech (počet cizinců celkem, tj. trvalý + přechodný pobyt)."
1,D1.7,Počet obcí ve správním obvodu obce s pověřeným obecním úřadem,Počet obcí ve správním obvodu obce s pověřením II. stupně (tj. počet obcí v tzv. dvojkovém území); k 31.12. sledovaného roku; nezapočítává se obec za niž jsou data vyplňována. !!! Údaje z této agendy vstupují do řady výpočtů a případné chyby mohou zásadně ovlivnit vaše výsledky v jiných agendách !!!
1,D1.8,Počet obcí ve správním obvodu obce s rozšířenou působností,Počet obcí ve správním obvodu obce s pověřením III. stupně (tj. počet obcí v tzv. trojkovém území); k 31.12. sledovaného roku; nezapočítává se obec za niž jsou data vyplňována. !!! Údaje z této agendy vstupují do řady výpočtů a případné chyby mohou zásadně ovlivnit vaše výsledky v jiných agendách !!!
1,D1.9,Počet obcí v působnosti matričního úřadu pro něž obec (vyplňující) zajišťuje působnost matričního úřadu,"Počet obcí ve správním obvodu obce s pověřením III. stupně, pro něž obec (vyplňující) zajišťuje působnost matričního úřadu; k 31.12. sledovaného roku; nezapočítává se obec za niž jsou data vyplňována. PROSÍME, získejte/ověřte si tento údaj u PRACOVNÍKŮ MATRIKY!!! Údaje z této agendy vstupují do řady výpočtů a případné chyby mohou zásadně ovlivnit vaše výsledky v jiných agendách !!!"
1,D1.10,Počet matričních úřadů ve správním obvodu,"Počet matričních úřadů ve správním obvodu obce s pověřením III. stupně; nezapočítává se matriční úřad vyplňující obce. PROSÍME, získejte/ověřte si tento údaj u PRACOVNÍKŮ MATRIKY. !!! Údaje z této agendy vstupují do řady výpočtů a případné chyby mohou zásadně ovlivnit vaše výsledky v jiných agendách !!!"
1,D1.11,Počet obcí v působnosti stavebního úřadu,"Počet obcí ve správním obvodu, pro který obec (vyplňující) zajišťuje výkon přenesené působnosti v oblasti stavebního úřadu; k 31.12. sledovaného roku; nezapočítává se obec za niž jsou data vyplňována. PROSÍME, získejte/ověřte si tento údaj u PRACOVNÍKŮ STAVEBNÍHO ÚŘADU. !!! Údaje z této agendy vstupují do řady výpočtů a případné chyby mohou zásadně ovlivnit vaše výsledky v jiných agendách !!!"
1,D1.12,Počet stavebních úřadů ve správním obvodu,"Počet stavebních úřadů ve správním obvodu obce s pověřením III. stupně; nezapočítává se stavební úřad vyplňující obce. PROSÍME, získejte/ověřte si tento údaj u PRACOVNÍKŮ STAVEBNÍHO ÚŘADU. !!! Údaje z této agendy vstupují do řady výpočtů a případné chyby mohou zásadně ovlivnit vaše výsledky v jiných agendách !!!"
1,D1.13,Počet km čtverečních obce,Počet km čtverečních obce - správní obvod obce s pověřením I. stupně; k 31. 12. sledovaného roku. !!! Údaje z této agendy vstupují do řady výpočtů a případné chyby mohou zásadně ovlivnit vaše výsledky v jiných agendách !!!
1,D1.14,Počet km čtverečních správního obvodu obce s pověřeným obecním úřadem,Počet km čtverečních správního obvodu obce s pověřením II. stupně; k 31. 12. sledovaného roku. !!! Údaje z této agendy vstupují do řady výpočtů a případné chyby mohou zásadně ovlivnit vaše výsledky v jiných agendách !!!
1,D1.15,Počet km čtverečních správního obvodu obce s rozšířenou působností,"Počet km čtverečních správního obvodu obce s pověřením III. stupně; k 31. 12. sledovaného roku. V případě, že vyplňujete za obec II. typu - vyplňte km2 ""dvojkového"" správního obvodu. !!! Údaje z této agendy vstupují do řady výpočtů a případné chyby mohou zásadně ovlivnit vaše výsledky v jiných agendách !!!"
1,D1.16,Podíl nezaměstnaných na obyvatelstvu v % v obci (nebo v okrese),K 31. 12. sledovaného roku; zdroj dat - úřad práce. !!! Údaje z této agendy vstupují do řady výpočtů a případné chyby mohou zásadně ovlivnit vaše výsledky v jiných agendách !!! Do roku 2012 - Míra nezaměstnanosti v obci - ve správním obvodu obce s pověřením I. stupně k 31. 12. sledovaného roku; zdroj dat - MPSV - Power BI - Podíl nezaměstnaných osob - trvalá/kontaktní adresa. https://data.mpsv.cz/portal
1,D1.17,Podíl nezaměstnaných na obyvatelstvu v % ve správním obvodu obce s rozšířenou působností (nebo v okrese),K 31. 12. sledovaného roku; zdroj dat - úřad práce. !!! Údaje z této agendy vstupují do řady výpočtů a případné chyby mohou zásadně ovlivnit vaše výsledky v jiných agendách !!! Do roku 2012 - Míra nezaměstnanosti ve správním obvodu obce s pověřením III. stupně k 31. 12. sledovaného roku; zdroj dat - MPSV - Power BI - Podíl nezaměstnaných osob - trvalá/kontaktní adresa. https://data.mpsv.cz/portal
1,D1.18,PRŮMĚRNÝ fyzický počet zaměstnanců obce zařazených v obecním úřadě,"Aritmetický průměr měsíčních fyzických počtů zaměstnanců k poslednímu dni jednotlivých měsíců za období sledovaného roku (Příklad výpočtu: (stav k 31.1.+ stav k 28.2 + stav k 31.3. . .)/12). Podle Zákona č. 128/2000 Sb., o obcích, §102, odst. 2, písm. j (tzn. bez uvolněných zastupitelů, pracovníků městské policie, organizačních složek, veřejně prospěšných a obecně prospěšných prací, absolventských praxí,...) DO PRŮMĚRU ZAPOČÍTEJTE SKUTEČNĚ OBSAZENÁ MÍSTA - NAPLNĚNÉ PRACOVNÍ POZICE - SKUTEČNÉ NAPLNĚNÍ SCHVÁLENÉ SYSTEMIZACE. (!!! Údaje z této agendy vstupují do řady výpočtů a případné chyby mohou zásadně ovlivnit vaše výsledky v jiných agendách !!!)"
1,D1.19,Průměrný evidenční přepočtený počet zaměstnanců obce zařazených v obecním úřadě,"Za celé období sledovaného roku. Podle Zákona č. 128/2000 Sb., o obcích, §102, odst. 2, písm. j (tzn. bez uvolněných zastupitelů, pracovníků městské policie, organizačních složek, veřejně prospěšných a obecně prospěšných prací, absolventských praxí,...); jedná se o tzv. úvazky dle pracovních smluv jednotlivých zaměstnanců (. !!! Údaje z této agendy vstupují do řady výpočtů a případné chyby mohou zásadně ovlivnit vaše výsledky v jiných agendách !!!)"
1,D1.20,Průměrný fyzický počet zaměstnanců obce zařazených v obecním úřadě VČETNĚ UVOLNĚNÝCH FUNKCIONÁŘŮ,"Použijte prosím stejný postup výpočtu jako v řádku D1.18 a připočtěte průměrný fyzický počet uvolněných funkcionářů za období sledovaného roku. Všichni pracovníci, o nichž obec účtuje na § 6171 Činnost místní správy, tzn. bez organizačních složek, městské policie, pečovatelské služby apod. a ""uvolnění"" zastupitelé, o nichž obec účtuje na § 6112. Údaj vstupuje do agend 51, 53, 54, 56 a 57."
2,D2.0.1,Počet přihlášení k trvalému pobytu z jiného správního obvodu obce III. typu,Údaj podle zákona. Data vyplňujte k 31.12. sledovaného roku celkem za správní obvod. Statistika AISO.
2,D2.0.2,Počet odhlášení z trvalého pobytu ze správního obvodu obce III. typu,Údaj podle zákona. Data vyplňujte k 31.12. sledovaného roku celkem za správní obvod. Statistika AISO.
2,D2.0.4,Změna počtu osob přihlášených k trvalému pobytu (hlášení vlastníkům),Data vyplňujte k 31.12. sledovaného roku.
2,D2.0.5,Počet odhlášení z trvalého pobytu v obci,Data vyplňujte k 31.12. sledovaného roku.
2,D2.0.6,Počet osob přihlášených k trvalému pobytu na ohlašovně obce,"Celkový počet osob přihlášených na ohlašovně k 31.12. sledovaného roku. Zdroj dat: ohlašovna, interní evidence."
2,D2.1.2,Počet zahájených správních řízení o zrušení trvalého pobytu,"Data vyplňujte k 31.12. sledovaného roku. Zdroj dat: ohlašovna, interní evidence."
2,D2.1.3,Počet nahlášení ukončení trvalého pobytu na území ČR,"Data vyplňujte k 31.12. sledovaného roku. Zdroj dat: ohlašovna, interní evidence."
2,D2.1.4,Počet nahlášení doručovacích adres dle § 10b zák. 133/2000 Sb.,"Data vyplňujte k 31.12. sledovaného roku. Zdroj dat: ohlašovna, interní evidence."
2,D2.1.5,Počet výpisů z informačního systému dle § 8 zák. 133/2000 Sb.,Data vyplňujte k 31.12. sledovaného roku. Zdroj dat: interní evidence.
2,D2.3,Počet zaměstnanců - pracovních úvazků v agendě evidence obyvatel celkem,"Pouze úvazky pro agendu Evidence obyvatel (nezapočítáváme zde například práci odvedenou v rámci voleb apod.) stanovte k 31.12. sledovaného roku včetně poměrné části pracovních úvazků vedoucích a administrativní síly, které rozpočtěte vzhledem k počtu pracovníků na oddělení nebo odboru. Zpravidla půjde o desetinné číslo. Pokud pracovník vykonává i jinou agendu, započítává se pouze příslušným podílem a součet jeho úvazků v těchto agendách musí být roven jedné! Poměrná část úvazku zaměstnanců se týká vždy pouze agend za které, jsou vstupní data vyplňována. Součet úvazků v agendách se tak nemusí rovnat počtu zaměstnanců odboru nebo oddělení pokud tato organizační jednotka zajišťuje další agendy nebo úkoly, které nejsou předmětem porovnávání."
2,D2.10,Počet úředních hodin v týdnu,"Údaj v hodinách za týden, který odpovídá oficiálně zveřejněným úředním hodinám na úřadě (úřední hodiny se mohou v některých agendách lišit; jsou-li například úřední hodiny evidence obyvatel zveřejněny v po, út, st a pá odpoledne, ale stavební úřad veřejně prezentuje úřední hodiny pouze ve dnech po a st). Rozhodujícím kritériem je to, zda je tato úřední doba prokazatelně zveřejněna např. na vstupu do úřadu, na internetu, na vstupních dveřích matriky, živnostenského úřadu apod. a současně je zaručeno, že klient bude obsloužen v plném rozsahu. NEZAPOČÍTÁVÁME POLEDNÍ PŘESTÁVKU ve zveřejněném rozsahu (klienti v této době nejsou odbavováni, polední přestávka je zveřejněna)."
2,D2.11,Průměrná čekací doba (v minutách),"Vyplní pouze města provozující automatizované odbavovací systémy jako celoroční průměrný údaj; v letech 2003 až 2005 se jednalo o dobrovolný údaj, který města zadala na základě informací z odbavovacího systému nebo který ve dvou týdenních cyklech reálně měřila například pomocí studentů."
3,D3.1,Počet zaměstnanců - pracovních úvazků v agendě matrika celkem POZOR!!! POUZE ZA MATRIKU NE VIDIMACE A LEGALIZACE!!!,"Úvazky pro agendu celkem stanovte k 31.12. sledovaného roku včetně poměrné části pracovních úvazků vedoucích a administrativní síly, které rozpočtěte vzhledem k počtu pracovníků na oddělení nebo odboru. Zpravidla půjde o desetinné číslo. Pokud pracovník vykonává i jinou agendu, započítává se pouze příslušným podílem a součet jeho úvazků v těchto agendách musí být roven jedné! Poměrná část úvazku zaměstnanců se týká vždy konkrétní agendy za kterou, jsou vstupní data vyplňována. Součet úvazků v agendách se tak nemusí rovnat počtu zaměstnanců odboru nebo oddělení pokud tato organizační jednotka zajišťuje další agendy nebo úkoly, které nejsou předmětem porovnávání"
3,D3.1.1,Úvazky pracovníků zajišťujících vidimaci a legalizaci ZA ÚŘAD/MAGISTRÁT CELKEM,"Započtěte úvazky všech zaměstnanců zajišťujících vidimaci a legalizaci bez ohledu na odbor/útvar, kde je tato činnost vykonávána - tedy za celý úřad. Sledováno od roku 2008, v letech 2003 - 2007 byly automaticky doplněny nuly. včetně poměrné části pracovních úvazků vedoucích a administrativní síly, které rozpočtěte vzhledem k počtu pracovníků na oddělení nebo odboru. Zpravidla půjde o desetinné číslo. Pokud pracovník vykonává i jinou agendu, započítává se pouze příslušným podílem a součet jeho úvazků v těchto agendách musí být roven jedné! Poměrná část úvazku zaměstnanců se týká vždy konkrétní agendy za kterou, jsou vstupní data vyplňována. Součet úvazků v agendách se tak nemusí rovnat počtu zaměstnanců odboru nebo oddělení pokud tato organizační jednotka zajišťuje další agendy nebo úkoly, které nejsou předmětem porovnávání."
3,D3.2,Vystavení vysvědčení o právní způsobilosti k uzavření manželství či registraci partnerství s cizincem,Počet vydaných vysvědčení o právní způsobilosti k uzavření manželství či registraci partnerství s cizincem. K 31.12. sledovaného roku.
3,D3.5,Změna jména a příjmení,Počet správních řízení ve věci povolení změny jména a příjmení končící rozhodnutím. K 31.12. sledovaného roku.
3,D3.6,Vystavení vícejazyčných standardních formulářů,"Počet vystavených matričních dokladů s vícejazyčným standardním formulářem vyhotoveným podle přímo použitelného předpisu Evropské unie, § 25 odst. 6 zákona o matrikách. K 31. 12. sledovaného roku."
3,D3.7,"Zpětvzetí příjmení, dopsání druhého jména a příjmení v mužském tvaru","Počet převzatých oznámení o přijetí dřívějšího příjmení po rozvodu manželství ve lhůtě 6 měsíců po právní moci rozsudku soudu, dopsání druhého jména, zápis ženského příjmení v mužské podobě (bez koncovky -ová). K 31.12. sledovaného roku."
3,D3.8,Žádosti o vystavení dokladů ze Zvláštní matriky Brno,"Počet převzatých žádostí o zápis do zvláštní matriky Brno – rodné, oddací, úmrtní listy, registrace partnerství (události českých občanů, které nastaly v cizině). K 31.12. sledovaného roku."
3,D3.9,Vystavení osvědčení pro uzavření sňatku před orgánem církve,Počet vydaných osvědčení pro církevní sňatek. K 31.12. sledovaného roku.
3,D3.10,Počet zápisů v knize narození - počet narození,Počet událostí (narození) - matrika narození k 31.12. sledovaného roku.
3,D3.11,Počet zápisů v knize manželství,"Počet událostí dle § 655 odst. 1 a 2 zákona č. 89/2012 Sb., OZ k 31. 12. sledovaného roku."
3,D3.11.2,Celkový počet žádostí o uzavření manželství a partnerství mimo stanovenou dobu a místo,"Počet přijatých žádostí - matrika sňatků a partnerství, § 12 zákona o matrikách, § 663 odst. 1 OZ, § 13 a odst. 3 zákona o matrikách. K 31. 12. sledovaného roku."
3,D3.12,Počet zápisů v knize úmrtí - počet úmrtí,Počet událostí (úmrtí) - matrika úmrtí k 31.12. sledovaného roku.
3,D3.13,Počet vyhotovených duplikátů matričních dokladů,"Počet vyhotovených duplikátů - rodných, oddacích, úmrtních listů a dokladů o registrovaných partnerstvích. K 31.12. sledovaného roku."
3,D3.14,Počet změn v matričních zápisech celkem,"Počet dodatečných záznamů v matričních knihách, změny jména a příjmení z ostatních matrik v České republice, popření otcovství, osvojení (zrušitelné, nezrušitelné), rozvody, matriční události v cizině, opravy chybných údajů na veřejných listinách. K 31.12. sledovaného roku."
3,D3.15,"Počet konzultací a přezkoušení dle Zákona č. 21/2006 Sb., o ověřování",Počet konzultací a přezkoušení dle zákona č. 21/2006 Sb. o ověřování. K 31.12. sledovaného roku.
3,D3.16,Vidimace a legalizace - počet případů,Celkový počet provedených vidimací a legalizací na CELÉM ÚŘADĚ (i pokud provádní jiný odbor(y) než matrika). Je nutné přičíst úvazky těchto pracovníků (i z jiných odborů/útvarů) do řádku D3.1.1. K 31.12. sledovaného roku. Od 1.1.2006 se počet provedených vidimací a legalizací rovná počtu čísel jednacích - sledovaných úkonů (údaje za roky 2003 - 2005 mohou být proto zdánlivě nižší).
3,D3.17,Počet prominutí předložení stanoveného dokladu,Dle § 664 odst. 2 zákona č. 89/2012 Sb. K 31.12. sledovaného roku.
3,D3.18,Počet zápisů o určení otcovství před i po narození dítěte,"K 31.12. sledovaného roku. Dle § 779 odst. 1, 2 zákona č. 89/2012 Sb."
3,D3.19,Počet tranzicí,"Dle § 72 a odst.1a 3 a § 72 a odst. 2 a 3 zákona č. 301/2000 Sb., zákona o matrikách, od 1.7.2025. K 31.12. sledovaného roku."
3,D3.20,Počet úředních hodin v týdnu,"Údaj v hodinách za týden, který odpovídá oficiálně zveřejněným úředním hodinám na úřadě (úřední hodiny se mohou v některých agendách lišit; jsou-li například úřední hodiny evidence obyvatel zveřejněny v po, út, st a pá odpoledne, ale stavební úřad veřejně prezentuje úřední hodiny pouze ve dnech po a st). Rozhodujícím kritériem je to, zda je tato úřední doba prokazatelně zveřejněna např. na vstupu do úřadu, na internetu, na vstupních dveřích matriky, živnostenského úřadu apod. a současně je zaručeno, že klient bude obsloužen v plném rozsahu. NEZAPOČÍTÁVÁME POLEDNÍ PŘESTÁVKU ve zveřejněném rozsahu (klienti v této době nejsou odbavováni, polední přestávka je zveřejněna)."
3,D3.21,Průměrná čekací doba (v minutách),Vyplní pouze města provozující automatizované odbavovací systémy jako celoroční průměrný údaj.
4,D4.1,Počet zaměstnanců - pracovních úvazků v agendě občanské průkazy celkem,"Úvazky pro agendu celkem stanovte k 31.12. sledovaného roku včetně poměrné části pracovních úvazků vedoucích a administrativní síly, které rozpočtěte vzhledem k počtu pracovníků na oddělení nebo odboru. Zpravidla půjde o desetinné číslo. Pokud pracovník vykonává i jinou agendu, započítává se pouze příslušným podílem a součet jeho úvazků v těchto agendách musí být roven jedné! Poměrná část úvazku zaměstnanců se týká vždy konkrétní agendy za kterou, jsou vstupní data vyplňována. Součet úvazků v agendách se tak nemusí rovnat počtu zaměstnanců odboru nebo oddělení pokud tato organizační jednotka zajišťuje další agendy nebo úkoly, které nejsou předmětem porovnávání."
4,D4.2,Počet žádostí o vydání OP,"Počítají se VŠECHNY přijaté žádosti (včetně off-line, bez strojově čitelných údajů). K 31.12. sledovaného roku."
4,D4.2.1,z toho počet žádostí off line (žádosti nabrané v terénu - imobilní občané),K 31.12. sledovaného roku.
4,D4.4,Počet všech vydaných OP,"Jde o všechny vydané OP, které jsou doručeny na obecní úřad z MV ČR. VČETNĚ vydaných OP bez strojově čitelných údajů. K 31.12. sledovaného roku."
4,D4.5,Počet VŠECH řešených přestupků DLE ZÁKONA 269/2021 Sb.,Celkový počet řešených přestupků. K 31.12. sledovaného roku.
4,D4.6,z toho počet přestupků vyřízených v PŘÍKAZNÍM řízení na místě DLE ZÁKONA 269/2021 Sb.,"Celkový počet přestupků, které byly vyřízeny v příkazním řízení na místě (blokově). K 31.12. sledovaného roku."
4,D4.6.1,Objem uložených pokut v tis. Kč,Objem uložených pokut v tis. Kč v příkazním řízení na místě (blokově). K 31.12. sledovaného roku.
4,D4.7,Průměrná čekací doba (v minutách),Vyplní pouze města provozující automatizované odbavovací systémy jako celoroční průměrný údaj.
4,D4.8,Počet úředních hodin v týdnu,"Údaj v hodinách za týden, který odpovídá oficiálně zveřejněným úředním hodinám na úřadě (úřední hodiny se mohou v některých agendách lišit; jsou-li například úřední hodiny evidence obyvatel zveřejněny v po, út, st a pá odpoledne, ale stavební úřad veřejně prezentuje úřední hodiny pouze ve dnech po a st). Rozhodujícím kritériem je to, zda je tato úřední doba prokazatelně zveřejněna např. na vstupu do úřadu, na internetu, na vstupních dveřích matriky, živnostenského úřadu apod. a současně je zaručeno, že klient bude obsloužen v plném rozsahu. NEZAPOČÍTÁVÁME POLEDNÍ PŘESTÁVKU ve zveřejněném rozsahu (klienti v této době nejsou odbavováni, polední přestávka je zveřejněna)."
4,D4.9,Příjmy ze správních poplatků v tis. Kč,Částka která byla vybrána na správních poplatcích při úkonech občanských průkazů. V tis. Kč. K 31.12. sledovaného roku.
5,D5.1,Počet žádostí celkem,"Počítají se všechny žádosti přijaté od občanů, případně postoupené zastupitelským úřadem. Údaj lze zjistit z manuálně vedené evidence CD. K 31.12. sledovaného roku."
5,D5.2,Počet vydaných pasů,"Všechny vydané cestovní pasy, které jsou doručeny na obecní úřad z MV ČR, včetně zaslaných zastupitelskému úřadu k předání občanům. Údaj lze zjistit v evidenci CD (evidence MV ČR). K 31.12. sledovaného roku."
5,D5.3,Počet VŠECH řešených přestupků DLE ZÁKONA 329/1999 Sb.,Celkový počet řešených přestupků. K 31.12. sledovaného roku.
5,D5.3.1,z toho počet přestupků vyřízených v PŘÍKAZNÍM řízení na místě DLE ZÁKONA 329/1999 Sb.,"Celkový počet přestupků, které byly vyřízeny v příkazním řízení na místě (blokově). K 31.12. sledovaného roku."
5,D5.4,Objem uložených pokut v tis. Kč,Objem uložených pokut v tis. Kč v příkazním řízení na místě (blokově). K 31.12. sledovaného roku.
5,D5.5,Průměrná čekací doba (v minutách),Vyplní pouze města provozující automatizované odbavovací systémy jako celoroční průměrný údaj za období sledovaného roku.
5,D5.6,Počet zaměstnanců - pracovních úvazků v agendě cestovní doklady celkem,"Úvazky pro agendu celkem stanovte k 31.12. sledovaného roku včetně poměrné části pracovních úvazků vedoucích a administrativní síly, které rozpočtěte vzhledem k počtu pracovníků na oddělení nebo odboru. Zpravidla půjde o desetinné číslo. Pokud pracovník vykonává i jinou agendu, započítává se pouze příslušným podílem a součet jeho úvazků v těchto agendách musí být roven jedné! Poměrná část úvazku zaměstnanců se týká vždy konkrétní agendy za kterou, jsou vstupní data vyplňována. Součet úvazků v agendách se tak nemusí rovnat počtu zaměstnanců odboru nebo oddělení pokud tato organizační jednotka zajišťuje další agendy nebo úkoly, které nejsou předmětem porovnávání."
5,D5.7,Počet úředních hodin v týdnu,"Údaj v hodinách za týden, který odpovídá oficiálně zveřejněným úředním hodinám na úřadě (úřední hodiny se mohou v některých agendách lišit; jsou-li například úřední hodiny evidence obyvatel zveřejněny v po, út, st a pá odpoledne, ale stavební úřad veřejně prezentuje úřední hodiny pouze ve dnech po a st). Rozhodujícím kritériem je to, zda je tato úřední doba prokazatelně zveřejněna např. na vstupu do úřadu, na internetu, na vstupních dveřích matriky, živnostenského úřadu apod. a současně je zaručeno, že klient bude obsloužen v plném rozsahu. NEZAPOČÍTÁVÁME POLEDNÍ PŘESTÁVKU ve zveřejněném rozsahu (klienti v této době nejsou odbavováni, polední přestávka je zveřejněna)."
5,D5.8,Příjmy ze správních poplatků v tis. Kč,Částka která byla vybrána na správních poplatcích při úkonech cestovních dokladů. V tis. Kč. K 31.12. sledovaného roku.
6,D6.1,Fyzický počet zaměstnanců obce zařazených v obecním úřadě,"Podle Zákona č. 128/2000 Sb., o obcích, §102, odst. 2, písm. j (tzn. bez uvolněných zastupitelů, pracovníků městské policie, organizačních složek, veřejně prospěšných a obecně prospěšných prací, absolventských praxí,...). UVEĎTE SKUTEČNĚ OBSAZENÁ MÍSTA - NAPLNĚNÉ PRACOVNÍ POZICE. K 31.12. sledovaného roku."
6,D6.1.1,Počet žen,K 31.12. sledovaného roku. Součet počtu žen a počtu mužů se musí rovnat údaji v řádku D 6.1.
6,D6.1.2,Počet mužů,K 31.12. sledovaného roku. Součet počtu žen a počtu mužů se musí rovnat údaji v řádku D 6.1.
6,D6.1.3.1,Počet zaměstnanců ve věku do 30 let,K 31.12. sledovaného roku. Součet dle jednotlivých věkových kategorií se musí rovnat údaji v řádku D 6.1.
6,D6.1.3.2,Počet zaměstnanců ve věku 31 - 50 let,K 31.12. sledovaného roku. Součet dle jednotlivých věkových kategorií se musí rovnat údaji v řádku D 6.1.
6,D6.1.3.3,Počet zaměstnanců ve věku 51-60 let,K 31.12. sledovaného roku. Součet dle jednotlivých věkových kategorií se musí rovnat údaji v řádku D 6.1.
6,D6.1.3.4,Počet zaměstnanců ve věku 61 let a výše,K 31.12. sledovaného roku. Součet dle jednotlivých věkových kategorií se musí rovnat údaji v řádku D 6.1.
6,D6.1.3.5,Fyzický počet zaměstnanců s nárokem na starobní důchod,K 31.12. sledovaného roku.
6,D6.1.9,Počet zaměstnanců se základním vzděláním,K 31.12. sledovaného roku. Součet dle jednotlivých kategorií dosaženého vzdělání se musí rovnat údaji v řádku D 6.1.
6,D6.1.10,Počet zaměstnanců se středním odborným vzděláním (bez maturitní zkoušky),K 31.12. sledovaného roku. Součet dle jednotlivých kategorií dosaženého vzdělání se musí rovnat údaji v řádku D 6.1.
6,D6.1.11,Počet zaměstnanců s úplným středním odborným vzděláním (s maturitní zkouškou),K 31.12. sledovaného roku. Součet dle jednotlivých kategorií dosaženého vzdělání se musí rovnat údaji v řádku D 6.1.
6,D6.1.12,Počet zaměstnanců s vyšším odborným vzděláním,K 31.12. sledovaného roku. Součet dle jednotlivých kategorií dosaženého vzdělání se musí rovnat údaji v řádku D 6.1. Sledováno odděleně od roku 2009.
6,D6.1.13,Počet zaměstnanců s vysokoškolským vzděláním,K 31.12. sledovaného roku. Součet dle jednotlivých kategorií dosaženého vzdělání se musí rovnat údaji v řádku D 6.1. Do roku 2009 vykazováno včetně vyššího odborného vzdělání.
6,D6.2.1,Počet úředníků (bez vedoucích úředníků),K 31.12. sledovaného roku. Součet řádků D 6.2.1 + D 6.2.2 + D 6.2.3 se musí rovnat řádku D 6.1.
6,D6.2.2,Počet vedoucích úředníků,K 31.12. sledovaného roku. Včetně vedoucího úřadu. Součet řádků D 6.2.1 + D 6.2.2 + D 6.2.3 se musí rovnat řádku D 6.1.
6,D6.2.2.1,Počet vedoucích úředníků - žen,K 31.12. sledovaného roku. Součet řádků D 6.2.2.1 + D 6.2.2.2 se musí rovnat řádku D 6.2.2.
6,D6.2.2.2,Počet vedoucích úředníků - mužů,K 31.12. sledovaného roku. Součet řádků D 6.2.2.1 + D 6.2.2.2 se musí rovnat řádku D 6.2.2.
6,D6.2.2.2.1,Počet vedoucích úředníků ve věku do 30 let,K 31.12. sledovaného roku. Součet dle jednotlivých věkových kategorií se musí rovnat údaji v řádku D 6.2.2.
6,D6.2.2.2.2,Počet vedoucích úředníků ve věku 31 - 50 let,K 31.12. sledovaného roku. Součet dle jednotlivých věkových kategorií se musí rovnat údaji v řádku D 6.2.2.
6,D6.2.2.2.3,Počet vedoucích úředníků ve věku 51-60 let,K 31.12. sledovaného roku. Součet dle jednotlivých věkových kategorií se musí rovnat údaji v řádku D 6.2.2.
6,D6.2.2.2.4,Počet vedoucích úředníků ve věku 61 let a výše,K 31.12. sledovaného roku. Součet dle jednotlivých věkových kategorií se musí rovnat údaji v řádku D 6.2.2.
6,D6.2.2.12,Počet vedoucích úředníků s vyšším odborným vzděláním,K 31.12. sledovaného roku. Sledováno odděleně od roku 2009.
6,D6.2.2.13,Počet vedoucích úředníků s vysokoškolským vzděláním,K 31.12. sledovaného roku. Od roku 2009 zahrnuti pouze vedoucí úředníci s vysokoškolským vzděláním.
6,D6.2.3,Počet ostatních zaměstnanců (neúředníků zařazených do úřadu),K 31.12. sledovaného roku. Součet řádků D 6.2.1 + D 6.2.2 + D 6.2.3 se musí rovnat řádku D 6.1.
6,D6.3,Náklady na vzdělávání celkem (včetně ZOZ) v tis. Kč,"Údaj z rozpočtu - pol. 5167, včetně školení BOZP, referentských zkoušek apod. (bez uvolněných zastupitelů, pracovníků městské policie, organizačních složek, veřejně prospěšných a obecně prospěšných prací, absolventských praxí,...). Včetně podílu města na financování vzdělávacích projektů financovaných z prostředků EU, ESF."
6,D6.4,Počet absolventů vzdělávacích akcí,"K 31.12. běžného roku; každého zaměstnance, který absolvoval vzdělávací akci (bez ohledu na její délku) započítáme jednou za každou akci (jeden zaměstnanec mohl v daném roce absolvovat více vzdělávacích akcí nebo více zaměstnanců absolvovalo stejný typ kurzu - započteme počet účastníků jedné vzdělávací akce); včetně školení BOZP, hygienických předpisů, referentských zkoušek apod. Včetně vzdělávacích akcí projektů financovaných z prostředků EU, ESF."
6,D6.4.1,Z toho počet absolventů vzdělávacích akcí E-LEARNING,"K 31.12. běžného roku; každého zaměstnance, který absolvoval vzdělávací akci (bez ohledu na její délku) započítáme jednou za každou akci (jeden zaměstnanec mohl v daném roce absolvovat více vzdělávacích akcí nebo více zaměstnanců absolvovalo stejný typ kurzu - započteme počet účastníků jedné vzdělávací akce)"
6,D6.4.3,Z toho počet absolventů on-line kurzů,"On-line kurz - kurz vedený lektorem s dálkovým přístupem. K 31.12. běžného roku; každého zaměstnance, který absolvoval vzdělávací akci (bez ohledu na její délku) započítáme jednou za každou akci (jeden zaměstnanec mohl v daném roce absolvovat více vzdělávacích akcí nebo více zaměstnanců absolvovalo stejný typ kurzu - započteme počet účastníků jedné vzdělávací akce)"
7,D7.1,Počet sledovaných úkonů celkem,"Celkový součet sledovaných úkonů souvisejících s agendou registru řidičů, které byly za dané období provedeny. Toto číslo je převzato ze statistiky transakcí RŘ a přestupků programu Eliška (vedeno jako ""počet transakcí ""), což je speciální program pro registr řidičů. K 31.12. sledovaného roku."
7,D7.1.1,Počet všech vydaných řidičských průkazů (včetně mezinárodních),"Celkový počet všech vydaných řidičských průkazů (včetně mezinárodních), které byly za dané období vydány. Toto číslo je převzato ze statistiky Činnost na úseku agend řidičů programu Eliška (součet řádků ""počet vydaných ŘP celkem + počet MŘP Vídeň + počet MŘP Ženeva""), což je speciální program pro registr řidičů. K 31.12. sledovaného roku."
7,D7.1.2,Počet všech rozhodnutí vydaných ve správních řízeních na úseku registru řidičů,"Součet řádků: ""Počet rozhodnutí vydaných ve správních řízeních"" + ""Počet rozhodnutí o pozastavení, odnětí, podmínění, omezení a vrácení ŘO"" + ""Počet ostatních rozhodnutí, která nejsou zahrnuta v řádcích 7.2 a 7.8"".
Vzorec: D7.2 + D7.8 + D7.8.1"
7,D7.2,Počet rozhodnutí vydaných ve správních řízeních,"K 31.12. sledovaného roku. Počet rozhodnutí o vrácení řidičského oprávnění po uplynutí nebo prominutí zbytku trestu (sankce) (§102 zákona č. 361/2000 Sb.). Toto číslo je převzato ze statistiky Činnost na úseku agend řidičů programu Eliška (řádek ""počet vrácených ŘO dle § 102""), což je speciální program pro registr řidičů."
7,D7.3,Počet odvolání,"Číslo ukazuje, kolikrát byl vyjádřen (formou odvolání) nesouhlas s rozhodnutím příslušných pracovníků úřadu. K 31.12. sledovaného roku."
7,D7.3.1,Počet námitek proti zápisu počtu bodů,Počet námitek proti zápisu počtu bodů. K 31.12. sledovaného roku.
7,D7.4,Počet zrušených rozhodnutí,"Toto číslo ukazuje, kolik rozhodnutí úřadu zrušil nebo vrátil příslušný nadřízený orgán (Krajský úřad) pro nějaké pochybení. K 31.12. sledovaného roku."
7,D7.5,Výpis z EKŘ a bodového hodnocení,"Kolikrát byly na vyžádání poskytnuty údaje z registru řidičů i ""neřidičů"" - z evidenční karty řidiče a bodového hodnocení. K 31.12. sledovaného roku."
7,D7.6,Počet vydaných paměťových karet,K 31.12. sledovaného roku.
7,D7.7,Počet (zaznamenaní) profesních způsobilostí řidiče,"K 31.12. sledovaného roku. Toto číslo je převzato ze statistiky Profesní způsobilost řidičů programu Eliška (řádek ""počet nově zaevidovaných PZŘ"" CELKEM), což je speciální program pro registr řidičů."
7,D7.8,"Počet rozhodnutí o pozastavení, odnětí, podmínění, omezení a vrácení ŘO","Počet rozhodnutí o pozastavení, odnětí, podmínění, omezení a vrácení řidičského z důvodu pozbytí zdravotní nebo odborné způsobilosti. Zahrnuje i rozhodnutí o ""neobhájení"" ŘP. K 31.12. sledovaného roku."
7,D7.8.1,"Počet ostatních rozhodnutí, která nejsou zahrnuta v řádcích 7.2 a 7.8","Počet ostatních rozhodnutí, která NEJSOU zahrnuta v D7.2 a D7.8. Např. (následující výčet NENÍ VYČERPÁVAJÍCÍ): rozhodnutí o výjimce z podmínky věku, rozhodnutí o námitkách proti zápisu počtu bodů. K 31.12. sledovaného roku."
7,D7.9,Počet zaevidovaných přestupků,"Počet zaevidovaných přestupků, včetně trestných činů oznámený Policií ČR a jinými správními orgány (např. soudy). K 31.12. sledovaného roku. Číslo je převzato ze statistiky programu Eliška „Statistika transakcí EŘ a přestupků“ (řádek ""Vložení nového případu“), což je speciální program pro registr řidičů."
7,D7.10,Příjem správních poplatků v tis. Kč,"Částka, která byla vybrána na správních poplatcích při úkonech k registru řidičů (ŘP, EKŘ, profesní). K 31.12. sledovaného roku."
7,D7.10.1,Správní poplatky související s registrem řidičů jsou vybírány přímo pracovníky registru?,"NE - vyplňte 0, ANO - vyplňte 1."
7,D7.11,Počet řidičů (stav evidence řidičů),"Počet všech řidičů ve správním obvodu. Toto číslo je převzato ze statistiky programu Eliška „Stav evidence řidičů“ (vedeno v řádku „ŘP – zaevidovaných celkem k datu""). K 31.12. sledovaného roku."
7,D7.12,Počet zaměstnanců - pracovních úvazků v agendě registr řidičů celkem,"Úvazky pro agendu celkem stanovte k 31.12. sledovaného roku VČETNĚ POMĚRNÉ ČÁSTI PRACOVNÍCH ÚVAZKŮ VEDOUCÍCH A ADMINISTRATIVNÍ SÍLY, KTERÉ ROZPOČTĚTE VZHLEDEM K POČTU PRACOVNÍKŮ NA ODDĚLENÍ NEBO ODBORU. Zpravidla půjde o desetinné číslo. Pokud pracovník vykonává i jinou agendu, započítává se pouze příslušným podílem a součet jeho úvazků v těchto agendách musí být roven jedné! Poměrná část úvazku zaměstnanců se týká vždy konkrétní agendy za kterou, jsou vstupní data vyplňována. Součet úvazků v agendách se tak nemusí rovnat počtu zaměstnanců odboru nebo oddělení pokud tato organizační jednotka zajišťuje další agendy nebo úkoly, které nejsou předmětem porovnávání."
7,D7.13,Průměrná čekací doba (v minutách),"Vyplní pouze města provozující automatizované odbavovací systémy jako celoroční průměrný údaj; v letech 2003 až 2005 se jednalo o dobrovolný údaj, který města zadala na základě informací z odbavovacího systému nebo který ve dvou týdenních cyklech reálně měřila například pomocí studentů."
8,D8.1,Počet provedených úkonů celkem (údaj z RSV),"Celkový součet úkonů souvisejících s agendou registru vozidel, které byly za dané období provedeny. Číslo převzato ze systému programu RSV. Cesta k údajům v RSV je následující: ""RSV - sestavy - statistika - statistika činnosti operátorů, kde vyberte POUZE pracovníky registru vozidel a počet celkem. Sečtěte úkony od všech pracovníků registru vozidel."" Poznámka: RSV umožňuje statistiku dělat po 3 měsících (1-3, 4-6, 7-9, 10-12). Je nutné tedy sečíst údaje za 4 čtvrtletí roku. NEZAPOČÍTÁVEJTE ÚKONY (OPERACE, PRACOVNÍKY), KTERÉ SOUVISÍ S AGENDOU DOPRAVNÍCH PŘESTUPKŮ. K 31.12. sledovaného roku."
8,D8.2,Příjem správních poplatků v tis. Kč,"Částka v tis. Kč, která byla vybrána na poplatcích při úkonech k registru vozidel. Bez EKO poplatku. K 31.12. sledovaného roku."
8,D8.2.1,Správní poplatky související s registrem vozidel jsou vybírány přímo pracovníky registru?,"NE - vyplňte 0, ANO - vyplňte 1."
8,D8.3,Počet lustrací (výdej dat z registru),"Číslo, kolikrát byly na vyžádání poskytnuty údaje z registru vozidel (pouze údaje poskytnuté písemnou formou). Např. 1 žádost obsahuje 3 vozidla = 3 výdeje dat. Nebo 1 žádost obsahuje 1 osobu (FO i PO), která vlastní 3 vozidla = 3 výdeje dat. Hromadná žádost (.txt soubory) = 1 záznam. K 31.12. sledovaného roku."
8,D8.4,Počet všech vydaných správních rozhodnutí na úseku registru vozidel,"Počet všech vydaných správních rozhodnutí včetně usnesení na úseku registru vozidel (např. schvalování technické způsobilosti vozidla při dovozu, přestavbě, značka na přání, povolení manipulačního provozu, §8a, §12, schválení výcvikového vozidla, zánik vozidla jinak atd.). K 31.12. sledovaného roku."
8,D8.6,Počet vydaných rozhodnutí o vyřazení vozidla ve věci nesjednání pojištění (údaj z RSV),"Počet vydaných rozhodnutí v právní moci ve věci nesjednání pojištění. Číslo převzato ze systému programu RSV. Cesta k údajům v RSV je následující: ""RSV – Sestavy – Nepojištěná vozidla – Rozhodnutí vydáno“. K 31.12. sledovaného roku."
8,D8.7,Počet vozidel v registru,"Počet všech vozidel ve správním obvodu. Číslo převzato ze systému programu RSV. Cesta k údajům v RSV je následující: ""RSV - sestavy - statistika - statistika vozidel - dle statutu - počet vozidel celkem)."" K 31.12. sledovaného roku."
8,D8.8,Počet zaměstnanců - pracovních úvazků v agendě registr vozidel celkem,"Úvazky pro agendu celkem stanovte k 31.12. sledovaného roku VČETNĚ POMĚRNÉ ČÁSTI PRACOVNÍCH ÚVAZKŮ VEDOUCÍCH A ADMINISTRATIVNÍ SÍLY, KTERÉ ROZPOČTĚTE VZHLEDEM K POČTU PRACOVNÍKŮ NA ODDĚLENÍ NEBO ODBORU. Zpravidla půjde o desetinné číslo. Pokud pracovník vykonává i jinou agendu, započítává se pouze příslušným podílem a součet jeho úvazků v těchto agendách musí být roven jedné! Poměrná část úvazku zaměstnanců se týká vždy konkrétní agendy za kterou, jsou vstupní data vyplňována. Součet úvazků v agendách se tak nemusí rovnat počtu zaměstnanců odboru nebo oddělení pokud tato organizační jednotka zajišťuje další agendy nebo úkoly, které nejsou předmětem porovnávání."
8,D8.10,Průměrná čekací doba (v minutách),Vyplní pouze města provozující automatizované odbavovací systémy jako celoroční průměrný údaj.
9,D9.1,Počet zkoušek včetně zkoušek opakovaných,"Počet všech zkoušek, které byly v daném období uskutečněny u všech žadatelů o řidičské oprávnění, včetně sdružených a opakovaných (žadatelé, kteří dělali zkoušku vícekrát). I včetně zkoušek profesní způsobilosti a přezkoušení z odborné způsobilosti. První zkouška zahrnuje testy, jízdy, techniku. Sdružené zkoušky (např. A, C) - první zkouška (oprávnění C) zahrnuje testy, jízdy, techniku - počítá se jako 1 zkouška, další (oprávnění A) zahrnují pouze jízdu, počítá se dílčí (jednotlivá) zvlášť, tj. 1 zkouška. Celkem tedy uvedený příklad 2 zkoušky. Opakované zkoušky každá dílčí (jednotlivá) se započítává zvlášť. K 31.12. sledovaného roku."
9,D9.2,Procento úspěšných žadatelů o řidičské oprávnění při 1. zkoušce,Procento úspěšných žadatelů o řidičské oprávnění při 1. zkoušce. Předepsaná statistika pro krajské úřady. K 31.12. sledovaného roku.
9,D9.3,Počet autoškol ve správním obvodu,"Počet všech provozovatelů autoškol ve správním obvodu, kteří mají vydánu registraci k provozování autoškoly. K 31.12. sledovaného roku."
9,D9.7,Příjem poplatků v tis. Kč,"Částka, která byla vybrána dle zákona 247/2000 Sb. (§ 39a) nebo na správních poplatcích při agendě při úkonech agendy zkušebních komisařů (např. registrace autoškoly). K 31.12. sledovaného roku."
9,D9.8,Počet zaměstnanců (zkušebních komisařů) - pracovních úvazků v této agendě celkem,"Úvazky pro agendu celkem stanovte k 31.12. sledovaného roku VČETNĚ POMĚRNÉ ČÁSTI PRACOVNÍCH ÚVAZKŮ VEDOUCÍCH A ADMINISTRATIVNÍ SÍLY, KTERÉ ROZPOČTĚTE VZHLEDEM K POČTU PRACOVNÍKŮ NA ODDĚLENÍ NEBO ODBORU. Zpravidla půjde o desetinné číslo. Pokud pracovník vykonává i jinou agendu, započítává se pouze příslušným podílem a součet jeho úvazků v těchto agendách musí být roven jedné! Poměrná část úvazku zaměstnanců se týká vždy konkrétní agendy za kterou, jsou vstupní data vyplňována. Součet úvazků v agendách se tak nemusí rovnat počtu zaměstnanců odboru nebo oddělení pokud tato organizační jednotka zajišťuje další agendy nebo úkoly, které nejsou předmětem porovnávání."
10,D10.1.1,Počet oznámených skutkových podstat dle zákona 361/2000 Sb. (Zákon o provozu na pozemních komunikacích),"Za období sledovaného roku. Počet oznámených skutků odpovídá počtu případů, které byly ukončeny konkrétním právním úkonem (např. odložením, rozhodnutím, příkazem, výzvou či zastavením). Jedno oznámení tedy představuje jeden případ řešený příslušným způsobem, nikoli pouze jednotlivou skutkovou podstatu oznámenou policií bez dalšího správního řešení."
10,D10.1.1.1,"z toho počet VŠECH oznámených skutkových podstat dle §125f, odst. 2, písm. a) zákona 361/2000 Sb.","VŠE, CO MĚLO BÝT ŘEŠENO VÝZVOU (AUTOMATIZOVANÉ I NEAUTOMATIZOVANÉ - RYCHLOST, STÁNÍ, ČERVENÁ). Za období sledovaného roku. §125f, odst. 2, písm. a) zákona 361/2000 Sb."
10,D10.1.1.1.1,Je provozován automatizovaný systém měření rychlosti a generuje výzvy?,"Systém NENÍ provozován - vyplňte 0. Systém JE provozován a automatizovaně GENERUJE výzvu: vyplňte 11 (pokud Scarabeus), 12 (pokud Vera MT), 13 (pokud AIS Vita), 14 (pokud jiný systém). Systém JE provozován a NEGENERUJE výzvu - vyplňte 2."
10,D10.1.1.1.2,Je provozován automatizovaný systém parkování a generuje výzvy?,"Systém NENÍ provozován - vyplňte 0. Systém JE provozován a automatizovaně GENERUJE výzvu: vyplňte 11 (pokud Scarabeus), 12 (pokud Vera MT), 13 (pokud AIS Vita), 14 (pokud jiný systém). Systém JE provozován a NEGENERUJE výzvu - vyplňte 2."
10,D10.1.1.1.3,Je provozován systém detekce jízdy na červenou a generuje výzvy?,"Systém NENÍ provozován - vyplňte 0. Systém JE provozován a automatizovaně GENERUJE výzvu: vyplňte 11 (pokud Scarabeus), 12 (pokud Vera MT), 13 (pokud AIS Vita), 14 (pokud jiný systém). Systém JE provozován a NEGENERUJE výzvu - vyplňte 2."
10,D10.1.1.2,"Celkový počet vydaných výzev dle §125f, odst. 2, písm a) zákona 361/2000 Sb.","Bez ohledu na to, zda jsou zpracovány manuálně nebo generovány automatizovaně. Všechny vydané výzvy provozovatelům."
10,D10.1.1.3,"z toho celkový počet automaticky generovaných výzev dle §125f, odst. 2, písm a) zákona 361/2000 Sb.",Za období sledovaného roku.
10,D10.1.1.4,"Počet odložených oznámení na základě uhrazené výzvy dle §125h, odst. 5 zákona 361/2000 Sb.",Za období sledovaného roku.
10,D10.1.2,Počet přestupků vyřízených příkazem na místě dle zákona 361/2000 Sb.,Jeden přestupek = jedna skutková podstata (tj. započtěte všechny přestupky řešené ve společném řízení). Za období sledovaného roku.
10,D10.1.3,Počet přestupků vyřízených příkazem dle zákona 361/2000 Sb.,Jeden přestupek = jedna skutková podstata (tj. započtěte všechny přestupky řešené ve společném řízení). Nabytí právní moci v období sledovaného roku. Za období sledovaného roku.
10,D10.1.4,Počet přestupků vyřízených rozhodnutím dle zákona 361/2000 Sb.,Včetně usnesení o zastavení řízení. Jeden přestupek = jedna skutková podstata (tj. započtěte všechny přestupky řešené ve společném řízení). Nabytí právní moci v období sledovaného roku. Za období sledovaného roku.
10,D10.1.5,"Počet odložených přestupků dle zákona 361/2000 Sb. (mimo §125h, odst. 5 zákona 361/2000 Sb. (D1.1.4))",Jeden přestupek = jedna skutková podstata (tj. započtěte všechny přestupky řešené ve společném řízení). Nabytí právní moci v období sledovaného roku. Za období sledovaného roku.
10,D10.1.6,Počet rozhodnutí o zadržení řidičského průkazu dle zákona 361/2000 Sb.,Za období sledovaného roku.
10,D10.1.7,Počet rozhodnutí vydaných z důvodu prominutí zbytku výkonu správního trestu (zákaz činnosti) dle zákona 361/2000 Sb.,Za období sledovaného roku.
10,D10.1.8,Počet odložených přestupků dle zákona 361/2000 Sb. z důvodu zániku odpovědnosti,"V období sledovaného roku. Počet věcí, které byly odloženy z důvodu marného uplynutí lhůty."
10,D10.2.1,Počet oznámených skutkových podstat dle zákona 168/1999 Sb. a dle zákona č. 30/2024 Sb.,"Za období sledovaného roku. Počet OZNÁMENÝCH skutkových podstat dle zákona 168/1999 Sb. (o pojištění odpovědnosti za škodu způsobenou provozem vozidla) a dle zákona č. 30/2024 Sb. (o pojištění odpovědnosti z provozu vozidla, platném od 1.4.2024, dle § 86 zákona)."
10,D10.2.2,Počet přestupků vyřízených příkazem na místě dle zákona 168/1999 Sb. a dle zákona č. 30/2024 Sb.,Jeden přestupek = jedna skutková podstata (tj. započtěte všechny přestupky řešené ve společném řízení). Za období sledovaného roku.
10,D10.2.3,Počet přestupků vyřízených příkazem dle zákona 168/1999 Sb. a dle zákona č. 30/2024 Sb.,Jeden přestupek = jedna skutková podstata (tj. započtěte všechny přestupky řešené ve společném řízení). Nabytí právní moci v období sledovaného roku. Za období sledovaného roku.
10,D10.2.4,Počet přestupků vyřízených rozhodnutím dle zákona 168/1999 Sb. a dle zákona č. 30/2024 Sb.,Včetně usnesení o zastavení řízení. Jeden přestupek = jedna skutková podstata (tj. započtěte všechny přestupky řešené ve společném řízení). Nabytí právní moci v období sledovaného roku. Za období sledovaného roku.
10,D10.2.5,Počet odložených přestupků dle zákona 168/1999 Sb. a dle zákona č. 30/2024 Sb.,Jeden přestupek = jedna skutková podstata (tj. započtěte všechny přestupky řešené ve společném řízení). Nabytí právní moci v období sledovaného roku. Za období sledovaného roku.
10,D10.3.1,Počet oznámených skutkových podstat dle zákona 56/2001 Sb. (Zákon o podmínkách provozu vozidel na pozemních komunikacích),Za období sledovaného roku. Počet OZNÁMENÝCH skutkových podstat.
10,D10.3.2,Počet přestupků vyřízených příkazem na místě dle zákona 56/2001 Sb.,Jeden přestupek = jedna skutková podstata (tj. započtěte všechny přestupky řešené ve společném řízení). Za období sledovaného roku.
10,D10.3.3,Počet přestupků vyřízených příkazem dle zákona 56/2001 Sb.,Jeden přestupek = jedna skutková podstata (tj. započtěte všechny přestupky řešené ve společném řízení). Nabytí právní moci v období sledovaného roku. Za období sledovaného roku.
10,D10.3.4,Počet přestupků vyřízených rozhodnutím dle zákona 56/2001 Sb.,Včetně usnesení o zastavení řízení. Jeden přestupek = jedna skutková podstata (tj. započtěte všechny přestupky řešené ve společném řízení). Nabytí právní moci v období sledovaného roku. Za období sledovaného roku.
10,D10.3.5,Počet odložených přestupků dle zákona 56/2001 Sb.,Jeden přestupek = jedna skutková podstata (tj. započtěte všechny přestupky řešené ve společném řízení).Nabytí právní moci v období sledovaného roku. Za období sledovaného roku.
10,D10.4,"Celkový počet odvolání dle zákonů 361/2000Sb., 168/199 sb. a 56/2001 Sb.",Počet odvolání - kolikrát byl vyjádřen nesouhlas s rozhodnutím příslušných pracovníků úřadu (formou odvolání). Za období sledovaného roku.
10,D10.5,"Objem uložených pokut včetně nákladů řízení a uhrazených určených částek na základě výzvy dle zákonů 361/2000 Sb., 168/1999 Sb. a 56/2001 Sb. v tis. Kč.",V tis. Kč za období sledovaného roku.
10,D10.5.1,z toho uhrazených určených částek na základě výzvy dle zákonů 361/2000 Sb. v tis. Kč.,V tis. Kč za období sledovaného roku.
10,D10.6,"Počet zaměstnanců - pracovních úvazků celkem; SOUČET ZA PŘESTUPKY dle zákonů 361/2000 Sb., 168/1999 Sb. a 56/2001 Sb.","Úvazky vztahující se k přestupkům dle uvedených zákonů stanovte k 31.12. sledovaného roku VČETNĚ POMĚRNÉ ČÁSTI PRACOVNÍCH ÚVAZKŮ VEDOUCÍCH A ADMINISTRATIVNÍ SÍLY (ZAHRNUJE CELÉ ZPRACOVÁNÍ PŘÍPADŮ AŽ PO ODEVZDÁNÍ DO SPISOVNY), KTERÉ ROZPOČTĚTE VZHLEDEM K POČTU PRACOVNÍKŮ NA ODDĚLENÍ NEBO ODBORU. Zpravidla půjde o desetinné číslo. Pokud pracovník vykonává i jinou agendu, započítává se pouze příslušným podílem a součet jeho úvazků v těchto agendách musí být roven jedné! Poměrná část úvazku zaměstnanců se týká vždy konkrétní agendy za kterou, jsou vstupní data vyplňována. Součet úvazků v agendách se tak nemusí rovnat počtu zaměstnanců odboru nebo oddělení, pokud tato organizační jednotka zajišťuje další agendy nebo úkoly, které nejsou předmětem porovnávání."
10,D10.6.1,"z toho počet zaměstnanců - pracovních úvazků zaměstnanců, kteří zpracovávají přestupky dle §125f, odst. 2, písm. a) zákona 361/2000 Sb.","Celková výše úvazků pracovníků vyčleněných na zpracování přestupků dle §125f, odst. 2, písm. a) zákona 361/2000 Sb. (jak zpracování výzev, tak správní řízení z toho vzešlá). Dále analogicky dle poznámky v řádku výše."
11,D11.1,Počet vydaných rozhodnutí,"Celkový počet rozhodnutí vydaných siln. spr. úřadem. Obsahuje i veškerá usnesení (např. o postoupení, přerušení věci) a obsahuje i počet rozhodnutí ve věci projednání přestupků. K 31.12. sledovaného roku."
11,D11.4,Státní dozor dle zákona o pozemních komunikacích,Počet provedených státních dozorů ve sledovaném období ukončených písemným výstupem. K 31.12. sledovaného roku.
11,D11.5,Počet stanovení dopravního značení,K 31.12. sledovaného roku.
11,D11.6,Počet ostatních úkonů,"Ostatní úkony jsou úkony, které nějakým způsobem souvisí s příslušnou agendou; pro nemožnost dostatečného a jasného vymezení nebyly zahrnuty do celkových úkonů. Jedná se například o vyjádření, stanoviska, požadavky občanů zpracované pro radu a zastupitelstvo města. K 31.12. sledovaného roku."
11,D11.7,Počet sledovaných úkonů celkem,"Součet D11.1 + D11.4 + D11.5 (vydaná rozhodnutí, usnesení, pokuty a přestupky a státní dozor dle silničního zákona a počet stanovení dopravního značení). K 31.12. sledovaného roku.
Vzorec: D11.1+D11.4+D11.5"
11,D11.7.1,Počet všech úkonů celkem,"Součet D11.1 + D11.4 + D11.5 + D11.6 (vydaná rozhodnutí, pokuty a přestupky a státní dozor dle silničního zákona, počet stanovení dopravního značení a počet ostatních úkonů). K 31.12. sledovaného roku.
Vzorec: D11.1+D11.4+D11.5+D11.6"
11,D11.8,Počet zaměstnanců - pracovních úvazků v agendě silniční správní úřad celkem,"Úvazky pro agendu celkem stanovte k 31.12. sledovaného roku včetně poměrné části pracovních úvazků vedoucích a administrativní síly, které rozpočtěte vzhledem k počtu pracovníků na oddělení nebo odboru. Zpravidla půjde o desetinné číslo. Pokud pracovník vykonává i jinou agendu, započítává se pouze příslušným podílem a součet jeho úvazků v těchto agendách musí být roven jedné! Poměrná část úvazku zaměstnanců se týká vždy konkrétní agendy za kterou, jsou vstupní data vyplňována. Součet úvazků v agendách se tak nemusí rovnat počtu zaměstnanců odboru nebo oddělení pokud tato organizační jednotka zajišťuje další agendy nebo úkoly, které nejsou předmětem porovnávání."
12,D12.1,"Počet vydaných licencí, stanovisek a osvědčení","Počet vydaných licencí, stanovisek a osvědčení dle zákona č. 111/1994 Sb., o silniční dopravě, a dle zákona č. 266/1994 Sb., o dráhách. K 31.12. sledovaného roku."
12,D12.2,Počet rozhodnutí o změně jízdních řádů,"Kolikrát se k 31.12. sledovaného roku měnily jízdní řády dle zákona č. 111/1994 Sb., o silniční dopravě, a dle zákona č. 266/1994 Sb., o dráhách."
12,D12.3,Počet vykonaných SOD,"Počet vykonaných kontrol s písemným výstupem dle zákona č. 111/1994 Sb., o silniční dopravě, a dle zákona č. 266/1994 Sb., o dráhách. K 31.12. sledovaného roku."
12,D12.4,Počet rozhodnutí za porušení zákona č. 111/1994 Sb. a zákona č. 266/1994 Sb.,"K 31.12. sledovaného roku. Jedná se i o porušení z tachografu (bezpečnostní přestávky), přepravy nebezpečných věcí atd."
12,D12.8,Počet sledovaných úkonů MHD a drážního úřadu,"Celkový počet sledovaných úkonů souvisejících s agendou MHD a drážního úřadu (součet D12.1 až D12.4). K 31.12. sledovaného roku.
Vzorec: D12.1+D12.2+D12.3+D12.4"
12,D12.11,Počet zařazení vozidel na registru vozidel taxislužby,K 31.12. sledovaného roku.
12,D12.12,"Počet udělených, zamítnutých či odejmutých oprávnění řidiče TAXI",K 31.12. sledovaného roku.
12,D12.13,Počet vykonaných SOD v TAXI,Počet vykonaných stáních odborných dozorů u taxislužby. K 31.12. sledovaného roku.
12,D12.14,Počet rozhodnutí o přestupku v TAXI za porušení zákona č. 111/1994 Sb.,Počet rozhodnutí o přestupku v TAXI za porušení zákona č. 111/1994 Sb. K 31.12. sledovaného roku.
12,D12.18,Počet sledovaných úkonů TAXI,"Celkový počet sledovaných úkonů souvisejících s agendou Taxi (součet D12.11 až D12.14). K 31.12. sledovaného roku.
Vzorec: D12.11+D12.12+D12.13+D12.14"
12,D12.20,Počet rozhodnutí týkajících se provozování SME,"Počet rozhodnutí týkajících se provozování SME - rozhodnutí o povolení k provozování SME, odejmutí oprávnění / povolení. K 31.12. sledovaného roku."
12,D12.21,Počet provedených státních odborných dozorů nad provozováním SME,K 31.12. sledovaného roku.
12,D12.22,Počet rozhodnutí o přestupku za porušení zákona č. 56/2001 Sb. ve vztahu k SME,K 31.12. sledovaného roku. Jedná se pouze o přestupky za porušení daného zákona ve vztahu k SME.
12,D12.25,Počet sledovaných úkonů měření emisí,"Celkový počet sledovaných úkonů souvisejících s agendou SME (součet D12.20 až D12.22). K 31.12. sledovaného roku.
Vzorec: D12.20+D12.21+D12.22"
12,D12.26,Počet sledovaných úkonů celkem,"Celkový součet sledovaných úkonů za agendy MHD + drážní úřad, TAXI a SME. K 31.12. sledovaného roku.
Vzorec: D12.8+D12.18+D12.25"
12,D12.27,Počet zaměstnanců - pracovních úvazků v agendě dopravní úřad celkem,"Úvazky pro agendu celkem stanovte k 31.12. sledovaného roku včetně poměrné části pracovních úvazků vedoucích a administrativní síly, které rozpočtěte vzhledem k počtu pracovníků na oddělení nebo odboru. Zpravidla půjde o desetinné číslo. Pokud pracovník vykonává i jinou agendu, započítává se pouze příslušným podílem a součet jeho úvazků v těchto agendách musí být roven jedné! Poměrná část úvazku zaměstnanců se týká vždy konkrétní agendy za kterou, jsou vstupní data vyplňována. Součet úvazků v agendách se tak nemusí rovnat počtu zaměstnanců odboru nebo oddělení pokud tato organizační jednotka zajišťuje další agendy nebo úkoly, které nejsou předmětem porovnávání."
14,D14.1,ÚPD řešené ve sledovaném roce - město,Nové územní plány a regulační plány řešené ve sledovaném roce. Pouze za město/obec s rozšířenou působností.
14,D14.1.1,z toho regulační plány,Regulační plány řešené ve sledovaném roce. Pouze za město/obec s rozšířenou působností.
14,D14.2,Změny ÚPD řešené ve sledovaném roce - město,Změny ÚPD a regulačních plánů řešené ve sledovaném roce. Pouze za město/obec s rozšířenou působností. Včetně vymezení zastavěného území obce.
14,D14.4,Celkem řešených ÚPD a změn ÚPD ve sledovaném roce - město,"Pouze za město/obec s rozšířenou působností.
Vzorec: D14.1+D14.2"
14,D14.5,ÚPD řešené ve sledovaném roce - na žádost obcí správního území ORP,Nové územní plány a regulační plány obcí správního obvodu řešené ve sledovaném roce.
14,D14.5.1,z toho regulační plány,Regulační plány obcí správního obvodu řešené ve sledovaném roce.
14,D14.6,Změny ÚPD řešené ve sledovaném roce - na žádost obcí správního území ORP,Za správní obvod – žádosti obcí správního území. Včetně vymezení zastavěného území obce.
14,D14.8,Celkem řešených ÚPD a změn ÚPD ve sledovaném roce - na žádost obcí správního území,"Za správní obvod – žádosti obcí správního území.
Vzorec: D14.5+D14.6"
14,D14.9,Celkem řešených ÚPD a změn ÚPD ve sledovaném roce - město a obce správního území ORP,"Včetně vymezení zastavěného území obce.
Vzorec: D14.4+D14.8"
14,D14.10,Pořizujete územní studii krajiny?,ano = 1; ne = 0
14,D14.11,Počet pořizovaných územních studií ve sledovaném roce - město,Pouze za město/obec s rozšířenou působností.
14,D14.12,Počet pořizovaných územních studií ve sledovaném roce - obce správního území,Obce správního území.
14,D14.13,Podíl úřadu územního plánování na zpracování ÚAP (%),"Dle § 6, odst. 1, písmeno g) a § 27 až 29 Stavebního zákona."
14,D14.14,Počet zpracovávaných Zpráv o uplatňování ÚP ve sledovaném roce,DOHROMADY za město/obec s rozšířenou působností + za správní obvod – obce správního území ORP.
14,D14.14.1,Počet sledovaných ÚPI,"Dle § 21, odst. 3 zákona 183/2006. Uveďte počet ÚPI vydaných v roce předcházejícím sledovaný rok."
14,D14.14.2,Počet vydaných závazných stanovisek,Dle § 96b) Stavebního zákona 183/2006
14,D14.14.3,"Počet vyjádření, sdělení","POUZE vyjádření, sdělení, která jsou evidována spisovou službou."
14,D14.15,Počet podaných přezkumů a správních žalob proti ÚPD ve sledovaném roce,"Počet (vám známých) přezkumů (žalob, kasačních stížností) celkem řešených krajským úřadem a krajským soudem, případně Nejvyšším správním soudem."
14,D14.16,Počet zaměstnanců - pracovních úvazků v agendě územní plánování celkem (BEZ úvazků pro ÚAP),"Úvazky pro agendu celkem stanovte k 31.12. sledovaného roku včetně poměrné části pracovních úvazků vedoucích a administrativní síly, které rozpočtěte vzhledem k počtu pracovníků na oddělení nebo odboru. Zpravidla půjde o desetinné číslo. Pokud pracovník vykonává i jinou agendu, započítává se pouze příslušným podílem a součet jeho úvazků v těchto agendách musí být roven jedné! Poměrná část úvazku zaměstnanců se týká vždy konkrétní agendy za kterou, jsou vstupní data vyplňována. Součet úvazků v agendách se tak nemusí rovnat počtu zaměstnanců odboru nebo oddělení pokud tato organizační jednotka zajišťuje další agendy nebo úkoly, které nejsou předmětem porovnávání."
14,D14.16.1,Počet zaměstnanců - úvazky pro ÚAP,"Úvazky stanovte k 31.12. sledovaného roku včetně poměrné části pracovních úvazků vedoucích a administrativní síly, které rozpočtěte vzhledem k počtu pracovníků na oddělení nebo odboru. Zpravidla půjde o desetinné číslo. Pokud pracovník vykonává i jinou agendu, započítává se pouze příslušným podílem a součet jeho úvazků v těchto agendách musí být roven jedné! Poměrná část úvazku zaměstnanců se týká vždy konkrétní agendy za kterou, jsou vstupní data vyplňována. Součet úvazků v agendách se tak nemusí rovnat počtu zaměstnanců odboru nebo oddělení pokud tato organizační jednotka zajišťuje další agendy nebo úkoly, které nejsou předmětem porovnávání."
15,D15.1,Počet rozhodnutí,"Počet rozhodnutí - závazných stanovisek vydaných orgánem státní památkové péče na úseku zákona č. 20/1987 Sb., o státní památkové péči. K 31.12. sledovaného roku."
15,D15.2,Počet ostatních sledovaných úkonů,Počet ostatních písemných stanovisek mimo správní rozhodnutí. K 31.12. sledovaného roku.
15,D15.3,Celkem sledovaných úkonů,"Součet řádků 15.1-15.2.; celkový počet sledovaných úkonů, které souvisí s agendou památková péče. K 31.12. sledovaného roku.
Vzorec: D15.1+D15.2"
15,D15.4,Počet nemovitých kulturních památek ve správním obvodu obce s rozšířenou působností,Počet nemovitých kulturních památek správním obvodu obce s rozšířenou působností. K 31.12. sledovaného roku.
15,D15.5,Počet movitých kulturních památek ve správním obvodu obce s rozšířenou působností,"Počet movitých kulturních památek ve správním obvodu obce s rozšířenou působností s vlastním rejstříkovým číslem (např. mobiliář, pamětní desky, zvony, sochy, atd.). K 31.12. sledovaného roku."
15,D15.6,Počet žádostí o finanční podporu na obnovu kulturních památek,Kolik bylo podáno žádostí o finanční podporu na obnovu kulturních památek - finanční podpora z obce a administrace programů MK ČR - Program regenerace a program ORP. K 31.12. sledovaného roku.
15,D15.7,Počet uspokojených žádostí,"Kolika z podaných žádostí bylo vyhověno, kolik finančních podpor bylo poskytnuto - z prostředků obce a z programů MK ČR - Program regenerace a program ORP. K 31.12. sledovaného roku."
15,D15.8,"Počet památk. zón, rezervací, ochranných pásem správ. obvodu obce s rozšířenou působností","Celkový počet všech památkových zón, rezervací, ochranných pásem ve správním obvodu obce s rozšířenou působností. K 31.12. sledovaného roku."
15,D15.9,Počet zaměstnanců - pracovních úvazků v agendě památková péče celkem,"Úvazky pro agendu celkem stanovte k 31.12. sledovaného roku včetně poměrné části pracovních úvazků vedoucích a administrativní síly, které rozpočtěte vzhledem k počtu pracovníků na oddělení nebo odboru. Zpravidla půjde o desetinné číslo. Pokud pracovník vykonává i jinou agendu, započítává se pouze příslušným podílem a součet jeho úvazků v těchto agendách musí být roven jedné! Poměrná část úvazku zaměstnanců se týká vždy konkrétní agendy za kterou, jsou vstupní data vyplňována. Součet úvazků v agendách se tak nemusí rovnat počtu zaměstnanců odboru nebo oddělení pokud tato organizační jednotka zajišťuje další agendy nebo úkoly, které nejsou předmětem porovnávání."
16,D16.1,"Povolení záměru, změny záměru před dokončením, prodloužení doby trvání stavby","Všechna povolení (rozhodnutí resp. opatření obecné povahy) stavebních i nestavebních záměrů, změn záměru, prodloužení doby trvání stavby dle § 211, 212, 213, 215, 220, 224, 260 zákona č. 283/2021 Sb., stavební zákon (dále SZ). Za celé období sledovaného roku."
16,D16.1.1,Povolení ve věcech dopravních staveb nebo zařízení (v celém obvodu ORP),"Z řádku D16.1 pouze povolení týkající záměrů silnice II. A III. třídy, místní komunikce a veřejně přístupné účelové komunikace (ve kterých vykonává působnost SÚ ORP dle § 34a SZ). Včetně dopravních staveb povolovaných v rámci souboru staveb. Za celé období sledovaného roku."
16,D16.1.2,Povolení ve věcech vodního díla - jednoduché stavby (v celém obvodu ORP),"Z řádku D16.1 pouze povolení týkající záměrů vodního díla - jednoduchých staveb, ve kterých vykonává působnost SÚ ORP dle § 34a SZ (studny, domovní ČOV). Včetně vodních staveb (jednoduchých) povolovaných v rámci souboru staveb. Za celé období sledovaného roku."
16,D16.1.3,Povolení ve věcech vodního díla - ostatní stavby (v celém obvodu ORP),"Z řádku D16.1 pouze povolení týkající záměrů vodního díla - ostatních staveb, ve kterých vykonává působnost SÚ ORP dle § 34a SZ. Včetně vodních staveb (ostatní) povolovaných v rámci souboru staveb. Za celé období sledovaného roku."
16,D16.1.4,Povolení výjimky,"Počet rozhodnutí, jejichž součástí je povolení výjimky. Za celé období sledovaného roku."
16,D16.2,Užívání stavby - počet vydaných rozhodnutí,"Součet polí ""Kolaudace"" + ""Předčasné užívání"" + ""Zkušební provoz"" + ""Změna v užívání"". Rozhodnutí dle § 236, 237, 238, 239-244 SZ
Vzorec: D16.2.1+D16.2.2+D16.2.3+D16.2.4"
16,D16.2.1,Kolaudace,Rozhodnutí dle § 235 SZ
16,D16.2.2,Předčasné užívání,Rozhodnutí dle § 236 SZ
16,D16.2.3,Zkušební provoz,Rozhodnutí dle § 237 SZ
16,D16.2.4,Změna v užívání,Rozhodnutí dle § 239-244 SZ
16,D16.3,Pasport stavby,Počet ověřených pasportů dle § 245 SZ
16,D16.4,Odstraňování staveb - počet vydaných rozhodnutí,"Součet polí ""Povolení odstranění"" + ""Nařízení odstranění"" + ""dodatečné povolení"".
Vzorec: D16.4.1+D16.4.2+D16.4.3"
16,D16.4.1,Povolení odstranění,Rozhodnutí dle § 249 SZ. Za celé období sledovaného roku.
16,D16.4.2,Nařízení odstranění,Všechna rozhodnutí vydaná dle § 250-257 SZ. Za celé období sledovaného roku.
16,D16.4.3,Dodatečné povolení,Všechna rozhodnutí vydaná dle § 250-257 SZ. Za celé období sledovaného roku.
16,D16.5,Jiná řízení a opatření - počet vydaných rozhodnutí,"Součet polí ""Řízení o dělení nebo scelení pozemků"" + ""Jiná rozhodnutí"" "".
Vzorec: D16.5.1+D16.5.2"
16,D16.5.1,Řízení o dělení nebo scelení pozemků,Rozhodnutí dle § 216-217 SZ. Za celé období sledovaného roku.
16,D16.5.2,"Jiná rozhodnutí - Zakazující opatření, Opatření k nápravě",Rozhodnutí dle § 294-297 SZ. Za celé období sledovaného roku.
16,D16.6,"Procesní ""rozhodnutí""",Procesní usnesení dle SZ a správního řádu. Za celé období sledovaného roku.
16,D16.7,Vyjádření,Např. vyjádření pro jiné úřady v rámci součinnosti správních orgánů nebo vyjádření pro klienty (kdy se nejedná o předběžnou informaci). Za celé období sledovaného roku.
16,D16.8,Předběžná informace,Předběžné informace dle § 174 SZ. Za celé období sledovaného roku.
16,D16.9,Kontrolní prohlídky a kontrola dle kontrolního řádu,"Součet polí ""Kontrolní prohlídky dle SZ"" a ""Kontrola dle kontrolního řádu"". Za celé období sledovaného roku.
Vzorec: D16.9.1+D16.9.2"
16,D16.9.1,Kontrolní prohlídky dle SZ,Kontrolní prohlídky dle § 227 SZ. Za celé období sledovaného roku.
16,D16.9.2,Kontrola dle kontrolního řádu,"Kontrola dle zákona č. 255/2012 Sb., kontrolní řád ve vazbě na § 292 SZ. Za celé období sledovaného roku."
16,D16.10,Počet projednaných přestupků,"Počet všech projednaných přestupků, vč. příkazního řízení dle § 301-304 SZ. Za celé období sledovaného roku."
16,D16.11,Vyvlastnění - rozhodnutí,"Rozhodnutí dle zákona č. 184/2006 Sb., zákon o vyvlastnění (ve vazbě na § 170 SZ), vč. zastavení řízení. Za celé období sledovaného roku."
16,D16.12,Odvolání - celkový počet rozhodnutí o odvolání,"Součet polí ""Počet potvrzených nebo změněných rozhodnutí + autoremedura"" + ""Počet zrušených rozhodnutí"".
Vzorec: D16.12.1+D16.12.2"
16,D16.12.1,Počet potvrzených nebo změněných rozhodnutí + autoremedura,Celkový počet potvrzených nebo změněných rozhodnutí + počet autoremedur v daném sledovaném roce.
16,D16.12.2,Počet zrušených rozhodnutí,Celkový počet zrušených rozhodnutí. Za celé období sledovaného roku.
16,D16.13,Celkový počet vydaných rozhodnutí ve věci,"Počet všech vydaných rozhodnutí ve sledovaném roce. Součet polí ""Povolení záměru, změny záměru před dokončením, prodloužení doby trvání stavby"" + ""Užívání stavby - počet vydaných rozhodnutí"" + ""Pasport stavby"" + ""Odstraňování staveb - počet vydaných rozhodnutí"" + ""Jiná řízení a opatření - počet vydaných rozhodnutí"" + ""Počet projednaných přestupků"" + ""Vyvlastnění - rozhodnutí"".
Vzorec: D16.1+D16.2+D16.3+D16.4+D16.5+D16.10+D16.11"
16,D16.14,Rozhodnutí dle zákona č. 183/2006 Sb.,Všechna rozhodnutí vydaná dle zákona č. 183/2006 Sb.
16,D16.15,"Počet žádostí o informace dle zákona č. 106/1999 Sb., o svobodném přístupu k informacím",Za celé období sledovaného roku.
16,D16.16.1,Počet zaměstnanců - pracovních úvazků v agendě obecní stavební úřad celkem,"Úvazky pro agendu celkem stanovte k 31.12. sledovaného roku včetně poměrné části pracovních úvazků vedoucích a administrativní síly, které rozpočtěte vzhledem k počtu pracovníků na oddělení nebo odboru. DÁLE ZAPOČÍTEJTE POMĚRNOU ČÁST ÚVAZKŮ PRACOVNÍKŮ AGENDY VODOPRÁVNÍHO ŘÍZENÍ VZTAHUJÍCÍCH SE K POVOLOVÁNÍ VODNÍCH DĚL. Zpravidla půjde o desetinné číslo. Pokud pracovník vykonává i jinou agendu, započítává se pouze příslušným podílem a součet jeho úvazků v těchto agendách musí být roven jedné! Poměrná část úvazku zaměstnanců se týká vždy konkrétní agendy, za kterou jsou vstupní data vyplňována. Součet úvazků v agendách se tak nemusí rovnat počtu zaměstnanců odboru nebo oddělení, pokud tato organizační jednotka zajišťuje další agendy nebo úkoly, které nejsou předmětem porovnávání. Počítají se všichni zaměstnanci obce (pracovní poměr, dohody o pracích konaných mimo pracovní poměr) vykonávající činnost dle SZ v působnosti obecního SÚ ORP."
16,D16.16.2,Počet reálně obsazených pracovních úvazků v agendě obecní stavební úřad celkem v daném roce.,"K 31.12. sledovaného roku, včetně poměrné části pracovních úvazků vedoucích a administrativní síly, které rozpočtěte vzhledem k počtu pracovníků na oddělení nebo odboru. ZAPOČTĚTE JEN SKUTEČNĚ OBSAZENÁ PRACOVNÍ MÍSTA."
16,D16.17,Počet katastrálních území ve správním obvodu ORP,
16,D16.18,"Počet obyvatel správního obvodu obce s rozšířenou působností, VČETNĚ cizinců","Počet obyvatel správního obvodu obce s pověřením III. stupně; k 31.12. sledovaného roku; zdroj dat – uveďte poslední aktuální údaj, který máte k dispozici (WYSE k datu ""překlopení"" na IS C227, vlastní evidence na základě oslovení obcí nebo poslední údaj Českého statistického úřadu (ČSÚ uvádí počty obyvatel včetně cizinců)). V případě, že vyplňujete za obec II. typu – vyplňte počet obyvatel ""dvojkového"" správního obvodu. Za městské části, prosím vyplňte včetně cizinců. !!!Údaje z této agendy vstupují do řady výpočtů a případné chyby mohou zásadně ovlivnit vaše výsledky v jiných agendách!!! Dále: http://www.mvcr.cz/clanek/statistiky-pocty-obyvatel-v-obcich.aspx - Informativní počet cizinců v obcích a městských částech (počet cizinců celkem, tj. trvalý + přechodný pobyt).
Vzorec: D1.3"
17,D17.0,"Počet obcí, za které úřad projednává přestupky dle zákona 251/2016 Sb. a korespondující přestupky dle předchozích předpisů na základě rozhodnutí Krajského úřadu ve věci převodu výkonu této agendy",K 31.12. sledovaného roku.
17,D17.0.1,"Počet obyvatel obcí, za které úřad projednává přestupky na základě rozhodnutí Krajského úřadu ve věci převodu výkonu této agendy dle údaje v řádku D17.0","Součet počtu obyvatel obcí, za které úřad projednává přestupky na základě rozhodnutí Krajského úřadu ve věci převodu výkonu této agendy dle údaje v řádku D17.0. K 31.12. sledovaného roku; zdroj dat - centrální registr obyvatel."
17,D17.1,"Počet uzavřených veřejnoprávních smluv, jejichž předmětem je řešení přestupků dle zákona 251/2016 Sb. a korespondujících přestupků dle předchozích předpisů",K 31.12. sledovaného roku.
17,D17.1.1,"Počet obyvatel obcí, s nimiž jsou uzavřeny veřejnoprávní smlouvy dle údaje v řádku D17.1","Součet počtu obyvatel obcí, s nimiž jsou uzavřeny veřejnoprávní smlouvy dle řádku D17.1. K 31.12. sledovaného roku; zdroj dat - centrální registr obyvatel."
17,D17.2.1,Počet oznámených skutkových podstat dle zákona 251/2016 Sb. a korespondujících skutkových podstat dle předchozích předpisů,Za období sledovaného roku. Počet OZNÁMENÝCH skutkových podstat.
17,D17.2.2,Počet přestupků vyřízených příkazem na místě dle zákona 251/2016 Sb. a korespondujících skutkových podstat dle předchozích předpisů,Jeden přestupek = jedna skutková podstata (tj. započtěte všechny přestupky řešené ve společném řízení). Za období sledovaného roku.
17,D17.2.3,Počet přestupků vyřízených příkazem dle zákona 251/2016 Sb.a korespondujících skutkových podstat dle předchozích předpisů,Jeden přestupek = jedna skutková podstata (tj. započtěte všechny přestupky řešené ve společném řízení). Nabytí právní moci v období sledovaného roku. Za období sledovaného roku.
17,D17.2.4,Počet přestupků vyřízených rozhodnutím dle zákona 251/2016 Sb. a korespondujících skutkových podstat dle předchozích předpisů,Včetně usnesení o zastavení řízení. Jeden přestupek = jedna skutková podstata (tj. započtěte všechny přestupky řešené ve společném řízení). Nabytí právní moci v období sledovaného roku. Za období sledovaného roku.
17,D17.2.5,Počet odložených přestupků dle zákona 251/2016 Sb. a korespondujících skutkových podstat dle předchozích předpisů,Jeden přestupek = jedna skutková podstata (tj. započtěte všechny přestupky řešené ve společném řízení). Nabytí právní moci v období sledovaného roku. Za období sledovaného roku.
17,D17.2.6,Počet odvolání proti rozhodnutím o přestupcích dle zákona 251/2016 Sb. a proti rozhodnutím o korespondujících přestupcích dle předchozích předpisů,Počet odvolání - kolikrát byl vyjádřen nesouhlas s rozhodnutím příslušných pracovníků úřadu (formou odvolání). Za období sledovaného roku.
17,D17.3.1,"Počet oznámených skutkových podstat OSTATNÍCH PŘESTUPKŮ dle zvláštních právních předpisů, které projednává oddělení nebo útvar projednávající přestupky dle zákona 251/2016 Sb.","NEZAPOČÍTÁVEJTE přestupky řešené specializovanými útvary, odbory (sledované v jiných agendách BI2005). Za období sledovaného roku. Počet OZNÁMENÝCH skutkových podstat."
17,D17.3.2,"Počet OSTATNÍCH PŘESTUPKŮ dle zvláštních právních předpisů, které projednává oddělení nebo útvar projednávající přestupky dle zákona 251/2016 Sb. vyřízených příkazem na místě",Jeden přestupek = jedna skutková podstata (tj. započtěte všechny přestupky řešené ve společném řízení). Za období sledovaného roku.
17,D17.3.3,"Počet OSTATNÍCH PŘESTUPKŮ dle zvláštních právních předpisů, které projednává oddělení nebo útvar projednávající přestupky dle zákona 251/2016 Sb. vyřízených příkazem",Jeden přestupek = jedna skutková podstata (tj. započtěte všechny přestupky řešené ve společném řízení). Nabytí právní moci v období sledovaného roku. Za období sledovaného roku.
17,D17.3.4,"Počet OSTATNÍCH PŘESTUPKŮ dle zvláštních právních předpisů, které projednává oddělení nebo útvar projednávající přestupky dle zákona 251/2016 Sb. vyřízených rozhodnutím",Včetně usnesení o zastavení řízení. Jeden přestupek = jedna skutková podstata (tj. započtěte všechny přestupky řešené ve společném řízení). Nabytí právní moci v období sledovaného roku. Za období sledovaného roku.
17,D17.3.5,"Počet odložených OSTATNÍCH PŘESTUPKŮ dle zvláštních právních předpisů, které projednává oddělení nebo útvar projednávající přestupky dle zákona 251/2016 Sb.",Jeden přestupek = jedna skutková podstata (tj. započtěte všechny přestupky řešené ve společném řízení). Za období sledovaného roku.
17,D17.3.6,"Počet odvolání v rámci OSTATNÍCH PŘESTUPKŮ dle zvláštních právních předpisů, které projednává oddělení nebo útvar projednávající přestupky dle zákona 251/2016 Sb.",Počet odvolání - kolikrát byl vyjádřen nesouhlas s rozhodnutím příslušných pracovníků úřadu (formou odvolání). Za období sledovaného roku.
17,D17.4,"Objem uložených pokut v tis. Kč včetně nákladů řízení dle zákona 251/2016 Sb., dle korespondujících skutkových podstat dle předchozích předpisů a dle ostatních právních předpisů dle řádků výše",V tis. Kč za období sledovaného roku.
17,D17.5,Projednáváte přestupky v přestupkové komisi?,Ano - vyplňte 1; Ne - vyplňte 0
17,D17.6,Počet zaměstnanců - pracovních úvazků,"Úvazky pro agendu celkem stanovte k 31.12. sledovaného roku včetně poměrné části pracovních úvazků vedoucích a administrativní síly, které rozpočtěte vzhledem k počtu pracovníků na oddělení nebo odboru. Zpravidla půjde o desetinné číslo. Započítají se všichni zaměstnanci obce (pracovní poměr, dohody o pracích konaných mimo pracovní poměr) vykonávající činnost při projednávání přestupků KTERÉ VYKAZUJETE V TÉTO AGENDĚ; v případě projednávání přestupků přestupkovou komisí se do počtu pracovníků započítávají také předsedové komisí. Pokud pracovník vykonává i jinou agendu, započítává se pouze příslušným podílem a součet jeho úvazků v těchto agendách musí být roven jedné!"
18,D18.1,Počet subjektů (držitelů živnostenského oprávnění),"K 31.12. sledovaného roku (pokud nemáte k dispozici statistiku k tomuto datu, využijte aktuální nebo údaje z vaší evidence mimo systém RŽP). Zdroj dat: Statistika. Název reportu: Podnikatelé s platným ŽO. Informace ke zpracování reportu: Součet hodnot sloupce „Celkem“ výsledné statistiky."
18,D18.2,Počet živnostenských oprávnění,"K 31.12. sledovaného roku (pokud nemáte k dispozici statistiku k tomuto datu, využijte aktuální nebo údaje z vaší evidence mimo systém RŽP). Zdroj dat: Statistika. Název reportu: ŽO podle druhu a typu subjektu. Informace ke zpracování reportu: Součet hodnot sloupce „Celkem“ výsledné statistiky."
18,D18.3.1,"Počet podnikatelů, kterým vzniklo ve sledovaném roce nové živnostenské oprávnění","Za období sledovaného roku. Zdroj dat: Sestava. Název reportu: Podnikatelé. Informace ke zpracování reportu: Počet záznamů výsledné sestavy. Při definici reportu je nutno zvolit časové období Vzniku živnosti, zvolit Status živnosti na hodnotu „všechny“ a ostatní pole ponechat bez změny. Do roku 2007 byly vyplňovány Počty nově vydaných průkazů ŽO."
18,D18.3.2,Počet vydaných výpisů ze ŽR jako průkazů živnostenských oprávnění,Za období sledovaného roku. Zdroj dat: Statistika. Název reportu: Dokumenty dle subjektu. Informace ke zpracování reportu: Součet hodnot sloupce „Celkem“ u typu dokumentů 1020. Při definici reportu je nutno zvolit časové období (pole Datum od a Datum do). Údaje ze statistiky vyjadřují počty úkonů ŽÚ bez ohledu na místní příslušnost podnikatele. Do roku 2007 byly vyplňovány Počty změn průkazů ŽO (tzn. od roku 2008 není sledován totožný údaj).
18,D18.3.3,Počet výpisů a potvrzení ze živnostenského rejstříku,"Za období sledovaného roku. Zdroj dat: Statistika. Název reportu: Dokumenty dle subjektu. Informace ke zpracování reportu: Součet hodnot sloupce „Celkem“ dokumentů 4000, 4005 a 4006. Při definici reportu je nutno zvolit časové období (pole Datum od a Datum do). Údaje ze statistiky vyjadřují počty úkonů ŽÚ bez ohledu na místní příslušnost podnikatele. Sledováno od roku 2008, za roky 2003 - 2007 byly automaticky doplněny nuly."
18,D18.3.4,Počet vyrozumění o přerušení a pokračování v provozování živnosti,Za období sledovaného roku. Zdroj dat: Statistika. Název reportu: Dokumenty dle subjektu. Informace ke zpracování reportu: Součet hodnot sloupce „Celkem“ u typu dokumentů 3006 a 3007. Při definici reportu je nutno zvolit časové období (pole Datum od a Datum do). Údaje ze statistiky vyjadřují počty úkonů ŽÚ bez ohledu na místní příslušnost podnikatele. Jedním vyrozuměním lze současně přerušit více živností.
18,D18.3.5,Počet rozhodnutí o zrušení živnostenského oprávnění,"Za období sledovaného roku. Zdroj dat: Statistika. Název reportu: Dokumenty dle subjektu. Informace ke zpracování reportu: Součet hodnot sloupce „Celkem“ u typu dokumentů 2013, 2041 a 2073. Při definici reportu je nutno zvolit časové období (pole Datum od a Datum do). Údaje ze statistiky vyjadřují počty úkonů ŽÚ bez ohledu na místní příslušnost podnikatele. Jedním rozhodnutím lze současně zrušit více živností."
18,D18.3.5.1,z toho sankčních,"Za období sledovaného roku. Zdroj dat: Statistika. Název reportu: Dokumenty dle subjektu. Informace ke zpracování reportu: Hodnota sloupce „Celkem“ u typu dokumentu 2041. Při definici reportu je nutno zvolit časové období (pole Datum od a Datum do). Údaje ze statistiky vyjadřují počty úkonů ŽÚ bez ohledu na místní příslušnost podnikatele. Sledováno od roku 2008, za roky 2003 - 2007 byly automaticky doplněny nuly."
18,D18.3.6,"Počet vyrozumění o zápisu provozovny, změn do živnostenského rejstříku a míst pro vypořádání závazků po ukončení provozovny","Za období sledovaného roku. Zdroj dat: Statistika. Název reportu: Dokumenty dle subjektu. Informace ke zpracování reportu: Hodnota sloupce „Celkem“ u typu dokumentu 3002, 3003 a 3009. Při definici reportu je nutno zvolit časové období (pole Datum od a Datum do). Údaje ze statistiky vyjadřují počty úkonů ŽÚ bez ohledu na místní příslušnost podnikatele."
18,D18.3.7,Počet rozhodnutí o pozastavení živnostenského oprávnění,"Za období sledovaného roku. Zdroj dat: Statistika. Název reportu: Dokumenty dle subjektu. Informace ke zpracování reportu: Součet hodnot sloupce „Celkem“ u typu dokumentu 2004. Při definici reportu je nutno zvolit časové období (pole Datum od a Datum do). Sledováno od roku 2008, za roky 2003 - 2007 byly automaticky doplněny nuly."
18,D18.3.8,Počet podnětů celkem,"Za období sledovaného roku. Zdroj dat: Statistika. Název reportu: Statistika činnosti ŽÚ - Podněty - var.2. Informace ke zpracování reportu: Při definici reportu je nutno zvolit začátek a konec časového období - pro začátek stačí zadat ""Rok od"" a ""Měsíc od"", pro konec období opět jen ""Rok do"" a ""Měsíc do"". Typ podnětu - odškrtnout položku ""Servis podnikatele"". Kategorie zdroje informace - odškrtnout ""Jiný zdroj"". Ostatní pole ponechat beze změny."
18,D18.3.8.1,Počet podnětů cizích subjektů,"Za období sledovaného roku. Zdroj dat: Sestava. Název reportu: Podněty cizích subjektů. Informace ke zpracování reportu: Při definici reportu je nutno zvolit časové období (pole Datum od a Datum do). Z dalších údajů zaškrtnout ""číslo případu (podnětu)"". U výsledné sestavy sečíst počet řádků ve sloupci ""číslo případu (podnětu)""."
18,D18.3.9,Počet avíz a usnesení,"Za období sledovaného roku. Pro avíza: Zdroj dat: Statistika. Název reportu : Statistika činnosti ŽÚ - Avíza - var.2. Informace ke zpracování reportu: Při definici reportu je nutno zvolit začátek a konec časového období - pro začátek stačí zadat ""Rok od"" a ""Měsíc od"", pro konec období opět jen ""Rok do"" a ""Měsíc do"". Zdroj avíza - nechat zaškrtnuté všechny zdroje. Ostatní pole ponechat beze změny. Pro usnesení: Zdroj dat: Sestava. Název reportu : Usnesení z VR. Informace ke zpracování reportu: Při definici reportu je nutno označit ""Datum a čas zpracování záznamu"", zvolit začátek a konec časového období, ve volbě Stav zpracování zaškrtnout ""Zpracováno ručně"" a ostatní ponechat nezatrženo.(Usnesení sledována od roku 2019 včetně)"
18,D18.3.10,Počet odeslaných podání z JRF,"Za období sledovaného roku. Zdroj dat: Statistika. Název reportu: Dokumenty dle referentů. Informace ke zpracování reportu: Při definici reportu je nutno zvolit časové období (pole Datum od a Datum do). U výsledné sestavy sečíst od všech referentů položky ""JRF - odeslaná podání"". Sledováno od roku 2015. V předcházejících obdobích byly doplněny nulové hodnoty."
18,D18.4,Celkem správní poplatky v tis. Kč,"Za období sledovaného roku. Zdroj dat: Statistika. Název reportu: Správní poplatky. Informace ke zpracování reportu: U výsledné sestavy součet hodnot sloupce „Výše“. Při definici reportu je nutno zvolit časové období (pole Datum od a Datum do). U pole ""Datum"" vyberte ""založení podnětu/přijetí žádosti o výpis""."
18,D18.5.1,Počet kontrol,"Za období sledovaného roku. Zdroj dat: Sestava. Název reportu: Kontroly podnikatelů. Informace ke zpracování reportu: U výsledné sestavy aplikovat automatický filtr u sloupce „Typ Kontroly“ na řetězec „Plánovaná kontrola s oznámením“, „Záznam provedené kontroly“ a „Následná kontrola“. U sloupce ""Kategorizace místa kontroly"" zrušit řetezec „Na jiném úřadě"" a ostatní výběr ponechat beze změny. Výsledný počet kontrol je součet záznamů odpovídajících zvoleným filtrům. Při definici reportu je nutno zvolit časové období (pole Datum od a Datum do), kontrolované subjekty nastavit na ""vše"", ostatní pole ponechat bez změny."
18,D18.5.1.1,Součet předmětů kontrol,"Za období sledovaného roku. Zdroj dat: Sestava. Název reportu: Kontroly podnikatelů. Informace ke zpracování reportu: U výsledné sestavy aplikovat automatický filtr u sloupce „Typ Kontroly“ na řetězec „Plánovaná kontrola s oznámením“, „Záznam provedené kontroly“ a „Následná kontrola“, zrušit řetězec „Prázdné"" u sloupce ""Text předmětu kontroly"". Při definici reportu je nutno zvolit časové období (pole Datum od a Datum do), kontrolované subjekty nastavit na ""vše"", v Seznamu výstupních hodnot - údaje o kontrole zaškrtnout ""Předmět kontroly"", ostatní pole ponechat bez změny. U výsledné sestavy sečtěte všechny řádky."
18,D18.5.2,"Počet úkonů před zahájením kontroly, včetně záznamů","Za období sledovaného roku. Zdroj dat: Sestava. Název reportu: Kontroly podnikatelů. Informace ke zpracování reportu: U výsledné sestavy aplikovat automatický filtr u sloupce „Typ Kontroly“ na řetězec „Místní zjištění“ a ""Úřední záznamy"". Při definici reportu je nutno zvolit časové období (pole Datum od a Datum do), ostatní pole ponechat bez změny."
18,D18.5.3,Počet uložených pokut příkazem na místě v ks,"Za období sledovaného roku. Zdroj dat: Statistika. Název reportu: Pokuty podle účastníka a typu. Informace ke zpracování reportu: Hodnota sloupce „Celkem“, typ pokuty „příkazový blok“. Při definici reportu je nutno zvolit časové období (pole Datum od a Datum do)."
18,D18.5.4,Objem uložených pokut příkazem na místě celkem v tis. Kč,"Za období sledovaného roku. Zdroj dat: Statistika. Název reportu: Pokuty podle účastníka a typu. Informace ke zpracování reportu: Hodnota sloupce „Výše“, typ pokuty „bloková pokuta“. Při definici reportu je nutno zvolit časové období (pole Datum od a Datum do)."
18,D18.5.5,Počet uložených pokut v přestupkovém řízení v ks,"Za období sledovaného roku. Zdroj dat: Statistika. Název reportu: Pokuty podle účastníka a typu. Informace ke zpracování reportu: Hodnota sloupce „Celkem“, typ pokuty „pokuta uložená ve správním řízení“, sečíst pouze pokuty uložené živnostenským úřadem. Při definici reportu je nutno zvolit časové období (pole Datum od a Datum do). Do roku 2007 sledováno včetně pořádkových pokut, od roku 2008 vyplňujeme pouze dle Statistiky popsané výše, která pořádkové pokuty neobsahuje."
18,D18.5.6,Objem uložených pokut v přestupkovém řízení celkem v tis. Kč,"Za období sledovaného roku. Zdroj dat: Statistika. Název reportu: Pokuty podle účastníka a typu. Informace ke zpracování reportu: Hodnota sloupce „Výše“, typ pokuty „pokuta uložená ve správním řízení“, sečíst pouze pokuty uložené živnostenským úřadem. Při definici reportu je nutno zvolit časové období (pole Datum od a Datum do). Do roku 2007 sledováno včetně pořádkových pokut, od roku 2008 vyplňujeme pouze dle Statistiky popsané výše, která pořádkové pokuty neobsahuje."
18,D18.6,Počet registračních zaměstnanců - pracovních úvazků,"Úvazky pro agendu celkem stanovte k 31.12. sledovaného roku - POUZE ÚVAZKY PRACOVNÍKŮ REGISTRACE. Ostatní zaměstnance mimo registraci, kontrolu a zem. podnikatele uveďte v řádku Zaměstnanci ostatní. POZOR ZMĚNA OD ROKU 2012."
18,D18.7,Počet kontrolních zaměstnanců - pracovních úvazků,"Úvazky pro agendu celkem stanovte k 31.12. sledovaného roku POUZE ÚVAZKY PRACOVNÍKŮ KONTROLY. Ostatní zaměstnance mimo registraci, kontrolu a zem. podnikatele uveďte v řádku Zaměstnanci ostatní. POZOR ZMĚNA OD ROKU 2012."
18,D18.8,Počet zaměstnanců - pracovních úvazků pro agendu zemědělského podnikatele,"Úvazky pro agendu celkem stanovte k 31.12. sledovaného roku POUZE ÚVAZKY PRACOVNÍKŮ AGENDY ZEMĚDĚLSKÉHO PODNIKATELE. Ostatní zaměstnance mimo registraci, kontrolu a zem. podnikatele uveďte v řádku Zaměstnanci ostatní. POZOR ZMĚNA OD ROKU 2012."
18,D18.9,Zaměstnanci ostatní - počet úvazků ostatních zaměstnanců Živnostenského úřadu,"Například úvazky pracovníků pro správní řízení, vedoucích a administrativní síly apod. K 31.12. sledovaného roku."
18,D18.10,"Počet zaměstnanců - pracovních úvazků zařazených na odboru, ale vykonávajících jiné agendy","Například Czech Point, administrace tržních řádů, vidimace a legalizace apod. K 31.12. sledovaného roku."
18,D18.11,Celkem pracovních úvazků na odboru,Vzorec: D18.6 + D18.7 + D18.8 + D18.9 + D18.10
18,D18.12,Celkem pracovních úvazků v agendě Živnostenského úřadu,"Automatický součet řádků 18.6 + 18.7 + 18.8 + 18.9
Vzorec: D18.6+D18.7+D18.8+D18.9"
18,D18.13,Počet registrovaných zemědělských podnikatelů,"Vyplňte i v případě, že tuto agendu živnostenský úřad nevykonává (agendu vykonává jiný odbor). K 31.12. sledovaného roku."
18,D18.14,Počet úředních hodin v týdnu,"Údaj v hodinách za týden, který odpovídá oficiálně zveřejněným úředním hodinám na úřadě (úřední hodiny se mohou v některých agendách lišit; jsou-li například úřední hodiny evidence obyvatel zveřejněny v po, út, st a pá odpoledne, ale stavební úřad veřejně prezentuje úřední hodiny pouze ve dnech po a st). Rozhodujícím kritériem je to, zda je tato úřední doba prokazatelně zveřejněna např. na vstupu do úřadu, na internetu, na vstupních dveřích matriky, živnostenského úřadu apod. a současně je zaručeno, že klient bude obsloužen v plném rozsahu. NEZAPOČÍTÁVÁME POLEDNÍ PŘESTÁVKU ve zveřejněném rozsahu (klienti v této době nejsou odbavováni, polední přestávka je zveřejněna). Sledováno od roku 2008, v ostatních obdobích byly automaticky doplněny nuly."
19,D19.1,Míra náročnosti výkonu sociální práce,I. Běžná míra náročnosti výkonu sociálně-právní ochrany - vyplňte prosím 1 II. Zvýšená míra náročnosti výkonu sociálně-právní ochrany - vyplňte prosím 2 III. Vysoká míra náročnosti výkonu sociálně-právní ochrany - vyplňte prosím 3
19,D19.2,Počet dětí do 18 let ve správním obvodu ORP,K 31.12. sledovaného roku. Zdroj dat: evidence obyvatel.
19,D19.3,Evidovaný počet případů SPOD,"Evidovaný počet případů k 31.12. sledovaného roku OM + NOM. Řádky 71 a 72, sl. 3 dle statistiky MPSV."
19,D19.3.1,"Počet případů kolizního opatrovnictví, poručnictví",Spisy OM-O a OM-POR za celé období sledovaného roku.
19,D19.4,"Počet ""spisů"" bez zavedení NOM nebo OM",Spisy zde rozumíme dokumenty případů nevyhodnocených dle §6. K 31.12. sledovaného roku.
19,D19.5,Počet případů SPOD zaevidovaných za sledovaný rok,"Zaevidovaný počet případů ve sledovaném roce OM + NOM. Řádky 71 a 72, sl. 2 dle statistiky MPSV."
19,D19.5.1,Počet dětí v náhradní rodinné péči,"Součet řádků 89a - 89d, sl. 1 dle statistiky MPSV k 31.12. sledovaného roku."
19,D19.5.1.1,Celkový počet dětí svěřených do pěstounské péče na přechodnou dobu,"Řádek 77, sl. 1 dle statistiky MPSV + převedený počet dětí z předchozího roku."
19,D19.5.1.2,Počet dětí svěřených do pěstounské péče na přechodnou dobu k 31.12.,"Řádek 89b, sl. 1 dle statistiky MPSV. K 31.12. sledovaného roku."
19,D19.5.2,Počet osob vykonávajících náhradní rodinnou péči,"Součet řádků 90 - 90c, sl. 3 dle statistiky MPSV k 31.12. sledovaného roku."
19,D19.6,Počet dohod o výkonu pěstounské péče uzavřených OSPOD,K 31.12. sledovaného roku (všechny aktivní).
19,D19.7.1,Počet vypracovaných IPOD dětí dle § 6 zákona č. 359/1999 Sb.,K 31.12. sledovaného roku.
19,D19.8,Počet dětí umístěných v náhradní péči zařízení pro péči o děti,"Řádky 94 - 96b, sl. 9 statistiky MPSV k 31.12. sledovaného roku + počet dětí umístěných do zařízení na základě předběžného opatření soudu."
19,D19.8.1,Celkový počet dětí umístěných v náhradní péči zařízení pro péči o děti,Celkový počet dětí se kterými OSPOD pracoval v průběhu sledovaného roku.
19,D19.9,Počet pořádaných případových konferencí,Počet (vámi) POŘÁDANÝCH případových konferencí za celé období sledovaného roku.
19,D19.10,"Počet dětí, u kterých byl soudem či OSPOD stanoven dohled",Dohledy stanovené soudem nebo OSPOD k 31.12. sledovaného roku (všechny aktivní).
19,D19.11,Počet zásahů v rámci pohotovostní služby OSPOD mimo pracovní dobu,Počet zásahů z nichž byl pořízen ZÁZNAM do spisu za období sledovaného roku.
19,D19.12.1,VYPLŇTE POUZE POKUD PRŮKAZNĚ SLEDUJETE - SPOD - celkový počet sociálních šetření,"K 31.12. sledovaného roku. Sociální šetření na dožádání si započítá ten úřad, který ho provedl. Započtěte: Vykonané návštěvy sociálních pracovníků v rodině + Vykonané návštěvy sociálních pracovníků jinde."
19,D19.12.2,VYPLŇTE POUZE POKUD PRŮKAZNĚ SLEDUJETE - SPOD - celkový počet soudních jednání,K 31.12. sledovaného roku.
19,D19.13,Počet klientů kurátora pro děti a mládež,"Řádek 79, sl. 1 statistiky MPSV ve sledovaném roce."
19,D19.14,Počet zaměstnanců - pracovních úvazků agendy SPOD,"Úvazky pro agendu SPOD celkem stanovte k 31.12. sledovaného roku včetně poměrné části pracovních úvazků vedoucích a administrativní síly, které rozpočtěte vzhledem k počtu pracovníků na oddělení nebo odboru. Zpravidla půjde o desetinné číslo. Pokud pracovník vykonává i jinou agendu, započítává se pouze příslušným podílem a součet jeho úvazků v těchto agendách musí být roven jedné! Poměrná část úvazku zaměstnanců se týká vždy konkrétní agendy za kterou, jsou vstupní data vyplňována. Součet úvazků v agendách se tak nemusí rovnat počtu zaměstnanců odboru nebo oddělení pokud tato organizační jednotka zajišťuje další agendy nebo úkoly, které nejsou předmětem porovnávání. Započítejte také další zaměstnance pokud zajišťují agendu SPOD i v případě, že jsou zařazeni v jiném organizačním útvaru (odboru, oddělení)."
19,D19.14.1,z toho počet zaměstnanců - pracovních úvazků na zajištění náhradní rodinné péče,"Úvazky stanovte k 31.12. sledovaného roku včetně poměrné části pracovních úvazků vedoucích a administrativní síly, které rozpočtěte vzhledem k počtu pracovníků na oddělení nebo odboru. Zpravidla půjde o desetinné číslo. Pokud pracovník vykonává i jinou agendu, započítává se pouze příslušným podílem a součet jeho úvazků v těchto agendách musí být roven jedné! Poměrná část úvazku zaměstnanců se týká vždy konkrétní agendy za kterou, jsou vstupní data vyplňována. Součet úvazků v agendách se tak nemusí rovnat počtu zaměstnanců odboru nebo oddělení pokud tato organizační jednotka zajišťuje další agendy nebo úkoly, které nejsou předmětem porovnávání. Započítejte také další zaměstnance pokud zajišťují agendu SPOD i v případě, že jsou zařazeni v jiném organizačním útvaru (odboru, oddělení)."
19,D19.14.2,z toho počet zaměstnanců - pracovních úvazků na zajištění agendy kurátora pro děti a mládež,"Úvazky stanovte k 31.12. sledovaného roku včetně poměrné části pracovních úvazků vedoucích a administrativní síly, které rozpočtěte vzhledem k počtu pracovníků na oddělení nebo odboru. Zpravidla půjde o desetinné číslo. Pokud pracovník vykonává i jinou agendu, započítává se pouze příslušným podílem a součet jeho úvazků v těchto agendách musí být roven jedné! Poměrná část úvazku zaměstnanců se týká vždy konkrétní agendy za kterou, jsou vstupní data vyplňována. Součet úvazků v agendách se tak nemusí rovnat počtu zaměstnanců odboru nebo oddělení pokud tato organizační jednotka zajišťuje další agendy nebo úkoly, které nejsou předmětem porovnávání. Započítejte také další zaměstnance pokud zajišťují agendu SPOD i v případě, že jsou zařazeni v jiném organizačním útvaru (odboru, oddělení)."
19,D19.14.3,Počet zaměstnanců - pracovních úvazků agendy SPOD (bez NRP a kurátora),Vzorec: D19.14-D19.14.1-D19.14.2
19,D19.15,Skutečné náklady na výkon OSPOD dle vyúčtování dotace MPSV v tis. Kč,"Náklady předkládané MPSV v rámci vyúčtování dotace (bez ohledu na to, zda budou uznány či nikoli). Za období sledovaného roku."
19,D19.16.1,ZVLÁŠTNÍ PŘÍJEMCE DÁVEK DŮCHODOVÉHO POJIŠTĚNÍ - počet správních rozhodnutí,Počet vydaných správních rozhodnutí za celé období sledovaného roku (vč. procesních rozhodnutí).
19,D19.16.2,ZVLÁŠTNÍ PŘÍJEMCE DÁVEK DŮCHODOVÉHO POJIŠTĚNÍ - počet evidovaných zvláštních příjemců dávek důchodového pojištění,Za celé období sledovaného roku.
19,D19.17.1,VEŘEJNÉ OPATROVNICTVÍ - počet opatrovanců,Počet opatrovanců za celé období sledovaného roku (všichni opatrovanci ve sledovaném roce bez ohledu na délku výkonu veřejného opatrovnictví) včetně opatrovanců dle § 58 občasnkého zákoníku.
19,D19.17.2,VEŘEJNÉ OPATROVNICTVÍ - z toho počet opatrovanců v pobytových zařízeních,"Za celé období sledovaného roku (zejména celoroční pobyt v tzv. ÚSTAVNÍCH zařízeních sociálních a zdravotnických služeb, minimálně po dobu 6 měsíců)."
19,D19.17.3,VEŘEJNÉ OPATROVNICTVÍ - počty návštěv,"Vykonané návštěvy u opatrovance + vykonané návštěvy nebo kontakty s opatrovancem v jiném prostředí + osobní návštěva u institucí ve prospěch opatrovance za celé období sledovaného roku včetně opatrovnictví dle § 58 občanského zákoníku (nepatří zde telefonické kontakty, e-maily apod. - pouze osobní návštěvy)."
19,D19.17.4,OPATROVNICTVÍ - počet sociálních šetření na dožádání ve věci opatrovnictví,"Např. na dožádání soudu, policie apod. za celé období sledovaného roku (!!netýká se vlastních opatrovanců!!)."
19,D19.17.5,VEŘEJNÉ OPATROVNICTVÍ - počet úvazků zaměstnanců,"Úvazky pro agendu stanovte k 31.12. sledovaného roku včetně poměrné části pracovních úvazků vedoucích a administrativní síly, které rozpočtěte vzhledem k počtu pracovníků na oddělení nebo odboru. Zpravidla půjde o desetinné číslo. Pokud pracovník vykonává i jinou agendu, započítává se pouze příslušným podílem a součet jeho úvazků v těchto agendách musí být roven jedné! Poměrná část úvazku zaměstnanců se týká vždy konkrétní agendy za kterou, jsou vstupní data vyplňována. Součet úvazků v agendách se tak nemusí rovnat počtu zaměstnanců odboru nebo oddělení pokud tato organizační jednotka zajišťuje další agendy nebo úkoly, které nejsou předmětem porovnávání. Započítejte také další zaměstnance pokud zajišťují agendu i v případě, že jsou zařazeni v jiném organizačním útvaru (odboru, oddělení)."
19,D19.18.1,SOCIÁLNÍ PRÁCE - OHROŽENÉ A VYLOUČENÉ OSOBY - počet spisů,"Počet ""živých"" spisů dle zákona č. 108/2006 Sb. a č. 111/2006 Sb. za celé období sledovaného roku. Započítejte spisy s nimiž se ve sledovaném roce pracovalo alespoň jednou. Zdroj dat: OK System."
19,D19.18.2,SOCIÁLNÍ PRÁCE - OHROŽENÉ A VYLOUČENÉ OSOBY - počet anonymních klientů,Za celé období sledovaného roku. Zdroj dat: OK System.
19,D19.18.3,SOCIÁLNÍ PRÁCE - OHROŽENÉ A VYLOUČENÉ OSOBY - počet sociálních šetření,Počet sociálních šetření v této oblasti za celé období sledovaného roku (zahrňte pouze šetření s písemným záznamem/výstupem).
19,D19.18.4,SOCIÁLNÍ PRÁCE - OHROŽENÉ A VYLOUČENÉ OSOBY - počet úvazků zaměstnanců,"Úvazky pro agendu stanovte k 31.12. sledovaného roku včetně poměrné části pracovních úvazků vedoucích a administrativní síly, které rozpočtěte vzhledem k počtu pracovníků na oddělení nebo odboru. Zpravidla půjde o desetinné číslo. Pokud pracovník vykonává i jinou agendu, započítává se pouze příslušným podílem a součet jeho úvazků v těchto agendách musí být roven jedné! Poměrná část úvazku zaměstnanců se týká vždy konkrétní agendy za kterou, jsou vstupní data vyplňována. Součet úvazků v agendách se tak nemusí rovnat počtu zaměstnanců odboru nebo oddělení pokud tato organizační jednotka zajišťuje další agendy nebo úkoly, které nejsou předmětem porovnávání. Započítejte také další zaměstnance pokud zajišťují agendu i v případě, že jsou zařazeni v jiném organizačním útvaru (odboru, oddělení)."
19,D19.19.1,SOCIÁLNÍ KURATELA - OSOBY VE VÝKONU VAZBY A TRESTU ODNĚTÍ SVOBODY - počet návštěv ve věznicích,Za celé období sledovaného roku (jedna osoba = jedna návštěva tzn. Při jedné cestě do věznice navštívíme 3 klienty = započítáme 3 návštěvy).
19,D19.19.2,SOCIÁLNÍ KURATELA - OSOBY VE VÝKONU VAZBY A TRESTU ODNĚTÍ SVOBODY - počet úvazků zaměstnanců,"Úvazky pro agendu stanovte k 31.12. sledovaného roku včetně poměrné části pracovních úvazků vedoucích a administrativní síly, které rozpočtěte vzhledem k počtu pracovníků na oddělení nebo odboru. Zpravidla půjde o desetinné číslo. Pokud pracovník vykonává i jinou agendu, započítává se pouze příslušným podílem a součet jeho úvazků v těchto agendách musí být roven jedné! Poměrná část úvazku zaměstnanců se týká vždy konkrétní agendy za kterou, jsou vstupní data vyplňována. Součet úvazků v agendách se tak nemusí rovnat počtu zaměstnanců odboru nebo oddělení pokud tato organizační jednotka zajišťuje další agendy nebo úkoly, které nejsou předmětem porovnávání. Započítejte také další zaměstnance pokud zajišťují agendu i v případě, že jsou zařazeni v jiném organizačním útvaru (odboru, oddělení)."
19,D19.19.3,SOCIÁLNÍ KURATELA - počet vypracovaných IPMD,Počet vypracovaných individuálních plánů mladých dospělých za celé období sledovaného roku.
19,D19.20,VÝMĚNA A VÝDEJ PARKOVACÍCH PRŮKAZŮ,Počet ks za celé období sledovaného roku.
19,D19.21,POČET UZAVŘENÝCH (PODEPSANÝCH) SMLUV A DODATKŮ DLE § 91 odst. 6 zák. č. 108/2006 Sb.,Počet ks za celé období sledovaného roku.
19,D19.22,POČET SOCIÁLNÍCH POHŘBŮ,Počet sociálních pohřbů za celé období sledovaného roku.
19,D19.23,Počet ostatních zaměstnanců - pracovních úvazků odboru sociálních věcí,Ostatní zaměstnanci mimo agendy vyplňované výše. Úvazky stanovte k 31.12. sledovaného roku včetně pracovních úvazků vedoucích a administrativní síly.
19,D19.24,Počet zaměstnanců - pracovních úvazků odboru sociálních věcí celkem,"Kontrolní součet polí Počet zaměstnanců - pracovních úvazků agendy SPOD + VEŘEJNÉ OPATROVNICTVÍ - počet úvazků zaměstnanců + SOCIÁLNÍ PRÁCE - OHROŽENÉ A VYLOUČENÉ OSOBY - počet úvazků zaměstnanců + SOCIÁLNÍ KURATELA - OSOBY VE VÝKONU VAZBY A TRESTU ODNĚTÍ SVOBODY - počet úvazků zaměstnanců + Počet ostatních zaměstnanců - pracovních úvazků odboru sociálních věcí.
Vzorec: D19.14+D19.17.5+D19.18.4+D19.19.2+D19.23"
20,D20.1,Počet pravomocně vydaných rozhodnutí celkem,"Jedná se o počet vydaných rozhodnutí bez ohledu na počet výroků MIMO Souhlas vodoprávního úřadu (§ 17 vodního zákona) a usnesení. Započítávají se i rozhodnutí podle zákona o vodovodech a kanalizacích (kanalizační řády, havarijní plány a manipulační řády). Včetně rozhodnutí dle zákona č. 164/2001Sb., o přírodních zdrojích."
20,D20.2.1,"Celkový počet přestupků řešených rozhodnutím, příkazem, příkazem na místě nebo blokovou pokutou",Za celé období sledovaného roku.
20,D20.2.2,"Vyplňte 1 pokud přestupky řešíte sami na odboru, 0 pokud je předáváte k řešení na specializované pracoviště, odbor, oddělení nebo 2 (kombinace, jiné)",
20,D20.3,Počet povolení nakládání s vodami,Jedná se o všechna povolená nakládání (i dílčí výroky). Za celé období sledovaného roku.
20,D20.4,Počet vydaných opatření obecné povahy,Viz Vyhláška o vodoprávní evidenci platná ve sledovaném období. Za celé období sledovaného roku.
20,D20.5,Počet vydaných souhlasů dle §17 MIMO JES,Viz Vyhláška o vodoprávní evidenci platná ve sledovaném období (souhlas vodoprávního úřadu dle § 17 vodního zákona). Za celé období sledovaného roku. NEZAPOČÍTÁVÁME ZDE SOUHLASY VYDANÁ V RÁMCI SOUHRNNÝCH NEBO KOORDINOVANÝCH ZÁVAZNÝCH STANOVISEK!!!
20,D20.6,Počet řešených havarijních situací,Za celé období sledovaného roku.
20,D20.7,Počet provedených kontrol (dozorů) se zápisem,"Zápisem se rozumí jakýkoli záznam o provedené kontrole (mimo správní řízení). Za celé období sledovaného roku. Jedná se o: Vodoprávní dozor podle § 110 zákona č.254/2001 Sb., vodní zákon a dozor podle § 37 zákona č.274/2001 Sb., o vodovodech a kanalizacích."
20,D20.8,Počet zaměstnanců - pracovních úvazků v agendě vodoprávní řízení celkem,"VYPLŇTE POUZE ÚVAZKY VZTAHUJÍCÍ SE K ROZHODNUTÍM DLE DATOVÉHO POLE D20.1, NEPATŘÍ ZDE ÚVAZKY ZAJIŠŤUJÍCÍ AGENDU STAVEBNÍCH ŘÍZENÍ. Úvazky pro agendu celkem stanovte za celé období sledovaného roku včetně poměrné části pracovních úvazků vedoucích a administrativní síly, které rozpočtěte vzhledem k počtu pracovníků na oddělení nebo odboru. Zpravidla půjde o desetinné číslo. Pokud pracovník vykonává i jinou agendu, započítává se pouze příslušným podílem a součet jeho úvazků v těchto agendách musí být roven jedné! Poměrná část úvazku zaměstnanců se týká vždy konkrétní agendy za kterou, jsou vstupní data vyplňována. Součet úvazků v agendách se tak nemusí rovnat počtu zaměstnanců odboru nebo oddělení pokud tato organizační jednotka zajišťuje další agendy nebo úkoly, které nejsou předmětem porovnávání."
21,D21.1,Počet vydaných správních rozhodnutí,Pouze meritorní rozhodnutí a zastavení řízení. Za celé období sledovaného roku.
21,D21.1.1,"z toho celkový počet přestupků řešených rozhodnutím, příkazem, příkazem na místě nebo blokovou pokutou",Za celé období sledovaného roku.
21,D21.1.2.1,"Vyplňte 1 pokud přestupky řešíte sami na odboru, 0 pokud je předáváte k řešení na specializované pracoviště, odbor, oddělení nebo 2 (kombinace, jiné)",Za celé období sledovaného roku.
21,D21.2,Počet provedených kontrol (dozorů) se zápisem,Zápisem se rozumí jakýkoli záznam o provedené kontrole a to za celé období sledovaného roku. Dále kontrola dle kontrolního řádu.
21,D21.3,Výměra pozemků určených k plnění funkce lesa ve správním obvodu v hektarech,K 31.12. sledovaného roku.
21,D21.4,Počet zaměstnanců - pracovních úvazků v agendě lesní hospodářství celkem,"Úvazky pro agendu celkem stanovte k 31.12. sledovaného roku včetně poměrné části pracovních úvazků vedoucích a administrativní síly, které rozpočtěte vzhledem k počtu pracovníků na oddělení nebo odboru. Zpravidla půjde o desetinné číslo. Pokud pracovník vykonává i jinou agendu, započítává se pouze příslušným podílem a součet jeho úvazků v těchto agendách musí být roven jedné! Poměrná část úvazku zaměstnanců se týká vždy konkrétní agendy za kterou, jsou vstupní data vyplňována. Součet úvazků v agendách se tak nemusí rovnat počtu zaměstnanců odboru nebo oddělení pokud tato organizační jednotka zajišťuje další agendy nebo úkoly, které nejsou předmětem porovnávání."
22,D22.1,Počet vydaných správních rozhodnutí,Pouze meritorní rozhodnutí a zastavení řízení (mimo přestupky). Za celé období sledovaného roku.
22,D22.2.1,"Celkový počet přestupků řešených rozhodnutím, příkazem, příkazem na místě nebo blokovou pokutou",Za celé období sledovaného roku.
22,D22.2.2,"Vyplňte 1 pokud přestupky řešíte sami na odboru, 0 pokud je předáváte k řešení na specializované pracoviště, odbor, oddělení nebo 2 (kombinace, jiné)",Za celé období sledovaného roku.
22,D22.3,Počet provedených kontrol (dozorů) se zápisem,Zápisem se rozumí jakýkoli záznam o provedené kontrole a to za celé období sledovaného roku. Dále kontrola dle zákona a dle kontrolního řádu.
22,D22.4,Počet hlášení evidence odpadů celkem ze zákona o odpadech,"Uveďte údaje za poslední uzavřený rok (například při vyplňování dat za rok 2013 se jedná o údaje posledního uzavřeného roku, tedy roku 2012). Zdroj dat: EVI, ESPI."
22,D22.5,Počet zaměstnanců - pracovních úvazků v agendě odpady celkem,"Úvazky pro agendu celkem stanovte k 31.12. sledovaného roku včetně poměrné části pracovních úvazků vedoucích a administrativní síly, které rozpočtěte vzhledem k počtu pracovníků na oddělení nebo odboru. Zpravidla půjde o desetinné číslo. Pokud pracovník vykonává i jinou agendu, započítává se pouze příslušným podílem a součet jeho úvazků v těchto agendách musí být roven jedné! Poměrná část úvazku zaměstnanců se týká vždy konkrétní agendy za kterou, jsou vstupní data vyplňována. Součet úvazků v agendách se tak nemusí rovnat počtu zaměstnanců odboru nebo oddělení pokud tato organizační jednotka zajišťuje další agendy nebo úkoly, které nejsou předmětem porovnávání."
23,D23.1.1,"Celkový počet přestupků řešených rozhodnutím, příkazem, příkazem na místě nebo blokovou pokutou",Za celé období sledovaného roku.
23,D23.1.2,"Vyplňte 1 pokud přestupky řešíte sami na odboru, 0 pokud je předáváte k řešení na specializované pracoviště, odbor, oddělení nebo 2 (kombinace, jiné)",Za celé období sledovaného roku.
23,D23.2,Počet provedených kontrol (dozorů) se zápisem,Zápisem se rozumí jakýkoli záznam o provedené kontrole a to za celé období sledovaného roku. Dále kontrola dle kontrolního řádu.
23,D23.3,Počet zaměstnanců - pracovních úvazků v agendě ochrana ovzduší celkem,"Úvazky pro agendu celkem stanovte k 31.12. sledovaného roku včetně poměrné části pracovních úvazků vedoucích a administrativní síly, které rozpočtěte vzhledem k počtu pracovníků na oddělení nebo odboru. Zpravidla půjde o desetinné číslo. Pokud pracovník vykonává i jinou agendu, započítává se pouze příslušným podílem a součet jeho úvazků v těchto agendách musí být roven jedné! Poměrná část úvazku zaměstnanců se týká vždy konkrétní agendy za kterou, jsou vstupní data vyplňována. Součet úvazků v agendách se tak nemusí rovnat počtu zaměstnanců odboru nebo oddělení pokud tato organizační jednotka zajišťuje další agendy nebo úkoly, které nejsou předmětem porovnávání."
24,D24.1,Počet vydaných správních rozhodnutí o vynětí ze ZPF,"Za celé období sledovaného roku. U správních rozhodnutí se jedná pouze o meritorní rozhodnutí a zastavení řízení . POUZE DLE § 21 odst.1zákona č. 334/1992 Sb., o ochraně ZPF."
24,D24.2,Počet vydaných správních rozhodnutí o odvodech za odnětí půdy ze ZPF,"Za celé období sledovaného roku. Dle § 11 odst. 2 zákona č. 334/1992 Sb., o ochraně ZPF."
24,D24.3.1,"Celkový počet přestupků řešených rozhodnutím, příkazem, příkazem na místě nebo blokovou pokutou",Za celé období sledovaného roku.
24,D24.3.2,"Vyplňte 1 pokud přestupky řešíte sami na odboru, 0 pokud je předáváte k řešení na specializované pracoviště, odbor, oddělení nebo 2 (kombinace, jiné)",Za celé období sledovaného roku.
24,D24.4,Počet provedených kontrol (dozorů) se zápisem,Zápisem se rozumí jakýkoli záznam o provedené kontrole a to za celé období sledovaného roku. Dále kontrola dle kontrolního řádu.
24,D24.5,Počet zaměstnanců - pracovních úvazků v agendě zemědělský půdní fond celkem,"Úvazky pro agendu celkem stanovte k 31.12. sledovaného roku včetně poměrné části pracovních úvazků vedoucích a administrativní síly, které rozpočtěte vzhledem k počtu pracovníků na oddělení nebo odboru. Zpravidla půjde o desetinné číslo. Pokud pracovník vykonává i jinou agendu, započítává se pouze příslušným podílem a součet jeho úvazků v těchto agendách musí být roven jedné! Poměrná část úvazku zaměstnanců se týká vždy konkrétní agendy za kterou, jsou vstupní data vyplňována. Součet úvazků v agendách se tak nemusí rovnat počtu zaměstnanců odboru nebo oddělení pokud tato organizační jednotka zajišťuje další agendy nebo úkoly, které nejsou předmětem porovnávání."
25,D25.1,Počet vydaných správních rozhodnutí v agendě,Pouze meritorní rozhodnutí a zastavení řízení. Za celé období sledovaného roku.
25,D25.2.1,"Počet přestupků řešených rozhodnutím, příkazem, příkazem na místě nebo blokovou pokutou",Za celé období sledovaného roku.
25,D25.2.2,"Vyplňte 1 pokud přestupky řešíte sami na odboru, 0 pokud je předáváte k řešení na specializované pracoviště, odbor, oddělení nebo 2 (kombinace, jiné)",Za celé období sledovaného roku.
25,D25.3,Počet provedených kontrol (dozorů) se zápisem v agendě,Zápisem se rozumí jakýkoli záznam o provedené kontrole a to za celé období sledovaného roku. Dále kontrola dle kontrolního řádu.
25,D25.4,Počet zaměstnanců - pracovních úvazků v agendě ochrana zvířat proti týrání a veterinární péče celkem,"Úvazky pro agendy Ochrana zvířat proti týrání a Veterinární péče stanovte v součtu k 31.12. sledovaného roku včetně poměrné části pracovních úvazků vedoucích a administrativní síly, které rozpočtěte vzhledem k počtu pracovníků na oddělení nebo odboru. Zpravidla půjde o desetinné číslo. Pokud pracovník vykonává i jinou agendu, započítává se pouze příslušným podílem a součet jeho úvazků v těchto agendách musí být roven jedné! Poměrná část úvazku zaměstnanců se týká vždy konkrétní agendy za kterou, jsou vstupní data vyplňována. Součet úvazků v agendách se tak nemusí rovnat počtu zaměstnanců odboru nebo oddělení pokud tato organizační jednotka zajišťuje další agendy nebo úkoly, které nejsou předmětem porovnávání."
26,D26.1,Počet vydaných správních rozhodnutí,Pouze meritorní rozhodnutí a zastavení řízení. Za celé období sledovaného roku.
26,D26.2.1,"Počet přestupků řešených rozhodnutím, příkazem, příkazem na místě nebo blokovou pokutou",Za celé období sledovaného roku.
26,D26.2.2,"Vyplňte 1 pokud přestupky řešíte sami na odboru, 0 pokud je předáváte k řešení na specializované pracoviště, odbor, oddělení nebo 2 (kombinace, jiné)",Za celé období sledovaného roku.
26,D26.3,Počet oznámení o kácení dřevin,"Dle §8 odst. 2 a 4 zákona č. 114/1992 Sb., o ochraně přírody a krajiny. Za celé období sledovaného roku."
26,D26.4,"Počet provedených kontrol (dozorů) se zápisem (podle § 85 zákona č. 114/1992 Sb., o ochraně přírody a krajiny)",Zápisem se rozumí jakýkoli záznam o provedené kontrole a to za celé období sledovaného roku. Dále kontrola dle kontrolního řádu.
26,D26.5,Počet zaměstnanců - pracovních úvazků v agendě ochrana přírody a krajiny celkem,"Úvazky pro agendu celkem stanovte k 31.12. sledovaného roku včetně poměrné části pracovních úvazků vedoucích a administrativní síly, které rozpočtěte vzhledem k počtu pracovníků na oddělení nebo odboru. Zpravidla půjde o desetinné číslo. Pokud pracovník vykonává i jinou agendu, započítává se pouze příslušným podílem a součet jeho úvazků v těchto agendách musí být roven jedné! Poměrná část úvazku zaměstnanců se týká vždy konkrétní agendy za kterou, jsou vstupní data vyplňována. Součet úvazků v agendách se tak nemusí rovnat počtu zaměstnanců odboru nebo oddělení pokud tato organizační jednotka zajišťuje další agendy nebo úkoly, které nejsou předmětem porovnávání."
27,D27.1,Počet vydaných správních rozhodnutí,Pouze meritorní rozhodnutí a zastavení řízení. Za celé období sledovaného roku.
27,D27.1.1,"z toho celkový počet přestupků řešených rozhodnutím, příkazem, příkazem na místě nebo blokovou pokutou",Za celé období sledovaného roku.
27,D27.1.2,"Vyplňte 1 pokud přestupky řešíte sami na odboru, 0 pokud je předáváte k řešení na specializované pracoviště, odbor, oddělení nebo 2 (kombinace, jiné)",Za celé období sledovaného roku.
27,D27.2,Počet provedených kontrol (dozorů) se zápisem,Zápisem se rozumí jakýkoli záznam o provedené kontrole a to za celé období sledovaného roku. Dále kontrola dle kontrolního řádu.
27,D27.3,"Počet vydaných stanovisek, vyjádření apod. mimo správní řízení","Za celé období sledovaného roku, vyjma loveckých lístků."
27,D27.4,Počet vydaných loveckých lístků,Za celé období sledovaného roku.
27,D27.5,Počet honiteb ve správním obvodu,Za celé období sledovaného roku.
27,D27.6,Počet zaměstnanců - pracovních úvazků v agendě myslivost celkem,"Úvazky pro agendu celkem stanovte k 31.12. sledovaného roku včetně poměrné části pracovních úvazků vedoucích a administrativní síly, které rozpočtěte vzhledem k počtu pracovníků na oddělení nebo odboru. Zpravidla půjde o desetinné číslo. Pokud pracovník vykonává i jinou agendu, započítává se pouze příslušným podílem a součet jeho úvazků v těchto agendách musí být roven jedné! Poměrná část úvazku zaměstnanců se týká vždy konkrétní agendy za kterou, jsou vstupní data vyplňována. Součet úvazků v agendách se tak nemusí rovnat počtu zaměstnanců odboru nebo oddělení pokud tato organizační jednotka zajišťuje další agendy nebo úkoly, které nejsou předmětem porovnávání."
28,D28.1,Počet vydaných správních rozhodnutí,Pouze meritorní rozhodnutí a zastavení řízení. Za celé období sledovaného roku. Bez rybářských lístků.
28,D28.2.1,"Počet přestupků řešených rozhodnutím, příkazem, příkazem na místě nebo blokovou pokutou",Za celé období sledovaného roku.
28,D28.2.2,"Vyplňte 1 pokud přestupky řešíte sami na odboru, 0 pokud je předáváte k řešení na specializované pracoviště, odbor, oddělení nebo 2 (kombinace, jiné)",
28,D28.3,Počet vydaných rybářských lístků,
28,D28.4,Počet zaměstnanců - pracovních úvazků v agendě rybářství celkem,"Úvazky pro agendu celkem stanovte k 31.12. sledovaného roku včetně poměrné části pracovních úvazků vedoucích a administrativní síly, které rozpočtěte vzhledem k počtu pracovníků na oddělení nebo odboru. Zpravidla půjde o desetinné číslo. Pokud pracovník vykonává i jinou agendu, započítává se pouze příslušným podílem a součet jeho úvazků v těchto agendách musí být roven jedné! Poměrná část úvazku zaměstnanců se týká vždy konkrétní agendy za kterou, jsou vstupní data vyplňována. Součet úvazků v agendách se tak nemusí rovnat počtu zaměstnanců odboru nebo oddělení pokud tato organizační jednotka zajišťuje další agendy nebo úkoly, které nejsou předmětem porovnávání."
30,D30.1,"Počet koordinovaných stanovisek, počet koordinovaných závazných stanovisek, počet JES a předběžných informací vydaných za úřad","Souhrnná vyjádření/stanoviska k záměru stavby pro zpracování PD, ÚPD, EIA a IPPC za Souhrnná vyjádření/stanoviska k záměru stavby pro zpracování PD, ÚPD, EIA a IPPC za oblast životního prostředí a zemědělství (týká se všech sledovaných agend 20 - 28, ZAPOČÍTÁVÁ SE 1X ZA VŠECHNY AGENDY ŽP). Včetně sdělení, že se JES nevydává. Za celé období sledovaného roku."
30,D30.1.1,Počet JES vydaných samostatně + počet koordinovaných závazných stanovisek obsahující JES,Koordinovaná závazná stanoviska a JES. Za celé období sledovaného roku.
30,D30.2,"Úvazek koordinátora koordinovaných stanovisek, koordinovaných závazných stanovisek, JES a předběžných informací za úřad pokud se jedná o samostatnou pracovní pozici","Pokud nemáte ustanovenou samostatnou pozici koordinátora, vyplňte nulu. Úvazky pro agendu celkem stanovte k 31.12. sledovaného roku včetně poměrné části pracovních úvazků vedoucích a administrativní síly, které rozpočtěte vzhledem k počtu pracovníků na oddělení nebo odboru. Zpravidla půjde o desetinné číslo. Pokud pracovník vykonává i jinou agendu, započítává se pouze příslušným podílem a součet jeho úvazků v těchto agendách musí být roven jedné! Poměrná část úvazku zaměstnanců se týká vždy konkrétní agendy za kterou, jsou vstupní data vyplňována. Součet úvazků v agendách se tak nemusí rovnat počtu zaměstnanců odboru nebo oddělení pokud tato organizační jednotka zajišťuje další agendy nebo úkoly, které nejsou předmětem porovnávání."
31,D31.1,Počet - úvazky zaměstnanců celkem,"Průměrný evidenční přepočtený počet zaměstnanců zařazených v obecním úřadě za celé období sledovaného roku (podle Zákona č. 128/2000 Sb., o obcích, §102, odst. 2, písm. j, tzn. bez uvolněných zastupitelů, pracovníků městské policie, organizačních složek, veřejně prospěšných a obecně prospěšných prací, absolventských praxí,...); jedná se o tzv. úvazky dle pracovních smluv jednotlivých zaměstnanců, kteří vykonávají veřejnou správu, o nichž obec primárně účtuje účtu §6171 - činnost místní správy, k těmto je však třeba připočítat i jiné pracovníky vykonávající veřejnou správu o nichž je účtováno i na jiných paragrafech (např. na 43xx, tj. pracovníky SPOD, SP apod.). PRO SPRÁVNÉ VYPLNĚNÍ následujících datových polí je důležité, aby se výdajové položky vztahovaly skutečně k takto definované skupině zaměstnanců, tj., aby zde nebyly zahrnuty výdaje, které s uvedenými zaměstnanci nesouvisejí (vše by mělo být analyticky odděleno v účetnictví obce). PROSÍME POUŽIJTE POMOCNOU TABULKU A METODIKU, KTEROU JSTE OBDRŽELI SPOLEČNĚ S POKYNY PRO VYPLNĚNÍ DAT."
31,D31.1.0.0,úvazky kontrola,Vzorec: D31.1.0.1+D31.1.0.2+D31.1.0.3+D31.1.0.4
31,D31.1.0.1,počet úvazků vykonávajících státní správu (bližší popis v D31.1),
31,D31.1.0.2,počet úvazků vykonávajících samosprávu (bližší popis v D31.1),
31,D31.1.0.3,počet úvazků vykonávající obslužné činnosti (bližší popis v D31.1),
31,D31.1.0.4,počet úvazků vykonávající manažerské činnosti (bližší popis v D31.1),
31,D31.1.1,z toho počet - úvazky zaměstnanců financovaných z projektových zdrojů,"Například projekty C2, MOS, úvazky zaměstnanců z ÚP financované z národních zdrojů nebo zdrojů EU apod."
31,D31.2,Procento pracovních úvazků zaměstnanců zajišťujících výkon státní správy,"Vycházíme z údaje vyplněného v řádku 31.1. Součet řádků 31.2 a 31.3 se musí rovnat 100%; Průměrný % poměr pracovních úvazků dle výkonu státní správy a samosprávy se u výše uvedených zaměstnanců stanoví na základě metodiky (pomocná tabulka ""kalkulačka úvazků"")."
31,D31.2.0,Procento POČÍTANÉ pracovních úvazků zaměstnanců zajišťujících výkon státní správy,Vzorec: D31.1.0.1/(D31.1.0.1+D31.1.0.2)*100
31,D31.2.1,Počet zaměstnanců - úvazků zajišťujících výkon státní správy,"Počet zaměstnanců (úvazků) odpovídající % podílu uvedenému v řádku 31.2. K 31.12. sledovaného roku.
Vzorec: D31.1*D31.2/100"
31,D31.3,Procento pracovních úvazků zaměstnanců zajišťujících výkon samosprávy,"K 31.12. sledovaného roku.
Vzorec: D31.1.0.2/(D31.1.0.1+D31.1.0.2)*100"
31,D31.3.1,Počet zaměstnanců - úvazků zajišťujících výkon samosprávy,"Počet zaměstnanců (úvazků) odpovídající % podílu uvedenému v řádku 31.3. K 31.12. sledovaného roku.
Vzorec: (D31.1.0.1+D31.1.0.2+D31.1.0.3+D31.1.0.4)*D31.3/100"
31,D31.4,Příjmy související s výkonem státní správy v tis. Kč,"Automatický součet řádků D31.5 až D31.7. K 31.12. sledovaného roku. PROSÍME POUŽIJTE POMOCNOU TABULKU A METODIKU POPSANOU V PREZENTACI, KTERÉ JSTE OBDRŽELI SPOLEČNĚ S POKYNY PRO VYPLNĚNÍ DAT.
Vzorec: D31.5+D31.6+D31.7"
31,D31.5,Dotace a transfery na výkon státní správy v tis. Kč,"Z položky 4111 (včetně všech volebních ÚZ 98xxx), 4116 (ÚZ 13024 /dříve 13011, případně doplatek/, ÚZ 13010 a ÚZ 13015; z ÚZ 13010 prosím zahrňte POUZE ČÁST POLOŽKY rovnající se výdajovému paragrafu 4339 – ostatní sociální péče s pomoc rodině (pěstounská péče), položka 5011 (mzdy), 5031 a 5032 (odvody)) a 4112 POUZE Dotace na výkon státní správy, která je součástí SDV (souhrnného dotačního vztahu). K 31.12. sledovaného roku."
31,D31.6,Příjem ze správních poplatků v tis. Kč,Správní poplatky – pol. 1361 Rozpočtové skladby a pol. 1353. K 31.12. sledovaného roku.
31,D31.7,Ostatní příjmy v tis. Kč,"Součet položek D31.7.1 až D31.7.3 K 31.12. sledovaného roku.
Vzorec: D31.7.1+D31.7.2+D31.7.3"
31,D31.7.1,Sankční platby (přijaté) související s výkonem státní správy v tis. Kč,"Přijaté sankční platby, pol. 2211 a 2212 bez!! pokut uložených městskou policií a bez pokut uložených obcí dle Zákona o obcích; nezahrnujte smluvní pokuty; z položky 2324 Přijaté nekapitálové příspěvky a náhrad pouze!! NÁKLADY ŘÍZENÍ a EXEKUČNÍ NÁKLADY"". Případně zde můžete zahrnout příjmy z pořádání svateb, které nejsou správním poplatkem, za poskytování informací dle Zákona 106/1999 Sb. apod. K 31.12. sledovaného roku."
31,D31.7.2,Příjmy z veřejnoprávních smluv a ostatní příjmy související s výkonem státní správy v tis. Kč,K 31.12. sledovaného roku.
31,D31.7.3,Případné příjmy z dotací na vzdělávání či příjmy z jiných účelových dotací na krytí nákladů veřejné správy (pouze část týkající se veřejné správy) není-li o těchto účtováno na 6171 v tis. Kč,k 31.12. příslušného roku
31,D31.9,Výdaje na činnost místní správy celkem (bez investičních výdajů) v tis. Kč,"Součet řádků D31.10 až D31.12 K 31.12. sledovaného roku. PROSÍME POUŽIJTE POMOCNOU TABULKU A METODIKU POPSANOU V PREZENTACI, KTERÉ JSTE OBDRŽELI SPOLEČNĚ S POKYNY PRO VYPLNĚNÍ DAT. Součet je proveden automaticky bez výdajů na opravy a odpisy, s nimiž budeme pracovat v ukazatelích k agendě.
Vzorec: D31.10+D31.11+D31.12"
31,D31.10,"Výdaje na činnost místní správy zejména §6171 (nutné přičíst rovněž mzdové výdaje z jiných paragrafů, na kterých je účtován výkon veř. správy) vždy JEN pol. 50XX v tis. Kč, odečtěte 504x výdaje za duševní vlastnictví","Výdaje na platy, ostatní platby za provedenou práci a pojistné. K 31.12. sledovaného roku. Účtujete-li o platech v rámci doplňkové činnosti, připočítejte pouze tu část mezd, která se týká výkonu veřejné správy; nepřičítejte ryzí podnikatelskou činnost."
31,D31.11,"Provozní výdaje na činnost místní správy POUZE §6171 celkem v tis. Kč (pol 5xxx), bez výdajů na platy, ostatní platby za provedenou práci a pojistné","Obecně bez účelových prostředků; z účelových prostředků zahrňte pouze 13015 a 13024, bez výdajů na platy, ostatní platby za provedenou práci a pojistné vztahující se ke mzdám. K 31.12. sledovaného roku."
31,D31.11.1,Z TOHO výdaje na opravy majetku souvisejícího se zajišťováním státní správy a samosprávy v tis. Kč,"K 31.12. sledovaného roku. Bez účelových prostředků. POUZE MAJETEK SOUVISEJÍCÍ SE ZAJIŠŤOVÁNÍM SAMOSPRÁVY A STÁTNÍ SPRÁVY (pouze majetek využívaný úřadem). Nepatří zde například majetek v užívání příspěvkových organizací, Městské policie apod."
31,D31.11.2,Odpisy majetku souvisejícího se zajišťováním státní správy a samosprávy v tis. Kč,"K 31.12. sledovaného roku. Vyplňte výši účetních odpisů v tis. Kč - POUZE MAJETEK SOUVISEJÍCÍ SE ZAJIŠŤOVÁNÍM SAMOSPRÁVY A STÁTNÍ SPRÁVY (pouze majetek využívaný úřadem). Nepatří zde například majetek v užívání příspěvkových organizací, Městské policie apod."
31,D31.12,Ostatní výdaje v tis. Kč,"Jedná se o VŠECHNY ostatní výdaje, které BEZPROSTŘEDNĚ souvisí s výkonem státní správy a o nichž obec z analytických či jiných důvodů účtuje na jiných paragrafech než je §6171. Např. (následující výčet NENÍ VYČERPÁVAJÍCÍ): oddělení lesů §1037, konzultace v oblasti zvláštního užívání - silnice §2212, kopie geometrických plánů - pozem. komun. §2219, posudky - bezpečnost silnič. provozu §2223, odtahy vraků §2229, úpravy drobných vodních toků §2333, obřadnictví a matriky §3399, biocentra a sečení travnatých porostů §3742, krizové řízení, protipovodňová školení §3744, rozbory vody §3749, příprava osvojitelů §4339, sociální poradenství §4319 nebo ostatní sociální péče a pomoc dětem §4329 (SPOD), pěstounská péče §4339, zdravotnické výkony §4349, sociální práce §4342 nebo 4359 nebo §4369, krizové řízení, protipovodňová školení §5273, sociální hospitalizace, výdaje vyplývající s uzavřených veřejnoprávních smluv, zahrňte rovněž všechny výdaje účtované pod ÚZ týkající se zajištění voleb účtované na §611x (jiné výdaje z těchto §§ však nezahrnujte). Z výdajů hrazených z dotace na pěstounskou péči se nezahrnou výdaje na zajištění školení pěstounů a dětské tábory. Daň z příjmu právnických osob za obce nebude započítána do těchto výdajových položek. K 31.12. sledovaného roku. (Nezahrnujte položku 5424 (náhrady za dobu nemoci, tato je součástí datového pole D31.10))."
31,D31.13,Investiční výdaje v tis. Kč,"Bez účelových prostředků. Investiční výdaje na §6171, pol. 6XXX (věci movité, technická zhodnocení a nehmotný majetek). K 31.12. sledovaného roku. Nezahrnujte mimořádné dotace na rozsáhlé rekonstrukce úřadů či výstavbu nových prostor. Zraňte pouze běžné opakující se investiční výdaje."
31,D31.14,Počet obyvatel správního obvodu obce s rozšířenou působností,"Počet obyvatel správního obvodu obce s rozšířenou působností Počet obyvatel správního obvodu obce s pověřením III. stupně; k 31.12. sledovaného roku; zdroj dat - ohlašovna. Tento údaj se automaticky generuje z agendy č. 1. Souhrnné informace.
Vzorec: D1.3"
33,D33.1,Počet ředitelství škol a školských zařízení ve správním obvodu,"Právní subjekt může být ZŠ, MŠ, ale i např. ŠJ nebo ŠD. K 31.12. sledovaného roku. Za celý správní obvod."
33,D33.2,Počet vykazujících míst podle MŠMT,"K 31.12. sledovaného roku. MŠMT – Ministerstvo školství, mládeže a tělovýchovy. Za celý správní obvod. (http://sberdat.uiv.cz/login/ - po přihlášení odd. „Výkonové výkazy:“ – „Stav zařízení“)"
33,D33.6,Součet všech zpracovaných statistických výkazů,"K 31. 12. sledovaného roku. Jde o statistické výkazy výkonové (liší se od počtu pracovišť, protože se zpracovávají výkazy i např. za ředitelství, přípravné třídy ZŠ, přípravný stupeň ZŠ speciální apod.), mzdové výkazy P 1 - 04 (za 1 subjekt vyplňte 4 výkazy za sledovaný rok) a přílohy k výkazu o škole/školském zařízení o podpůrných opatřeních a jejich finanční náročnosti R 43-01. Nezapočítáváme zde výkaz R 44-99. Za celý správní obvod."
33,D33.7,Počet zaměstnanců - pracovních úvazků zajišťujících výkon státní správy ve školství,"Úvazky pro agendu celkem stanovte k 31.12. sledovaného roku včetně poměrné části pracovních úvazků vedoucích a administrativní síly, které rozpočtěte vzhledem k počtu pracovníků na oddělení nebo odboru. Zpravidla půjde o desetinné číslo. Pokud pracovník vykonává i jinou agendu, započítává se pouze příslušným podílem a součet jeho úvazků v těchto agendách musí být roven jedné! Poměrná část úvazku zaměstnanců se týká vždy konkrétní agendy za kterou, jsou vstupní data vyplňována. Součet úvazků v agendách se tak nemusí rovnat počtu zaměstnanců odboru nebo oddělení pokud tato organizační jednotka zajišťuje další agendy nebo úkoly, které nejsou předmětem porovnávání."
34,D34.1,Počet platných pracovních smluv na hlavní pracovní poměr včetně veřejně prospěšných prací,"Počet všech platných smluv, které evidujete (spravujete) včetně veřejně prospěšných prací k 31.12. sledovaného roku (jde o všechny PLATNÉ smlouvy, ať již byly uzavřeny v předchozích letech nebo ve sledovaném roce včetně těch, které byly ukončeny ve sledovaném roce)."
34,D34.2,Počet sjednaných dohod o provedení práce nebo o pracovní činnosti,Celkem za celé období sledovaného roku. Počet všech sjednaných dohod (DPP a DPČ) za celé období sledovaného roku.
34,D34.3,"Počet osob – členů zastupitelstev obcí odměňovaných dle zákona č. 128/2000 Sb., o obcích, ve znění pozdějších předpisů",Počet osob – členů orgánů obcí odměňovaných dle nařízení vlády č. 318/2017 Sb. k 31.12.sledovaného roku.
34,D34.4,"Počet členů volebních komisí, kterým byla ve sledovaném roce vyplacena odměna","V případě, že byly jedné osobě vyplaceny odměny např. za dvoje volby, započtěte prosím 2 x. Dohody o provedení práce související s volbami započtěte do řádku D34.2. Údaj za celé období sledovaného roku."
34,D34.5,Počet vyhlášených výběrových řízení na pracovní pozice celkem,Údaj za celé období sledovaného roku. Započítejte všechna výběrová řízení na úřednická i neúřednická místa včetně opakovaných.
34,D34.5.1,z toho počet úspěšných (uchazeč vybrán),Údaj za celé období sledovaného roku.
34,D34.7,Počet personalistů a specialistů na vzdělávání celkem - pracovních úvazků,"Úvazky personalistů, příp. specialistů na vzdělávání zajišťujících personální agendy v návaznosti na smlouvy, dohody a odměny uvedené v řádcích 34.1 až 34.4 k 31.12. sledovaného roku. Včetně poměrné části pracovních úvazků vedoucích a administrativní síly, které rozpočtěte vzhledem k počtu pracovníků na oddělení nebo odboru. Zpravidla půjde o desetinné číslo. Pokud pracovník vykonává i jinou agendu, započítává se pouze příslušným podílem a součet jeho úvazků v těchto agendách musí být roven jedné! Poměrná část úvazku zaměstnanců se týká vždy konkrétní agendy za kterou, jsou vstupní data vyplňována. Součet úvazků v agendách se tak nemusí rovnat počtu zaměstnanců odboru nebo oddělení pokud tato organizační jednotka zajišťuje další agendy nebo úkoly, které nejsou předmětem porovnávání."
34,D34.8,Počet mzdových účetních celkem - pracovních úvazků,"Úvazky mzdových účetních zajišťujících mzdovou agendu v návaznosti na smlouvy, dohody a odměny uvedené v řádcích 34.1 až 34.4 k 31.12. sledovaného roku. Včetně poměrné části pracovních úvazků vedoucích a administrativní síly, které rozpočtěte vzhledem k počtu pracovníků na oddělení nebo odboru. Zpravidla půjde o desetinné číslo. Pokud pracovník vykonává i jinou agendu, započítává se pouze příslušným podílem a součet jeho úvazků v těchto agendách musí být roven jedné! Poměrná část úvazku zaměstnanců se týká vždy konkrétní agendy za kterou, jsou vstupní data vyplňována. Součet úvazků v agendách se tak nemusí rovnat počtu zaměstnanců odboru nebo oddělení pokud tato organizační jednotka zajišťuje další agendy nebo úkoly, které nejsou předmětem porovnávání."
36,D36.2,Počet provozovaných THZ,"Fyzický počet THZ k 31.12. sledovaného roku. Součet THZ povolených dle ZHH a ZoL dle údajů dostupných na www.mfcr.cz -> Kontrola a regulace -> Hazardní hry -> Přehledy a statistiky (Přehledy hazardních her dle ZHH, Přehledy technických herních zařízení her dle ZoL) https://www.mfcr.cz/cs/kontrola-a-regulace/hazardni-hry/prehledy-a-statistiky"
36,D36.3,Daně z hazardních her v tis. Kč,"Pol. 138x v tis. Kč k 31.12. sledovaného roku. (Dotahuje se z Monitoru státní pokladny)
Vzorec: (D360.1381+D360.1382+D360.1383+D360.1385+D360.1386+D360.1387+D360.1388+D360.1389)/1000"
36,D36.6.1,"Počet vedených správních řízení (počet úkonů týkajících se povolení k umístění herního prostoru - bingo, technická hra a živá hra) a počet úkonů týkajících se tombol a sázek malého rozsahu","uveďte veškerá povolení podle správního řádu, tj. počet vydaných povolení podle zákona o hazardních hrách, vč. počtu rozhodnutí o změně či zrušení povolení nebo vydání zákazu provozování ohlášené hazardní hry, připočtěte úkony týkající se tombol a turnajů malého rozsahu"
36,D36.7,Počet zaměstnanců zajišťujících agendu VHP a THZ - pracovních úvazků,"Úvazky pro agendu celkem stanovte k 31.12. sledovaného roku včetně poměrné části pracovních úvazků vedoucích a administrativní síly, které rozpočtěte vzhledem k počtu pracovníků na oddělení nebo odboru. Zpravidla půjde o desetinné číslo. Pokud pracovník vykonává i jinou agendu, započítává se pouze příslušným podílem a součet jeho úvazků v těchto agendách musí být roven jedné! Poměrná část úvazku zaměstnanců se týká vždy konkrétní agendy za kterou, jsou vstupní data vyplňována. Součet úvazků v agendách se tak nemusí rovnat počtu zaměstnanců odboru nebo oddělení pokud tato organizační jednotka zajišťuje další agendy nebo úkoly, které nejsou předmětem porovnávání."
36,D36.9,Počet herních prostorů a casín v obci,
36,D36.10,Počet zjištěných neoprávněně provozovaných zařízení,"uveďte, zda jste zaznamenali v obci černé herny či neoprávněně provozované loterijní zařízení (podáno trestní oznámení podle ust. § 252 trestního zákoníku nebo podnět Celní správě)."
37,D37.1,Poplatek ze psů - počet evidovaných poplatníků,"K 31.12. sledovaného roku. V případě, že tento poplatek obec nevybírá, vyplňte prosím do příslušných řádků NULY."
37,D37.1.1,Počet evidovaných psů,
37,D37.2,Poplatek ze psů - roční předpis včetně nedoplatků z minulých let,Předpis k 31.12. sledovaného roku. Včetně nedoplatků z minulých let v tis. Kč.
37,D37.2.1,Poplatek ze psů - čistý roční předpis BEZ nedoplatků z minulých let,Čistý roční předpis BEZ nedoplatků z minulých let v tis. Kč.
37,D37.3,Poplatek ze psů - roční plnění,Vybráno k 31.12. sledovaného roku. Včetně uhrazených nedoplatků z minulých let v tis. Kč.
37,D37.5,Poplatek ze psů - % dlužníků z celkového počtu evidovaných poplatníků,"K 31.12. sledovaného roku. I když u dlužníka evidujeme více pohledávek, započítáme pouze jednou."
37,D37.6,Poplatek ze psů - počet zaměstnanců zajišťujících agendu - pracovních úvazků,"Úvazky pro agendu celkem stanovte k 31.12. sledovaného roku včetně poměrné části pracovních úvazků vedoucích a administrativní síly, které rozpočtěte vzhledem k počtu pracovníků na oddělení nebo odboru. Zpravidla půjde o desetinné číslo. Pokud pracovník vykonává i jinou agendu, započítává se pouze příslušným podílem a součet jeho úvazků v těchto agendách musí být roven jedné! Poměrná část úvazku zaměstnanců se týká vždy konkrétní agendy za kterou, jsou vstupní data vyplňována. Součet úvazků v agendách se tak nemusí rovnat počtu zaměstnanců odboru nebo oddělení pokud tato organizační jednotka zajišťuje další agendy nebo úkoly, které nejsou předmětem porovnávání."
37,D37.13,Poplatek za užívání veřejného prostranství - počet evidovaných poplatníků,"K 31.12. sledovaného roku. V případě, že tento poplatek obec nevybírá, vyplňte prosím do příslušných řádků NULY."
37,D37.14,Poplatek za užívání veřejného prostranství - roční předpis včetně nedoplatků z minulých let,Předpis k 31.12. sledovaného roku. Včetně nedoplatků z minulých let v tis. Kč.
37,D37.14.1,Poplatek za užívání veřejného prostranství - čistý roční předpis BEZ nedoplatků z minulých let,Čistý roční předpis BEZ nedoplatků z minulých let v tis. Kč.
37,D37.15,Poplatek za užívání veřejného prostranství - roční plnění,Vybráno k 31.12. sledovaného roku. Včetně uhrazených nedoplatků z minulých let v tis. Kč.
37,D37.17,Poplatek za užívání veřejného prostranství - % dlužníků z celkového počtu evidovaných poplatníků,"K 31.12. sledovaného roku. I když u dlužníka evidujeme více pohledávek, započítáme pouze jednou."
37,D37.18,Poplatek za užívání veřejného prostranství - počet zaměstnanců zajišťujících agendu - pracovních úvazků,"Úvazky pro agendu celkem stanovte k 31.12. sledovaného roku včetně poměrné části pracovních úvazků vedoucích a administrativní síly, které rozpočtěte vzhledem k počtu pracovníků na oddělení nebo odboru. Zpravidla půjde o desetinné číslo. Pokud pracovník vykonává i jinou agendu, započítává se pouze příslušným podílem a součet jeho úvazků v těchto agendách musí být roven jedné! Poměrná část úvazku zaměstnanců se týká vždy konkrétní agendy za kterou, jsou vstupní data vyplňována. Součet úvazků v agendách se tak nemusí rovnat počtu zaměstnanců odboru nebo oddělení pokud tato organizační jednotka zajišťuje další agendy nebo úkoly, které nejsou předmětem porovnávání."
37,D37.19,Poplatek ze vstupného - počet evidovaných poplatníků,"K 31.12. sledovaného roku. V případě, že tento poplatek obec nevybírá, vyplňte prosím do příslušných řádků NULY."
37,D37.20,Poplatek ze vstupného - roční předpis včetně nedoplatků z minulých let,Předpis k 31.12. sledovaného roku. Včetně nedoplatků z minulých let v tis. Kč.
37,D37.20.1,Poplatek ze vstupného - čistý roční předpis BEZ nedoplatků z minulých let,Čistý roční předpis BEZ nedoplatků z minulých let v tis. Kč.
37,D37.21,Poplatek ze vstupného - roční plnění,Vybráno k 31.12. sledovaného roku. Včetně uhrazených nedoplatků z minulých let v tis. Kč.
37,D37.23,Poplatek ze vstupného - % dlužníků z celkového počtu evidovaných poplatníků,"K 31.12. sledovaného roku. I když u dlužníka evidujeme více pohledávek, započítáme pouze jednou."
37,D37.24,Poplatek ze vstupného - počet zaměstnanců zajišťujících agendu - pracovních úvazků,"Úvazky pro agendu celkem stanovte k 31.12. sledovaného roku včetně poměrné části pracovních úvazků vedoucích a administrativní síly, které rozpočtěte vzhledem k počtu pracovníků na oddělení nebo odboru. Zpravidla půjde o desetinné číslo. Pokud pracovník vykonává i jinou agendu, započítává se pouze příslušným podílem a součet jeho úvazků v těchto agendách musí být roven jedné! Poměrná část úvazku zaměstnanců se týká vždy konkrétní agendy za kterou, jsou vstupní data vyplňována. Součet úvazků v agendách se tak nemusí rovnat počtu zaměstnanců odboru nebo oddělení pokud tato organizační jednotka zajišťuje další agendy nebo úkoly, které nejsou předmětem porovnávání."
37,D37.31,Poplatek za povolení vjezdu - počet evidovaných poplatníků,"K 31.12. sledovaného roku. V případě, že tento poplatek obec nevybírá, vyplňte prosím do příslušných řádků NULY."
37,D37.32,Poplatek za povolení vjezdu - roční předpis včetně nedoplatků z minulých let,Předpis k 31.12. sledovaného roku. Včetně nedoplatků z minulých let v tis. Kč.
37,D37.32.1,Poplatek za povolení vjezdu - čistý roční předpis BEZ nedoplatků z minulých let,Čistý roční předpis BEZ nedoplatků z minulých let v tis. Kč.
37,D37.33,Poplatek za povolení vjezdu - roční plnění,Vybráno k 31.12. sledovaného roku. Včetně uhrazených nedoplatků z minulých let v tis. Kč.
37,D37.35,Poplatek za povolení vjezdu - % dlužníků z celkového počtu evidovaných poplatníků,"K 31.12. sledovaného roku. I když u dlužníka evidujeme více pohledávek, započítáme pouze jednou."
37,D37.36,Poplatek za povolení vjezdu - počet zaměstnanců zajišťujících agendu - pracovních úvazků,"Úvazky pro agendu celkem stanovte k 31.12. sledovaného roku včetně poměrné části pracovních úvazků vedoucích a administrativní síly, které rozpočtěte vzhledem k počtu pracovníků na oddělení nebo odboru. Zpravidla půjde o desetinné číslo. Pokud pracovník vykonává i jinou agendu, započítává se pouze příslušným podílem a součet jeho úvazků v těchto agendách musí být roven jedné! Poměrná část úvazku zaměstnanců se týká vždy konkrétní agendy za kterou, jsou vstupní data vyplňována. Součet úvazků v agendách se tak nemusí rovnat počtu zaměstnanců odboru nebo oddělení pokud tato organizační jednotka zajišťuje další agendy nebo úkoly, které nejsou předmětem porovnávání."
37,D37.43.1,Poplatek za systém obecního odpadového hospodářství - počet evidovaných poplatníků,"K 31.12. sledovaného roku. V případě, že tento poplatek obec nevybírá, vyplňte prosím do příslušných řádků NULY.
Pokud vybíráte poplatek za za odkládání komunálního odpadu z nemovité věci, vyplníte v polích D37.43.1 až D37.48 NULA a vyplňujete až datová pole D37.48.1 až D37.48.8
Pokud nevybíráte žádný poplatek za odpady vyplníte nuly u obou druhů poplatku."
37,D37.44,Poplatek za systém obecního odpadového hospodářství - roční předpis včetně nedoplatků z minulých let,Předpis k 31.12. sledovaného roku. Včetně nedoplatků z minulých let v tis. Kč.
37,D37.44.1,Poplatek za systém obecního odpadového hospodářství - čistý roční předpis BEZ nedoplatků z minulých let,Čistý roční předpis BEZ nedoplatků z minulých let v tis. Kč.
37,D37.45,Poplatek za systém obecního odpadového hospodářství - roční plnění,Vybráno k 31.12. sledovaného roku. Včetně uhrazených nedoplatků z minulých let v tis. Kč.
37,D37.45.1,Výše základní sazby poplatku za systém obecního odpadového hospodářství,Zadejte výši základní sazby poplatku v Kč
37,D37.47,Poplatek za systém obecního odpadového hospodářství - % dlužníků z celkového počtu evidovaných poplatníků,"K 31.12. sledovaného roku. I když u dlužníka evidujeme více pohledávek, započítáme pouze jednou."
37,D37.48,Poplatek za systém obecního odpadového hospodářství - počet zaměstnanců zajišťujících agendu - pracovních úvazků,"Úvazky pro agendu celkem stanovte k 31.12. sledovaného roku včetně poměrné části pracovních úvazků vedoucích a administrativní síly, které rozpočtěte vzhledem k počtu pracovníků na oddělení nebo odboru. Zpravidla půjde o desetinné číslo. Pokud pracovník vykonává i jinou agendu, započítává se pouze příslušným podílem a součet jeho úvazků v těchto agendách musí být roven jedné! Poměrná část úvazku zaměstnanců se týká vždy konkrétní agendy za kterou, jsou vstupní data vyplňována. Součet úvazků v agendách se tak nemusí rovnat počtu zaměstnanců odboru nebo oddělení pokud tato organizační jednotka zajišťuje další agendy nebo úkoly, které nejsou předmětem porovnávání."
37,D37.48.1,Poplatek za odkládání komunálního odpadu z nemovité věci - počet evidovaných poplatníků,"K 31.12. sledovaného roku.
Pokud vybíráte poplatek za systém obecního odpadového hospodářství, vyplníte v polích D37.48.1 až D37.48.8 NULA a vyplňujete datová pole D37.43.01 až 37.48
Pokud nevybíráte žádný poplatek za odpady vyplníte nuly u obou druhů poplatku za odpady."
37,D37.48.2,Druh zpoplatnění - sazba podle,"1 - hmotnostní základ (v kg)
2 - objem (v litrech)
3 - kapacita nádob (v litrech)
0 - poplatek se nevybírá"
37,D37.48.3,Poplatek za odkládání komunálního odpadu z nemovité věci - roční předpis včetně nedoplatků z minulých let,Předpis k 31.12. sledovaného roku. Včetně nedoplatků z minulých let v tis. Kč.
37,D37.48.4,Poplatek za odkládání komunálního odpadu z nemovité věci - čistý roční předpis BEZ nedoplatků z minulých let,Čistý roční předpis BEZ nedoplatků z minulých let v tis. Kč.
37,D37.48.5,Poplatek za odkládání komunálního odpadu z nemovité věci - roční plnění,Vybráno k 31.12. sledovaného roku. Včetně uhrazených nedoplatků z minulých let v tis. Kč.
37,D37.48.6,Výše základní sazby poplatku za odkládání komunálního odpadu z nemovité věci,Zadejte výši základní sazby poplatku v Kč
37,D37.48.7,Poplatek za odkládání komunálního odpadu z nemovité věci - % dlužníků z celkového počtu evidovaných poplatníků,"K 31.12. sledovaného roku. I když u dlužníka evidujeme více pohledávek, započítáme pouze jednou."
37,D37.48.8,Poplatek za odkládání komunálního odpadu z nemovité věci - počet zaměstnanců zajišťujících agendu - pracovních úvazků,"Úvazky pro agendu celkem stanovte k 31.12. sledovaného roku včetně poměrné části pracovních úvazků vedoucích a administrativní síly, které rozpočtěte vzhledem k počtu pracovníků na oddělení nebo odboru. Zpravidla půjde o desetinné číslo. Pokud pracovník vykonává i jinou agendu, započítává se pouze příslušným podílem a součet jeho úvazků v těchto agendách musí být roven jedné! Poměrná část úvazku zaměstnanců se týká vždy konkrétní agendy za kterou, jsou vstupní data vyplňována. Součet úvazků v agendách se tak nemusí rovnat počtu zaměstnanců odboru nebo oddělení pokud tato organizační jednotka zajišťuje další agendy nebo úkoly, které nejsou předmětem porovnávání."
37,D37.56,Poplatek z pobytu - počet evidovaných plátců,"K 31.12. sledovaného roku. V případě, že tento poplatek obec nevybírá, vyplňte prosím do příslušných řádků NULY."
37,D37.57,Poplatek z pobytu - roční předpis včetně nedoplatků z minulých let,Předpis k 31.12. sledovaného roku. Včetně nedoplatků z minulých let v tis. Kč.
37,D37.58,Poplatek z pobytu - čistý roční předpis BEZ nedoplatků z minulých let,Čistý roční předpis BEZ nedoplatků z minulých let v tis. Kč.
37,D37.59,Poplatek z pobytu - roční plnění (položka 1342),Vybráno k 31.12. sledovaného roku. Včetně uhrazených nedoplatků z minulých let v tis. Kč.
37,D37.60,Poplatek z pobytu - % dlužníků z celkového počtu evidovaných poplatník,"K 31.12. sledovaného roku. I když u dlužníka evidujeme více pohledávek, započítáme pouze jednou."
37,D37.61,Poplatek z pobytu - počet zaměstnanců zajišťujících agendu - pracovních úvazků,"Úvazky pro agendu celkem stanovte k 31.12. sledovaného roku včetně poměrné části pracovních úvazků vedoucích a administrativní síly, které rozpočtěte vzhledem k počtu pracovníků na oddělení nebo odboru. Zpravidla půjde o desetinné číslo. Pokud pracovník vykonává i jinou agendu, započítává se pouze příslušným podílem a součet jeho úvazků v těchto agendách musí být roven jedné! Poměrná část úvazku zaměstnanců se týká vždy konkrétní agendy za kterou, jsou vstupní data vyplňována. Součet úvazků v agendách se tak nemusí rovnat počtu zaměstnanců odboru nebo oddělení pokud tato organizační jednotka zajišťuje další agendy nebo úkoly, které nejsou předmětem porovnávání."
37,D37.62,Počet zaměstnanců - pracovních úvazků za poplatky celkem,"KONTROLNÍ SOUČET pro vyplňující. Jsou zde sečteny všechny úvazky vyplněné výše. Můžete si tak jednoduše ověřit, zda vyplněné úvazky zaměstnanců u dílčích druhů poplatků odpovídají skutečnosti.
Vzorec: D37.6+D37.18+D37.24+D37.36+D37.48+D37.48.8+D37.61"
38,D38.1,Celkový průměrný přepočtený počet zaměstnanců obce zařazených v obecním úřadě,"Podle Zákona č. 128/2000 Sb., o obcích, §102, odst. 2, písm. j (tzn. bez uvolněných zastupitelů, pracovníků městské policie, organizačních složek, veřejně prospěšných a obecně prospěšných prací, absolventských praxí,...); jedná se o tzv. úvazky dle pracovních smluv jednotlivých zaměstnanců. Tento údaj se automaticky generuje z agendy č. 1. Souhrnné informace.
Vzorec: D1.19"
38,D38.2,Celkový počet ukončení pracovního poměru,"Celkem v rámci běžného roku. Bez pracovníků městské policie, organizačních složek, veřejně prospěšných a obecně prospěšných prací, absolventských praxí. Týká se všech dalších položek."
38,D38.3,Odchod zaměstnanců do starobního důchodu,"Zaměstnanci, kteří po vzniku nároku na starobní důchod ""odcházejí"" (vznikem nároku zaměstnance na starobní důchod pracovní poměr nekončí, patří zde tedy i zaměstnanci, kteří ""odcházejí"" do starobního důchodu později, než vznikl nárok)"
38,D38.4,Odchod zaměstnanců do invalidního důchodu,
38,D38.5,Výpověď ze strany zaměstnavatele - organizační změny,
38,D38.6,Zrušení pracovního poměru ve zkušební době ze strany zaměstnavatele,
38,D38.7,Jiné důvody ukončení pracovního poměru,"Např. uplynutí sjednané doby, dohoda o ukončení pracovního poměru, úmrtí..."
38,D38.8,Výpověď ze strany zaměstnance,
38,D38.9,Zrušení pracovního poměru ve zkušební době ze strany zaměstnance,
39,D39.1,Průměrný evidenční přepočtený počet zaměstnanců obce zařazených v obecním úřadě,"Průměrný evidenční přepočtený počet zaměstnanců obce zařazených v obecním úřadě podle Zákona č. 128/2000 Sb., o obcích, §102, odst. 2, písm. j (tzn. bez uvolněných zastupitelů, pracovníků městské policie, organizačních složek, veřejně prospěšných a obecně prospěšných prací, absolventských praxí,...); jedná se o tzv. úvazky dle pracovních smluv jednotlivých zaměstnanců. Za celé období sledovaného roku. Tento údaj se automaticky generuje z agendy č. 1. Souhrnné informace.
Vzorec: D1.19"
39,D39.2,Celkový počet omluvených absencí ve dnech,"Pouze za zaměstnance zařazené do úřadu. Bez pracovníků městské policie, organizačních složek, veřejně prospěšných a obecně prospěšných prací, absolventských praxí. Celkový POČET DNŮ omluvených absencí za celé sledované období. Automatický součet řádků D39.2.1 + D39.2.2 + D39.2.3 + D39.2.4.
Vzorec: D39.2.1 + D39.2.2 + D39.2.3 + D39.2.4"
39,D39.2.1,Krátkodobá omluvená absence dle § 191 zákoníku práce - POUZE pracovní neschopnost a ošetřování člena rodiny,"Pouze za zaměstnance zařazené do úřadu. Do 14 kalendářních dnů; vyplňte, prosím, POČET DNŮ za celé sledované období. Nezapočítáváme tzv. sick days, které jsou sledovány v řádcích D39.3 a D 39.4."
39,D39.2.2,Dlouhodobá omluvená absence dle § 191 zákoníku práce - POUZE pracovní neschopnost a ošetřování člena rodiny,"Pouze za zaměstnance zařazené do úřadu. Více než 14 kalendářních dnů; vyplňte, prosím, POČET DNŮ za celé sledované období. Nezapočítáváme tzv. sick days, které jsou sledovány v řádcích D39.3 a D 39.4."
39,D39.2.3,"Celkový počet dnů školení a studia při zaměstnání dle § 230 odst. 1, 2 a § 231 odst. 2 zákoníku práce","Pouze za zaměstnance zařazené do úřadu. Vyplňte, prosím, POČET DNŮ za celé sledované období celkem. VČETNĚ ŠKOLENÍ ON-LINE NEBO E-LEARNINGU."
39,D39.2.3.1,z toho počet dnů dle § 230 - prohlubování kvalifikace,"Pouze za zaměstnance zařazené do úřadu. Vyplňte, prosím, POČET DNŮ za celé sledované období celkem. VČETNĚ ŠKOLENÍ ON-LINE NEBO E-LEARNINGU."
39,D39.2.4,Omluvená absence ostatní celkem,"Pouze za zaměstnance zařazené do úřadu. Vyplňte, prosím, POČET DNŮ za celé sledované období celkem. Nezapočítáváme tzv. sick days, které jsou sledovány v řádcích D39.3 a D 39.4. Netýká se dovolené."
39,D39.3,Počet dnů pracovního volna s náhradou platu nad rámec Zákoníku práce na jednoho zaměstnance,"Počet dnů pracovního volna s náhradou platu poskytovaných zaměstnavatelem ve výši průměrného výdělku pro jiné důležité osobní překážky v práci týkající se jeho osoby, než jsou uvedeny v § 199 nebo § 191 Zákoníku práce. Jedná se o tzv. indispoziční volno, volno na zotavenou apod., které jsou poskytovány zaměstnavatelem navíc - nad rámec zákonné dovolené (také nazýváno jako sick-leave, sick-days apod.). Neposkytujete-li tento ""benefit"", vyplňte prosím nulu. Uveďte počet dnů za rok na něž má nárok jeden zaměstnanec."
39,D39.4,CELKEM počet ČERPANÝCH dnů pracovního volna s náhradou platu nad rámec Zákoníku práce,"Vyplňte počet dnů vyčerpaných VŠEMI ZAMĚSTNANCI CELKEM v průběhu sledovaného roku ve vazbě na údaje v předchozím řádku (Počet dnů pracovního volna s náhradou platu poskytovaných zaměstnavatelem ve výši průměrného výdělku pro jiné důležité osobní překážky v práci týkající se jeho osoby, než jsou uvedeny v § 199 nebo § 191 Zákoníku práce. Jedná se o tzv. indispoziční volno, volno na zotavenou apod., které jsou poskytovány zaměstnavatelem navíc - nad rámec zákonné dovolené (také nazýváno jako sick-leave, sick-days apod.). Neposkytujete-li tento ""benefit"", vyplňte prosím nulu.). K 31.12. Pouze za zaměstnance zařazené do úřadu. Bez pracovníků městské policie, organizačních složek, veřejně prospěšných a obecně prospěšných prací, absolventských praxí."
40,D40.1.1,Objem pohledávek PO LHŮTĚ SPLATNOSTI na účtu 311 /Pohledávky za odběrateli - samospráva/ CELKEM k 31.12. sledovaného roku (v tis. Kč) OD ROKU 2023 BEZ PŘÍSLUŠENSTVÍ,JEDNÁ SE POUZE O pohledávky evidované na účtu 311 k 31.12. sledovaného roku BEZ příslušenství.
40,D40.1.1.2,Objem pohledávek EVIDOVANÝCH NA PODROZVAZE k účtu 311 CELKEM k 31.12. sledovaného roku (v tis. Kč),
40,D40.1.2.1,Pohledávky po lhůtě splatnosti z bytového hospodářství včetně služeb (od roku 2023 BEZ PŘÍSLUŠENSTVÍ) k 31.12. sledovaného roku (v tis. Kč),"Evidované pouze na účtu 311. Nedokážete-li pohledávky po lhůtě splatnosti vyplnit v požadovaném členění, vyplňte nulu a celý objem pohledávek v tis. Kč uveďte do položky Ostatní pohledávky po lhůtě splatnosti…(40.1.4)."
40,D40.1.2.2,Počet bytů ve vlastnictví obce k 31.12. sledovaného roku,
40,D40.1.3,Pohledávky po lhůtě splatnosti z pronájmu nebytových prostor včetně služeb a ostatních pronájmů (od roku 2023 BEZ PŘÍSLUŠENSTVÍ) k 31.12. sledovaného roku (v tis. Kč),"Evidované pouze na účtu 311. Nedokážete-li pohledávky po lhůtě splatnosti vyplnit v požadovaném členění, vyplňte nulu a celý objem pohledávek v tis. Kč uveďte do položky Ostatní pohledávky po lhůtě splatnosti…(D40.1.4)."
40,D40.1.4,Ostatní pohledávky po lhůtě splatnosti evidované na účtu 311 (od roku 2023 BEZ příslušenství) k 31.12. sledovaného roku (v tis. Kč),"Uveďte pohledávky výše nezařazené (např. odběratelé a ostatní fakturace, příjmy z prodeje majetku movitého a nemovitého, atd.), a to tak, aby se součet D40.1.2.1, D40.1.3 a D40.1.4 rovnal celkovému objemu pohledávek po lhůtě splatnosti evidovaných na účtu 311 tj. D40.1.1"
40,D40.2.1,Objem pohledávek PO LHŮTĚ SPLATNOSTI na účtě 315 /Pohledávky za rozpočtovými příjmy - přenesená působnost/ CELKEM k 31.12. sledovaného roku (v tis. Kč),"JEDNÁ SE POUZE O pohledávky evidované na účtu 315 k 31.12. sledovaného roku VČETNĚ příslušenství tj. zvýšení místního poplatku, exekuční náklady."
40,D40.2.1.2,Objem pohledávek EVIDOVANÝCH NA PODROZVAZE k účtu 315 CELKEM k 31.12. sledovaného roku (v tis. Kč),
40,D40.2.4,Pohledávky po lhůtě splatnosti z činnosti městské/obecní policie – pouze sankční platby k 31.12. sledovaného roku (v tis. Kč),Evidované pouze na účtu 315.
40,D40.2.4.1,Počet případů pohledávek po lhůtě splatnosti za sankčními platbami z činnosti městské/obecní policie k 31.12. sledovaného roku,Evidované pouze na účtu 315.
40,D40.2.5,"Pohledávky po lhůtě splatnosti z místních poplatků celkem, včetně příslušenství, k 31.12. sledovaného roku (v tis. Kč)","Evidované pouze na účtu 315. Nedokážete-li pohledávky po lhůtě splatnosti vyplnit v požadovaném členění, vyplňte nulu a celý objem pohledávek v tis. Kč uveďte do položky Ostatní pohledávky po lhůtě splatnosti…(D 40.3)."
40,D40.2.6,"Pohledávky po lhůtě splatnosti za sankčními platbami, včetně nákladů řízení k 31.12. sledovaného roku (v tis. Kč)","K 31.12. sledovaného roku v tis. Kč. Evidované pouze na účtu 315. NEZAHRNUJEME ZDE pohledávky po lhůtě splatnosti z činnosti městské/obecní policie (jsou již uvedeny v položce D40.2.4). Nedokážete-li pohledávky po lhůtě splatnosti vyplnit v požadovaném členění, vyplňte nulu a celý objem pohledávek v tis. Kč uveďte do položky Ostatní pohledávky po lhůtě splatnosti…(D 40.3)."
40,D40.2.6.1,"Počet případů pohledávek za sankčními platbami, včetně nákladů řízení, po lhůtě splatnosti k 31.12. sledovaného roku",MIMO městské/obecní policie
40,D40.3,Ostatní pohledávky po lhůtě splatnosti z účtů k 31.12. sledovaného roku (tis. Kč),"Uveďte pohledávky výše nezařazené, a to tak, aby se součet D40.2.4, D40.2.5, D40.2.6 a D40.3 rovnal celkovému objemu pohledávek evidovaných na účtu 315 tj. D40.2.1"
40,D40.4,Úvazky zaměstnanců podílejících se na vymáhání pohledávek celkem,"K 31.12. sledovaného roku. V závislosti na organizační struktuře a rozdělení kompetencí a odpovědnosti na jednotlivých městských úřadech můžeme definovat v podstatě tři typy pracovních rolí: a) Pracovníci specializující se výhradně na vymáhání pohledávek. Jejich úvazky započteme do této agendy v plné výši. b) Pracovníci specializující se na výkon samostatné nebo přenesené působnosti, přičemž pohledávky vzniklé z této činnosti řeší od prvního vymáhacího úkonu až po exekuci nebo pro exekuci připraví podklady a předá k vyřízení specializované firmě. Úvazky těchto pracovníků započteme poměrnou částí dle kvalifikovaného odhadu. Pomůžeme si jednoduchou otázkou – Zabere nám činnost spojená s vymáháním pohledávek 1 den v týdnu (odpovídá 0,2 úvazku pracovníka)? Hodinu denně (odpovídá cca 0,125 úvazku pracovníka)? 2 dny za měsíc (odpovídá 0,1 úvazku pracovníka)? atp. c) Pracovníci specializující se na výkon samostatné nebo přenesené působnosti, přičemž u pohledávek vzniklých z této činnosti realizují jen část úkonů směřujících k úhradě nebo jen připravují podklady specializovaným odborům nebo externím firmám. V tomto případě je už stanovení úvazku složitější, bude se jednat možná jen o setiny úvazků. Přesto si můžeme položit stejné otázky jako v předchozím případě ... 4 hodiny v měsíci pak např. odpovídají 0,025 úvazku – a sečíst tyto „miniúvazky“ za oddělení/odbor např. se čtyřmi zaměstnanci. Výsledkem je úvazek ve výši 0,1 celkem za odd. nebo odbor."
40,D40.4.1,Z toho úvazky zaměstnanců podílejících se na vymáhání daňových pohledávek,
40,D40.4.2,"Uplatňujete u místních poplatků sankci, tzn. navýšení poplatku?",Ano = 1; Ne = 0; Pouze u některých = 2
40,D40.4.3,"Vymáhání místních poplatků (daňovou exekuci), provádí specializované pracoviště (útvar, oddělení, odbor)?","Ano = 1; Ne, (tj. správu a vymáhání jednoho či více místních poplatků vykonává tentýž zaměstnanec) = 0"
40,D40.4.4,Jakým způsobem vymáháte daňové pohledávky?,Pouze daňová exekuce = 0; Pouze prostřednictvím soudního exekutora = 1; Kombinace daňové exekuce a vymáhání prostřednictvím soudního exekutora a celní správy = 2
40,D40.4.5,Máte komplexně propojený software na vymáhání daňových pohledávek se spisovou službou?,Ano = 1; Ne = 0; Pouze částečně = 2
40,D40.4.6,Postupujete pohledávky za sankčními platbami k vymáhání Celnímu úřadu?,Ano = 1; Ne = 0; Pouze některé = 2
40,D40.4.6.1,Postupujete pohledávky z místních poplatků k vymáhání Celnímu úřadu?,Ano = 1; Ne = 0; Pouze některé = 2
40,D40.4.6.2,Pohledávky jsou předávány na Celní úřad,"Ihned=1, Po neúspěšném vymáhání=0, Různě, dle typu pohledávky=2"
40,D40.4.6.3,Objem pohledávek předaných k vymáhání Celnímu úřadu ve sledovaném roce k 31.12. sledovaného roku (v tis. Kč),Předané ve sledovaném roce
40,D40.4.6.4,Celkový objem pohledávek předaných k vymáhání Celnímu úřadu k 31.12. sledovaného roku (v tis. Kč),Všechny neuhrazené předané pohledávky za předchozí období vč. sledovaného roku
40,D40.5,Náklady na vymáhání pohledávek po lhůtě splatnosti ze samostatné působnosti spojené s externími službami (tis. Kč),"Vyčíslete zde náklady celkem na externí služby např. exekutorů, realitních kanceláří, externích firem ... a za právní služby spojené s vymáháním pohledávek. Pokud v účetnictví výdaje spojené s vymáháním pohledávek nesledujete odděleně, je nutné se při vyplňování tohoto údaje obrátit s dotazem na jednotlivé odbory, oddělení vašeho městského úřadu. Pomoci vám může také kniha došlých faktur – filtr dle dodavatele za předpokladu, že máte zmapovány VŠECHNY dodavatele služeb souvisejících s vymáháním pohledávek. Pokud je úhrada za vymáhání pohledávek součástí např. celkové měsíční platby dle mandátní smlouvy na správu bytového fondu, určete prosím, celkovou sumu kvalifikovaným odhadem po dotazu na příslušné realitní kanceláři, dodavatelské firmě. K 31.12. sledovaného roku v tis. Kč."
40,D40.5.1,Náklady na vymáhání pohledávek po lhůtě splatnosti s přenesené působnosti spojené s externími službami (tis. Kč),"Vyčíslete zde náklady celkem na externí služby např. exekutorů, realitních kanceláří, externích firem ... a za právní služby spojené s vymáháním pohledávek. Pokud v účetnictví výdaje spojené s vymáháním pohledávek nesledujete odděleně, je nutné se při vyplňování tohoto údaje obrátit s dotazem na jednotlivé odbory, oddělení vašeho městského úřadu. Pomoci vám může také kniha došlých faktur – filtr dle dodavatele za předpokladu, že máte zmapovány VŠECHNY dodavatele služeb souvisejících s vymáháním pohledávek. Pokud je úhrada za vymáhání pohledávek součástí např. celkové měsíční platby dle mandátní smlouvy na správu bytového fondu, určete prosím, celkovou sumu kvalifikovaným odhadem po dotazu na příslušné realitní kanceláři, dodavatelské firmě. K 31.12. sledovaného roku v tis. Kč."
40,D40.7.1,KONTROLNÍ SOUČET 311,"musí vycházet nula (pokud ne, zkontrolujte vstupní datová pole). KONTROLA = D40.1.1- (40.1.2.1+40.1.3+40.1.4)
Vzorec: D40.1.1-(D40.1.2.1+D40.1.3+D40.1.4)"
40,D40.7.2,KONTROLNÍ SOUČET 315,"musí vycházet nula (pokud ne, zkontrolujte vstupní datová pole). KONTROLA = D40.2.1-(D40.2.4+D40.2.5+D40.2.6+D40.3)
Vzorec: D40.2.1-(D40.2.4+D40.2.5+D40.2.6+D40.3)"
42,D42.1,Daňové příjmy,"Tř. 1, k 31.12. sledovaného roku po konsolidaci v tis. Kč.
Vzorec: (D340.2)/1000"
42,D42.1.1,"Daňové příjmy, bez daně z příjmů právnických osob za obce","Tř. 1, bez položky 1122, k 31.12. sledovaného roku v tis. Kč
Vzorec: (D340.2-D340.2.2.1)/1000"
42,D42.2,Nedaňové příjmy,"Tř. 2. K 31.12. sledovaného roku po konsolidaci v tis. Kč.
Vzorec: (D340.3)/1000"
42,D42.3,Kapitálové příjmy,"Tř. 3. K 31.12. sledovaného roku po konsolidaci v tis. Kč.
Vzorec: (D340.21)/1000"
42,D42.4,Přijaté dotace,"Tř. 4; automatický součet D42.5 + D42.7. K 31.12. sledovaného roku po konsolidaci v tis. Kč.
Vzorec: D42.5+D42.7"
42,D42.5,Běžné dotace,"Sesk. 41.. K 31.12. sledovaného roku po konsolidaci v tis. Kč.
Vzorec: (D340.4.1)/1000"
42,D42.7,Kapitálové dotace,"Sesk. 42..K 31.12. sledovaného roku po konsolidaci v tis. Kč.
Vzorec: (D340.5)/1000"
42,D42.8,Příjmy celkem,"Automatický součet D42.1 až D42.4. K 31.12. sledovaného roku po konsolidaci v tis. Kč.
Vzorec: D42.1+D42.2+D42.3+D42.4"
42,D42.8.1,z toho běžné příjmy,"Tř.1 + Tř. 2 + Sesk. pol. 41; automatický součet D42.1 + D42.2 + D42.5. K 31.12. sledovaného roku po konsolidaci v tis. Kč.
Vzorec: D42.1+D42.2+D42.5"
42,D42.8.2,"z toho kapitálové příjmy, vč. investičních transferů","Tř. 3 + sesk. pol. 42..; automatický součet D42.3 + D42.7. K 31.12. sledovaného roku po konsolidaci v tis. Kč.
Vzorec: D42.3+D42.7"
42,D42.9,Výdaje celkem,"Automatický součet D42.9.1 + D42.9.2. K 31.12. sledovaného roku po konsolidaci v tis. Kč.
Vzorec: D42.9.1+D42.9.2"
42,D42.9.0,Běžné výdaje,"Tř. 5 - celkem. K 31.12. sledovaného roku po konsolidaci v tis. Kč.
Vzorec: (D340.8)/1000"
42,D42.9.1,Běžné výdaje bez DP PO za obce,"Tř. 5, (bez daně z příjmu za obce). K 31.12. sledovaného roku po konsolidaci v tis. Kč.
Vzorec: (D340.8-D340.2.2.1)/1000"
42,D42.9.1.1,Účelové prostředky tř. 5 Běžné výdaje,Všechny prostředky s ÚZ na pol. 5XXX. K 31.12. sledovaného roku po konsolidaci v tis. Kč.
42,D42.9.2,Kapitálové výdaje,"Tř. 6. K 31.12. sledovaného roku po konsolidaci v tis. Kč.
Vzorec: (D340.23)/1000"
42,D42.10,Dlouhodobé závazky,"Účet 451, 452, 455, 457 a 459 – rozvaha, pasiva – (do konce roku 2011 D. III., od roku 2012 D.II) K 31.12. sledovaného roku po konsolidaci v tis. Kč.
Vzorec: (D320.113+D320.114+D320.117+D320.119)/1000"
42,D42.11,Dluhová základna,"Tř.1, 2 + pol. 4112 + pol. 4212. K 31.12. sledovaného roku po konsolidaci v tis. Kč.
Vzorec: (D340.2+D340.3+D360.4112+D360.4212)/1000"
42,D42.12,Úroky,"Pol. 5141. K 31.12. sledovaného roku po konsolidaci v tis. Kč.
Vzorec: (D340.9)/1000"
42,D42.13,Splátky jistin popř.dluhopisů,"Jistiny - položka 8xx4, dluhopisy - položka 8xx2. K 31.12. sledovaného roku po konsolidaci v tis. Kč.
Vzorec: (0-D300.3-D300.10-D300.5-D300.12-D300.17-D300.19-D300.24-D300.26)/1000"
42,D42.13.1,Splátky jistin - převody mezi statutárními městy (hl. m. Prahou) a jejich městskými obvody nebo částmi,"Převody mezi městskými obvody/městskými částmi a statutárním městem (obdoba splátek jistin půjček) – odpa 6330, položka 5347. K 31.12. sledovaného roku po konsolidaci v tis. Kč."
42,D42.14,Splátky leasingu,"Pol. 5178. K 31.12. sledovaného roku po konsolidaci v tis. Kč.
Vzorec: (D340.10)/1000"
42,D42.15,"Dluhová služba (úroky, splátky)","Automatický součet D42.12 až D42.14. K 31.12. sledovaného roku po konsolidaci v tis. Kč.
Vzorec: D42.12+D42.13+D42.14"
42,D42.16,"Dluhová služba (úroky, splátky) - pro města, která vyplňují D42.13.1 Splátky jistin - převody mezi statutárními městy (hl. m. Prahou) a jejich městskými obvody nebo částmi",Vzorec: (D42.12+D42.13+D42.13.1+D42.14)
43,D43.1,Provozní (běžné) výdaje na sociální služby celkem (včetně dotací),"V tis. Kč k 31.12. za celé období sledovaného roku. Nemusí se jednat pouze o sociální služby definované Zákonem o sociálních službách č. 108/2006 Sb. nebo pouze o registrované poskytovatele. Automatický součet řádků D43.1.1 + D43.1.2 + D43.1.3 + D43.1.3.1 + D43.1.3.2 + D43.1.4.
Vzorec: D43.1.1 + D43.1.2 + D43.1.3 + D43.1.3.1 + D43.1.3.2 + D43.1.4"
43,D43.1.1,Provozní (běžné) výdaje na sociální služby poskytované přímo obcí (včetně organizačních složek obce),V tis. Kč k 31.12. za celé období sledovaného roku. § 43XX. Nemusí se jednat pouze o sociální služby definované Zákonem o sociálních službách č. 108/2006 Sb. nebo pouze o registrované poskytovatele.
43,D43.1.2,"Provozní (běžné) dotace, granty a dary poskytovatelům sociálních služeb",V tis. Kč k 31.12. za celé období sledovaného roku. § 43XX. Nemusí se jednat pouze o sociální služby definované Zákonem o sociálních službách č. 108/2006 Sb. nebo pouze o registrované poskytovatele.
43,D43.1.3,Provozní (běžné) příspěvky obce jako zřizovatele příspěvkových organizací na poskytování sociálních služeb,V tis. Kč k 31.12. za celé období sledovaného roku. § 43XX. Nemusí se jednat pouze o sociální služby definované Zákonem o sociálních službách č. 108/2006 Sb. nebo pouze o registrované poskytovatele.
43,D43.1.3.1,"Státní dotace (MPSV) na poskytování sociálních služeb, poskytnuté prostřednictvím rozpočtu kraje (a následně rozpočtu zřizovatele)","V tis. Kč k 31.12. za celé období sledovaného roku. Účelový znak 13305 - Neinvestiční nedávkové transfery podle zákona č. 108/2006 Sb., o sociálních službách"
43,D43.1.3.2,Ostatní účelové dotace /+ prostředky od obcí poskytnuté na základě VPS (pro účely grantového řízení)/,V tis. Kč k 31.12. za celé období sledovaného roku. Ostatní účelové dotace.
43,D43.1.4,Ostatní provozní (běžné) výdaje výše neuvedené spojené se sociální oblastí (výdaje na § 43xx výše neuvedené + jiné § než 43XX),"V tis. Kč k 31.12. za celé období sledovaného roku. Jedná se o podporu aktivit, které svým charakterem mají povahu sociální služby a účtujete o nich na jiných paragrafech než § 43XX nebo na § 43XX a nejsou uvedeny v řádcích 43.1.1 až 43.1.3. POUZE Z ROZPOČTU OBCE (nepatří zde dotace jiných subjektů, poskytované například Krajským úřadem, které pouze rozpočtem obce procházejí)."
43,D43.2,Investiční (kapitálové) výdaje v oblasti sociálních služeb celkem,"V tis. Kč k 31.12. za celé období sledovaného roku. Nemusí se jednat pouze o sociální služby definované Zákonem o sociálních službách č. 108/2006 Sb. nebo pouze o registrované poskytovatele. § 43XX. Automatický součet řádků D43.2.1 + D43.2.2 + D43.2.3 +D43.2.4
Vzorec: D43.2.1 + D43.2.2 + D43.2.3 +D43.2.4"
43,D43.2.1,Investiční (kapitálové) výdaje na sociální služby poskytované přímo obcí,V tis. Kč k 31.12. za celé období sledovaného roku. § 43XX. Nemusí se jednat pouze o sociální služby definované Zákonem o sociálních službách č. 108/2006 Sb. nebo pouze o registrované poskytovatele.
43,D43.2.2,Investiční transfery poskytovatelům sociálních služeb,V tis. Kč k 31.12. za celé období sledovaného roku. § 43XX. Nemusí se jednat pouze o sociální služby definované Zákonem o sociálních službách č. 108/2006 Sb. nebo pouze o registrované poskytovatele.
43,D43.2.3,Investiční dotace obce jako zřizovatele příspěvkových organizací na poskytování sociálních služeb,V tis. Kč k 31.12. za celé období sledovaného roku. § 43XX. Nemusí se jednat pouze o sociální služby definované Zákonem o sociálních službách č. 108/2006 Sb. nebo pouze o registrované poskytovatele.
43,D43.2.4,Ostatní kapitálové výdaje výše neuvedené spojené se sociální oblastí,V tis. Kč k 31.12. za celé období sledovaného roku. § 43XX.
44,D44.1,Běžné výdaje na kulturní zařízení a služby celkem,"Automatický součet D44.1.1 až D44.1.5. K 31.12. sledovaného roku v tis. Kč.
Vzorec: D44.1.1+D44.1.2+D44.1.3+D44.1.4+D44.1.5"
44,D44.1.1,Kultura,§ 331. K 31.12. sledovaného roku v tis. Kč.
44,D44.1.2,Ochrana památek a péče o kulturní dědictví,§ 332. K 31.12. sledovaného roku v tis. Kč.
44,D44.1.3,Ostatní činnosti v záležitostech kultury a sdělovacích prostředků,§ 339. K 31.12. sledovaného roku v tis. Kč.
44,D44.1.4,Ostatní záležitosti sdělovacích prostředků,§ 334. K 31.12. sledovaného roku v tis. Kč.
44,D44.1.5,"Ostatní neinvestiční dotace, příspěvky a dary na kulturní zařízení a služby dle analytické evidence (případně nákup reklamy za účelem podpory kultury)",Mimo uvedené paragrafy. K 31.12. sledovaného roku v tis. Kč.
44,D44.2,Kapitálové výdaje v oblasti kulturních zařízení a služeb celkem,"(§ 331.., 332.., 339.., 334..)"
44,D44.3,Příjmy pokrývající kapitálové výdaje,"Přijaté investiční dotace z jiných veřejných rozpočtů, dary na investice apod. K 31.12. sledovaného roku v tis. Kč."
44,D44.4,Běžné příjmy z činnosti kulturních zařízení a poskytovaných služeb celkem,"Automatický součet D44.4.1 až D44.4.3. K 31.12. sledovaného roku v tis. Kč.
Vzorec: D44.4.1+D44.4.2+D44.4.3"
44,D44.4.1,"Přijaté neinvestiční dotace z jiných veřejných rozpočtů, dary apod.",K 31.12. sledovaného roku v tis. Kč.
44,D44.4.2,Příjmy z úhrady služeb v rámci činnosti kulturních zařízení a poskytovaných služeb,Přijatých na účet města (ne příjmy příspěvkových organizací). K 31.12. sledovaného roku v tis. Kč.
44,D44.4.3,Odvody příspěvkových organizací - kulturních zařízení,K 31.12. sledovaného roku v tis. Kč.
45,D45.1,Běžné výdaje na sportovní zařízení a služby celkem,"Automatický součet D45.1.1 až D45.1.3. K 31.12. sledovaného roku v tis. Kč.
Vzorec: D45.1.1+D45.1.2+D45.1.3"
45,D45.1.1,Tělovýchova,§ 341. K 31.12. sledovaného roku v tis. Kč.
45,D45.1.2,Zájmová činnost a rekreace sportovního charakteru,§ 342. K 31.12. sledovaného roku v tis. Kč.
45,D45.1.3,"Ostatní neinvestiční dotace, příspěvky a dary na sportovní zařízení a služby dle analytické evidence (případně nákup reklamy za účelem podpory sportu)",Běžné výdaje mimo uvedené paragrafy. K 31.12. sledovaného roku v tis. Kč.
45,D45.2,Kapitálové výdaje v oblasti sportovních zařízení a služeb celkem,§ 341. a § 342. K 31.12. sledovaného roku v tis. Kč.
45,D45.3,Příjmy pokrývající kapitálové výdaje,"Přijaté investiční dotace z jiných veřejných rozpočtů, dary na investice apod. K 31.12. sledovaného roku v tis. Kč."
45,D45.4,Běžné příjmy z činnosti sportovních zařízení a poskytovaných služeb celkem,"Automatický součet D45.4.1 až D45.4.3. K 31.12. sledovaného roku v tis. Kč.
Vzorec: D45.4.1+D45.4.2+D45.4.3"
45,D45.4.1,"Přijaté neinvestiční dotace z jiných veřejných rozpočtů, dary apod.",K 31.12. sledovaného roku v tis. Kč.
45,D45.4.2,Příjmy z úhrady služeb v rámci činnosti sportovních zařízení a poskytovaných služeb,Přijatých na účet města (ne příjmy příspěvkových organizací). K 31.12. sledovaného roku v tis. Kč. Zde lze zahrnout rovněž přijaté splátky úvěrů a půjček poskytnutých městem.
45,D45.4.3,Odvody příspěvkových organizací - sportovních zařízení,"§ 34.., pol. 2122. K 31.12. sledovaného roku v tis. Kč."
46,D46.1,Počet dětí v mateřských školách k 30.9. předcházejícího roku,"Počet dětí v mateřských školách, jejichž je obec zřizovatelem. Dle výkazu S 1-01. K 30.9. předcházejícího roku. Vysvětlení: Např. výkaz na školní rok 2008/2009 je podle stavu k 30. 9. 2008 a k němu se váže rozpočet obce na rok 2009. Tzn. počty dětí z předcházejícího roku jsou rozhodující pro přiznání dotace na dítě."
46,D46.2,Běžné výdaje na mateřské školy celkem (!vše z rozpočtu obce dle uvedených paragrafů rozpočtové skladby!),"Automatický součet D46.2.1 až D46.2.4. K 31.12. sledovaného roku v tis. Kč.
Vzorec: D46.2.1+D46.2.2+D46.2.3+D46.2.4"
46,D46.2.1,Mateřské školy,§ 3111. K 31.12. sledovaného roku v tis. Kč.
46,D46.2.2,Mateřské školy speciální,§ 3112. K 31.12. sledovaného roku v tis. Kč.
46,D46.2.3,Školní stravování při předškolním a základním vzdělání,"§ 3141; v případě, že jídelna zajišťuje stravování i pro základní školu, uveďte rozdělení příjmů a výdajů mezi MŠ a ZŠ kvalifikovaným odhadem, např. dle počtu strávníků. K 31.12. sledovaného roku v tis. Kč."
46,D46.2.4,"Ostatní dotace, příspěvky a dary na mateřské školy dle analytické evidence z rozpočtu obce",Běžné výdaje mimo uvedené paragrafy. K 31.12. sledovaného roku v tis. Kč.
46,D46.3,Kapitálové výdaje v oblasti mateřských škol,"(§3111, 3112 a 3141) v tis. Kč"
46,D46.4,Příjmy pokrývající kapitálové výdaje,"Přijaté investiční dotace, z rozpočtu kraje, příspěvky na investice, dary apod. K 31.12. sledovaného roku v tis. Kč."
46,D46.5,Běžné příjmy na mateřské školy celkem,"Automatický součet D46.5.1 až D46.5.4. K 31.12. sledovaného roku v tis. Kč.
Vzorec: D46.5.1+D46.5.2+D46.5.3+D46.5.4"
46,D46.5.1,"Přijaté dotace z jiných veřejných rozpočtů, dary apod.",K 31.12. sledovaného roku v tis. Kč.
46,D46.5.2,Příjmy z úhrady služeb v rámci činnosti mateřských škol,"Příjmy za částečnou úhradu neinvestičních nákladů), pol.2111. K 31.12. sledovaného roku v tis. Kč."
46,D46.5.3,Odvody příspěvkových organizací do rozpočtu obce - mateřské školy,Z položek 2122 a 2123. K 31.12. sledovaného roku v tis. Kč.
46,D46.5.4,Úhrady okolních obcí,Neinvestiční přijaté úhrady od obcí. K 31.12. sledovaného roku v tis. Kč.
47,D47.1,Počet žáků ZŠ k 30.9. předcházejícího roku,"Počet žáků ZŠ, jejichž je obec zřizovatelem. Dle výkazu M 3. K 30.9. předcházejícího roku. Vysvětlení: Např. výkaz na školní rok 2008/2009 je podle stavu k 30. 9. 2008 a k němu se váže rozpočet obce na rok 2009. Tzn. počty žáků z předcházejícího roku jsou rozhodující pro přiznání dotace na žáka."
47,D47.2,Běžné výdaje na ZŠ a školní stravování celkem (!vše z rozpočtu obce dle uvedených paragrafů rozpočtové skladby!),"Automatický součet D47.2.1 až D47.2.4. K 31.12. sledovaného roku v tis. Kč.
Vzorec: D47.2.1+D47.2.2+D47.2.3+D47.2.4"
47,D47.2.1,Základní školy,§ 3113. K 31.12. sledovaného roku v tis. Kč.
47,D47.2.2,Speciální základní školy,§ 3114. K 31.12. sledovaného roku v tis. Kč.
47,D47.2.3,Školní stravování při předškolním a základním vzdělávání,§ 3141. K 31.12. sledovaného roku v tis. Kč.
47,D47.2.4,"Ostatní dotace, příspěvky a dary na ZŠ a školní stravování dle analytické evidence z rozpočtu obce",Běžné výdaje mimo uvedené paragrafy. K 31.12. sledovaného roku v tis. Kč.
47,D47.3,Kapitálové výdaje v oblasti ZŠ a školního stravování,"§ 3113, § 3114 a § 3141; v případě, že jídelna zajišťuje stravování i pro mateřskou školu, uveďte rozdělení příjmů a výdajů mezi MŠ a ZŠ kvalifikovaným odhadem, např. dle počtu strávníků. K 31.12. sledovaného roku v tis. Kč."
47,D47.4,Příjmy pokrývající kapitálové výdaje,"Přijaté investiční dotace, z rozpočtu kraje, příspěvky na investice, dary apod. K 31.12. sledovaného roku v tis. Kč."
47,D47.5,Běžné příjmy na ZŠ a školní stravování celkem,"Automatický součet D47.5.1 až D47.5.4. K 31.12. sledovaného roku v tis. Kč.
Vzorec: D47.5.1+D47.5.2+D47.5.3+D47.5.4"
47,D47.5.1,"Přijaté dotace z jiných veřejných rozpočtů, dary apod.",K 31.12. sledovaného roku v tis. Kč.
47,D47.5.2,Příjmy z úhrady služeb v rámci činnosti ZŠ a školního stravování,Příjmy za částečnou úhradu neinvestičních nákladů); pol.2111. K 31.12. sledovaného roku v tis. Kč.
47,D47.5.3,Odvody příspěvkových organizací do rozpočtu obce - ZŠ a školní stravování,Z položek 2122 a 2123. K 31.12. sledovaného roku v tis. Kč.
47,D47.5.4,Úhrady okolních obcí,Neinvestiční přijaté úhrady od obcí. K 31.12. sledovaného roku v tis. Kč.
48,D48.1.1,MŠ - Počet všech MŠ dle IZO,"Pouze za subjekty, které obec zřizuje. K 30.9. sledovaného roku."
48,D48.1.2,MŠ - Počet ředitelství MŠ dle RED IZO,"Pouze za subjekty, které obec zřizuje. K 30.9. sledovaného roku."
48,D48.1.2.1,Počet pracovišť MŠ vykázaný MŠMT,"Pouze za subjekty, které obec zřizuje. K 31.12. sledovaného roku. Výkaz R13-01, odd. III."
48,D48.1.3,MŠ - Počet tříd k 30.9. sledovaného roku,"Pouze za subjekty, které obec zřizuje (včetně MŠ zřízených podle § 16 odst. 9 školského zákona). Výkaz M1, ř. 304, sl. 2 + 6. K 30.9. sledovaného roku."
48,D48.1.3.1,Z toho počet tříd zřízených podle § 16 odst. 9 školského zákona,"Pouze za subjekty, které obec zřizuje (včetně MŠ zřízených podle § 16 odst. 9 školského zákona). Výkaz M1, ř. 304, sl. 6. K 30.9. sledovaného roku."
48,D48.1.4,MŠ - Celkový počet dětí v MŠ,"Pouze za subjekty, které obec zřizuje (včetně MŠ zřízených podle § 16 odst. 9 školského zákona). Výkaz M1, ř. 304, sl. 3 + 7. K 30.9. sledovaného roku."
48,D48.1.5,z toho celkový počet dětí v MŠ se speciálními vzdělávacími potřebami,"Pouze za subjekty, které obec zřizuje. K 30.9. sledovaného roku. Výkaz M1, odd. II., řádek 0201, sloupec 2."
48,D48.1.6,MŠ - Průměrný přepočtený počet zaměstnanců,"Pouze za subjekty, které obec zřizuje. K 31.12. sledovaného roku. Výkaz P1-04, odd. I, ř. 0102. Druh činnosti 11 a 51."
48,D48.1.7,MŠ - průměrný přepočtený počet pedagogických pracovníků,"Pouze za subjekty, které obec zřizuje. K 31.12. sledovaného roku. Výkaz P1-04, odd. III, ř. 0302. Druh činnosti 11 a 51."
48,D48.1.7.1,z toho průměrný přepočtený počet asistentů pedagoga v MŠ,"Pouze za subjekty, které obec zřizuje. K 31.12. sledovaného roku. Výkaz P1-04, odd. III, ř. 0363. Druh činnosti 11 a 51."
48,D48.1.7.2,z toho průměrný přepočtený počet speciálních pedagogů v MŠ,"Pouze za subjekty, které obec zřizuje. K 31.12. sledovaného roku. Výkaz P1-04, odd. III, ř. 0365. Druh činnosti 11 a 51."
48,D48.1.7.3,z toho průměrný přepočtený počet psychologů v MŠ,"Pouze za subjekty, které obec zřizuje. K 31.12. sledovaného roku. Výkaz P1-04, odd. III, ř. 0367. Druh činnosti 11 a 51."
48,D48.1.8,MŠ - Průměrný přepočtený počet nepedagogických zaměstnanců,"Pouze za subjekty, které obec zřizuje. K 31.12. sledovaného roku. Výkaz P1-04, odd. I, ř. 0147. Druh činnosti 11 a 51."
48,D48.1.8.1,z toho průměrný přepočtený počet THP zaměstnanců v MŠ,"Pouze za subjekty, které obec zřizuje. K 31.12. sledovaného roku. Výkaz P1-04, odd. I, ř. 0153. Druh činnosti 11 a 51."
48,D48.1.8.2,z toho průměrný přepočtený počet provozních zaměstnanců v MŠ,"Pouze za subjekty, které obec zřizuje. K 31.12. sledovaného roku. Výkaz P1-04, odd. I, ř. 0155. Druh činnosti 11 a 51."
48,D48.1.8.3,z toho průměrný přepočtený počet obchodně provozních zaměstnanců v MŠ,"Pouze za subjekty, které obec zřizuje. K 31.12. sledovaného roku. Výkaz P1-04, odd. I, ř. 0157. Druh činnosti 11 a 51."
48,D48.1.8.4,z toho průměrný přepočtený počet ostatních nepedagogických zaměstnanců v MŠ,"Pouze za subjekty, které obec zřizuje. K 31.12. sledovaného roku. Výkaz P1-04, odd. I, ř. 0159. Druh činnosti 11 a 51."
48,D48.1.9,MŠ - platy a ostatní platby za práci nepedagogických zaměstnanců celkem v tis. Kč,"Pouze za subjekty, které obec zřizuje. K 31.12. sledovaného roku. Výkaz P1-04, odd. I, ř. 0149 + 0150. Druh činnosti 11 a 51."
48,D48.1.9.1,z toho platy THP zaměstnanců v MŠ celkem v tis. Kč,"Pouze za subjekty, které obec zřizuje. K 31.12. sledovaného roku. Výkaz P1-04, odd. I, ř. 0154. Druh činnosti 11 a 51."
48,D48.1.9.2,z toho platy provozních zaměstnanců v MŠ celkem v tis. Kč,"Pouze za subjekty, které obec zřizuje. K 31.12. sledovaného roku. Výkaz P1-04, odd. I, ř. 0156. Druh činnosti 11 a 51."
48,D48.1.9.3,z toho platy obchodně provozních zaměstnanců v MŠ celkem v tis. Kč,"Pouze za subjekty, které obec zřizuje. K 31.12. sledovaného roku. Výkaz P1-04, odd. I, ř. 0158. Druh činnosti 11 a 51."
48,D48.1.9.4,z toho platy ostatních nepedagogických zaměstnanců v MŠ celkem v tis. Kč,"Pouze za subjekty, které obec zřizuje. K 31.12. sledovaného roku. Výkaz P1-04, odd. I, ř. 0160. Druh činnosti 11 a 51."
48,D48.1.9.5,z toho osobní příplatky nepedagogických zaměstnanců v MŠ v tis. Kč,"Pouze za subjekty, které obec zřizuje. K 31.12. sledovaného roku. Výkaz P1-04, odd. I, ř. 0151. Druh činnosti 11 a 51."
48,D48.1.9.6,z toho odměny z celkového platu nepedagogických zaměstnanců v MŠ v tis. Kč,"Pouze za subjekty, které obec zřizuje. K 31.12. sledovaného roku. Výkaz P1-04, odd. I, ř. 0152. Druh činnosti 11 a 51."
48,D48.1.10,MŠ - Průměr měsíčních úplat stanovených zřizovatelem na jedno dítě ve zřizovaných mateřských školách,Údaj vyjadřuje kolik zaplatí rodiče v průměru za dítě a měsíc. Sečtěte stanovené měsíční úplaty v jednotlivých zřizovaných MŠ a vydělte počtem mateřských škol (PO+ŠPO). V celých Kč. Stav za měsíc září sledovaného roku.
48,D48.1.10.1,MŠ - Úplata za vzdělávání za kalendářní rok celkem,"Pouze za subjekty, které obec zřizuje. K 31.12. sledovaného roku. Školné, které bylo vybráno celkem od všech platících. V tis. Kč."
48,D48.2.1,ZŠ - Počet všech ZŠ dle IZO,"Pouze za subjekty, které obec zřizuje. K 30.9. sledovaného roku."
48,D48.2.2,ZŠ - Počet ředitelství ZŠ dle RED IZO,"Pouze za subjekty, které obec zřizuje. K 30.9. sledovaného roku."
48,D48.2.2.1,Počet pracovišť ZŠ vykázaný MŠMT,"Pouze za subjekty, které obec zřizuje. K 31.12. sledovaného roku. Výkaz R13-01, odd. III."
48,D48.2.3,ZŠ - Počet tříd,"Pouze za subjekty, které obec zřizuje. Výkaz M3, ř. 0301, sl. 2 + ř. 3A01, sl. 11(v případě, že je u školy zřízena třída podle § 16 odst. 9 školského zákona). K 30.9. sledovaného roku."
48,D48.2.3.1,z toho počet tříd zřízených podle § 16 odst. 9 školského zákona,"Pouze za subjekty, které obec zřizuje. Výkaz M3, ř. 3A01, sl. 11. K 30.9. sledovaného roku."
48,D48.2.4,ZŠ - Počet žáků,"Pouze za subjekty, které obec zřizuje. Výkaz M3, ř. 0301, sl. 3 + ř. 3A01, sl. 12 (v případě, že je u školy zřízena třída podle § 16 odst. 9 školského zákona). K 30.9. sledovaného roku."
48,D48.2.4.1,z toho - celkový počet žáků se speciálními vzdělávacími potřebami,"Pouze za subjekty, které obec zřizuje. K 30.9. sledovaného roku. Výkaz M3, odd. II., řádek 0201, sl. 2. K 30.9. sledovaného roku."
48,D48.2.5,ZŠ - Průměrný přepočtený počet zaměstnanců,"Pouze za subjekty, které obec zřizuje. K 31.12. sledovaného roku. Výkaz P1-04, odd. I, ř. 0102. VČETNĚ ŠKOLNÍCH DRUŽIN. Druh činnosti 21, 52 a 81."
48,D48.2.6,ZŠ - průměrný přepočtený počet pedagogických pracovníků,"Pouze za subjekty, které obec zřizuje. K 31.12. sledovaného roku. Výkaz P1-04, odd. III, ř. 0302. VČETNĚ ŠKOLNÍCH DRUŽIN. Druh činnosti 21, 52 a 81."
48,D48.2.6.1,z toho průměrný přepočtený počet asistentů pedagoga v ZŠ,"Pouze za subjekty, které obec zřizuje. K 31.12. sledovaného roku. Výkaz P1-04, odd. III, ř. 0363. VČETNĚ ŠKOLNÍCH DRUŽIN. Druh činnosti 21, 52 a 81."
48,D48.2.6.2,z toho průměrný přepočtený počet speciálních pedagogů v ZŠ,"Pouze za subjekty, které obec zřizuje. K 31.12. sledovaného roku. Výkaz P1-04, odd. III, ř. 0365. VČETNĚ ŠKOLNÍCH DRUŽIN. Druh činnosti 21, 52 a 81."
48,D48.2.6.3,z toho průměrný přepočtený počet psychologů v ZŠ,"Pouze za subjekty, které obec zřizuje. K 31.12. sledovaného roku. Výkaz P1-04, odd. III, ř. 0367. VČETNĚ ŠKOLNÍCH DRUŽIN. Druh činnosti 21, 52 a 81."
48,D48.2.7,ZŠ - Průměrný přepočtený počet nepedagogických zaměstnanců,"Pouze za subjekty, které obec zřizuje. K 31.12. sledovaného roku. Výkaz P1-04, odd. I, ř. 0147. VČETNĚ ŠKOLNÍCH DRUŽIN. Druh činnosti 21, 52 a 81."
48,D48.2.7.1,z toho průměrný přepočtený počet THP zaměstnanců v ZŠ,"Pouze za subjekty, které obec zřizuje. K 31.12. sledovaného roku. Výkaz P1-04, odd. I, ř. 0153. VČETNĚ ŠKOLNÍCH DRUŽIN. Druh činnosti 21, 52 a 81."
48,D48.2.7.2,z toho průměrný přepočtený počet provozních zaměstnanců v ZŠ,"Pouze za subjekty, které obec zřizuje. K 31.12. sledovaného roku. Výkaz P1-04, odd. I, ř. 0155. VČETNĚ ŠKOLNÍCH DRUŽIN. Druh činnosti 21, 52 a 81."
48,D48.2.7.3,z toho průměrný přepočtený počet obchodně provozních zaměstnanců v ZŠ,"Pouze za subjekty, které obec zřizuje. K 31.12. sledovaného roku. Výkaz P1-04, odd. I, ř. 0157. VČETNĚ ŠKOLNÍCH DRUŽIN. Druh činnosti 21, 52 a 81."
48,D48.2.7.4,z toho průměrný přepočtený počet ostatních nepedagogických zaměstnanců v ZŠ,"Pouze za subjekty, které obec zřizuje. K 31.12. sledovaného roku. Výkaz P1-04, odd. I, ř. 0159. VČETNĚ ŠKOLNÍCH DRUŽIN. Druh činnosti 21, 52 a 81."
48,D48.2.8,ZŠ - platy a ostatní platby za práci nepedagogických zaměstnanců celkem v tis. Kč,"Pouze za subjekty, které obec zřizuje. K 31.12. sledovaného roku. Výkaz P1-04, odd. I, ř. 0149 + 0150. VČETNĚ ŠKOLNÍCH DRUŽIN. Druh činnosti 21, 52 a 81."
48,D48.2.8.1,z toho platy THP zaměstnanců v ZŠ celkem v tis. Kč,"Pouze za subjekty, které obec zřizuje. K 31.12. sledovaného roku. Výkaz P1-04, odd. I, ř. 0154. VČETNĚ ŠKOLNÍCH DRUŽIN. Druh činnosti 21, 52 a 81."
48,D48.2.8.2,z toho platy provozních zaměstnanců v ZŠ celkem v tis. Kč,"Pouze za subjekty, které obec zřizuje. K 31.12. sledovaného roku. Výkaz P1-04, odd. I, ř. 0156. VČETNĚ ŠKOLNÍCH DRUŽIN. Druh činnosti 21, 52 a 81."
48,D48.2.8.3,z toho platy obchodně provozních zaměstnanců v ZŠ celkem v tis. Kč,"Pouze za subjekty, které obec zřizuje. K 31.12. sledovaného roku. Výkaz P1-04, odd. I, ř. 0158. VČETNĚ ŠKOLNÍCH DRUŽIN. Druh činnosti 21, 52 a 81."
48,D48.2.8.4,z toho platy ostatních nepedagogických zaměstnanců v ZŠ celkem v tis. Kč,"Pouze za subjekty, které obec zřizuje. K 31.12. sledovaného roku. Výkaz P1-04, odd. I, ř. 0160. VČETNĚ ŠKOLNÍCH DRUŽIN. Druh činnosti 21, 52 a 81."
48,D48.2.8.5,z toho osobní příplatky nepedagogických zaměstnanců v ZŠ v tis. Kč,"Pouze za subjekty, které obec zřizuje. K 31.12. sledovaného roku. Výkaz P1-04, odd. I, ř. 0151. VČETNĚ ŠKOLNÍCH DRUŽIN. Druh činnosti 21, 52 a 81."
48,D48.2.8.6,z toho odměny z celkového platu nepedagogických zaměstnanců v ZŠ v tis. Kč,"Pouze za subjekty, které obec zřizuje. K 31.12. sledovaného roku. Výkaz P1-04, odd. I, ř. 0152. VČETNĚ ŠKOLNÍCH DRUŽIN. Druh činnosti 21, 52 a 81."
48,D48.2.9,Počet všech ŠKOLNÍCH DRUŽIN dle IZO,"Pouze za subjekty, které obec zřizuje. K 30.9. sledovaného roku."
48,D48.2.10,Počet oddělení ŠKOLNÍCH DRUŽIN,"Pouze za subjekty, které obec zřizuje. K 30.9. sledovaného roku. Výkaz Z2-01, ř. 0101, sl. 4."
48,D48.3.1,ŠKOLNÍ STRAVOVÁNÍ - Počet všech školních jídelen dle IZO,"Pouze za subjekty, které obec zřizuje. K 30.9. sledovaného roku."
48,D48.3.1.1,Počet pracovišť školního stravování vykázaný MŠMT včetně výdejen,"Pouze za subjekty, které obec zřizuje. K 31.12. sledovaného roku. Výkaz Z17-01."
48,D48.3.2,ŠKOLNÍ STRAVOVÁNÍ - Počet vydaných obědů za školní rok (1.9. až 31.8.) celkem v tis.,"Pouze za subjekty, které obec zřizuje. Výkaz Z 17-01 ř. 0301, sl. 2 k 31.10. sledovaného roku. Včetně externích dodavatelů."
48,D48.3.3,ŠKOLNÍ STRAVOVÁNÍ - Průměrný přepočtený počet nepedagogických zaměstnanců,"Pouze za subjekty, které obec zřizuje. K 31.12. sledovaného roku. Výkaz P1-04, odd. I, ř. 0147. Druh činnosti 92."
48,D48.3.3.1,z toho průměrný přepočtený počet THP zaměstnanců školního stravování,"Pouze za subjekty, které obec zřizuje. K 31.12. sledovaného roku. Výkaz P1-04, odd. I, ř. 0153. Druh činnosti 92."
48,D48.3.3.2,z toho průměrný přepočtený počet provozních zaměstnanců školního stravování,"Pouze za subjekty, které obec zřizuje. K 31.12. sledovaného roku. Výkaz P1-04, odd. I, ř. 0155. Druh činnosti 92."
48,D48.3.3.3,z toho průměrný přepočtený počet obchodně provozních zaměstnanců školního stravování,"Pouze za subjekty, které obec zřizuje. K 31.12. sledovaného roku. Výkaz P1-04, odd. I, ř. 0157. Druh činnosti 92."
48,D48.3.3.3.1,z toho kuchaři,"Pouze za subjekty, které obec zřizuje. Výkaz Z 17-01 ř. 0402, sl. 3."
48,D48.3.3.4,z toho průměrný přepočtený počet ostatních nepedagogických zaměstnanců školního stravování,"Pouze za subjekty, které obec zřizuje. K 31.12. sledovaného roku. Výkaz P1-04, odd. I, ř. 0159. Druh činnosti 92."
48,D48.3.4,ŠKOLNÍ STRAVOVÁNÍ - platy a ostatní platby za práci nepedagogických zaměstnanců celkem v tis. Kč,"Pouze za subjekty, které obec zřizuje. K 31.12. sledovaného roku. Výkaz P1-04, odd. I, ř. 0149 + 0150. Druh činnosti 92."
48,D48.3.4.1,z toho platy THP zaměstnanců školního stravování celkem v tis. Kč,"Pouze za subjekty, které obec zřizuje. K 31.12. sledovaného roku. Výkaz P1-04, odd. I, ř. 0154. Druh činnosti 92."
48,D48.3.4.2,z toho platy provozních zaměstnanců školního stravování celkem v tis. Kč,"Pouze za subjekty, které obec zřizuje. K 31.12. sledovaného roku. Výkaz P1-04, odd. I, ř. 0156. Druh činnosti 92."
48,D48.3.4.3,z toho platy obchodně provozních zaměstnanců školního stravování celkem v tis. Kč,"Pouze za subjekty, které obec zřizuje. K 31.12. sledovaného roku. Výkaz P1-04, odd. I, ř. 0158. Druh činnosti 92."
48,D48.3.4.4,z toho platy ostatních nepedagogických zaměstnanců školního stravování celkem v tis. Kč,"Pouze za subjekty, které obec zřizuje. K 31.12. sledovaného roku. Výkaz P1-04, odd. I, ř. 0160. Druh činnosti 92."
48,D48.3.4.5,z toho osobní příplatky nepedagogických zaměstnanců školního stravování v tis. Kč,"Pouze za subjekty, které obec zřizuje. K 31.12. sledovaného roku. Výkaz P1-04, odd. I, ř. 0151. Druh činnosti 92."
48,D48.3.4.6,z toho odměny z celkového platu nepedagogických zaměstnanců školního stravování v tis. Kč,"Pouze za subjekty, které obec zřizuje. K 31.12. sledovaného roku. Výkaz P1-04, odd. I, ř. 0152. Druh činnosti 92."
48,D48.4.1,ZUŠ - Počet ZUŠ (základní umělecké školy) dle IZO,"Pouze ZUŠ, které obec zřizuje. K 30.9. sledovaného roku. Pokud obec nezřizuje ZUŠ, vyplňte u tohoto a všech dalších údajích týkajících se ZUŠ nulové hodnoty („0“)."
48,D48.4.1.1,Počet odloučených pracovišť ZUŠ,"Pouze za subjekty, které obec zřizuje. K 30.9. sledovaného roku. Výkaz S24-01."
48,D48.4.2,ZUŠ - Počet žáků,"Pouze za subjekty, které obec zřizuje. K 30.9. sledovaného roku. Výkaz S24-01, ř. 0101, sl. 2."
48,D48.4.3,ZUŠ - Počet oborů celkem,"Pouze za subjekty, které obec zřizuje. K 30.9. sledovaného roku. Viz rejstřík škol."
48,D48.4.4,ZUŠ - Úplata za vzdělávání za kalendářní rok celkem,"Školné, které bylo vybráno celkem od všech žáků. Pouze za subjekty, které obec zřizuje. K 31.12. sledovaného roku. V TIS. Kč."
48,D48.4.5,ZUŠ - Průměrný přepočtený počet zaměstnanců,"Pouze za subjekty, které obec zřizuje. K 31.12. sledovaného roku. Výkaz P1-04, odd. I, ř. 0102. Druh činnosti 25."
48,D48.4.5.1,ZUŠ - průměrný přepočtený počet pedagogických pracovníků,"Pouze za subjekty, které obec zřizuje. K 31.12. sledovaného roku. Výkaz P1-04, odd. III, ř. 0302. Druh činnosti 25."
48,D48.4.5.2,ZUŠ - Průměrný přepočtený počet nepedagogických zaměstnanců,"Pouze za subjekty, které obec zřizuje. K 31.12. sledovaného roku. Výkaz P1-04, odd. I, ř. 0147. Druh činnosti 25."
48,D48.4.5.3,z toho průměrný přepočtený počet THP zaměstnanců v ZUŠ,"Pouze za subjekty, které obec zřizuje. K 31.12. sledovaného roku. Výkaz P1-04, odd. I, ř. 0153. Druh činnosti 25."
48,D48.4.5.4,z toho průměrný přepočtený počet provozních zaměstnanců v ZUŠ,"Pouze za subjekty, které obec zřizuje. K 31.12. sledovaného roku. Výkaz P1-04, odd. I, ř. 0155. Druh činnosti 25."
48,D48.4.5.5,z toho průměrný přepočtený počet obchodně provozních zaměstnanců v ZUŠ,"Pouze za subjekty, které obec zřizuje. K 31.12. sledovaného roku. Výkaz P1-04, odd. I, ř. 0157. Druh činnosti 25."
48,D48.4.5.6,z toho průměrný přepočtený počet ostatních nepedagogických zaměstnanců v ZUŠ,"Pouze za subjekty, které obec zřizuje. K 31.12. sledovaného roku. Výkaz P1-04, odd. I, ř. 0159. Druh činnosti 25."
48,D48.4.6,ZUŠ - platy a ostatní platby za práci nepedagogických zaměstnanců celkem v tis. Kč,"Pouze za subjekty, které obec zřizuje. K 31.12. sledovaného roku. Výkaz P1-04, odd. I, ř. 0149 + 0150. Druh činnosti 25."
48,D48.4.6.1,z toho platy THP zaměstnanců v ZUŠ celkem v tis. Kč,"Pouze za subjekty, které obec zřizuje. K 31.12. sledovaného roku. Výkaz P1-04, odd. I, ř. 0154. Druh činnosti 25."
48,D48.4.6.2,z toho platy provozních zaměstnanců v ZUŠ celkem v tis. Kč,"Pouze za subjekty, které obec zřizuje. K 31.12. sledovaného roku. Výkaz P1-04, odd. I, ř. 0156. Druh činnosti 25."
48,D48.4.6.3,z toho platy obchodně provozních zaměstnanců v ZUŠ celkem v tis. Kč,"Pouze za subjekty, které obec zřizuje. K 31.12. sledovaného roku. Výkaz P1-04, odd. I, ř. 0158. Druh činnosti 25."
48,D48.4.6.4,z toho platy ostatních nepedagogických zaměstnanců v ZUŠ celkem v tis. Kč,"Pouze za subjekty, které obec zřizuje. K 31.12. sledovaného roku. Výkaz P1-04, odd. I, ř. 0160. Druh činnosti 25."
48,D48.4.6.5,z toho osobní příplatky nepedagogických zaměstnanců v ZUŠ v tis. Kč,"Pouze za subjekty, které obec zřizuje. K 31.12. sledovaného roku. Výkaz P1-04, odd. I, ř. 0151. Druh činnosti 25."
48,D48.4.6.6,z toho odměny z celkového platu nepedagogických zaměstnanců v ZUŠ v tis. Kč,"Pouze za subjekty, které obec zřizuje. K 31.12. sledovaného roku. Výkaz P1-04, odd. I, ř. 0152. Druh činnosti 25."
48,D48.5.1,STŘEDISKA VOLNÉHO ČASU - Počet středisek celkem,"Pouze DDM, které obec zřizuje. K 30.9. sledovaného roku. Pokud obec nezřizuje DDM, vyplňte u tohoto a všech dalších údajích týkajících se DDM nulové hodnoty („0“)."
48,D48.5.1.1,Počet pracovišť STŘEDISEK VOLNÉHO ČASU dle rejstříku školství,"Pouze za subjekty, které obec zřizuje. K 30.9. sledovaného roku."
48,D48.5.2,STŘEDISKA VOLNÉHO ČASU - Zájmové útvary,"Pouze za subjekty, které obec zřizuje. Výkaz Z15-01, ř. 0108, sl. 2. K 30.9. sledovaného roku."
48,D48.5.3,STŘEDISKA VOLNÉHO ČASU - Počet žáků a studentů,"Pouze za subjekty, které obec zřizuje. Výkaz Z15-01, ř. 0109, sl. 2. K 30.9. sledovaného roku."
48,D48.5.3.1,z toho více než 3 hod. týdně,"Pouze za subjekty, které obec zřizuje. Výkaz Z15-01, ř. 0109a, sl. 2. K 30.9. sledovaného roku."
48,D48.5.4,STŘEDISKA VOLNÉHO ČASU - příležitostné činnosti - počet akcí,"Pouze za subjekty, které obec zřizuje. Výkaz Z15-01, ř. 0202, sl. 2. K 30.9. sledovaného roku."
48,D48.5.5,STŘEDISKA VOLNÉHO ČASU - tábory a pobyty - počet akcí,"Pouze za subjekty, které obec zřizuje. Výkaz Z15-01, ř. 0601, sl. 2. K 30.9. sledovaného roku."
48,D48.5.6,STŘEDISKA VOLNÉHO ČASU - Průměrný přepočtený počet zaměstnanců,"Pouze za subjekty, které obec zřizuje. K 31.12. sledovaného roku. Výkaz P1-04, odd. I, ř. 0102. Druh činnosti 83."
48,D48.5.6.1,STŘEDISKA VOLNÉHO ČASU - průměrný přepočtený počet pedagogických pracovníků,"Pouze za subjekty, které obec zřizuje. K 31.12. sledovaného roku. Výkaz P1-04, odd. III, ř. 0302. Druh činnosti 83."
48,D48.5.6.2,STŘEDISKA VOLNÉHO ČASU - Průměrný přepočtený počet nepedagogických zaměstnanců,"Pouze za subjekty, které obec zřizuje. K 31.12. sledovaného roku. Výkaz P1-04, odd. I, ř. 0147. Druh činnosti 83."
48,D48.5.6.3,z toho průměrný přepočtený počet THP zaměstnanců ve STŘEDISCÍCH VOLNÉHO ČASU,"Pouze za subjekty, které obec zřizuje. K 31.12. sledovaného roku. Výkaz P1-04, odd. I, ř. 0153. Druh činnosti 83."
48,D48.5.6.4,z toho průměrný přepočtený počet provozních zaměstnanců ve STŘEDISCÍCH VOLNÉHO ČASU,"Pouze za subjekty, které obec zřizuje. K 31.12. sledovaného roku. Výkaz P1-04, odd. I, ř. 0155. Druh činnosti 83."
48,D48.5.6.5,z toho průměrný přepočtený počet obchodně provozních zaměstnanců ve STŘEDISCÍCH VOLNÉHO ČASU,"Pouze za subjekty, které obec zřizuje. K 31.12. sledovaného roku. Výkaz P1-04, odd. I, ř. 0157. Druh činnosti 83."
48,D48.5.6.6,z toho průměrný přepočtený počet ostatních nepedagogických zaměstnanců ve STŘEDISCÍCH VOLNÉHO ČASU,"Pouze za subjekty, které obec zřizuje. K 31.12. sledovaného roku. Výkaz P1-04, odd. I, ř. 0159. Druh činnosti 83."
48,D48.5.7,STŘEDISKA VOLNÉHO ČASU - platy a ostatní platby za práci nepedagogických zaměstnanců celkem v tis. Kč,"Pouze za subjekty, které obec zřizuje. K 31.12. sledovaného roku. Výkaz P1-04, odd. I, ř. 0149 + 0150. Druh činnosti 83."
48,D48.5.7.1,z toho platy THP zaměstnanců ve STŘEDISCÍCH VOLNÉHO ČASU celkem v tis. Kč,"Pouze za subjekty, které obec zřizuje. K 31.12. sledovaného roku. Výkaz P1-04, odd. I, ř. 0154. Druh činnosti 83."
48,D48.5.7.2,z toho platy provozních zaměstnanců ve STŘEDISCÍCH VOLNÉHO ČASU celkem v tis. Kč,"Pouze za subjekty, které obec zřizuje. K 31.12. sledovaného roku. Výkaz P1-04, odd. I, ř. 0156. Druh činnosti 83."
48,D48.5.7.3,z toho platy obchodně provozních zaměstnanců ve STŘEDISCÍCH VOLNÉHO ČASU celkem v tis. Kč,"Pouze za subjekty, které obec zřizuje. K 31.12. sledovaného roku. Výkaz P1-04, odd. I, ř. 0158. Druh činnosti 83."
48,D48.5.7.4,z toho platy ostatních nepedagogických zaměstnanců ve STŘEDISCÍCH VOLNÉHO ČASU celkem v tis. Kč,"Pouze za subjekty, které obec zřizuje. K 31.12. sledovaného roku. Výkaz P1-04, odd. I, ř. 0160. Druh činnosti 83."
48,D48.5.7.5,z toho osobní příplatky nepedagogických zaměstnanců ve STŘEDISCÍCH VOLNÉHO ČASU v tis. Kč,"Pouze za subjekty, které obec zřizuje. K 31.12. sledovaného roku. Výkaz P1-04, odd. I, ř. 0151. Druh činnosti 83."
48,D48.5.7.6,z toho odměny z celkového platu nepedagogických zaměstnanců ve STŘEDISCÍCH VOLNÉHO ČASU v tis. Kč,"Pouze za subjekty, které obec zřizuje. K 31.12. sledovaného roku. Výkaz P1-04, odd. I, ř. 0152. Druh činnosti 83."
48,D48.6,Počet zaměstnanců zajišťujících výkon SAMOSPRÁVY ve školství - pracovních úvazků,"Úvazky pro agendu celkem stanovte POUZE ZA ZAMĚSTNANCE ZAJIŠŤUJÍCÍ VÝKON SAMOSPRÁVY NA ÚSEKU ŠKOLSTVÍ k 31.12. sledovaného roku včetně poměrné části pracovních úvazků vedoucích a administrativní síly, které rozpočtěte vzhledem k počtu pracovníků na oddělení nebo odboru. Zpravidla půjde o desetinné číslo. Pokud pracovník vykonává i jinou agendu, započítává se pouze příslušným podílem a součet jeho úvazků v těchto agendách musí být roven jedné! Poměrná část úvazku zaměstnanců se týká vždy konkrétní agendy za kterou, jsou vstupní data vyplňována. Součet úvazků v agendách se tak nemusí rovnat počtu zaměstnanců odboru nebo oddělení pokud tato organizační jednotka zajišťuje další agendy nebo úkoly, které nejsou předmětem porovnávání. POZNÁMKA: !Úvazky zaměstnanců jsou pouze doplňkovým údajem a lze je srovnávat POUZE v rámci úřadů s podobnou organizační strukturou a vazbou na příspěvkové organizace! Různý počet vykazovaných zaměstnanců bude ovlivněn: a) organizační strukturou (např. v jedné obci odbor školství zajišťuje i správu a údržbu majetku, v jiné je tato činnost přenesena na správu majetku; b) obsahem zřizovacích listin (např. v jedné obci si údržbu a správu majetku zajišťují přímo příspěvkové organizace, v jiné jde o kompetenci úřadu)."
49,D49.1.1,MŠ - Počet všech MŠ vykázaných dle MŠMT,"Pouze subjekty, které obec zřizuje. K 30.9. sledovaného roku."
49,D49.1.1.1,Počet MŠ jiných zřizovatelů,"Nemáte-li k dispozici přesné údaje, uveďte kvalifikovaným odhadem. K 30.9. sledovaného roku."
49,D49.1.2,MŠ - Počet ředitelství MŠ,"Pouze subjekty, které obec zřizuje. K 30.9. sledovaného roku."
49,D49.1.4,MŠ - Počet tříd k 30.9. sledovaného roku,"Pouze za subjekty, které obec zřizuje (včetně MŠ zřízených podle § 16 odst. 9 školského zákona). Výkaz S1-01, ř. 304, sl. 2 + 6. Nyní výkaz M1."
49,D49.1.4.1,Z toho počet tříd zřízených podle § 16 odst. 9 školského zákona k 30.9. sledovaného roku,"Pouze za subjekty, které obec zřizuje (včetně MŠ zřízených podle § 16 odst. 9 školského zákona). Výkaz S1-01, ř. 304, sl. 6. Nyní výkaz M1."
49,D49.1.5,MŠ - Celkový počet dětí v MŠ k 30.9. sledovaného roku,"Pouze za subjekty, které obec zřizuje (včetně MŠ zřízených podle § 16 odst. 9 školského zákona). Výkaz S1-01, ř. 304, sl. 3 + 7. Nyní výkaz M1."
49,D49.1.5.0.1,Z toho celkový počet dětí se speciálními vzdělávacími potřebami,"Pouze za subjekty, které obec zřizuje. K 30.9. sledovaného roku. Výkaz: odd. II., řádek 0201, sloupec 2."
49,D49.1.5.1,"Z toho dojíždějících, na které přispívají okolní obce","Ty děti, za které tyto obce hradí neinvestiční náklady."
49,D49.1.5.2,Počet dojíždějících dětí z jiných obcí celkem,
49,D49.1.6,MŠ - Počet zaměstnanců (přepočtený na celorok) k 31.12. sledovaného roku,"Pouze za subjekty, které obec zřizuje. K 31.12. sledovaného roku. Výkaz P1-04, ř. 0501."
49,D49.1.6.1,z toho počet pedagogických pracovníků k 31.12. sledovaného roku,"Pouze za subjekty, které obec zřizuje. K 31.12. sledovaného roku. Výkaz P1-04, ř. 0504."
49,D49.1.7,MŠ - Přímé náklady na vzdělávání ze SR (NIV),"Pouze za subjekty, které obec zřizuje. K 31.12. sledovaného roku. Závazné ukazatele - kraj v TIS. Kč. NIV - neinvestiční výdaje včetně platů, nákladů vyplývajících z pracovněprávních vztahů, učební pomůcky atd."
49,D49.1.8,MŠ - Neinvestiční příspěvek od zřizovatele,"Pouze za subjekty, které obec zřizuje. K 31.12. sledovaného roku. V TIS. Kč včetně NIV a příspěvku na učební pomůcky z rozpočtu obce/zřizovatele."
49,D49.1.8.1,MŠ - Ostatní neinvestiční výdaje hrazené přímo z rozpočtu obce - zřizovatele,"Může se jednat o NEINVESTIČNÍ výdaje na drobné opravy, údržbu apod., které HRADÍ OBEC PŘÍMO ZE SVÉHO ROZPOČTU a nejsou součástí příspěvku zřizovatele. Pouze za subjekty, které obec zřizuje. K 31.12. sledovaného roku. V TIS. Kč. Údaj sledován od roku 2006!"
49,D49.1.9,MŠ - Průměr stanovených měsíčních úplat na jedno dítě ve zřizovaných mateřských školách,Údaj vyjadřuje kolik zaplatí rodiče v průměru za dítě a měsíc. Sečtěte stanovené měsíční úplaty v jednotlivých zřizovaných MŠ a vydělte počtem mateřských škol (PO+ŠPO). V celých Kč. Stav za září sledovaného roku. Do roku 2018 včetně sledováno jako: Výběr celkem DĚLENO počet všech zapsaných dětí do MŠ.
49,D49.1.9.1,MŠ - Úplata za vzdělávání za kalendářní rok celkem,"Pouze za subjekty, které obec zřizuje. K 31.12. sledovaného roku. Školné, které bylo vybráno celkem od všech platících. V TIS. Kč. Sledováno od roku 2008."
49,D49.1.9.2,MŠ - Úhrady okolních obcí,"Neinvestiční přijaté dotace od obcí na dítě z položky 4121. K 31.12. sledovaného roku v TIS. Kč. Údaj je automaticky generován z agendy č. 46.
Vzorec: D46.5.4"
49,D49.2.1,ZŠ - Počet všech ředitelství běžných ZŠ,"Pouze subjekty, které obec zřizuje. K 30.9. sledovaného roku."
49,D49.2.1.1,z toho plně organizované ZŠ,"Pouze subjekty, které obec zřizuje. K 30.9. sledovaného roku."
49,D49.2.2,ZŠ - Počet všech běžných ZŠ vykázaných dle MŠMT,K 30.9. sledovaného roku.
49,D49.2.2.1,Počet ZŠ jiných zřizovatelů,"Nemáte-li k dispozici přesné údaje, uveďte kvalifikovaným odhadem. K 30.9. sledovaného roku."
49,D49.2.4,ZŠ - Počet tříd k 30. 9. sledovaného roku,"Pouze za subjekty, které obec zřizuje. Výkaz M 3, ř. 0301 + ř. 3A01 - oddíl III A (v případě, že je u školy zřízena třída podle § 16 odst. 9 školského zákona)."
49,D49.2.5,ZŠ - Počet žáků k 30. 9. sledovaného roku,"Pouze za subjekty, které obec zřizuje. Výkaz M 3, ř. 0301 + ř. 3A01 - oddíl III A (v případě, že je u školy zřízena třída podle § 16 odst. 9 školského zákona)."
49,D49.2.5.0.1,Z toho - celkový počet žáků se speciálními vzdělávacími potřebami,"Pouze za subjekty, které obec zřizuje. K 30.9. sledovaného roku. Výkaz: odd. II., řádek 0201, sloupec 2."
49,D49.2.5.1,z toho dojíždějících z jiných obcí za něž JE hrazena úhrada,"Ti žáci, za které tyto obce hradí neinvestiční náklady."
49,D49.2.5.2,z toho dojíždějících z jiných obcí za něž NENÍ hrazena úhrada,"Ti žáci, za které tyto obce NEHRADÍ neinvestiční náklady. Sledováno od roku 2008."
49,D49.2.5.3,ZŠ - Příjmy obce za dojíždějící žáky,"Neinvestiční přijaté dotace od obcí na žáka; z položky 4121. K 31.12. sledovaného roku v TIS. Kč. Údaj je automaticky generován z agendy č. 47.
Vzorec: D47.5.4"
49,D49.2.6,ZŠ - Průměrný přepočtený počet zaměstnanců k 31. 12. sledovaného roku,"Pouze za subjekty, které obec zřizuje. K 31.12. sledovaného roku. Výkaz P1-04, ř. 0501."
49,D49.2.6.1,z toho počet pedagogických pracovníků k 31. 12. sledovaného roku,"Pouze za subjekty, které obec zřizuje. K 31.12. sledovaného roku. Výkaz P1-04, ř. 0504."
49,D49.2.7,ZŠ - Přímé náklady na vzdělávání ze SR (NIV),"Pouze za subjekty, které obec zřizuje. K 31.12. sledovaného roku. NIV - neinvestiční výdaje včetně platů, nákladů vyplývajících z pracovněprávních vztahů, učební pomůcky atd. V TIS. Kč. Vždy včetně školních jídelen i když se jedná o samostatné právní subjekty (tento text byl zařazen v roce 2009 a platí pro údaje od roku 2008 včetně)."
49,D49.2.8,ZŠ - Neinvestiční příspěvek od zřizovatele,"Pouze za subjekty, které obec zřizuje. K 31.12. sledovaného roku. V TIS. Kč. Vždy včetně školních jídelen i když se jedná o samostatné právní subjekty včetně NIV a příspěvku na učební pomůcky z rozpočtu obce/zřizovatele (tento text byl zařazen v roce 2009 a platí pro údaje od roku 2008 včetně)."
49,D49.2.8.1,Z TOHO ŠKOLNÍ JÍDELNY - Neinvestiční příspěvek od zřizovatele,"Pouze za subjekty, které obec zřizuje. K 31.12. sledovaného roku. V TIS. Kč. Pokud poskytujete příspěvek jídelně jako součásti příspěvkové organizace a neevidujete samostatně zda je příspěvek určen ZŠ nebo jídelně, stanovte jeho výši kvalifikovaným odhadem."
49,D49.2.8.1.1,Úhrada nákladů na provoz školní jídelny externímu dodavateli,K 31.12. sledovaného roku. V TIS. Kč.
49,D49.2.8.2,ZŠ - Ostatní neinvestiční výdaje hrazené přímo z rozpočtu obce - zřizovatele,"Může se jednat o NEINVESTIČNÍ výdaje na drobné opravy, údržbu apod., které HRADÍ OBEC PŘÍMO ZE SVÉHO ROZPOČTU a nejsou součástí příspěvku zřizovatele. Pouze za subjekty, které obec zřizuje. K 31.12. sledovaného roku. V TIS. Kč. Údaj sledován od roku 2006! Vždy včetně školních jídelen i když se jedná o samostatné právní subjekty (tento text byl zařazen v roce 2009 a platí pro údaje od roku 2008 včetně)."
49,D49.2.8.3,Z TOHO ŠKOLNÍ JÍDELNY - Ostatní neinvestiční výdaje hrazené přímo z rozpočtu obce - zřizovatele,"Může se jednat o NEINVESTIČNÍ výdaje na drobné opravy, údržbu apod., které HRADÍ OBEC PŘÍMO ZE SVÉHO ROZPOČTU a nejsou součástí příspěvku zřizovatele. Pouze za subjekty, které obec zřizuje. K 31.12. sledovaného roku. V TIS. Kč. Údaj sledován od roku 2006!"
49,D49.3.1,ŠKOLNÍ JÍDELNY - Přepočtený počet zaměstnanců celkem k 31.12. sledovaného roku,"Pouze za subjekty, které obec zřizuje. K 31.12. sledovaného roku. Výkaz P1-04, ř. 0501."
49,D49.3.2,z toho přepočtený počet zaměstnanců (doplňková činnost) k 31. 12. sledovaného roku,"Pouze za subjekty, které obec zřizuje. K 31.12. sledovaného roku. Výkaz P1-04. ř. 0104."
49,D49.3.2.1,ŠKOLNÍ JÍDELNY - Počet vydaných obědů za školní rok (1.9. až 31.8.) celkem v tis.,"Pouze za subjekty, které obec zřizuje. Výkaz Z 17-01 ř. 0301 k 31.10. sledovaného roku. Včetně externích dodavatelů."
49,D49.3.3,z toho počet vydaných obědů za rok pro cizí v tis.,"Pouze za subjekty, které obec zřizuje. Za stejné sledované období jako v předchozím řádku D49.3.2.1. Vysvětlení výrazu ""cizí"" - jedná se : a) o všechny strávníky o nichž se vede evidence v doplňkové činnosti; b) o žáky, děti, studenty a zaměstnace škol JINÝCH ZŘIZOVATELŮ. Pozn.: Tento údaj není ve výkonovém výkazu samostatně. Lze přibližně vypočítat z ř. 301, (sl. 3 – sl. 3a) x 10 měsíců."
49,D49.4.1,Školy zřízené dle § 16 odst. 9 školského zákona - Počet škol,"Pouze školy, které obec zřizuje. K 30.9. sledovaného roku. Pokud obec školu dle § 16 odst. 9 nezřizuje, vyplňte u tohoto a všech dalších navazujících údajů nulové hodnoty („0“)."
49,D49.4.3,Školy zřízené dle § 16 odst. 9 školského zákona - Počet žáků k 30.9. sledovaného roku,"Pouze za subjekty, které obec zřizuje. Pouze za subjekty, které obec zřizuje. Výkaz M 3, oddíl III A ř. 3A01."
49,D49.4.4,Školy zřízené dle § 16 odst. 9 školského zákona - Přímé náklady na vzdělávání (NIV),"Pouze za subjekty, které obec zřizuje. K 31.12. sledovaného roku. NIV - neinvestiční výdaje včetně platů, nákladů vyplývajících z pracovněprávních vztahů, učební pomůcky atd. V TIS. Kč."
49,D49.4.4.1,Školy zřízené dle § 16 odst. 9 školského zákona - Neinvestiční příspěvek od zřizovatele,"Pouze za subjekty, které obec zřizuje. K 31.12. sledovaného roku. V TIS. Kč."
49,D49.4.5,Školy zřízené dle § 16 odst. 9 školského zákona - Ostatní neinvestiční výdaje hrazené přímo z rozpočtu obce - zřizovatele,"Může se jednat o NEINVESTIČNÍ výdaje na drobné opravy, údržbu apod., které HRADÍ OBEC PŘÍMO ZE SVÉHO ROZPOČTU a nejsou součástí příspěvku zřizovatele. Pouze za subjekty, které obec zřizuje. K 31.12. sledovaného roku. V TIS. Kč. Údaj sledován od roku 2006!"
49,D49.4.5.1,Školy zřízené dle § 16 odst. 9 školského zákona - Počet zaměstnanců (přepočtený na celorok) k 31. 12. sledovaného roku,"Pouze za subjekty, které obec zřizuje. K 31.12. sledovaného roku. Výkaz P1-04, ř. 0501."
49,D49.4.6,z toho počet pedagogických pracovníků k 31.12. sledovaného roku,"Pouze za subjekty, které obec zřizuje. K 31.12. sledovaného roku. Výkaz P1-04, ř. 0504."
49,D49.5.1,ZUŠ - Počet ZUŠ (základní umělecké školy) celkem,"Pouze ZUŠ, které obec zřizuje. K 30.9. sledovaného roku. Pokud obec nezřizuje ZUŠ, vyplňte u tohoto a všech dalších údajích týkajících se ZUŠ nulové hodnoty („0“)."
49,D49.5.3,ZUŠ - Počet žáků k 30.9.,"Pouze za subjekty, které obec zřizuje. Výkaz S24-01, ř. 0101."
49,D49.5.4,ZUŠ - Počet zaměstnanců (přepočtený na celorok ) k 31.12.,"Pouze za subjekty, které obec zřizuje. Výkaz P1-04, ř. 0501."
49,D49.5.4.1,z toho počet pedagogických pracovníků k 31.12. sledovaného roku,"Pouze za subjekty, které obec zřizuje. Výkaz P1-04, ř. 0504."
49,D49.5.5,ZUŠ - Přímé náklady na vzdělávání ze SR (NIV),"Pouze za subjekty, které obec zřizuje. K 31.12. sledovaného roku. NIV - neinvestiční výdaje včetně platů, nákladů vyplývajících z pracovněprávních vztahů, učební pomůcky atd. V TIS. Kč."
49,D49.5.6,ZUŠ - Neinvestiční příspěvek od zřizovatele,"Pouze za subjekty, které obec zřizuje. K 31.12. sledovaného roku. V TIS. Kč."
49,D49.5.6.1,ZUŠ - Ostatní neinvestiční výdaje hrazené přímo z rozpočtu obce - zřizovatele,"Může se jednat o NEINVESTIČNÍ výdaje na drobné opravy, údržbu apod., které HRADÍ OBEC PŘÍMO ZE SVÉHO ROZPOČTU a nejsou součástí příspěvku zřizovatele. Pouze za subjekty, které obec zřizuje. K 31.12. sledovaného roku. V TIS. Kč. Údaj sledován od roku 2006!"
49,D49.5.7,ZUŠ - Úplata za vzdělávání za kalendářní rok celkem,"Školné, které bylo vybráno celkem od všech žáků. Pouze za subjekty, které obec zřizuje. K 31.12. sledovaného roku. V TIS. Kč."
49,D49.5.8,ZUŠ - Počet oborů celkem,"Pouze za subjekty, které obec zřizuje. K 31.12. sledovaného roku. Viz rejstřík škol."
49,D49.6.1,STŘEDISKA VOLNÉHO ČASU (bývalé DDM) - Počet středisek celkem,"Pouze DDM, které obec zřizuje. K 31.10. sledovaného roku. Pokud obec nezřizuje DDM, vyplňte u tohoto a všech dalších údajích týkajících se DDM nulové hodnoty („0“)."
49,D49.6.3,STŘEDISKA VOLNÉHO ČASU (bývalé DDM) - Počet žáků a studentů k 31.10. sledovaného roku,"Pouze za subjekty, které obec zřizuje. Výkaz Z15-01, ř. 109."
49,D49.6.4,STŘEDISKA VOLNÉHO ČASU (bývalé DDM) - Počet zaměstnanců (přepočtený na celorok ) k 31. 12. sledovaného roku,"Pouze za subjekty, které obec zřizuje. Výkaz P1-04, ř. 0501."
49,D49.6.4.1,z toho počet pedagogických pracovníků k 31.12. sledovaného roku,"Pouze za subjekty, které obec zřizuje. Výkaz P1-04, ř. 0504."
49,D49.6.5,STŘEDISKA VOLNÉHO ČASU (bývalé DDM) - Přímé náklady na vzdělávání ze SR (NIV),"Pouze za subjekty, které obec zřizuje. K 31.12. sledovaného roku. NIV - neinvestiční výdaje včetně platů, nákladů vyplývajících z pracovněprávních vztahů, učební pomůcky atd. V TIS. Kč."
49,D49.6.6,STŘEDISKA VOLNÉHO ČASU (bývalé DDM) - Neinvestiční příspěvek od zřizovatele,"Pouze za subjekty, které obec zřizuje včetně NIV a příspěvku na učební pomůcky z rozpočtu obce/zřizovatele. K 31.12. sledovaného roku. V TIS. Kč."
49,D49.6.6.1,STŘEDISKA VOLNÉHO ČASU (bývalé DDM) - Ostatní neinvestiční výdaje hrazené přímo z rozpočtu obce - zřizovatele,"Může se jednat o NEINVESTIČNÍ výdaje na drobné opravy, údržbu apod., které HRADÍ OBEC PŘÍMO ZE SVÉHO ROZPOČTU a nejsou součástí příspěvku zřizovatele. Pouze za subjekty, které obec zřizuje. K 31.12. sledovaného roku. V TIS. Kč. Údaj sledován od roku 2006!"
49,D49.6.7,STŘEDISKA VOLNÉHO ČASU (bývalé DDM) - Počet zájmových útvarů pro žáky a studenty celkem k 31. 10. sledovaného roku,"Pouze za subjekty, které obec zřizuje. Výkaz Z 15-01, ř. 108."
49,D49.7.1,Počet zaměstnanců zajišťujících výkon SAMOSPRÁVY ve školství - pracovních úvazků,"Úvazky pro agendu celkem stanovte POUZE ZA ZAMĚSTNANCE ZAJIŠŤUJÍCÍ VÝKON SAMOSPRÁVY NA ÚSEKU ŠKOLSTVÍ k 31.12. sledovaného roku včetně poměrné části pracovních úvazků vedoucích a administrativní síly, které rozpočtěte vzhledem k počtu pracovníků na oddělení nebo odboru. Zpravidla půjde o desetinné číslo. Pokud pracovník vykonává i jinou agendu, započítává se pouze příslušným podílem a součet jeho úvazků v těchto agendách musí být roven jedné! Poměrná část úvazku zaměstnanců se týká vždy konkrétní agendy za kterou, jsou vstupní data vyplňována. Součet úvazků v agendách se tak nemusí rovnat počtu zaměstnanců odboru nebo oddělení pokud tato organizační jednotka zajišťuje další agendy nebo úkoly, které nejsou předmětem porovnávání. POZNÁMKA: !Úvazky zaměstnanců jsou pouze doplňkovým údajem a lze je srovnávat POUZE v rámci úřadů s podobnou organizační strukturou a vazbou na příspěvkové organizace! Různý počet vykazovaných zaměstnanců bude ovlivněn: a) organizační strukturou (např. v jedné obci odbor školství zajišťuje i správu a údržbu majetku, v jiné je tato činnost přenesena na správu majetku; b) obsahem zřizovacích listin (např. v jedné obci si údržbu a správu majetku zajišťují přímo příspěvkové organizace, v jiné jde o kompetenci úřadu)."
50,D50.1,Počet plánovaných investičních akcí z upraveného rozpočtu na daný kalendářní rok,"Akcí se pro účely tohoto vykazování rozumí jmenovité (samostatně vedené) stavební a technologické zakázky, VČETNĚ projektových příprav investic v daném kalendářním roce."
50,D50.2,Počet realizovaných investičních akcí v daném kalendářním roce,Akcí se pro účely tohoto vykazování rozumí jmenovité (samostatně vedené) stavební a technologické zakázky (rozpracované a dokončené) za daný kalendářní rok.
50,D50.2.0,z toho počet realizovaných projektových příprav v daném kalendářním roce,Projektovou přípravou pro účely tohoto vykazování se rozumí zajištění projektové dokumentace všech stupňů.
50,D50.3,Finanční objem plánovaných investičních akcí z upraveného rozpočtu na daný kalendářní rok v tis. Kč,"Finančním objemem se pro účely tohoto vykazování rozumí finanční objem plánovaných investičních akcí, VČETNĚ externích nákladů, např. projektová dokumentace, inženýrská činnost, externí technický dozor investora, zajištění výběrového řízení externím dodavatelem, apod."
50,D50.4,Finanční objem realizovaných investičních akcí v daném kalendářním roce v tis. Kč,"Finančním objemem se pro účely tohoto vykazování rozumí finanční objem realizovaných investičních akcí (rozpracované a dokončené), VČETNĚ externích nákladů, např. projektová dokumentace, inženýrská činnost, externí technický dozor investora, zajištění výběrového řízení externím dodavatelem, dotační management, BOZP apod."
50,D50.4.0,z toho celkové EXTERNÍ náklady na realizaci investičních akcí za daný kalendářní rok v tis. Kč,"Např. projektová dokumentace, inženýrská činnost, externí technický dozor investora, zajištění výběrového řízení externím dodavatelem, dotační management, BOZP apod."
50,D50.6,Objem dotací v tis. Kč,Celkový objem SCHVÁLENÝCH účelových dotací na jmenovité stavební a technologické zakázky a projektové přípravy (zahrnutých do polí D50.1 a D50.2) za daný kalendářní rok.
50,D50.7,Příjmy obce v tis. Kč,"Celkové konsolidované příjmy obce dle závěrečného účtu za daný kalendářní rok.
Vzorec: D42.8"
50,D50.8,Výdaje obce v tis. Kč,"Celkové konsolidované výdaje obce dle závěrečného účtu za daný kalendářní rok.
Vzorec: D42.9"
50,D50.9,Příjmy obce kapitálové v tis. Kč,"Součet kapitálových příjmů (tř. 3) a objemu účelových dotací na jmenovité stavební a technologické zakázky (z tř. 4).
Vzorec: D42.3+D42.7"
50,D50.10,Počet zaměstnanců - pracovních úvazků v agendě příprava a realizace investic celkem,"Úvazky pro agendu celkem stanovte k 31.12. sledovaného roku včetně poměrné části pracovních úvazků vedoucích a administrativní síly, které rozpočtěte vzhledem k počtu pracovníků na oddělení nebo odboru. Zpravidla půjde o desetinné číslo. Pokud pracovník vykonává i jinou agendu, započítává se pouze příslušným podílem a součet jeho úvazků v těchto agendách musí být roven jedné! Poměrná část úvazku zaměstnanců se týká vždy konkrétní agendy za kterou, jsou vstupní data vyplňována. Součet úvazků v agendách se tak nemusí rovnat počtu zaměstnanců odboru nebo oddělení pokud tato organizační jednotka zajišťuje další agendy nebo úkoly, které nejsou předmětem porovnávání. Pro účely tohoto vykazování se jedná o počty pracovníků, kteří se podílejí na přípravě a realizaci akcí."
50,D50.11,Náklady na realizaci investičních akcí v daném kalendářním roce v tis. Kč,"Celkové náklady na realizaci investičních akcí jsou dány vzorcem provozní náklady (zahrnující i mzdy) na pracovníky, kteří se podílejí na přípravě a realizaci investic (D50.11.1 a D50.11.2) + externí náklady (D50.4.0).
Vzorec: D50.11.1+D50.11.2+D50.4.0"
50,D50.11.1,Mzdové náklady na 1 pracovníka za daný kalendářní rok v tis. Kč,"Převzato z agendy 31 Výdaje na výkon státní správy a samosprávy (ukazatel U31.4).
Vzorec: (D31.10/D1.19)*D50.10"
50,D50.11.2,Provozní náklady na 1 pracovníka za daný kalendářní rok v tis. Kč,"Převzato z agendy 31 Výdaje na výkon státní správy a samosprávy (ukazatel U31.5).
Vzorec: (D31.11/D1.19)*D50.10"
51,D51.1,"Počet budov, úřadoven (i ve výpůjčce) pro styk s veřejností",K 31.12. sledovaného roku.
51,D51.2,Počet budov s bezbarierovým vstupem,K 31.12. sledovaného roku.
51,D51.3,Plocha kanceláří v m2,K 31.12. sledovaného roku.
51,D51.4,"Plocha chodeb, soc. zařízení, kuchyněk a prostory archivů v m2",Nezahrnuje venkovní prostory a suterény budov úřadů. K 31.12. sledovaného roku.
51,D51.5,Plocha zasedacích místností,K 31.12. sledovaného roku.
51,D51.6,Podlahová plocha v m2,"Součet D51.3+D51.4+D51.5. Nezahrnuje venkovní prostory a suterény budov úřadů. K 31.12. sledovaného roku.
Vzorec: D51.3+D51.4+D51.5"
51,D51.8,Počet kanceláří,K 31.12. sledovaného roku.
51,D51.9,Počet výtahů,K 31.12. sledovaného roku.
51,D51.10,Počet pracovišť podatelny,K 31.12. sledovaného roku.
51,D51.11,Výdaje na teplo v tis. Kč celkem,K 31.12. sledovaného roku.
51,D51.12,Výdaje na plyn v tis. Kč celkem,K 31.12. sledovaného roku.
51,D51.13,Výdaje na vodu v tis. Kč celkem,K 31.12. sledovaného roku.
51,D51.14,Výdaje na elektřinu v tis. Kč celkem,K 31.12. sledovaného roku.
51,D51.15,Výdaje na běžné opravy v daném roce v tis. Kč celkem,K 31.12. sledovaného roku.
51,D51.16,Výdaje na zhodnocení budov v daném roce v tis. Kč celkem,"Výdaje na zhodnocení budov v daném roce celkem - například rekonstrukce, modernizace. K 31.12. sledovaného roku."
51,D51.17,"Průměrný fyzický počet zaměstnanců (úředníků i neúředníků), včetně uvolněných funkcionářů","Všichni pracovníci, o nichž obec účtuje na § 6171 Činnost místní správy, tzn. bez organizačních složek, městské policie, pečovatelské služby apod. a ""uvolnění"" zastupitelé, o nichž obec účtuje na § 6112.
Vzorec: D1.20"
52,D52.1.2,Provozujete turistické informační centrum (dále jen TIC) ano/ne,"Rozumí se certifikované turistické informační centrum pro návštěvníky vašeho města. ne=0, ano, příspěvková organizace města = 1, ano, organizační složka města = 2, ano, součást Městského úřadu (odbor, součást odboru) = 3, ano, jiný zřizovatel = 4."
52,D52.1.2.1,Počet provozovaných TIC,
52,D52.2,"Výdaje města na provoz TIC jiným, od městského úřadu odlišným, subjektem v tis. Kč","Výdaje, kterými město financuje TIC, které není součástí úřadu. Např. příspěvková organizace, organizační složka, jiný subjekt (sdružení obcí, mikroregion apod.). Platí pro ty, kteří v řádku D52.1.2 uvedli možnost ""1, 2, 4"". Započítejte výdaje související s provozem TIC (např. mzdové náklady, opravy, údržba, energie, úklid, nájem, voda apod.)"
52,D52.3.1,Počet zaměstnanců TIC při městském úřadu pro propagaci cestovního ruchu města - pracovních úvazků,"Platí pro ty, kteří v řádku D52.1.2 uvedli možnost ""3"". Zaměstnanci úřadu (jejich úvazky) zaměření na služby pro turisty a návštěvníky města, propagaci města v ČR a zahraničí, apod. Bez brigádnic a nárazové výpomoci, pouze pracovní poměry dle zákoníku práce. Úvazky pro agendu celkem stanovte k 31.12. sledovaného roku včetně poměrné části pracovních úvazků vedoucích a administrativní síly, které rozpočtěte vzhledem k počtu pracovníků na oddělení nebo odboru. Zpravidla půjde o desetinné číslo. Pokud pracovník vykonává i jinou agendu, započítává se pouze příslušným podílem a součet jeho úvazků v těchto agendách musí být roven jedné! Poměrná část úvazku zaměstnanců se týká vždy konkrétní agendy za kterou, jsou vstupní data vyplňována. Součet úvazků v agendách se tak nemusí rovnat počtu zaměstnanců odboru nebo oddělení pokud tato organizační jednotka zajišťuje další agendy nebo úkoly, které nejsou předmětem porovnávání."
52,D52.3.2,"Počet zaměstnanců TIC jiného, od městského úřadu odlišného subjektu, pro propagaci cestovního ruchu města - pracovních úvazků","Platí pro ty, kteří v řádku D52.1.2 uvedli možnost ""1, 2, 4"". Zaměstnanci příspěvkové organizace města, organizační složky města, jiného zřizovatele (jejich úvazky) zaměření na služby pro turisty a návštěvníky města, propagaci města v ČR a zahraničí, apod. Pouze pracovní poměry dle zákoníku práce. Úvazky pro agendu celkem stanovte k 31.12. sledovaného roku včetně poměrné části pracovních úvazků vedoucích a administrativní síly, které rozpočtěte vzhledem k počtu pracovníků na oddělení nebo odboru. Zpravidla půjde o desetinné číslo. Pokud pracovník vykonává i jinou agendu, započítává se pouze příslušným podílem a součet jeho úvazků v těchto agendách musí být roven jedné! Poměrná část úvazku zaměstnanců se týká vždy konkrétní agendy za kterou, jsou vstupní data vyplňována. Součet úvazků v agendách se tak nemusí rovnat počtu zaměstnanců odboru nebo oddělení pokud tato organizační jednotka zajišťuje další agendy nebo úkoly, které nejsou předmětem porovnávání."
52,D52.4.1,"Počet veletrhů cestovního ruchu, kterých se město v roce účastnilo v roli vystavovatele nebo spoluvystavovatele v ČR","Městem se rozumí v tomto případě všechny možnosti uvedené v řádku D52.1.2 (příspěvková organizace města, organizační složka města, součást Městského úřadu (odbor, součást odboru), jiný zřizovatel. Spoluvystavovatelem se rozumí např. pod záštitou kraje, mikroregionu apod."
52,D52.4.2,"Počet veletrhů cestovního ruchu, kterých se město v roce účastnilo v roli vystavovatele nebo spoluvystavovatele v zahraničí","Městem se rozumí v tomto případě všechny možnosti uvedené v řádku D52.1.2 (příspěvková organizace města, organizační složka města, součást Městského úřadu (odbor, součást odboru), jiný zřizovatel. Spoluvystavovatelem se rozumí např. pod záštitou kraje, mikroregionu apod."
52,D52.5,Finanční prostředky vynaložené městem na propagaci cestovního ruchu celkem (v tis. Kč),"Započítejte náklady § 2143, položka 5138, 5139, 5168, 5169. Pokud jste součást úřadu, tak § 6171. Za období sledovaného roku."
52,D52.5.1,z toho finanční náklady na pořízení propagačních materiálů a upomínkových předmětů města (v tis. Kč),"Fin. náklad na nákup brožur, map, knih, upomínkových předmětů apod., které jsou rozdávány nebo prodávány. Jejich pořízení se hradí např. z položek 5138, 5139, 5169. Dále sem patří překladatelské služby týkající se těchto materiálů."
52,D52.5.2,z toho finanční náklady na veletrhy cestovního ruchu (v tis. Kč),"Výdaje za účast na veletrzích (účast. poplatek, pronájem plochy, stavba stánku, úklid apod.)."
52,D52.6,Tržby TIC za prodej propagačních materiálů a upomínkových předmětů města v tis. Kč,"Tržby za prodej brožur, map, knih, upomínkových předmětů apod. Zahrňte i tržby subjektu odpovědného za TIC, který nespadá pod město (v návaznosti na D52.1.2)."
52,D52.7,Počet návštěvníků TIC za rok,Pokud sledujete. Za období sledovaného roku.
52,D52.8.1,Jazyková vybavenost pracovníků TIC - kolik jazyků,V kolika jazycích poskytuje TIC informace (bez češtiny).
52,D52.8.2,Jazyková vybavenost pracovníků TIC - jaké jazyky,"V jakých jazycích poskytuje TIC informace (bez češtiny); angličtina = 1, němčina = 2, francouzština = 3, španělština = 4, italština = 5, ruština = 6, jiné = 0."
52,D52.8.3,Jazyková vybavenost propagačních materiálů - kolik jazyků,V kolika jazycích poskytuje TIC propagační materiály (bez češtiny).
52,D52.8.4,Jazyková vybavenost propagačních materiálů - jaké jazyky,"V jakých jazycích poskytuje TIC propagační materiály (bez češtiny); angličtina = 1, němčina = 2, francouzština = 3, španělština = 4, italština = 5, ruština = 6, jiné = 0."
52,D52.9,Realizujete v oblasti TIC granty (ano/ne) - jste příjemci dotací,"Granty pro předmět činnosti TIC; ano = 1, ne = 0."
52,D52.9.1,Objem získaných financí z grantů na propagaci cestovního ruchu (v tis. Kč),"Ve sledovaném roce. Granty na propagační materiály, účast na veletrzích apod. Zahrnuje dotace pro město, příspěvkové organizace, organizační složky, jiný subjekt."
53,D53.1,"Počet informatiků na úřadě, včetně zaměstnanců zabývajících se GIS - pracovních úvazků","Včetně osob spravujících telefony (pevné i mobilní). Úvazky pro agendu celkem stanovte k 31.12. sledovaného roku včetně poměrné části pracovních úvazků vedoucích a administrativní síly, které rozpočtěte vzhledem k počtu pracovníků na oddělení nebo odboru. Zpravidla půjde o desetinné číslo. Pokud pracovník vykonává i jinou agendu, započítává se pouze příslušným podílem a součet jeho úvazků v těchto agendách musí být roven jedné! Poměrná část úvazku zaměstnanců se týká vždy konkrétní agendy za kterou, jsou vstupní data vyplňována. Součet úvazků v agendách se tak nemusí rovnat počtu zaměstnanců odboru nebo oddělení pokud tato organizační jednotka zajišťuje další agendy nebo úkoly, které nejsou předmětem porovnávání."
53,D53.1.1,z toho POČET INFORMATIKŮ PRACUJÍCÍCH PRO ÚŘAD,"JEDNÁ SE O ÚVAZKY INFORMATIKŮ, KTEŘÍ PRACUJÍ VÝHRADNĚ PRO ÚŘAD, TEDY NE NAPŘ. PRO PŘÍSPĚVKOVÉ ORGANIZACE, MĚSTSKOU POLICII, ORGANIZAČNÍ SLOŽKY APOD."
53,D53.2,Počet zaměstnanců zabývajících se GIS - pracovních úvazků,"Úvazky pro agendu stanovte k 31.12. sledovaného roku včetně poměrné části pracovních úvazků vedoucích a administrativní síly, které rozpočtěte vzhledem k počtu pracovníků na oddělení nebo odboru. Zpravidla půjde o desetinné číslo. Pokud pracovník vykonává i jinou agendu, započítává se pouze příslušným podílem a součet jeho úvazků v těchto agendách musí být roven jedné! Poměrná část úvazku zaměstnanců se týká vždy konkrétní agendy za kterou, jsou vstupní data vyplňována. Součet úvazků v agendách se tak nemusí rovnat počtu zaměstnanců odboru nebo oddělení pokud tato organizační jednotka zajišťuje další agendy nebo úkoly, které nejsou předmětem porovnávání."
53,D53.2.1,z toho POČET zaměstnanců zabývajících se GIS PRACUJÍCÍCH POUZE PRO ÚŘAD,"JEDNÁ SE O ÚVAZKY zaměstnanců zabývajících se GIS, KTEŘÍ PRACUJÍ PRO ÚŘAD, TEDY NE NAPŘ. PRO PŘÍSPĚVKOVÉ ORGANIZACE, MĚSTSKOU POLICII, ORGANIZAČNÍ SLOŽKY APOD. Výpočet stejně jako u položky 53.2, tj včetně vedoucích a administrativy"
53,D53.3,"Fyzický počet zaměstnanců (úředníků i neúředníků), včetně uvolněných funkcionářů","Všichni pracovníci, o nichž obec účtuje na § 6171 Činnost místní správy, tzn. bez organizačních složek, městské policie, pečovatelské služby apod. a ""uvolnění"" zastupitelé, o nichž obec účtuje na § 6112.
Vzorec: D1.20"
53,D53.3.1,"Fyzický počet NEuvolněných funkcionářů, pro které úřad spravuje PC","Počet NEuvolněných funkcionářů, pro které pracovníci informatiky spravují PC, notebooky."
53,D53.4,Počet VŠECH serverů,Počet aplikačních a obslužných serverů - autentizace uživatelů atd. K 31.12. sledovaného roku.
53,D53.4.1,z toho počet virtuálních serverů,Počet virtuálních serverů. K 31.12. sledovaného roku.
53,D53.7,Celkový počet všech spravovaných PC A NOTEBOOKŮ,Celkový počet všech spravovaných PC A NOTEBOOKŮ včetně zapůjčených PC A NOTEBOOKŮ a PC A NOTEBOOKŮ spravovaných pro úřad a ostatní zřizované organizace a včetně PC A NOTEBOOKŮ pro VŠECHNY členy zastupitelstva. K 31.12. sledovaného roku.
53,D53.7.2,z toho PC A NOTEBOOKY spravované pro zřizované organizace,"Všechno mimo úřad. Zřizovanou organizací se rozumí např. organizační složky obce, příspěvkové organizace apod. K 31.12. sledovaného roku. Všechno mimo úřad."
53,D53.7.3,Celkový počet všech spravovaných aktivních síťových prvků s managementem,"K 31.12. sledovaného roku. Např. switch, kamery, routery, AP."
53,D53.8,Počet samostatných tiskáren,"Včetně zápůjček, všechny funkční. K 31.12. sledovaného roku."
53,D53.10,Počet multifunkčních zařízení,"Jedná se o stroje, které jsou zároveň tiskárnou, kopírkou, skenerem, faxem apod. Včetně zápůjček, všechny funkční. K 31.12. sledovaného roku."
53,D53.11,Výdaje na HW a SW celkem v tis. Kč mimo výdaje na outsourcing (BEZ VÝDAJŮ NA TELEFONOVÁNÍ),"Údržba + nákup – bez mzdových nákladů, doplnit dle účetní osnovy; rozpočtová položka 5137, 5139, 5162 (jen náklady na internet), 5168 (bez výdajů na outsourcing), 5169 (bez výdajů na outsourcing), 5171, 5172, 5179, 6111, 6119, 6122, 6125. K 31.12. sledovaného roku (výdaje v daném rozpočtovém období). VÝDAJE NA TELEFONOVÁNÍ JSOU ZAHRNUTY DO AGENDY 57. TELEFONY."
53,D53.11.1,Provozní náklady na informatiky v tis. Kč,"NEVYPLŇUJTE, vypočítáno automaticky vzorcem. Zahrnuje poměrnou částku za mzdy a provoz úřadu.
Vzorec: (D31.9/D31.1)*D53.1"
53,D53.12,Existuje na úřadě outsourcing (nákup) informačních služeb (ano/ne),"ano=1, ne=0"
53,D53.12.1,Výdaje na outsourcing (nákup) informačních služeb tis. v Kč (BEZ VÝDAJŮ NA TELEFONOVÁNÍ),"Údržba + nákup OSTATNÍCH SLUŽEB DO IT MIMO HW A SW, TJ. včetně nákupu služeb od zřizované IT organizace. Rozpočtová položka 5162 (jen náklady na internet), 5168 (výdaje na outsourcing), 5169 (výdaje na outsourcing), 5171, 5172, 5179, 6111, 6119, 6122, 6125. K 31.12. sledovaného roku (výdaje v daném rozpočtovém období). VÝDAJE NA TELEFONOVÁNÍ JSOU ZAHRNUTY DO AGENDY 57. TELEFONY."
53,D53.14,Je omezen přístup na určité stránky? ano/ne,"ano=1, ne=0"
53,D53.17.1,Způsob PRIMÁRNÍHO připojení k internetu,xDSL = 1; bezdrátová technologie = 2; optika = 3; LAN = 4; jiné = 5. K 31.12. sledovaného roku.
53,D53.17.2,Přenosová rychlost připojení k internetu,Uveďte v Mb/s. K 31.12. sledovaného roku.
53,D53.19,Počet osobních elektronických certifikátů,"Za celé období sledovaného roku, certifikáty QCA i VCA."
53,D53.20,Jaké využíváte medium pro osobní elektronické certifikáty?,"1=token, 2= čipová karta, 3=cloud, 4=jiný"
53,D53.22,Používáte elektronické formuláře? (ano/ne),"ano=1, ne=0; používáním elektronického formuláře se myslí možnost vyplnit formulář v prohlížeči a odeslat na elektronickou podatelnu nebo přes datovou schránku."
54,D54.1,Počet služebních řidičů - pracovních úvazků,"Počítán pouze řidič, vykonávající tuto profesi jako hlavní nebo převažující pracovní činnost z náplně práce. Úvazky pro agendu celkem stanovte k 31.12. sledovaného roku včetně poměrné části pracovních úvazků vedoucích a administrativní síly, které rozpočtěte vzhledem k počtu pracovníků na oddělení nebo odboru. Zpravidla půjde o desetinné číslo. Pokud pracovník vykonává i jinou činnost, započítává se pouze příslušným podílem a součet jeho úvazků celkem musí být roven jedné! Poměrná část úvazku zaměstnanců se týká vždy konkrétní agendy za kterou, jsou vstupní data vyplňována. Součet úvazků v agendách se tak nemusí rovnat počtu zaměstnanců odboru nebo oddělení pokud tato organizační jednotka zajišťuje další agendy nebo úkoly, které nejsou předmětem porovnávání."
54,D54.2,Počet služebních vozidel (včetně pořízených na leasing i VČETNĚ elektromobilů a hybridních vozidel),"Započítána služební vozidla referentská sloužící k potřebám zaměstnanců úřadu, služební vozidla vedoucích, tajemníka a politiků (uvolněných). Nepočítají se vozidla Městské policie, ani jiná vozidla, která nevyužívají pracovníci, o nichž obec účtuje na § 6171 Činnost místní správy a ""uvolnění"" zastupitelé, o nichž obec účtuje na § 6112."
54,D54.2.1,z toho počet elektromobilů z celkového počtu vozidel,"Započítány elektromobily sloužící k potřebám zaměstnanců úřadu, služební vozidla vedoucích, tajemníka a politiků (uvolněných). Nepočítají se vozidla Městské policie, ani jiná vozidla, která nevyužívají pracovníci, o nichž obec účtuje na § 6171 Činnost místní správy a ""uvolnění"" zastupitelé, o nichž obec účtuje na § 6112."
54,D54.2.2,z toho počet hybridních vozidel z celkového počtu vozidel,"Započítány elektromobily sloužící k potřebám zaměstnanců úřadu, služební vozidla vedoucích, tajemníka a politiků (uvolněných). Nepočítají se vozidla Městské policie, ani jiná vozidla, která nevyužívají pracovníci, o nichž obec účtuje na § 6171 Činnost místní správy a ""uvolnění"" zastupitelé, o nichž obec účtuje na § 6112."
54,D54.2.3,z toho počet vozidel pořízených na leasing z celkového počtu vozidel,"Může zahrnovat i elektromobily a hybridní vozidla. Započítána vozidla pořízená na leasing sloužící k potřebám zaměstnanců úřadu, služební vozidla vedoucích, tajemníka a politiků (uvolněných). Nepočítají se vozidla Městské policie, ani jiná vozidla, která nevyužívají pracovníci, o nichž obec účtuje na § 6171 Činnost místní správy a ""uvolnění"" zastupitelé, o nichž obec účtuje na § 6112."
54,D54.3,Počet najetých km všemi vozidly,"Nepočítají se vozidla Městské policie, ani jiná vozidla, která nevyužívají pracovníci, o nichž obec účtuje na § 6171 Činnost místní správy a ""uvolnění"" zastupitelé, o nichž obec účtuje na § 6112."
54,D54.4,Průměrné stáří vozidel v letech k 31.12. sledovaného roku,"Nepočítají se vozidla Městské policie, ani jiná vozidla, která nevyužívají pracovníci, o nichž obec účtuje na § 6171 Činnost místní správy a ""uvolnění"" zastupitelé, o nichž obec účtuje na § 6112."
54,D54.5,Výdaje na PHM v tis. Kč,"Včetně výdajů na LPG. Položka 5156 položka – pohonné hmoty a maziva. Nepočítají se vozidla Městské policie, ani jiná vozidla, která nevyužívají pracovníci, o nichž obec účtuje na § 6171 Činnost místní správy a ""uvolnění"" zastupitelé, o nichž obec účtuje na § 6112."
54,D54.5.1,z toho výdaje na LPG,
54,D54.6,Spotřeba PHM v litrech,
54,D54.7,Výdaje na provoz všech vozidel (mimo PHM) VČETNĚ HYBRIDŮ A ELEKTROMOBILŮ v tis. Kč,"Výdaje na provoz - pojištění položka 5163, mzdy služebních řidičů 5011, včetně sociálního a zdravotního pojištění pol. 5031 a 5032, opravy 5171, dálniční známky 5362, servis (mytí, STK, měření emisí) 5169, výdaje na energie (např. u elektromobilů): 5154 položka – elektrická energie. Nepočítají se vozidla Městské policie, ani jiná vozidla, která nevyužívají pracovníci, o nichž obec účtuje na § 6171 Činnost místní správy a ""uvolnění"" zastupitelé, o nichž obec účtuje na § 6112."
54,D54.7.1,z toho výdaje na mzdy služebních řidičů v tis. Kč,Výdaje na provoz - mzdy služebních řidičů položka 5011.
54,D54.7.2,z toho výdaje na provoz elektromobilů v tis. Kč,"Zejména na energie (např. u elektromobilů): 5154 položka – elektrická energie, 5156 položka – pohonné hmoty a maziva."
54,D54.8,Povolujete služební cesty soukromými vozidly? (ano/ne),"ano=1, ne=0"
54,D54.9,Využíváte monitoring pohybu vozidel (GPS)? ano/ne,"ano=1, ne=0"
54,D54.10,Využíváte elektronickou knihu jízd? (ano/ne),"ano=1, ne=0"
54,D54.11,"Průměrný fyzický počet zaměstnanců (úředníků i neúředníků), včetně uvolněných funkcionářů","Všichni pracovníci, o nichž obec účtuje na § 6171 Činnost místní správy, tzn. bez organizačních složek, městské policie, pečovatelské služby apod. a ""uvolnění"" zastupitelé, o nichž obec účtuje na § 6112.
Vzorec: D1.20"
55,D55.1,"Tvorba fondu podílem z objemu prostředků na platy a odměny zaměstnanců, případně zastupitelů, kteří mohou čerpat ze sociálního fondu","Uveďte v procentech. CELOU AGENDU 55, PROSÍM, VYPLŇTE POUZE ZA ZAMĚSTNANCE ZAŘAZENÉ DO ÚŘADU případně zastupitele (v případě, že neevidujete odděleně, rozdělte v poměru dle odpovídajícího počtu osob). V případě, že příslušný benefit neposkytujete, vyplňte nulu. Jiné (v agendě neuvedené) benefity uveďte finanční částkou v řádku D55.5.11."
55,D55.2,Celkový objem finančních prostředků PŘIDĚLENÝCH DO FONDU V TIS. KČ,Celkový objem finančních prostředků přidělených do fondu ve sledovaném roce. V tis. Kč
55,D55.3,Celkový objem PROVOZNÍCH PROSTŘEDKŮ URČENÝCH NA BENEFITY zaměstnanců V TIS. KČ,Celkový objem provozních finančních prostředků určených na benefity zaměstnanců (včetně příspěvku na stravné) ve sledovaném roce. V tis. Kč. Mimo prostředky přidělené do sociálního fondu.
55,D55.4,Příspěvek na stravné celkem v Kč,Kč /pracovní den / zaměstnanec
55,D55.4.1,Příspěvek na stravné - z fondu,Kč /pracovní den / zaměstnanec
55,D55.4.2,Příspěvek na stravné - z provozních prostředků,Kč /pracovní den / zaměstnanec
55,D55.5.1,Penzijní pojištění,"Max. částka v Kč / osoba oprávněná k čerpání / rok. Pokud benefit neposkytujete, vyplňte nulu."
55,D55.5.2,"Osobní konta, flexipasy apod.","Max. částka v Kč / osoba oprávněná k čerpání / rok. Pokud benefit neposkytujete, vyplňte nulu."
55,D55.5.3,Příspěvky na rekreaci,"POUZE POKUD NEJSOU SOUČÁSTÍ D55.5.2! Max. částka v Kč / osoba oprávněná k čerpání / rok. Pokud benefit neposkytujete, vyplňte nulu."
55,D55.5.4,Příspěvky na sportovní aktivity nebo zdravotní prevenci,"POUZE POKUD NEJSOU SOUČÁSTÍ D55.5.2! Max. částka v Kč / osoba oprávněná k čerpání / rok. Pokud benefit neposkytujete, vyplňte nulu."
55,D55.5.5,Sociální nebo jiné půjčky,"Max. částka v Kč / osoba oprávněná k čerpání / rok. Pokud benefit neposkytujete, vyplňte nulu."
55,D55.5.6,Příspěvek na úpravu zevnějšku (ošatné),"Kč / osoba oprávněná k čerpání / rok. Pokud benefit neposkytujete, vyplňte nulu."
55,D55.5.6.1,Příspěvek na úpravu zevnějšku (ošatné) - určení osob,Vyplňte: 0 - benefit neposkytujeme; 1 - pro všechny zaměstnance; 2 - pouze vedoucí zaměstnanci; 3 - pouze vybrané pracovní pozice.
55,D55.5.7,"Odměny při životních jubileích, odměny při odchodu do penze, odměny za počet odpracovaných let","Uveďte částku v Kč vyplacenou CELKEM ve sledovaném roce. Pokud benefit neposkytujete, vyplňte nulu."
55,D55.5.8,"Zájezdy, akce, pobyty apod. organizované úřadem, zaměstnavatelem, odborovou organizací apod.","Uveďte částku v Kč vyčerpanou CELKEM ve sledovaném roce. Pokud benefit neposkytujete, vyplňte nulu."
55,D55.5.9,Počet dnů pracovního volna s náhradou platu nad rámec Zákoníku práce na jednoho zaměstnance,"BUDE DOPLNĚNO AUTOMATICKY Z AGENDY 39. Počet dnů pracovního volna s náhradou platu poskytovaných zaměstnavatelem ve výši průměrného výdělku pro jiné důležité osobní překážky v práci týkající se jeho osoby, než jsou uvedeny v § 199 nebo § 191 Zákoníku práce. Jedná se o tzv. indispoziční volno, volno na zotavenou apod., které jsou poskytovány zaměstnavatelem navíc - nad rámec zákonné dovolené (také nazýváno jako sick-leave, sick-days apod.). Uveďte počet dnů za rok na něž má nárok jeden zaměstnanec.
Vzorec: D39.3"
55,D55.5.10,Náborové příspěvky,"Uveďte částku v Kč vyčerpanou CELKEM ve sledovaném roce. Pokud benefit neposkytujete, vyplňte nulu."
55,D55.5.11,Ostatní benefity a příspěvky,"Uveďte částku v Kč vyčerpanou CELKEM ve sledovaném roce. Pokud ostatní benefity neposkytujete, vyplňte nulu."
56,D56.1,Plochy úklidu - kanceláře v m2,
56,D56.2,"Plochy úklidu - chodby, soc. zařízení, kuchyňky, zasedací místnosti a prostory archivů v m2",
56,D56.4,Plocha úklidu celkem v m2,"součet D56.1+D56.2
Vzorec: D56.1+D56.2"
56,D56.5,Zabezpečování úklidu - vlastními zaměstnanci (ano/ne),"ano=1, ne=0"
56,D56.6,Zabezpečování úklidu - dodavatelsky (ano/ne),"ano=1, ne=0"
56,D56.7,Počet vlastních zaměstnanců zabezpečujících úklid - pracovních úvazků,"Úvazky pro agendu celkem stanovte k 31.12. sledovaného roku včetně poměrné části pracovních úvazků vedoucích a administrativní síly, které rozpočtěte vzhledem k počtu pracovníků na oddělení nebo odboru. Zpravidla půjde o desetinné číslo. Pokud pracovník vykonává i jinou činnost, započítává se pouze příslušným podílem a součet jeho úvazků celkem musí být roven jedné! Poměrná část úvazku zaměstnanců se týká vždy konkrétní agendy za kterou, jsou vstupní data vyplňována. Součet úvazků v agendách se tak nemusí rovnat počtu zaměstnanců odboru nebo oddělení pokud tato organizační jednotka zajišťuje další agendy nebo úkoly, které nejsou předmětem porovnávání."
56,D56.8,Mzdové výdaje vč. odvodů na tyto zaměstnance v tis. Kč,
56,D56.9,Ostatní výdaje na úklid vlastními zaměstnanci v tis. Kč,"(čistící prostředky, hygienické potřeby, praní ručníků, rohoží apod.)"
56,D56.10,Výdaje na úklid vlastními zaměstnanci celkem v tis. Kč,"Součet D56.8 + D56.9 - Mzdové výdaje + ostatní výdaje na úklid vlastními zaměstnanci.
Vzorec: D56.8+D56.9"
56,D56.11,Výdaje na dodavatelský úklid celkem v tis. Kč,
56,D56.12,"Průměrný fyzický počet zaměstnanců (úředníků i neúředníků), včetně uvolněných funkcionářů","Všichni pracovníci, o nichž obec účtuje na § 6171 Činnost místní správy, tzn. bez organizačních složek, městské policie, pečovatelské služby apod. a ""uvolnění"" zastupitelé, o nichž obec účtuje na § 6112.
Vzorec: D1.20"
57,D57.2,Celkové výdaje v tis. Kč na používání telefonů bez soukromých hovorů (pevná linka),"Celkové výdaje v tis. Kč na používání telefonů bez soukromých hovorů (pevná linka) bez GSM brány. K 31.12. sledovaného roku. Pro úřad i pro ostatní organizace města, pokud spravuje úřad i pro ostatní organizace města. Pokud si ostatní organizace města spravují sami, započítejte pouze samotný úřad."
57,D57.2.1,Celkové výdaje v tis. Kč na používání telefonů bez soukromých hovorů (pevná linka) POUZE pro úřad,Celkové výdaje v tis. Kč na používání telefonů bez soukromých hovorů (pevná linka) bez GSM brány. K 31.12. sledovaného roku.
57,D57.3,Počet ústředen,Pevná linka. K 31.12. sledovaného roku.
57,D57.3.1,Celkové výdaje v tis. Kč na provoz ústředen (BEZ TELEFONNÍCH HOVORŮ),Ústředny. K 31.12. sledovaného roku.
57,D57.4,Počet telefonních linek přímých a OD OPERÁTORA do ústředny BEZ GSM BRÁNY,Pevná linka. K 31.12. sledovaného roku.
57,D57.5,Počet připojených stanic (telefonních přístrojů) celkem k ústředně/ústřednám,K 31.12. sledovaného roku.
57,D57.6,VYHRAZENÉ TELEFONNÍ okruhy mezi budovami (propojení budov) ano/ne,"ano=1, ne=0. Za vyhrazený telefonní okruh je považováno přímé propojení budov města. Je to o tom jestli si můžete mezi budovami navzájem volat pomocí zkrácené volby prostřednictvím vaší telefonní ústředny."
57,D57.7,Výdaje na VYHRAZENÉ TELEFONNÍ okruhy v tis. Kč,K 31.12. sledovaného roku.
57,D57.8,Úhrada soukromých hovorů ano/ne - pevná linka,"ano=1, ne=0; (pevná linka)"
57,D57.10,Počet mobilních telefonů (v majetku města),K 31.12. sledovaného roku.
57,D57.10.1,Počet SPRAVOVANÝCH SIM KARET CELKEM,"K 31.12. sledovaného roku. Spravovaných úřadem i pro ostatní organizace města. Pro úřad i pro ostatní organizace města, pokud spravuje úřad i pro ostatní organizace města. Pokud si ostatní organizace města spravují sami, započítejte pouze samotný úřad."
57,D57.10.1.1,z toho PRO ÚŘAD (pouze služební SIM),K 31.12. sledovaného roku. Nepočítá se případný benefit program.
57,D57.10.2,Počet SPRAVOVANÝCH TECHNOLOGICKÝCH SIM KARET CELKEM VČETNĚ ČISTĚ DATOVÝCH,"K 31.12. sledovaného roku. (kamery, tablety, parkovací automaty, kotelny, atd.)"
57,D57.10.2.1,z toho POUZE PRO ÚŘAD,K 31.12. sledovaného roku.
57,D57.11,Celkové výdaje v tis. Kč na úhradu tel. hovorů (mobilní telefony) včetně GSM brány,Celkové výdaje v tis. Kč na úhradu tel. hovorů (mobilní telefony) včetně GSM brány. K 31.12. sledovaného roku. Celkové náklady za položky 57.10.1 a 57.10.2
57,D57.11.1,Celkové výdaje v tis. Kč na úhradu tel. hovorů (mobilní telefony) včetně GSM brány POUZE PRO ÚŘAD,Celkové výdaje v tis. Kč na úhradu tel. hovorů (mobilní telefony) včetně GSM brány. K 31.12. sledovaného roku. Celkové náklady za položky 57.10.1.1 a 57.10.2.1
57,D57.12,Využíváte VPN (vnitropodniková síť) ano/ne,"ano=1, ne=0"
57,D57.13,Úhrada soukromých hovorů ano/ne - mobilní telefony,"ano=1, ne=0; (mobilní telefony)"
57,D57.15,Máte stanovené maximální měsíční limity na telefonování? ano/ne,"ano=1, ne=0"
57,D57.18,"Průměrný fyzický počet zaměstnanců (úředníků i neúředníků), včetně uvolněných funkcionářů","Všichni pracovníci, o nichž obec účtuje na § 6171 Činnost místní správy, tzn. bez organizačních složek, městské policie, pečovatelské služby apod. a ""uvolnění"" zastupitelé, o nichž obec účtuje na § 6112.
Vzorec: D1.20"
58,D58.1.1,Počet podaných žádostí - neinvestiční projekty města,"Počet podaných žádostí za období sledovaného roku. Pouze projekty realizované přímo městem. Nezapočítáváme zde jakékoli nárokové nebo opakující se dotace (např. dotace na SPOD, sociální práci, lesního hospodáře apod.)."
58,D58.1.2,Finanční objem podaných žádostí v tis. Kč - neinvestiční projekty města,"Finanční objem podaných žádostí (celkový objem včetně spolufinancování) za období sledovaného roku. Pouze projekty realizované přímo městem. Nezapočítáváme zde jakékoli nárokové nebo opakující se dotace (např. dotace na SPOD, sociální práci, lesního hospodáře apod.). V tis. Kč."
58,D58.1.3,Počet schválených žádostí - neinvestiční projekty města,"Počet schválených žádostí (právní akt, smlouva, závazné potvrzení) za období sledovaného roku. Pouze projekty realizované přímo městem. Nezapočítáváme zde jakékoli nárokové nebo opakující se dotace (např. dotace na SPOD, sociální práci, lesního hospodáře apod.)."
58,D58.1.4,Finanční objem schválených žádostí v tis. Kč - neinvestiční projekty města,"Finanční objem schválených žádostí (celkový objem včetně spolufinancování) za období sledovaného roku. Pouze projekty realizované přímo městem. Nezapočítáváme zde jakékoli nárokové nebo opakující se dotace (např. dotace na SPOD, sociální práci, lesního hospodáře apod.). V tis. Kč."
58,D58.2.1,Počet podaných žádostí - investiční projekty města,"Počet podaných žádostí za období sledovaného roku. Pouze projekty realizované přímo městem (týkající se vlastního majetku). Nezapočítáváme zde jakékoli nárokové nebo opakující se dotace (např. dotace na SPOD, sociální práci, lesního hospodáře apod.)."
58,D58.2.2,Finanční objem podaných žádostí v tis. Kč - investiční projekty města,"Finanční objem podaných žádostí (celkový objem včetně spolufinancování) za období sledovaného roku. Pouze projekty realizované přímo městem (týkající se vlastního majetku). Nezapočítáváme zde jakékoli nárokové nebo opakující se dotace (např. dotace na SPOD, sociální práci, lesního hospodáře apod.). V tis. Kč."
58,D58.2.3,Počet schválených žádostí - investiční projekty města,"Počet schválených žádostí (právní akt, smlouva, závazné potvrzení) za období sledovaného roku. Pouze projekty realizované přímo městem (týkající se vlastního majetku). Nezapočítáváme zde jakékoli nárokové nebo opakující se dotace (např. dotace na SPOD, sociální práci, lesního hospodáře apod.)."
58,D58.2.4,Finanční objem schválených žádostí v tis. Kč - investiční projekty města,"Finanční objem schválených žádostí (celkový objem včetně spolufinancování) za období sledovaného roku. Pouze projekty realizované přímo městem (týkající se vlastního majetku). Nezapočítáváme zde jakékoli nárokové nebo opakující se dotace (např. dotace na SPOD, sociální práci, lesního hospodáře apod.). V tis. Kč."
58,D58.3.1,Počet podaných žádostí - neinvestiční projekty pro cizí subjekty,"Počet podaných žádostí za období sledovaného roku. Pouze projekty zpracovávané a administrované městem pro cizí subjekty (svazky obcí, příspěvkové organizace apod.). Nezapočítáváme zde jakékoli nárokové nebo opakující se dotace. V případě, že pro cizí subjekty nezajišťujete, vyplňte, prosím nuly."
58,D58.3.2,Finanční objem podaných žádostí v tis. Kč - neinvestiční projekty pro cizí subjekty,"Finanční objem podaných žádostí (celkový objem včetně spolufinancování) za období sledovaného roku. Pouze projekty zpracovávané a administrované městem pro cizí subjekty (svazky obcí, příspěvkové organizace apod.). Nezapočítáváme zde jakékoli nárokové nebo opakující se dotace. V případě, že pro cizí subjekty nezajišťujete, vyplňte, prosím nuly. V tis. Kč."
58,D58.3.3,Počet schválených žádostí - neinvestiční projekty pro cizí subjekty,"Počet schválených žádostí (právní akt, smlouva, závazné potvrzení) za období sledovaného roku. Pouze projekty zpracovávané a administrované městem pro cizí subjekty (svazky obcí, příspěvkové organizace apod.). Nezapočítáváme zde jakékoli nárokové nebo opakující se dotace. V případě, že pro cizí subjekty nezajišťujete, vyplňte, prosím nuly."
58,D58.3.4,Finanční objem schválených žádostí v tis. Kč - neinvestiční projekty pro cizí subjekty,"Finanční objem podaných žádostí (celkový objem včetně spolufinancování) za období sledovaného roku.za období sledovaného roku. Pouze projekty zpracovávané a administrované městem pro cizí subjekty (svazky obcí, příspěvkové organizace apod.). Nezapočítáváme zde jakékoli nárokové nebo opakující se dotace. V případě, že pro cizí subjekty nezajišťujete, vyplňte, prosím nuly. V tis. Kč."
58,D58.4.1,Počet podaných žádostí - investiční projekty pro cizí subjekty,"Počet podaných žádostí za období sledovaného roku. Pouze projekty zpracovávané a administrované městem pro cizí subjekty (svazky obcí, příspěvkové organizace apod.). Nezapočítáváme zde jakékoli nárokové nebo opakující se dotace. V případě, že pro cizí subjekty nezajišťujete, vyplňte, prosím nuly."
58,D58.4.2,Finanční objem podaných žádostí v tis. Kč - investiční projekty pro cizí subjekty,"Finanční objem podaných žádostí (celkový objem včetně spolufinancování) za období sledovaného roku. Pouze projekty zpracovávané a administrované městem pro cizí subjekty (svazky obcí, příspěvkové organizace apod.). Nezapočítáváme zde jakékoli nárokové nebo opakující se dotace. V případě, že pro cizí subjekty nezajišťujete, vyplňte, prosím nuly. V tis. Kč."
58,D58.4.3,Počet schválených žádostí - investiční projekty pro cizí subjekty,"Počet schválených žádostí (právní akt, smlouva, závazné potvrzení) za období sledovaného roku. Pouze projekty zpracovávané a administrované městem pro cizí subjekty (svazky obcí, příspěvkové organizace apod.). Nezapočítáváme zde jakékoli nárokové nebo opakující se dotace. V případě, že pro cizí subjekty nezajišťujete, vyplňte, prosím nuly."
58,D58.4.4,Finanční objem schválených žádostí v tis. Kč - investiční projekty pro cizí subjekty,"Finanční objem podaných žádostí (celkový objem včetně spolufinancování) za období sledovaného roku. Pouze projekty zpracovávané a administrované městem pro cizí subjekty (svazky obcí, příspěvkové organizace apod.). Nezapočítáváme zde jakékoli nárokové nebo opakující se dotace. V případě, že pro cizí subjekty nezajišťujete, vyplňte, prosím nuly. V tis. Kč."
58,D58.5.1,Počet projektů v realizaci celkem,"Počet projektů, které byly ve sledovaném roce v realizaci (tedy včetně projektů zahájených v předchozích obdobích)."
58,D58.5.2,Celkový finanční objem projektů v realizaci celkem v tis. Kč,"Celkový finanční objem všech projektů v realizaci ve sledovaném roce v tis. Kč (objem celkem za projekt včetně spolufinancování, nikoli výdaje ve sledovaném roce)."
58,D58.5.3,Počet projektů v režimu udržitelnosti,Celkový počet projektů v režimu udržitelnosti k 31.12. sledovaného roku.
58,D58.5.4,"Počet zpracovaných hodnotících, monitorovacích nebo závěrečných zpráv a hlášení o udržitelnosti k projektům",Za období sledovaného roku.
58,D58.5.5,"Náklady na externí služby v souvislosti s přípravou žádostí a administrací projektů (žádosti, administrace, veřejné zakázky) v tis Kč","Za období sledovaného roku. Náklady na externí přípravu a realizaci veřejných zakázek - POUZE zakázky, které se týkají projektů (nikoli ostatních výdajů města). V tis. Kč."
58,D58.6.1,Finanční objem PŘIJATÝCH NEinvestičních PROJEKTOVÝCH prostředků ve sledovaném roce CELKEM v tis. Kč (vyplňuje ve spolupráci s finančním odborem),"Nezapočítáváme zde jakékoli nárokové nebo opakující se dotace (např. dotace na SPOD, sociální práci, lesního hospodáře apod.). Za období sledovaného roku. V tis. Kč."
58,D58.6.2,Finanční objem PŘIJATÝCH INvestičních PROJEKTOVÝCH prostředků ve sledovaném roce CELKEM v tis. Kč (vyplňuje ve spolupráci s finančním odborem),"Nezapočítáváme zde jakékoli nárokové nebo opakující se dotace (např. dotace na SPOD, sociální práci, lesního hospodáře apod.). Za období sledovaného roku. V tis. Kč."
58,D58.7,Počet úvazků zaměstnanců zajišťujících projektové žádosti a administraci projektů,"Vyplňte celkový počet úvazků pracovníků napříč organizační strukturou úřadu. Úvazky pro agendu celkem stanovte za celé období sledovaného roku včetně poměrné části pracovních úvazků vedoucích a administrativní síly, které rozpočtěte vzhledem k počtu pracovníků na oddělení nebo odboru. Zpravidla půjde o desetinné číslo. Pokud pracovník vykonává i jinou agendu, započítává se pouze příslušným podílem a součet jeho úvazků v těchto agendách musí být roven jedné! Poměrná část úvazku zaměstnanců se týká vždy konkrétní agendy za kterou, jsou vstupní data vyplňována. Součet úvazků v agendách se tak nemusí rovnat počtu zaměstnanců odboru nebo oddělení pokud tato organizační jednotka zajišťuje další agendy nebo úkoly, které nejsou předmětem porovnávání."
60,D60.1,Počet kontaktních míst (s certifikátem) v rámci úřadu,"Počet všech kontaktních míst s certifikátem, ve kterých je agenda Czech POINT v rámci úřadu dostupná pro žadatele."
60,D60.2,"Počet hodin v týdnu, kdy jsou pracoviště Czech POINT dostupná pro žadatele","Počet hodin za týden, ve kterých jsou kontaktní pracoviště Czech POINT oficiálně dostupná pro žadatele. POZOR - nejedná se o součet hodin jednotlivých kontaktních pracovišť. NEZAPOČÍTÁVÁME POLEDNÍ PŘESTÁVKU ve zveřejněném rozsahu (klienti v této době nejsou odbavováni, polední přestávka je zveřejněna)."
60,D60.3,Počet vydaných ověřených výstupů (výpisů),"Celkový počet všech vydaných ověřených výstupů (výpisů) ve sledovaném období vydaných v rámci úřadu, VČETNĚ VÝPISŮ PRO VNITŘNÍ POTŘEBU, tj. vydaných na všech kontaktních místech úřadu i v případě, že je agenda Czech POINT vykonávána i dalšími odbory. Počet vydaných ověřených výstupů (výpisů) je součtem polí: Počet ověřených výstupů (výpisů) z rejstříků trestů pro právnickou osobu + Počet ověřených výstupů (výpisů) z rejstříků trestů pro fyzickou osobu + Počet ověřených výstupů (výpisů) z katastru nemovitostí + Počet ověřených výstupů (výpisů) z obchodního rejstříku + Počet ověřených výstupů (výpisů) ze živnostenského rejstříku + Počet ověřených výstupů (výpisů) z bodového hodnocení řidiče + Počet ověřených výstupů (výpisů) ze seznamu kvalifikovaných dodavatelů + Počet podání do registru účastníků provozu modulu autovraků ISOH + Počet ověřených výstupů (výpisů) - autorizované konverze dokumentů z listinné do elektronické formy a naopak + Počet ověřených výstupů (výpisů) z insolvenčního rejstříku + Počet ověřených výstupů (výpisů) - datové schránky + Počet ověřených výstupů (výpisů) ze základních registrů + Výpisy snímku z katastrální mapy + Zprostředkovaná identifikace + Žádosti o výpis z rejstříku trestů, které nebyly vyřízeny elektronicky + Registr živnostenského podnikání pro fyzickou osobu + Registr živnostenského podnikání pro právnickou osobu. K 31.12. sledovaného roku.
Vzorec: D60.3.0+D60.3.1+D60.3.2+D60.3.3+D60.3.4+D60.3.5+D60.3.6+D60.3.7+D60.3.8+D60.3.9+D60.3.10+D60.3.11+D60.3.12+D60.3.13+D60.4+D60.5.1+D60.5.2"
60,D60.3.0,Počet ověřených výstupů (výpisů) z rejstříků trestů pro právnickou osobu,"Počet všech vydaných ověřených výstupů (výpisů) z rejstříků trestů pro právnickou osobu ve sledovaném období vydaných v rámci úřadu (včetně výpisů pro vnitřní potřebu), tj. vydaných na všech kontaktních místech úřadu i v případě, že je agenda Czech POINT vykonávána i dalšími odbory. K 31.12. sledovaného roku."
60,D60.3.1,Počet ověřených výstupů (výpisů) z rejstříků trestů pro fyzickou osobu,"Počet všech vydaných ověřených výstupů (výpisů) z rejstříků trestů pro fyzickou osobu ve sledovaném období vydaných v rámci úřadu (včetně výpisů pro vnitřní potřebu), tj. vydaných na všech kontaktních místech úřadu i v případě, že je agenda Czech POINT vykonávána i dalšími odbory. K 31.12. sledovaného roku."
60,D60.3.2,Počet ověřených výstupů (výpisů) z katastru nemovitostí,"Počet všech vydaných ověřených výstupů (výpisů) z katastru nemovitostí ve sledovaném období vydaných v rámci úřadu (včetně výpisů pro vnitřní potřebu), tj. vydaných na všech kontaktních místech úřadu i v případě, že je agenda Czech POINT vykonávána i dalšími odbory. K 31.12. sledovaného roku."
60,D60.3.3,Počet ověřených výstupů (výpisů) z veřejného rejstříku,"Počet všech vydaných ověřených výstupů (výpisů) z veřejného rejstříku (tj. obchodní rejstřík, spolkový rejstřík, nadační rejstřík, rejstřík ústavů, rejstřík společenství vlastníků jednotek a rejstřík obecně prospěšných společností) ve sledovaném období vydaných v rámci úřadu (včetně výpisů pro vnitřní potřebu), tj. vydaných na všech kontaktních místech úřadu i v případě, že je agenda Czech POINT vykonávána i dalšími odbory. K 31.12. sledovaného roku."
60,D60.3.4,Počet ověřených výstupů (výpisů) ze živnostenského rejstříku,"Počet všech vydaných ověřených výstupů (výpisů) ze živnostenského rejstříku ve sledovaném období vydaných v rámci úřadu (včetně výpisů pro vnitřní potřebu), tj. vydaných na všech kontaktních místech úřadu i v případě, že je agenda Czech POINT vykonávána i dalšími odbory. K 31.12. sledovaného roku."
60,D60.3.5,Počet ověřených výstupů (výpisů) z bodového hodnocení řidiče,"Počet ověřených výstupů (výpisů) z bodového hodnocení řidiče ve sledovaném období vydaných v rámci úřadu, tj. vydaných na všech kontaktních místech úřadu i v případě, že je agenda Czech POINT vykonávána i dalšími odbory. K 31.12. sledovaného roku."
60,D60.3.6,Počet ověřených výstupů (výpisů) ze seznamu kvalifikovaných dodavatelů,"Počet všech vydaných ověřených výstupů (výpisů) ze seznamu kvalifikovaných dodavatelů ve sledovaném období vydaných v rámci úřadu, tj. vydaných na všech kontaktních místech úřadu i v případě, že je agenda Czech POINT vykonávána i dalšími odbory. K 31.12. sledovaného roku."
60,D60.3.7,Počet podání do registru účastníků provozu modulu autovraků ISOH,"Počet podání do registru účastníků provozu modulu autovraků ISOH ve sledovaném období vydaných v rámci úřadu, tj. vydaných na všech kontaktních místech úřadu i v případě, že je agenda Czech POINT vykonávána i dalšími odbory. K 31.12. sledovaného roku."
60,D60.3.8,Počet ověřených výstupů (výpisů) - autorizované konverze dokumentů z listinné do elektronické formy a naopak,"Počet všech vydaných ověřených výstupů (výpisů) - autorizované konverze dokumentů z listinné do elektronické formy a naopak ve sledovaném období vydaných v rámci úřadu (včetně výpisů pro vnitřní potřebu), tj. vydaných na všech kontaktních místech úřadu i v případě, že je agenda Czech POINT vykonávána i dalšími odbory. K 31.12. sledovaného roku."
60,D60.3.9,Počet ověřených výstupů (výpisů) z insolvenčního rejstříku,"Počet všech vydaných ověřených výstupů (výpisů) z insolvenčního rejstříku ve sledovaném období vydaných v rámci úřadu, tj. vydaných na všech kontaktních místech úřadu i v případě, že je agenda Czech POINT vykonávána i dalšími odbory. K 31.12. sledovaného roku."
60,D60.3.10,Počet ověřených výstupů (výpisů) - datové schránky,"Počet všech vydaných ověřených výstupů (výpisů) týkajících se datových schránek ve sledovaném období vydaných v rámci úřadu, tj. vydaných na všech kontaktních místech úřadu i v případě, že je agenda Czech POINT vykonávána i dalšími odbory. K 31.12. sledovaného roku."
60,D60.3.11,Počet ověřených výstupů (výpisů) ze základních registrů,"Počet všech vydaných výstupů (výpisů) ze základních registrů (ROB, ROS…) ve sledovaném období v rámci úřadu (včetně výpisů pro vnitřní potřebu), tj. vydaných na všech kontaktních místech úřadu i v případě, že je agenda CZECH POINT vykonávána i dalšími odbory. K 31. 12. sledovaného roku."
60,D60.3.12,Výpisy snímku z katastrální mapy,"Počet všech vydaných výstupů (výpisů) ve sledovaném období v rámci úřadu (včetně výpisů pro vnitřní potřebu), tj. vydaných na všech kontaktních místech úřadu i v případě, že je agenda CZECH POINT vykonávána i dalšími odbory. K 31. 12. sledovaného roku."
60,D60.3.13,Zprostředkovaná identifikace,"Počet všech vydaných výstupů (výpisů) ve sledovaném období v rámci úřadu (včetně výpisů pro vnitřní potřebu), tj. vydaných na všech kontaktních místech úřadu i v případě, že je agenda CZECH POINT vykonávána i dalšími odbory. K 31. 12. sledovaného roku."
60,D60.4,"Žádosti o výpis z rejstříku trestů, které nebyly vyřízeny elektronicky","Počet převzatých žádostí o výpis z rejstříku trestů kontaktními pracovišti Czech POINT, které nebyly vyřízeny elektronicky (např. nebylo vyřízeno na počkání, odesláno poštou). K 31.12. sledovaného roku."
60,D60.5.1,Registr živnostenského podnikání pro fyzickou osobu,Počet všech podání učiněných na všech kontaktních místech úřadu CzechPOINT ve sledovaném období. K 31.12. sledovaného roku.
60,D60.5.2,Registr živnostenského podnikání pro právnickou osobu,Počet všech podání učiněných na všech kontaktních místech úřadu CzechPOINT ve sledovaném období. K 31.12. sledovaného roku.
60,D60.6,Příjem správních poplatků v tis. Kč,"Částka, která byla vybrána na poplatcích při úkonech agendy Czech POINT. K 31.12. sledovaného roku."
60,D60.7,Počet zaměstnanců - pracovních úvazků v agendě Czech POINT celkem,"Úvazky pro agendu celkem stanovte k 31.12. sledovaného roku včetně poměrné části pracovních úvazků vedoucích a administrativní síly, které rozpočtěte vzhledem k počtu pracovníků na oddělení nebo odboru. Zpravidla půjde o desetinné číslo. Pokud pracovník vykonává i jinou agendu, započítává se pouze příslušným podílem a součet jeho úvazků v těchto agendách musí být roven jedné! Poměrná část úvazku zaměstnanců se týká vždy konkrétní agendy za kterou, jsou vstupní data vyplňována. Součet úvazků v agendách se tak nemusí rovnat počtu zaměstnanců odboru nebo oddělení pokud tato organizační jednotka zajišťuje další agendy nebo úkoly, které nejsou předmětem porovnávání. Včetně úvazků pro Czech POINT i v případě, že jsou vykonávány jinými odbory. Při kvalifikovaném odhadu úvazků si můžeme pomoci jednoduchou otázkou – zabere nám tato činnost 1 den v týdnu? (odpovídá 0,2 úvazku pracovníka), 1 hodinu denně? (odpovídá cca 0,125 úvazku pracovníka), 2 dny za měsíc? (odpovídá 0,1 úvazku pracovníka) atp."
60,D60.8,Průměrná čekací doba,"Vyplní pouze města provozující automatizované odbavovací systémy jako celoroční průměrný údaj; v letech 2003 až 2005 se jednalo o dobrovolný údaj, který města zadala na základě informací z odbavovacího systému nebo který ve dvou týdenních cyklech reálně měřila například pomocí studentů."
61,D61.1.1,Průměrný evidenční přepočtený počet zaměstnanců obce zařazených do OP/MP celkem,"Průměrný evidenční přepočtený počet za celé období sledovaného roku.
NEVYPLŇUJTE, BUDE DOPLNĚNO IMPORTEM ZE STATISTIKY MVČR
MVČR sloupec D"
61,D61.1.1.1,z toho strážníků,"Průměrný evidenční přepočtený počet za celé období sledovaného roku.
NEVYPLŇUJTE, BUDE DOPLNĚNO IMPORTEM ZE STATISTIKY MVČR
MVČR sloupec E"
61,D61.1.1.2,z toho čekatelů,"Průměrný evidenční přepočtený počet za celé období sledovaného roku.
NEVYPLŇUJTE, BUDE DOPLNĚNO IMPORTEM ZE STATISTIKY MVČR
MVČR sloupec F"
61,D61.1.1.5,z toho ostatní zaměstnanci,"Průměrný evidenční přepočtený počet za celé období sledovaného roku.
NEVYPLŇUJTE, BUDE DOPLNĚNO IMPORTEM ZE STATISTIKY MVČR
MVČR sloupec G"
61,D61.1.3.0,Počet strážníků a čekatelů ve věku 18 - 20 let,"Fyzický počet k 31.12. sledovaného roku.
NEVYPLŇUJTE, BUDE DOPLNĚNO IMPORTEM ZE STATISTIKY MVČR
MVČR sloupec H"
61,D61.1.3.1,Počet strážníků a čekatelů ve věku 21 - 30 let,"Fyzický počet k 31.12. sledovaného roku.
NEVYPLŇUJTE, BUDE DOPLNĚNO IMPORTEM ZE STATISTIKY MVČR
MVČR sloupec I"
61,D61.1.3.2,Počet strážníků a čekatelů ve věku 31 - 40 let,"Fyzický počet k 31.12. sledovaného roku.
NEVYPLŇUJTE, BUDE DOPLNĚNO IMPORTEM ZE STATISTIKY MVČR
MVČR sloupec J"
61,D61.1.3.3,Počet strážníků a čekatelů ve věku 41 - 50 let,"Fyzický počet k 31.12. sledovaného roku.
NEVYPLŇUJTE, BUDE DOPLNĚNO IMPORTEM ZE STATISTIKY MVČR
MVČR sloupec K"
61,D61.1.3.4,Počet strážníků a čekatelů ve věku 51 - 60 let,"Fyzický počet k 31.12. sledovaného roku.
NEVYPLŇUJTE, BUDE DOPLNĚNO IMPORTEM ZE STATISTIKY MVČR
MVČR sloupec L"
61,D61.1.3.5,Počet strážníků a čekatelů ve věku 61 let a více,"Fyzický počet k 31.12. sledovaného roku.
NEVYPLŇUJTE, BUDE DOPLNĚNO IMPORTEM ZE STATISTIKY MVČR
MVČR sloupec M"
61,D61.1.3.6,Počet strážníků a čekatelů celkem,Vzorec: D61.1.3.0+D61.1.3.1+D61.1.3.2+D61.1.3.3+D61.1.3.4+D61.1.3.5
61,D61.1.3.7,z toho počet žen (strážnic a čekatelek),
61,D61.1.4.2,Počet zaměstnanců se středním odborným vzděláním (bez maturitní zkoušky),"K 31.12. sledovaného roku. Součet dle jednotlivých kategorií dosaženého vzdělání se musí rovnat údaji v řádku D61.1.1.
NEVYPLŇUJTE, BUDE DOPLNĚNO IMPORTEM ZE STATISTIKY MVČR
MVČR sloupec N"
61,D61.1.4.3,Počet zaměstnanců s úplným středním odborným vzděláním (s maturitní zkouškou),"K 31.12. sledovaného roku. Součet dle jednotlivých kategorií dosaženého vzdělání se musí rovnat údaji v řádku D61.1.1.
NEVYPLŇUJTE, BUDE DOPLNĚNO IMPORTEM ZE STATISTIKY MVČR
MVČR sloupec O"
61,D61.1.4.4,Počet zaměstnanců s vyšším odborným vzděláním,"K 31.12. sledovaného roku. Součet dle jednotlivých kategorií dosaženého vzdělání se musí rovnat údaji v řádku D61.1.1. Sledováno odděleně od roku 2009.
NEVYPLŇUJTE, BUDE DOPLNĚNO IMPORTEM ZE STATISTIKY MVČR
MVČR sloupec P"
61,D61.1.4.5,Počet zaměstnanců s vysokoškolským vzděláním,"K 31.12. sledovaného roku. Součet dle jednotlivých kategorií dosaženého vzdělání se musí rovnat údaji v řádku D61.1.1. Do roku 2009 vykazováno včetně vyššího odborného vzdělání.
NEVYPLŇUJTE, BUDE DOPLNĚNO IMPORTEM ZE STATISTIKY MVČR
MVČR sloupec Q"
61,D61.2,"Počet úřadoven, služeben",K 31.12. sledovaného roku.
61,D61.3,Počet motorových vozidel celkem,"Údaj se vypočítá automaticky.
Vzorec: D61.3.1+D61.3.2+D61.3.3"
61,D61.3.1,Počet osobních automobilů,K 31.12. sledovaného roku.
61,D61.3.2,Počet jiných automobilů,K 31.12. sledovaného roku.
61,D61.3.3,"Počet motorek, skútrů apod.",K 31.12. sledovaného roku.
61,D61.3.4,Počet km najetých motorovými vozidly celkem,Za období sledovaného roku.
61,D61.4,"Jiné dopravní prostředky (specifikujte, prosím v poznámce)",K 31.12. sledovaného roku.
61,D61.5,Příjmy z vlastní činnosti celkem v tis. Kč,"Údaj se vypočítá automaticky.
Vzorec: D61.5.1+D61.5.2+D61.5.3+D61.5.4"
61,D61.5.0,Celkové příjmy,"K 31.12. sledovaného roku.
NEVYPLŇUJTE, BUDE DOPLNĚNO IMPORTEM Z MONITORU MFČR
Monitor, P, §531x"
61,D61.5.1,Příjmy - sankční platby v tis. Kč,"K 31.12. sledovaného roku.
NEVYPLŇUJTE, BUDE DOPLNĚNO IMPORTEM Z MONITORU MFČR
Monitor, P, §531x, pol. 2211 a 2212"
61,D61.5.6,Přijaté dotace,"K 31.12. sledovaného roku.
NEVYPLŇUJTE, BUDE DOPLNĚNO IMPORTEM Z MONITORU MFČR
Monitor, P, §531x, pol. 4xxx"
61,D61.6,Běžné výdaje v tis. Kč celkem,"k 31.12. běžného roku.
NEVYPLŇUJTE, BUDE DOPLNĚNO IMPORTEM Z MONITORU MFČR
Monitor, V, §531x, pol. 5xxx"
61,D61.6.1,Mzdové výdaje v tis. Kč celkem,"Údaj se vypočítá automaticky.
NEVYPLŇUJTE, BUDE DOPLNĚNO IMPORTEM Z MONITORU MFČR
Monitor, V, §531x, pol. 50xx"
61,D61.8,Kapitálové výdaje celkem v tis. Kč,"Údaj se vypočítá automaticky.
NEVYPLŇUJTE, BUDE DOPLNĚNO IMPORTEM Z MONITORU MFČR
Monitor, V, §531x, pol. 6xxx
Vzorec: D61.8.1 + D61.8.2"
61,D61.9,Výdaje celkem v tis. Kč,"Údaj se vypočítá automaticky
Vzorec: D61.6 + D61.8"
61,D61.9.0.1,Počet stacionárních radarů,k 31.12. sledovaného roku
61,D61.9.0.2,Počet kamer v rámci kamerového systému,k 31.12. sledovaného roku
61,D61.9.0.3,Počet přestupků projednaných domluvou na místě,"zjednodušený správní trest-domluva na místě bez uložení sankce, která se zapisuje do evidence přestupků /pozn.do roku 2017 sledována napomenutí příkazem/."
61,D61.10,Celkový počet přestupků projednaných příkazem na místě (pokuta),"Údaj se vypočítá automaticky
NEVYPLŇUJTE, BUDE DOPLNĚNO IMPORTEM ZE STATISTIKY MVČR
MVČR sloupec R
Vzorec: D61.10.1 + D61.10.2 + D61.10.3 + D61.10.4 + D61.10.5 + D61.10.6 + D61.10.7 + D61.10.8 + D61.10.9"
61,D61.10.0.1,z toho přestupků fyzických osob,"NEVYPLŇUJTE, BUDE DOPLNĚNO IMPORTEM ZE STATISTIKY MVČR
MVČR sloupec S"
61,D61.10.0.2,z toho přestupků právnických osob a fyzických osob podnikajících,"NEVYPLŇUJTE, BUDE DOPLNĚNO IMPORTEM ZE STATISTIKY MVČR
MVČR sloupec T"
61,D61.10.1,z toho přestupků proti pořádku v územní samosprávě **/§ 4 odst. 2 z. č. 251/2016 Sb./**,"za období sledovaného roku
NEVYPLŇUJTE, BUDE DOPLNĚNO IMPORTEM ZE STATISTIKY MVČR
MVČR sloupec U"
61,D61.10.2,z toho přestupků proti veřejnému pořádku **/§ 5 z. č. 251/2016 Sb./**,"Za období sledovaného roku.
NEVYPLŇUJTE, BUDE DOPLNĚNO IMPORTEM ZE STATISTIKY MVČR
MVČR sloupec V"
61,D61.10.3,z toho přestupků proti občanskému soužití **/§ 7 z. č. 251/2016 Sb./**,"Za období sledovaného roku.
NEVYPLŇUJTE, BUDE DOPLNĚNO IMPORTEM ZE STATISTIKY MVČR
MVČR sloupec W"
61,D61.10.4,z toho přestupků proti majetku **/§ 8 z. č. 251/2016 Sb./**,"Za období sledovaného roku.
NEVYPLŇUJTE, BUDE DOPLNĚNO IMPORTEM ZE STATISTIKY MVČR
MVČR sloupec X"
61,D61.10.5,z toho přestupků fyzických osob podle zákona o silničním provozu (vyjma překročení nejvyšší dovolené nebo povolené rychlosti) **/z. č. 361/2000 Sb./**,"Za období sledovaného roku.
NEVYPLŇUJTE, BUDE DOPLNĚNO IMPORTEM ZE STATISTIKY MVČR
MVČR sloupec Y"
61,D61.10.6,z toho přestupků spáchaných překročením nejvyšší dovolené rychlosti **/z. č. 361/2000 Sb./**,"Za období sledovaného roku.
NEVYPLŇUJTE, BUDE DOPLNĚNO IMPORTEM ZE STATISTIKY MVČR
MVČR sloupec Z"
61,D61.10.6.1,Překročení nejvyšší dovolené nebo povolené rychlosti zjištěné automatizovaným technickým prostředkem bez obsluhy **§8 z č. 251/2016**,"Za období sledovaného roku.
NEVYPLŇUJTE, BUDE DOPLNĚNO IMPORTEM ZE STATISTIKY MVČR
MVČR sloupec AA"
61,D61.10.7,z toho přestupků podle zákona o ochraně zdraví před škodlivými účinky návykových látek **/z. č. 65/2017 Sb./**,"Za období sledovaného roku.
NEVYPLŇUJTE, BUDE DOPLNĚNO IMPORTEM ZE STATISTIKY MVČR
MVČR sloupec AB"
61,D61.10.8,z toho přestupků podle zákona o silniční dopravě **/pouze přestupky taxikářů podle z. č. 111/1994 Sb./**,"Za období sledovaného roku.
NEVYPLŇUJTE, BUDE DOPLNĚNO IMPORTEM ZE STATISTIKY MVČR
MVČR sloupec AC"
61,D61.10.9,z toho ostatních,"Za období sledovaného roku.
NEVYPLŇUJTE, BUDE DOPLNĚNO IMPORTEM ZE STATISTIKY MVČR
MVČR sloupec AD"
61,D61.11,Celkový počet podezření ze spáchání přestupků oznámených podle §10 zákona o obecní policii příslušnému správnímu orgánu,"Údaj se vypočítá automaticky
MVČR sloupec AE
Vzorec: D61.11.1 + D61.11.2 + D61.11.3 + D61.11.4 + D61.11.5 + D61.11.6 + D61.11.7 + D61.11.8 + D61.11.9 + D61.11.10"
61,D61.11.1,z toho přestupků spáchaných porušením nařízení obce **/§ 4 odst. 1 z. č. 251/2016 Sb./**,"Za období sledovaného roku.
NEVYPLŇUJTE, BUDE DOPLNĚNO IMPORTEM ZE STATISTIKY MVČR
MVČR sloupec AF"
61,D61.11.2,z toho přestupků proti pořádku v územní samosprávě **/§ 4 odst. 2 z. č. 251/2016 Sb./**,"Za období sledovaného roku.
NEVYPLŇUJTE, BUDE DOPLNĚNO IMPORTEM ZE STATISTIKY MVČR
MVČR sloupec AG"
61,D61.11.3,z toho přestupků proti veřejnému pořádku **/§ 5 z. č. 251/2016 Sb/**,"Za období sledovaného roku.
NEVYPLŇUJTE, BUDE DOPLNĚNO IMPORTEM ZE STATISTIKY MVČR
MVČR sloupec AH"
61,D61.11.4,z toho přestupků proti občanskému soužití **/§ 7 z. č. 251/2016 Sb./**,"Za období sledovaného roku.
NEVYPLŇUJTE, BUDE DOPLNĚNO IMPORTEM ZE STATISTIKY MVČR
MVČR sloupec AI"
61,D61.11.5,z toho přestupků proti majetku **/§ 8 z. č. 251/2016 Sb./**,"Za období sledovaného roku.
NEVYPLŇUJTE, BUDE DOPLNĚNO IMPORTEM ZE STATISTIKY MVČR
MVČR sloupec AJ"
61,D61.11.6,z toho přestupků fyzických osob podle zákona o silničním provozu (vyjma překročení nejvyšší dovolené nebo povolené rychlosti) **/z. č. 361/2000 Sb./**,"Za období sledovaného roku.
NEVYPLŇUJTE, BUDE DOPLNĚNO IMPORTEM ZE STATISTIKY MVČR
MVČR sloupec AK"
61,D61.11.7,z toho přestupků spáchaných překročením nejvyšší dovolené rychlosti **/z. č. 361/2000 Sb./**,"Za období sledovaného roku.
NEVYPLŇUJTE, BUDE DOPLNĚNO IMPORTEM ZE STATISTIKY MVČR
MVČR sloupec AL"
61,D61.11.7.1,Překročení nejvyšší dovolené nebo povolené rychlosti zjištěné automatizovaným technickým prostředkem bez obsluhy **z č. 361/2000 Sb.)**,"Za období sledovaného roku.
NEVYPLŇUJTE, BUDE DOPLNĚNO IMPORTEM ZE STATISTIKY MVČR
MVČR sloupec AM"
61,D61.11.8,z toho přestupků podle zákona o ochraně zdraví před škodlivými účinky návykových látek **/z. č. 65/2017 Sb./**,"Za období sledovaného roku.
NEVYPLŇUJTE, BUDE DOPLNĚNO IMPORTEM ZE STATISTIKY MVČR
MVČR sloupec AN"
61,D61.11.9,z toho přestupků podle zákona o silniční dopravě **/z. č. 111/1994 Sb./**,"Za období sledovaného roku.
NEVYPLŇUJTE, BUDE DOPLNĚNO IMPORTEM ZE STATISTIKY MVČR
MVČR sloupec AO"
61,D61.11.10,z toho ostatních,"Za období sledovaného roku.
NEVYPLŇUJTE, BUDE DOPLNĚNO IMPORTEM ZE STATISTIKY MVČR
MVČR sloupec AP"
61,D61.12,Celkový počet podezření ze spáchání přestupků oznámených podle §10 zákona o obecní policii příslušnému správnímu orgánu,"Údaj se vypočítá automaticky
NEVYPLŇUJTE, BUDE DOPLNĚNO IMPORTEM ZE STATISTIKY MVČR
MVČR sloupec AQ"
61,D61.14,"Počet fyzických útoků na strážníky **/všechny útoky, které byly oznámeny jako podezření ze spáchání přestupku nebo trestného činu**","Za období sledovaného roku.
NEVYPLŇUJTE, BUDE DOPLNĚNO IMPORTEM ZE STATISTIKY MVČR
MVČR sloupec AR"
61,D61.15,Počet případů použití služební zbraně strážníkem,"Údaj se vypočítá automaticky
NEVYPLŇUJTE, BUDE DOPLNĚNO IMPORTEM ZE STATISTIKY MVČR
MVČR sloupec AS
Vzorec: D61.15.1 + D61.15.2"
61,D61.15.1,z toho oprávněné,"Za období sledovaného roku.
NEVYPLŇUJTE, BUDE DOPLNĚNO IMPORTEM ZE STATISTIKY MVČR
MVČR sloupec AT"
61,D61.15.2,z toho neoprávněné,"Za období sledovaného roku.
NEVYPLŇUJTE, BUDE DOPLNĚNO IMPORTEM ZE STATISTIKY MVČR
MVČR sloupec AU"
61,D61.16,Celková výše pokut uložených strážníky v příkazním řízení strážníky v celých Kč,"Za období sledovaného roku.
NEVYPLŇUJTE, BUDE DOPLNĚNO IMPORTEM ZE STATISTIKY MVČR
MVČR sloupec AV"
61,D61.17,Finanční náklady na činnost obecní policie za kalendářní rok **/mzdy všech zaměstnanců obce zařazených do obecní policie včetně odvodů na soc. a zdr. pojištění a veškeré provozní i investiční náklady v Kč/**,"AUTOSUM, pole se vyplní automaticky.
NEVYPLŇUJTE, BUDE DOPLNĚNO IMPORTEM ZE STATISTIKY MVČR
MVČR sloupec AW
Vzorec: D61.9*1000"
61,D61.17.0,Celkový počet obyvatel obce ke konci kalendářního roku,"Pole se vyplní automaticky.
Vzorec: D1.1"
61,D61.17.1,Počet uzavřených veřejnoprávních smluv podle § 3a z. o obecní policii,"K 31.12. sledovaného roku. **Do poznámky uveďte názvy obcí se kterými byla uzavřena veřejnoprávní smlouva podle § 3a z. o obecní policii**
NEVYPLŇUJTE, BUDE DOPLNĚNO IMPORTEM ZE STATISTIKY MVČR
MVČR sloupec AY"
61,D61.17.2,Počet uzavřených veřejnoprávních smluv podle § 3b z. o obecní policii,"K 31.12. sledovaného roku. **Do poznámky uveďte názvy obcí, se kterými byla uzavřena veřejnoprávní smlouva podle § 3b z. o obecní policii**
NEVYPLŇUJTE, BUDE DOPLNĚNO IMPORTEM ZE STATISTIKY MVČR
MVČR sloupec BA"
61,D61.18,Počet výjezdů nebo jiných opatření na žádost Policie ČR,"Za období sledovaného roku.
NEVYPLŇUJTE, BUDE DOPLNĚNO IMPORTEM ZE STATISTIKY MVČR
MVČR sloupec BC"
61,D61.18.1,Provozování pultu centralizované ochrany **Ano = 1/Ne = 0**,"NEVYPLŇUJTE, BUDE DOPLNĚNO IMPORTEM ZE STATISTIKY MVČR
MVČR sloupec BD"
61,D61.19,Počet rozhodnutí o odstranění vozidla,"K 31.12. sledovaného roku.
NEVYPLŇUJTE, BUDE DOPLNĚNO IMPORTEM ZE STATISTIKY MVČR
MVČR sloupec BE"
61,D61.20,Počet osob převezených do záchytné stanice,"Za období sledovaného roku.
NEVYPLŇUJTE, BUDE DOPLNĚNO IMPORTEM ZE STATISTIKY MVČR
MVČR sloupec BF"
61,D61.21,Počet zjištěných osob řídících pod vlivem alkoholu,"Za období sledovaného roku.
NEVYPLŇUJTE, BUDE DOPLNĚNO IMPORTEM ZE STATISTIKY MVČR
MVČR sloupec BG"
61,D61.22,Počet předvedených osob podle § 13 z. o obecní policii,"Za období sledovaného roku.
NEVYPLŇUJTE, BUDE DOPLNĚNO IMPORTEM ZE STATISTIKY MVČR
MVČR sloupec BH"
61,D61.23,Počet nalezených odcizených vozidel,"Za období sledovaného roku.
NEVYPLŇUJTE, BUDE DOPLNĚNO IMPORTEM ZE STATISTIKY MVČR
MVČR sloupec BI"
61,D61.24,Počet odchycených zvířat,"Za období sledovaného roku.
NEVYPLŇUJTE, BUDE DOPLNĚNO IMPORTEM ZE STATISTIKY MVČR
MVČR sloupec BJ"
61,D61.25,Počet použití TPZOV podle § 17a z. o obecní policii,"Za období sledovaného roku.
NEVYPLŇUJTE, BUDE DOPLNĚNO IMPORTEM ZE STATISTIKY MVČR
MVČR sloupec BK"
61,D61.26,Počet použití TPZOV podle § 18a odst. 3 z. o obecní policii,"Za období sledovaného roku.
NEVYPLŇUJTE, BUDE DOPLNĚNO IMPORTEM ZE STATISTIKY MVČR
MVČR sloupec BL"
61,D61.27.0,Nepřetržitý provoz úřadovny obecní/městské policie (24/7) **/Ano = 1/Ne = 0/**,"NEVYPLŇUJTE, BUDE DOPLNĚNO IMPORTEM ZE STATISTIKY MVČR
MVČR sloupec BM"
61,D61.27.0.1,Uzavřená písemná dohoda podle § 21 zákona o IZS **/Ano = 1/Ne = 0/**,"NEVYPLŇUJTE, BUDE DOPLNĚNO IMPORTEM ZE STATISTIKY MVČR
MVČR sloupec BN"
61,D61.27.0.2,Nakládání i s dlouhými zbraněmi **/Ano = 1/Ne = 0/**,"NEVYPLŇUJTE, BUDE DOPLNĚNO IMPORTEM ZE STATISTIKY MVČR
MVČR sloupec BO"
61,D61.27.2,Provozována linka 156 **/Ano = 1/Ne = 0/**,"NEVYPLŇUJTE, BUDE DOPLNĚNO IMPORTEM ZE STATISTIKY MVČR
MVČR sloupec BP"
61,D61.28,Počet služebních psů,K 31.12. sledovaného roku.
61,D61.29,Počet služebních koní,K 31.12. sledovaného roku.
62,D62.0,"Počet obyvatel obce včetně cizinců k 1.1. kalendářního roku bezprostředně předcházejícímu roku, za který je ohlašováno",Zdroj dat: https://www.czso.cz/csu/czso/databaze-demografickych-udaju-za-obce-cr
62,D62.1,Koeficient obsahu využitelných odpadů ve směsném komunálním odpadu.,"Použijte koeficient vyhlášený MŽP, který je 0,19. Chcete-li použít jiný koeficient, musí být obsah využitelných složek odpadu ve směsném komunálním odpadu stanoven dle státní certifikované ""Metodiky pro stanovení složení směsného komunálního odpadu z obcí a komunálního odpadu"", která stanoví přesné postupy týkající se např. podmínek vzorkování včetně velikostí ok sít, sledované frakce, způsob vedení přípravné dokumentace (program vzorkování a plán odběru vzorku) a způsob vedení dokumentace odběru a rozboru vzorku, včetně obsahu závěrečné zprávy."
62,D62.1.1,Podíl odděleně soustřeďovaných recyklovatelných složek komunálního odpadu v % vypočtený podle přílohy 18 k vyhlášce č. 273/2021 Sb.,"Zdroj dat: Hlášení souhrnných údajů z průběžné evidence, List 5, tabulka 1 řádek, Podíl odděleně soustřeďovaných recyklovatelných složek komunálního odpadu. K výpočtu plnění cíle můžete použít i ""Pomůcku"" Odpady."
62,D62.1.2,Množství zkompostovaných rostlinných zbytků z území obce v KOMUNITNÍ KOMPOSTÁRNĚ,Zdroj dat: Hlášení o množství zpracovaných rostlinných zbytků (příloha č. 35 k vyhlášce č. 273/2021 Sb.). Uveďte v tunách.
62,D62.2,Počet původců (IČO) zapojených do obecního systému,"Uveďte počet fyzických osob podnikajících a právnických osob zapojených do obecního systému na základě smlouvy s obcí. Zdroj dat: Hlášení souhrnných údajů z průběžné evidence, List 5, tab. č. 1 nebo evidence obce/svozové společnosti ne."
62,D62.3,Produkce komunálních odpadů celkem,"Množství odpadů zařazených do skupiny 20 Katalogu odpadů, jehož původcem je obec, u kterých byl vykázán kód vzniku odpadů A00 (vlastní produkce) nebo kód AN60 (odpady z živelných pohrom, starých zátěží a černých skládek). Nezapočítává se odpad katalogového čísla 20 03 04 (kal ze septiků a žump), 20 02 02 (zemina a kameny), 20 03 06 (odpad z čištění kanalizace). Uveďte v tunách. Zdroj dat: Evidence odpadů obce."
62,D62.3.1,z toho hřbitovní odpad,"z toho hřbitovní odpad (pokud není započítán do produkce výše, vyplňte nulu, pokud je započítán, ale neevidujete jej samostatně, vyplňte rovněž nulu, jinak údaj uveďte v tunách). Kód odpadu 20 02 03. Zdroj dat: Evidence odpadů obce."
62,D62.3.2,z toho uliční smetky,"z toho uliční smetky (pokud není započítán do produkce výše, vyplňte nulu, pokud je započítán, ale neevidujete jej samostatně, vyplňte rovněž nulu, jinak údaj uveďte v tunách). Kód odpadu 20 03 03. Zdroj dat: Evidence odpadů obce."
62,D62.4,Produkce komunálního odpadu vyprodukovaného obcí (obec je původce) a převzatého od občanů mimo systém obce,"Množství komunálního odpadu vyprodukovaného obcí (obec je původce) a převzatého od občanů obce mimo systém obce (pouze odpad s kódem nakládání A00). Kódy odpadu 20 01 XX (XX = 01, 0101, 02, 08, 0801, 10, 11, 13*, 14*, 15*, 17*,19*, 25, 26*, 27*, 28, 29*, 30, 31, 32*, 37*, 38, 39, 40, 4001, 4002, 4003, 4004, 4005, 4006, 41, 99, dále 20 02 YY (YY=01, 03) a 20 03 ZZ (ZZ = 01, 02 ,03, 07, 99). Uveďte v tunách. Zdroj dat: Evidence odpadů obce + Oznámení o komunálních odpadech převzatých zařízením od fyzických osob obci, na jejímž území odpad vznikl."
62,D62.4.1,z toho množství recyklovatelných složek odpadu odděleně soustředěných občany obce mimo systém obce do zařízení pro nakládání s odpady,"Kódy odpadu 20 01 XX (XX = 01, 0101, 02, 08, 0801, 10, 11, 25, 38, 39, 40, 4001, 4002, 4003, 4004, 4005, 4006) a 20 02 01 převzaté zařízeními mimo obecní systém oznámená provozovateli podle § 38 vyhlášky č. 273/2021 Sb., o podrobnostech nakládání s odpady. Uveďte v tunách. Zdroj dat: Oznámení zaslaná provozovateli zařízení na formuláři podle přílohy č. 19 k vyhlášce 273/2021 Sb. o podrobnostech nakládání s odpady."
62,D62.5,Produkce směsného komunálního odpadu celkem,"Uveďte množství směsného komunálního odpadu, u kterého byl vykázán kód vzniku odpadu A00 (vlastní produkce) nebo AN60 (odpady z živelných pohrom, starých zátěží a černých skládek). Katalogové číslo: 20 03 01 a 20 03 01 01. Uveďte v tunách. Zdroj dat: Evidence odpadů obce."
62,D62.6,Produkce objemného odpadu,"Uveďte množství objemného odpadu, u kterého byl vykázán kód vzniku odpadu A00 (vlastní produkce) nebo AN60 (odpady z živelných pohrom, starých zátěží a černých skládek). Katalogové číslo: 20 03 07. Uveďte v tunách. Zdroj dat: Evidence odpadů obce."
62,D62.7,Produkce textilních odpadů,"Uveďte množství oděvů a textilních materiálů, u kterých byl vykázán kód vzniku odpadu A00 (vlastní produkce) nebo AN60 (odpady z živelných pohrom , starých zátěží a černých skládek) Katalogové číslo: 20 01 10 a 20 01 11. Uveďte v tunách. Zdroj dat: Evidence odpadů obce."
62,D62.8,Produkce nebezpečných odpadů,"Uveďte množství komunálních odpadů (skupina 20 katalogu odpadů) kategorie N nebo kategorie O/N, u kterých byly vykázány kódy vzniku odpadů A00 (vlastní produkce) nebo AN60 (odpady z živelných pohrom, starých zátěží a černých skládek). Katalogové čísla kategorie N: 20 01 13, 20 01 14, 20 01 15, 20 01 17, 20 01 19, 20 01 21, 20 01 23, 20 01 26, 20 01 27, 20 01 29, 20 01 31, 20 01 32, 20 01 33, 20 01 35, 20 01 35 01, 20 01 35 02 a 20 01 37. U kategorie O/N nezahrnujte 20 03 04 (kal ze septiků a žump), 20 02 02 (zemina a kameny), 20 03 06 (odpad z čištění kanalizace). Uveďte v tunách. Zdroj dat: Evidence odpadů obce."
62,D62.9,Produkce stavebních odpadů,Uveďte množství stavebních a demoličních odpadů vzniklých v rámci obecního systému v tunách. Katalogová čísla: Skupina 17 s výjimkou katalogových čísel 17 05 04 (zemina a kamení) a 17 05 06 (vytěžená jalová hornina a hlušina). Zdroj dat: Evidence odpadů obce.
62,D62.10,"Množství odděleně soustředěných odpadů papíru, plastu, skla, kovů a nápojových kartónů","Uveďte množství odděleně soustřeďovaných odpadů, u kterých byl vykázán kód vzniku A00 nebo AN60. Katalogová čísla: 20 01 01 (papír), 20 01 02 (sklo), 20 01 39 (plast), 20 01 40 (kovy včetně poddruhů), 20 01 01 01 (nápojový kartón). Uveďte v tunách. Zdroj dat: Evidence odpadů obce."
62,D62.11,Množství odděleně soustředěných biologických odpadů,"Uveďte množství odděleně soustřeďovaných odpadů, u kterých byl vykázán kód vzniku A00 nebo AN60. Katalogová čísla: 20 01 08 (biologicky rozložitelný odpad z kuchyní a stravoven, 20 01 08 01 (BRO z kuchyní a stravoven rostlinného původu) 20 01 25 (jedlý olej a tuk) a 20 02 01 (biologicky rozložitelný odpad). Uveďte v tunách. Zdroj dat: Evidence odpadů obce."
62,D62.11.1,z toho odpady z údržby veřejné zeleně (je-li původcem obec),"Uveďte, pokud jste schopni oddělit. Pokud neevidujete, vyplňte nulu."
62,D62.11.2,z toho jedlé tuky,"Kat. č. 20 01 25. Pokud neevidujete, vyplňte nulu."
62,D62.12,Množství dřeva,Katalog. č. 20 01 38. Uveďte v tunách. Zdroj dat: Evidence odpadů obce.
62,D62.13,Množství recyklovatelných složek odpadu odděleně soustředěných v rámci systému obce,Vzorec: D62.10+D62.11+D62.12+D62.7
62,D62.14,Množství odebraných výrobků s ukončenou životností v tunách,"Množství výrobků s ukončenou životností odebraných prostřednictvím kolektivních systémů (např. ASEKOL, ELEKTROWIN, EKOLAMP, REMA, ČEZ Recyklace, EKOBAT...), s nimiž má obec smlouvu. Nezapočítáváme zpětný odběr pneumatik, autovraků. Uveďte v tunách. Zdroj dat: Vyúčtování dodaná kolektivními systémy a Hlášení souhrnných údajů z průběžné evidence, List 5, tab. 5. - součet množství)"
62,D62.15,Množství komunálních odpadů odstraněných skládkováním,"Uveďte odpady skupiny 20 s výjimkou nebezpečných a technologických odpadů, jejichž původcem je obec a které byly odstraněny skládkováním na skládce/skládkách odpadu. Uveďte v tunách. Zdroj dat: Evidence odpadu obce nebo evidence svozových společností."
62,D62.15.1,z toho množství směsného komunálního a objemného odpadu odstraněného skládkováním,"Uveďte množství odpadů skupiny 20 03 01, 20 03 01 01 20 03 010 a 20 03 07, jejichž původcem je obec a které byly odstraněny skládkováním na skládce/skládkách odpadu. Uveďte v tunách. Zdroj dat: Hlášení souhrnných údajů z průběžné evidence, List 5, tab. 10 (součet množství směsného komunálního a objemného odpadu v tunách ve sloupci skládka)."
62,D62.16,Náklady odpadového hospodářství - AUTOMATICKÝ SOUČET NÁKLADŮ NÍŽE,Vzorec: D62.16.1+D62.16.2+D62.16.3+D62.16.4+D62.16.5+D62.16.6+D62.16.7+D62.16.8+D62.16.9+D62.16.10+D62.16.11
62,D62.16.1,"Náklady obce na svoz a nakládání s využitelnými recyklovatelnými složkami v celých Kč (papír, plast, nápojový karton, sklo, kovy, textil, jedlé tuky a oleje). BEZ INVESTIC.","SOUČET NÁKLADŮ MUSÍ ODPOVÍDAT CELKOVÝM VÝDAJŮM MĚSTA na nakládání s odpady. POKUD NĚKTERÉ KATEGORIE NEEVIDUJETE NEBO EVIDUJETE JINÝM ZPŮSOBEM, VYPLŇTE NULU A UVEĎTE TYTO NÁKLADY DO KATEGORIE ""OSTATNÍ"" (tak, aby celkový součet odpovídal celkovým výdajům vašeho města). Zdroj dat: Hlášení souhrnných údajů z průběžné evidence, List 5, tab. 11, řádek Sběr využitelných složek (tříděný sběr), sloupec Náklady celkem (v celých Kč)."
62,D62.16.2,Náklady obce na svoz a nakládání se směsným komunálním odpadem v celých Kč. BEZ INVESTIC.,"SOUČET NÁKLADŮ MUSÍ ODPOVÍDAT CELKOVÝM VÝDAJŮM MĚSTA na nakládání s odpady. POKUD NĚKTERÉ KATEGORIE NEEVIDUJETE NEBO EVIDUJETE JINÝM ZPŮSOBEM, VYPLŇTE NULU A UVEĎTE TYTO NÁKLADY DO KATEGORIE ""OSTATNÍ"" (tak, aby celkový součet odpovídal celkovým výdajům vašeho města). Zdroj dat: Hlášení souhrnných údajů z průběžné evidence, List 5, tab. 11, řádek Sběr směsného komunálního odpadu, sloupec Náklady celkem (v celých Kč)."
62,D62.16.3,Náklady obce na svoz a nakládání s objemným odpadem v celých Kč. BEZ INVESTIC.,"SOUČET NÁKLADŮ MUSÍ ODPOVÍDAT CELKOVÝM VÝDAJŮM MĚSTA na nakládání s odpady. POKUD NĚKTERÉ KATEGORIE NEEVIDUJETE NEBO EVIDUJETE JINÝM ZPŮSOBEM, VYPLŇTE NULU A UVEĎTE TYTO NÁKLADY DO KATEGORIE ""OSTATNÍ"" (tak, aby celkový součet odpovídal celkovým výdajům vašeho města). Zdroj dat: Hlášení souhrnných údajů z průběžné evidence, List 5, tab. 11, řádek Sběr objemného odpadu, sloupec Náklady celkem (v celých Kč)."
62,D62.16.4,Náklady obce na nakládání se stavebním odpadem (pokud poskytuje občanům možnost odevzdat stavební odpad) v celých Kč. BEZ INVESTIC.,"SOUČET NÁKLADŮ MUSÍ ODPOVÍDAT CELKOVÝM VÝDAJŮM MĚSTA na nakládání s odpady. POKUD NĚKTERÉ KATEGORIE NEEVIDUJETE NEBO EVIDUJETE JINÝM ZPŮSOBEM, VYPLŇTE NULU A UVEĎTE TYTO NÁKLADY DO KATEGORIE ""OSTATNÍ"" (tak, aby celkový součet odpovídal celkovým výdajům vašeho města). Zdroj dat: Hlášení souhrnných údajů z průběžné evidence, List 5, tab. 11, řádek Sběr stavebních odpadů, sloupec Náklady celkem (v celých Kč)."
62,D62.16.5,Náklady obce na úklid veřejného prostranství a výsyp odpadkových košů v celých Kč. BEZ INVESTIC.,"SOUČET NÁKLADŮ MUSÍ ODPOVÍDAT CELKOVÝM VÝDAJŮM MĚSTA na nakládání s odpady. POKUD NĚKTERÉ KATEGORIE NEEVIDUJETE NEBO EVIDUJETE JINÝM ZPŮSOBEM, VYPLŇTE NULU A UVEĎTE TYTO NÁKLADY DO KATEGORIE ""OSTATNÍ"" (tak, aby celkový součet odpovídal celkovým výdajům vašeho města). Zdroj dat: Hlášení souhrnných údajů z průběžné evidence, List 5, tab. 11, součet nákladů (v celých Kč) v řádcích Úklid a vysypávání košů na veřejném prostranství a Úklid veřejných prostranství (smetky a odpady z literingu)."
62,D62.16.5.1,z toho náklady na výsyp a další nakládání s odpadem z odpadkových košů. BEZ INVESTIC.,"Uveďte, pokud jste schopni oddělit. Pokud neevidujete, vyplňte nulu."
62,D62.16.6,Náklady obce na odstranění černých skládek v celých Kč. BEZ INVESTIC.,"SOUČET NÁKLADŮ MUSÍ ODPOVÍDAT CELKOVÝM VÝDAJŮM MĚSTA na nakládání s odpady. POKUD NĚKTERÉ KATEGORIE NEEVIDUJETE NEBO EVIDUJETE JINÝM ZPŮSOBEM, VYPLŇTE NULU A UVEĎTE TYTO NÁKLADY DO KATEGORIE ""OSTATNÍ"" (tak, aby celkový součet odpovídal celkovým výdajům vašeho města). Zdroj dat: Hlášení souhrnných údajů z průběžné evidence, List 5, tab. 11, řádek Černé skládky, sloupec Náklady celkem (v celých Kč)."
62,D62.16.7,Náklady obce na svoz a odstranění nebezpečných odpadů v celých Kč. BEZ INVESTIC.,"SOUČET NÁKLADŮ MUSÍ ODPOVÍDAT CELKOVÝM VÝDAJŮM MĚSTA na nakládání s odpady. POKUD NĚKTERÉ KATEGORIE NEEVIDUJETE NEBO EVIDUJETE JINÝM ZPŮSOBEM, VYPLŇTE NULU A UVEĎTE TYTO NÁKLADY DO KATEGORIE ""OSTATNÍ"" (tak, aby celkový součet odpovídal celkovým výdajům vašeho města). Zdroj dat: Hlášení souhrnných údajů z průběžné evidence, List 5, tab. 11, řádek Sběr nebezpečných odpadů, sloupec Náklady celkem (v celých Kč)."
62,D62.16.8,Náklady obce na provoz sběrného dvora v celých Kč. BEZ INVESTIC.,"SOUČET NÁKLADŮ MUSÍ ODPOVÍDAT CELKOVÝM VÝDAJŮM MĚSTA na nakládání s odpady. POKUD NĚKTERÉ KATEGORIE NEEVIDUJETE NEBO EVIDUJETE JINÝM ZPŮSOBEM, VYPLŇTE NULU A UVEĎTE TYTO NÁKLADY DO KATEGORIE ""OSTATNÍ"" (tak, aby celkový součet odpovídal celkovým výdajům vašeho města). Zdroj dat: Hlášení souhrnných údajů z průběžné evidence, List 5, tab. 11, Další specifické náklady řádek Celkové náklady na provoz sběrného dvora(povoleného nebo sběrného místa), včetně nakládání s odpady, sloupec Náklady celkem (v celých Kč)."
62,D62.16.9,Náklady obce na svoz a nakládání s biologickým odpadem v celých Kč. BEZ INVESTIC.,"SOUČET NÁKLADŮ MUSÍ ODPOVÍDAT CELKOVÝM VÝDAJŮM MĚSTA na nakládání s odpady. POKUD NĚKTERÉ KATEGORIE NEEVIDUJETE NEBO EVIDUJETE JINÝM ZPŮSOBEM, VYPLŇTE NULU A UVEĎTE TYTO NÁKLADY DO KATEGORIE ""OSTATNÍ"" (tak, aby celkový součet odpovídal celkovým výdajům vašeho města). Zdroj dat: Hlášení souhrnných údajů z průběžné evidence, List 5, tab. 11, součet celkových nákladů (v celých Kč) v řádcích Sběr biologického odpadu (z domácností), Sběr jedlých tuků a olejů."
62,D62.16.10,Náklady na investice do odpadového hospodářství města,"Uveďte náklady na investice do odpadového hospodářství města - např. na budování kontejnerových stání, budování podzemních kontejnerů případně další náklady spojené s modernizací systému odpadového hospodářství města. Pokud jste uvedli výdaje, které byly zcela nebo částečně hrazeny z dotací , nezapomeňte je uvést také v příjmové části v řádku Ostatní příjmy. SOUČET NÁKLADŮ MUSÍ ODPOVÍDAT CELKOVÝM VÝDAJŮM MĚSTA na nakládání s odpady. POKUD NĚKTERÉ KATEGORIE NEEVIDUJETE NEBO EVIDUJETE JINÝM ZPŮSOBEM, VYPLŇTE NULU A UVEĎTE TYTO NÁKLADY DO KATEGORIE ""OSTATNÍ"" (tak, aby celkový součet odpovídal celkovým výdajům vašeho města). Zdroj dat: Hlášení souhrnných údajů z průběžné evidence, List 5, tab. 11, Další specifické náklady řádek Investiční náklady, sloupec Náklady celkem (v celých Kč)."
62,D62.16.11,Ostatní náklady v celých Kč,"Např. platby jiné obci za využití sběrného dvora, informační aktivity, náklady na sběr textilu. Do tohoto řádku NEUVÁDĚJTE náklady na odpady z údržby veřejné zeleně a náklady na administrativu."
62,D62.16.12,Náklady na odpady z údržby veřejné zeleně,"Zdroj dat: Hlášení souhrnných údajů z průběžné evidence, List 5, tab. 11, Další specifické náklady, řádek Odpady z údržby veřejné zeleně, Sloupec Náklady celkem (v celých Kč)."
62,D62.16.13,Náklady obce na provoz komunitní kompostárny v celých Kč,Zdroj dat:
62,D62.17,Příjmy obce v oblasti odpadového hospodářství v celých Kč - AUTOMATICKÝ SOUČET PŘÍJMŮ NÍŽE,Vzorec: D62.17.1+D62.17.2+D62.17.3+D62.17.4+D62.17.5+D62.17.6+D62.17.7+D62.17.8
62,D62.17.1,"Poplatek za komunální odpad, který od občanů obec vybírá („Poplatek za obecní systém odpadového hospodářství“ nebo „Poplatek za odkládání komunálního odpadu z nemovité věci“) v celých Kč (roční plnění)","Údaje se automaticky importují z agendy 37. Místní poplatky
Vzorec: (D37.45+D37.48.5)*1000"
62,D62.17.2,Příjmy obce za úhradu za zapojení živnostníků do obecního systému v celých Kč,"SOUČET PŘÍJMŮ MUSÍ ODPOVÍDAT CELKOVÝM PŘÍJMŮM MĚSTA za činnosti související s nakládáním s odpady. POKUD NĚKTERÉ KATEGORIE NEEVIDUJETE NEBO EVIDUJETE JINÝM ZPŮSOBEM, VYPLŇTE NULU A UVEĎTE TYTO PŘÍJMY DO KATEGORIE ""OSTATNÍ"" (tak, aby celkový součet odpovídal celkovým příjmům vašeho města). Zdroj dat: Hlášení souhrnných údajů z průběžné evidence, List 5, tabulka 13, řádek Úhrada za zapojení původců do obecního systému."
62,D62.17.3,Příjmy obce z prodeje využitelných recyklovatelných složek odpadů v celých Kč,"SOUČET PŘÍJMŮ MUSÍ ODPOVÍDAT CELKOVÝM PŘÍJMŮM MĚSTA za činnosti související s nakládáním s odpady. POKUD NĚKTERÉ KATEGORIE NEEVIDUJETE NEBO EVIDUJETE JINÝM ZPŮSOBEM, VYPLŇTE NULU A UVEĎTE TYTO PŘÍJMY DO KATEGORIE ""OSTATNÍ"" (tak, aby celkový součet odpovídal celkovým příjmům vašeho města). Zdroj dat: Hlášení souhrnných údajů z průběžné evidence, List 5, tabulka 13, řádek Výnosy z prodeje využitelných odpadů (druhotných surovin)."
62,D62.17.4,Příjmy obce od autorizovaných obalových společností za obalové odpady nebo od kolektivních systémů za zpětný odběr výrobků s ukončenou životností v celých Kč,"SOUČET PŘÍJMŮ MUSÍ ODPOVÍDAT CELKOVÝM PŘÍJMŮM MĚSTA za činnosti související s nakládáním s odpady. POKUD NĚKTERÉ KATEGORIE NEEVIDUJETE NEBO EVIDUJETE JINÝM ZPŮSOBEM, VYPLŇTE NULU A UVEĎTE TYTO PŘÍJMY DO KATEGORIE ""OSTATNÍ"" (tak, aby celkový součet odpovídal celkovým příjmům vašeho města). Zdroj dat: Hlášení souhrnných údajů z průběžné evidence, List 5, tabulka 13, součet příjmů v řádcích Příjmy od autorizovaných obalových společností za obalové odpady a Příjmy od kolektivních systémů (výrobců) za zpětný odběr výrobků s ukončenou životností."
62,D62.17.5,"Příjmy obce od jiných obcí, pokud jim poskytuje část kapacity sběrného dvora (úhrada za využívání sběrného dvora) v celých Kč","SOUČET PŘÍJMŮ MUSÍ ODPOVÍDAT CELKOVÝM PŘÍJMŮM MĚSTA za činnosti související s nakládáním s odpady. POKUD NĚKTERÉ KATEGORIE NEEVIDUJETE NEBO EVIDUJETE JINÝM ZPŮSOBEM, VYPLŇTE NULU A UVEĎTE TYTO PŘÍJMY DO KATEGORIE ""OSTATNÍ"" (tak, aby celkový součet odpovídal celkovým příjmům vašeho města). Zdroj dat: Hlášení souhrnných údajů z průběžné evidence, List 5, tabulka 13, řádek Příjmy od jiných obcí (za využívání sběrného dvora)."
62,D62.17.6,Příjmy obce z poplatků za ukládání odpadu (pokud má na svém území skládku) v celých Kč,"SOUČET PŘÍJMŮ MUSÍ ODPOVÍDAT CELKOVÝM PŘÍJMŮM MĚSTA za činnosti související s nakládáním s odpady. POKUD NĚKTERÉ KATEGORIE NEEVIDUJETE NEBO EVIDUJETE JINÝM ZPŮSOBEM, VYPLŇTE NULU A UVEĎTE TYTO PŘÍJMY DO KATEGORIE ""OSTATNÍ"" (tak, aby celkový součet odpovídal celkovým příjmům vašeho města). Zdroj dat: Hlášení souhrnných údajů z průběžné evidence, List 5, tabulka 13, řádek Příjmy z poplatku za ukládání odpadu na skládku (pokud je obec příjemcem poplatku)."
62,D62.17.7,Příjmy obce z prodeje movitých věcí v rámci re-use centra v celých Kč,"POKUD NĚKTERÉ KATEGORIE NEEVIDUJETE NEBO EVIDUJETE JINÝM ZPŮSOBEM, VYPLŇTE NULU A UVEĎTE TYTO PŘÍJMY DO KATEGORIE ""OSTATNÍ"" (tak, aby celkový součet odpovídal celkovým příjmům vašeho města). Zdroj dat: Hlášení souhrnných údajů z průběžné evidence, List 5, tabulka 13, řádek Výnosy z prodeje movitých věcí (re-use centra apod.)"
62,D62.17.8,Ostatní příjmy v celých Kč,"Např. výnosy ze sběru textilu, výnosy ze sběru odpadu jedlých tuků a olejů. Zdroj dat: Hlášení souhrnných údajů z průběžné evidence, List 5, tabulka 13, případně evidence úřadu o dalších příjmech souvisejících s odpadovým hospodářstvím obce."
63,D63.1,Příjem z daně z nemovitých věcí,Vzorec: D360.1511
63,D63.2,Výše základního koeficientu obce pro stanovení daně z pozemků,"(§6 zákona o dani z nemovitých věcí)
https://adisspr.mfcr.cz/dpr/adis/idpr_reg/dne/koef/vyhledani.faces"
63,D63.2.0,"Má obec zaveden koeficient 1,5 dle § 11 odst. 3b","0 - NE, 1 - ANO koeficient dle § 11 odst. 6 - koef. 1,5 pro podnikatelské stavby, rodinou rekreaci a garáže (od roku 2024 zrušen)"
63,D63.3,Výše základního koeficientu obce pro stanovení daně ze staveb a jednotek,"(§11 zákona o dani z nemovitých věcí)
https://adisspr.mfcr.cz/dpr/adis/idpr_reg/dne/koef/vyhledani.faces"
63,D63.4,Výše místního koeficientu,"(§12 zákona o dani z nemovitých věcí). Pokud obec využívá více místních koeficientů pro jednotlivé druhy pozemků či staveb, uveďte hodnotu převažujícího koeficientu.
https://adisspr.mfcr.cz/dpr/adis/idpr_reg/dne/koef/vyhledani.faces"
63,D63.4.1,Uplatňujete více místních koeficientů,"ANO = 1, NE = 0"
63,D63.5,Počet km čtverečních obce,"Počet km čtverečních obce - správní obvod obce s pověřením I. stupně; k 31. 12. sledovaného roku.
Vzorec: D1.13"
63,D63.6,Počet staveb v obci,"Vyplňte souhrnnou hodnotu z: https://vdp.cuzk.cz/vdp/ruian Sečíst objekty s č.p. a s č. ev. ~~a bez čísla~~, za všechna katastrální území v obci. (Pozn. po změně vyhledávače v RUIANu, kdy nelze filtrovat stavby bez čp/čo, tyto nesledujeme)."
63,D63.7,Právní předpis obce k úpravě koeficientů daně z nemovitých věcí,"1 - vyhláška, 2 - opatření obecné povahy, 0 - není vydán"
63,D63.8,Daň z průměrného bytu 65m2 v Kč,"Průměrná obytná plocha na 1 obydlený byt v ČR je 65m2. Jaká je výše daně za tento byt u Vás ve městě? Máte-li více koeficientů, uveďte maximální výši daně a minimální výši uveďte do poznámky."
66,D66.1,Lidé v exekuci,Podíl osob v exekuci https://mapazadluzeni.cz/?g=obec&v1=podil_osob_v_exekuci&v1p=2024-Q4 (vyberte správný rok)
66,D66.2,Lidé v insolvenci,Podíl osob v oddlužení ze všech obyvatel https://mapazadluzeni.cz/?g=obec&v1=podil_osob_v_bankrotu&v1p=2024-Q4 (vyberte správný rok)
66,D66.3,Destabilizující chudoba,"Destabilizující chudoba je index, který zahrnuje především exekuce, bytovou nouzi a sociálně vyloučené lokality. Ovlivňuje rodiny a děti napřímo, protože souvisí se stresem a nejistotou, ztrátami bydlení, rozpadem sociálních vazeb a aspirací a nepřítomností pozitivních vzorů. https://www.datapaq.cz/?v1=dest_chudoba&v1p=2025&v1t=hodnoty"
66,D66.4,Socioekonomická rozvinutost,"Socioekonomická rozvinutost regionu je index, který se skládá z podílu lidí s vysokoškolským vzděláním, zaměstnanosti v regionu a podílu zaměstnanců v nejvyšším kvantilu podle výše mzdy. https://www.datapaq.cz/?v1=socioeko_rozvinutost&v1p=2025&v1t=hodnoty"
66,D66.5,Socioekonomické znevýhodnění,"Obecné socioekonomické znevýhodnění je index, který se skládá především z nezaměstnanosti a vzdělanostní struktury obyvatelstva. Socioekonomické znevýhodnění vyjadřuje ekonomické příležitosti a lidský kapitál v dané oblasti. https://www.datapaq.cz/?g=okres&v1=socioeko_znevyhodneni&v1p=2023&v1t=hodnoty"
66,D66.6,Index sociálního vyloučení,"Index sociálního vyloučení se skládá z pěti ukazatelů – příjemců příspěvků na živobytí, příspěvku na bydlení, osob v exekuci, dlouhodobě nezaměstnaných a žáků předčasně odcházejících ze vzdělávání. Popisuje znevýhodnění obyvatel zhoršeným přístupem k jinak dostupným zdrojům. https://www.datapaq.cz/?g=okres&v1=index_socialniho_vylouceni&v1p=2023"
66,D66.7,Vzdělávací neúspěšnost,"Vzdělávací neúspěšnost je index složený z nedokončování základního vzdělání, opakování ročníku, propadání a absencí. Tyto čtyři ukazatele jsou různé projevy jednoho problému – vzdělávací neúspěšnosti, proto je vyjadřujeme v jednom indexu. https://www.datapaq.cz/?v1=vzdel_neuspesnost&v1p=2025&v1t=hodnoty"
66,D66.8,Hodnota indexu kvality života,https://www.obcevdatech.cz/
66,D66.9,Počet vyplacených příspěvků na bydlení na 1000 obyvatel starších 15 let,"Počet vyplacených příspěvků na bydlení na 1000 obyvatel starších 15 let. Hodnota vyjadřuje průměrný měsíc daného roku. Příspěvek na bydlení je dávka státní sociální podpory příslušící domácnostem, jejichž uznatelné náklady na bydlení převyšují 30 % (v Praze 35 %) rozhodného (čistého) příjmu domácnosti. https://www.datapaq.cz/?v1=prispevky_na_bydleni_1000_obyvatel&v1p=2024"
300,D300.1,8000 Financování (součet za třídu 8),
300,D300.2,8111 Krátkodobé vydané dluhopisy (+),
300,D300.3,8112 Uhrazené splátky krátkodobých vydaných dluhopisů (-),
300,D300.4,8113 Krátkodobé přijaté půjčené prostředky (+),
300,D300.5,8114 Uhrazené splátky krátkodobých přijatých půjčených prostředků (-),
300,D300.6,"8115 Změna stavu krátkodobých prostředků na bankovních účtech kromě účtů státních finančních aktiv, které tvoří kapitolu OSFA (+/-)",
300,D300.7,8117 Aktivní krátkodobé operace řízení likvidity - příjmy (+),
300,D300.8,8118 Aktivní krátkodobé operace řízení likvidity - výdaje (-),
300,D300.9,8121 Dlouhodobé vydané dluhopisy (+),
300,D300.10,8122 Uhrazené splátky dlouhodobých vydaných dluhopisů (-),
300,D300.11,8123 Dlouhodobé přijaté půjčené prostředky (+),
300,D300.12,8124 Uhrazené splátky dlouhodobých přijatých půjčených prostředků (-),
300,D300.13,8125 Změna stavu dlouhodobých prostředků na bankovních účtech (+/-),
300,D300.14,8127 Aktivní dlouhodobé operace řízení likvidity - příjmy (+),
300,D300.15,8128 Aktivní dlouhodobé operace řízení likvidity - výdaje (-),
300,D300.16,8211 Krátkodobé vydané dluhopisy (+),
300,D300.17,8212 Uhrazené splátky krátkodobých vydaných dluhopisů (-),
300,D300.18,8213 Krátkodobé přijaté půjčené prostředky (+),
300,D300.19,8214 Uhrazené splátky krátkodobých přijatých půjčených prostředků (-),
300,D300.20,8215 Změna stavu bankovních účtů krátkodobých prostředků ze zahraničí jiných než ze zahraničních dlouhodobých úvěrů (+/-),
300,D300.21,8217 Aktivní krátkodobé operace řízení likvidity - příjmy (+),
300,D300.22,8218 Aktivní krátkodobé operace řízení likvidity - výdaje (-),
300,D300.23,8221 Dlouhodobé vydané dluhopisy (+),
300,D300.24,8222 Uhrazené splátky dlouhodobých vydaných dluhopisů (-),
300,D300.25,8223 Dlouhodobé přijaté půjčené prostředky (+),
300,D300.26,8224 Uhrazené splátky dlouhodobých přijatých půjčených prostředků (-),
300,D300.27,8225 Změna stavu dlouhodobých prostředků na bankovních účtech (+/-),
300,D300.28,8227 Aktivní dlouhodobé operace řízení likvidity - příjmy (+),
300,D300.29,8228 Aktivní dlouhodobé operace řízení likvidity - výdaje (-),
300,D300.30,8901 Operace z peněžních účtů organizace nemající charakter příjmů a výdajů vládního sektoru (+/-),
300,D300.31,8902 Nerealizované kursové rozdíly pohybů na devizových účtech,
300,D300.32,8905 Nepřevedené částky vyrovnávající schodek,
300,D300.8000,Součet za třídu 8,
310,D310.1,A. NÁKLADY CELKEM,
310,D310.2,A.I. Náklady z činnosti,
310,D310.3,A.I.1. Spotřeba materiálu,
310,D310.4,A.I.2. Spotřeba energie,
310,D310.5,A.I.3. Spotřeba jiných neskladovatelných dodávek,
310,D310.6,A.I.4. Prodané zboží,
310,D310.7,A.I.5. Aktivace dlouhodobého majetku,
310,D310.8,A.I.6. Aktivace oběžného majetku,
310,D310.9,A.I.7. Změna stavu zásob vlastní výroby,
310,D310.10,A.I.8. Opravy a udržování,
310,D310.11,A.I.9. Cestovné,
310,D310.12,A.I.10. Náklady na reprezentaci,
310,D310.13,A.I.11. Aktivace vnitroorganizačních služeb,
310,D310.14,A.I.12. Ostatní služby,
310,D310.15,A.I.13. Mzdové náklady,
310,D310.16,A.I.14. Zákonné sociální pojištění,
310,D310.17,A.I.15. Jiné sociální pojištění,
310,D310.18,A.I.16. Zákonné sociální náklady,
310,D310.19,A.I.17. Jiné sociální náklady,
310,D310.20,A.I.18. Daň silniční,
310,D310.21,A.I.19. Daň z nemovitostí,
310,D310.22,A.I.20. Jiné daně a poplatky,
310,D310.23,A.I.22. Smluvní pokuty a úroky z prodlení,
310,D310.24,A.I.23. Jiné pokuty a penále,
310,D310.25,A.I.24. Dary a jiná bezúplatná předání,
310,D310.26,A.I.25. Prodaný materiál,
310,D310.27,A.I.26. Manka a škody,
310,D310.28,A.I.27. Tvorba fondů,
310,D310.29,A.I.28. Odpisy dlouhodobého majetku,
310,D310.30,A.I.29. Prodaný dlouhodobý nehmotný majetek,
310,D310.31,A.I.30. Prodaný dlouhodobý hmotný majetek,
310,D310.32,A.I.31. Prodané pozemky,
310,D310.33,A.I.32. Tvorba a zúčtování rezerv,
310,D310.34,A.I.33. Tvorba a zúčtování opravných položek,
310,D310.35,A.I.34. Náklady z vyřazených pohledávek,
310,D310.36,A.I.35. Náklady z drobného dlouhodobého majetku,
310,D310.37,A.I.36. Ostatní náklady z činnosti,
310,D310.38,A.II. Finanční náklady,
310,D310.39,A.II.1. Prodané cenné papíry a podíly,
310,D310.40,A.II.2. Úroky,
310,D310.41,A.II.3. Kurzové ztráty,
310,D310.42,A.II.4. Náklady z přecenění reálnou hodnotou,
310,D310.43,A.II.5. Ostatní finanční náklady,
310,D310.44,A.III. Náklady na transfery,
310,D310.45,A.III.2. Náklady vybraných místních vládních institucí na transfery,
310,D310.46,A.V. Daň z příjmů,
310,D310.47,A.V.1. Daň z příjmů,
310,D310.48,A.V.2. Dodatečné odvody daně z příjmů,
310,D310.49,B. VÝNOSY CELKEM,
310,D310.50,B.I. Výnosy z činnosti,
310,D310.51,B.I.1. Výnosy z prodeje vlastních výrobků,
310,D310.52,B.I.2. Výnosy z prodeje služeb,
310,D310.53,B.I.3. Výnosy z pronájmu,
310,D310.54,B.I.4. Výnosy z prodaného zboží,
310,D310.55,B.I.5. Výnosy ze správních poplatků,
310,D310.56,B.I.6. Výnosy z místních poplatků,
310,D310.57,B.I.8. Jiné výnosy z vlastních výkonů,
310,D310.58,B.I.9. Smluvní pokuty a úroky z prodlení,
310,D310.59,B.I.10. Jiné pokuty a penále,
310,D310.60,B.I.11. Výnosy z vyřazených pohledávek,
310,D310.61,B.I.12. Výnosy z prodeje materiálu,
310,D310.62,B.I.13. Výnosy z prodeje dlouhodobého nehmotného majetku,
310,D310.63,B.I.14. Výnosy z prodeje dlouhodobého hmotného majetku kromě pozemků,
310,D310.64,B.I.15. Výnosy z prodeje pozemků,
310,D310.65,B.I.16. Čerpání fondů,
310,D310.66,B.I.17. Ostatní výnosy z činnosti,
310,D310.67,B.II. Finanční výnosy,
310,D310.68,B.II.1. Výnosy z prodeje cenných papírů a podílů,
310,D310.69,B.II.2. Úroky,
310,D310.70,B.II.3. Kurzové zisky,
310,D310.71,B.II.4. Výnosy z přecenění reálnou hodnotou,
310,D310.72,B.II.5. Výnosy z dlouhodobého finančního majetku,
310,D310.73,B.II.6. Ostatní finanční výnosy,
310,D310.74,B.IV. Výnosy z transferů,
310,D310.75,B.IV.2. Výnosy vybraných místních vládních institucí z transferů,
310,D310.76,B.V. Výnosy ze sdílených daní a poplatků,
310,D310.77,B.V.1. Výnosy ze sdílené daně z příjmů fyzických osob,
310,D310.78,B.V.2. Výnosy ze sdílené daně z příjmů právnických osob,
310,D310.79,B.V.3. Výnosy ze sdílené daně z přidané hodnoty,
310,D310.80,B.V.4. Výnosy ze sdílených spotřebních daní,
310,D310.81,B.V.5. Výnosy ze sdílených majetkových daní,
310,D310.82,B.V.6. Výnosy z ostatních sdílených daní a poplatků,
310,D310.83,C. VÝSLEDEK HOSPODAŘENÍ,
310,D310.84,C.1. Výsledek hospodaření před zdaněním,
310,D310.85,C.2. Výsledek hospodaření běžného účetního období,
320,D320.1,AKTIVA Aktiva celkem,
320,D320.2,A. Stálá aktiva,
320,D320.3,A.I. Dlouhodobý nehmotný majetek,
320,D320.4,A.I.1. Nehmotné výsledky výzkumu a vývoje,
320,D320.5,A.I.2. Software,
320,D320.6,A.I.3. Ocenitelná práva,
320,D320.7,A.I.4. Povolenky na emise a preferenční limity,
320,D320.8,A.I.5. Drobný dlouhodobý nehmotný majetek,
320,D320.9,A.I.6. Ostatní dlouhodobý nehmotný majetek,
320,D320.10,A.I.7. Nedokončený dlouhodobý nehmotný majetek,
320,D320.11,A.I.8. Poskytnuté zálohy na dlouhodobý nehmotný majetek,
320,D320.12,A.I.9. Dlouhodobý nehmotný majetek určený k prodeji,
320,D320.13,A.II. Dlouhodobý hmotný majetek,
320,D320.14,A.II.1. Pozemky,
320,D320.15,A.II.2. Kulturní předměty,
320,D320.16,A.II.3. Stavby,
320,D320.17,A.II.4. Samostatné hmotné movité věci a soubory hmotných movitých věcí,
320,D320.18,A.II.5. Pěstitelské celky trvalých porostů,
320,D320.19,A.II.6. Drobný dlouhodobý hmotný majetek,
320,D320.20,A.II.7. Ostatní dlouhodobý hmotný majetek,
320,D320.21,A.II.8. Nedokončený dlouhodobý hmotný majetek,
320,D320.22,A.II.9. Poskytnuté zálohy na dlouhodobý hmotný majetek,
320,D320.23,A.II.10. Dlouhodobý hmotný majetek určený k prodeji,
320,D320.24,A.III. Dlouhodobý finanční majetek,
320,D320.25,A.III.1. Majetkové účasti v osobách s rozhodujícím vlivem,
320,D320.26,A.III.2. Majetkové účasti v osobách s podstatným vlivem,
320,D320.27,A.III.3. Dluhové cenné papíry držené do splatnosti,
320,D320.28,A.III.4. Dlouhodobé půjčky,
320,D320.29,A.III.5. Termínované vklady dlouhodobé,
320,D320.30,A.III.6. Ostatní dlouhodobý finanční majetek,
320,D320.31,A.III.7. Pořizovaný dlouhodobý finanční majetek,
320,D320.32,A.III.8. Poskytnuté zálohy na dlouhodobý finanční majetek,
320,D320.33,A.IV. Dlouhodobé pohledávky,
320,D320.34,A.IV.1. Poskytnuté návratné finanční výpomoci dlouhodobé,
320,D320.35,A.IV.2. Dlouhodobé pohledávky z postoupených úvěrů,
320,D320.36,A.IV.3. Dlouhodobé poskytnuté zálohy,
320,D320.37,A.IV.4. Dlouhodobé pohledávky z ručení,
320,D320.38,A.IV.5. Ostatní dlouhodobé pohledávky,
320,D320.39,A.IV.6. Dlouhodobé poskytnuté zálohy na transfery,
320,D320.40,B. Oběžná aktiva,
320,D320.41,B.I. Zásoby,
320,D320.42,B.I.1. Pořízení materiálu,
320,D320.43,B.I.2. Materiál na skladě,
320,D320.44,B.I.3. Materiál na cestě,
320,D320.45,B.I.4. Nedokončená výroba,
320,D320.46,B.I.5. Polotovary vlastní výroby,
320,D320.47,B.I.6. Výrobky,
320,D320.48,B.I.7. Pořízení zboží,
320,D320.49,B.I.8. Zboží na skladě,
320,D320.50,B.I.9. Zboží na cestě,
320,D320.51,B.I.10. Ostatní zásoby,
320,D320.52,B.II. Krátkodobé pohledávky,
320,D320.53,B.II.1. Odběratelé,
320,D320.54,B.II.2. Směnky k inkasu,
320,D320.55,B.II.3. Pohledávky za eskontované cenné papíry,
320,D320.56,B.II.4. Krátkodobé poskytnuté zálohy,
320,D320.57,B.II.5. Jiné pohledávky z hlavní činnosti,
320,D320.58,B.II.6. Poskytnuté návratné finanční výpomoci krátkodobé,
320,D320.59,B.II.7. Krátkodobé pohledávky z postoupených úvěrů,
320,D320.60,B.II.8. Pohledávky z přerozdělovaných daní,
320,D320.61,B.II.9. Pohledávky za zaměstnanci,
320,D320.62,B.II.10. Sociální zabezpečení,
320,D320.63,B.II.11. Zdravotní pojištění,
320,D320.64,B.II.12. Důchodové spoření,
320,D320.65,B.II.13. Daň z příjmů,
320,D320.66,"B.II.14. Ostatní daně, poplatky a jiná obdobná peněžitá plnění",
320,D320.67,B.II.15. Daň z přidané hodnoty,
320,D320.68,B.II.16. Pohledávky za osobami mimo vybrané vládní instituce,
320,D320.69,B.II.17. Pohledávky za vybranými ústředními vládními institucemi,
320,D320.70,B.II.18. Pohledávky za vybranými místními vládními institucemi,
320,D320.71,B.II.23. Krátkodobé pohledávky z ručení,
320,D320.72,B.II.24. Pevné termínové operace a opce,
320,D320.73,B.II.25. Pohledávky z neukončených finančních operací,
320,D320.74,B.II.26. Pohledávky z finančního zajištění,
320,D320.75,B.II.27. Pohledávky z vydaných dluhopisů,
320,D320.76,B.II.28. Krátkodobé poskytnuté zálohy na transfery,
320,D320.77,B.II.29. Krátkodobé zprostředkování transferů,
320,D320.78,B.II.30. Náklady příštích období,
320,D320.79,B.II.31. Příjmy příštích období,
320,D320.80,B.II.32. Dohadné účty aktivní,
320,D320.81,B.II.33. Ostatní krátkodobé pohledávky,
320,D320.82,B.III. Krátkodobý finanční majetek,
320,D320.83,B.III.1. Majetkové cenné papíry k obchodování,
320,D320.84,B.III.2. Dluhové cenné papíry k obchodování,
320,D320.85,B.III.3. Jiné cenné papíry,
320,D320.86,B.III.4. Termínované vklady krátkodobé,
320,D320.87,B.III.5. Jiné běžné účty,
320,D320.88,B.III.9. Běžný účet,
320,D320.89,B.III.11. Základní běžný účet územních samosprávných celků,
320,D320.90,B.III.12. Běžné účty fondů územních samosprávných celků,
320,D320.91,B.III.15. Ceniny,
320,D320.92,B.III.16. Peníze na cestě,
320,D320.93,B.III.17. Pokladna,
320,D320.94,PASIVA Pasiva celkem,
320,D320.95,C. Vlastní kapitál,
320,D320.96,C.I. Jmění účetní jednotky a upravující položky,
320,D320.97,C.I.1. Jmění účetní jednotky,
320,D320.98,C.I.3. Transfery na pořízení dlouhodobého majetku,
320,D320.99,C.I.4. Kurzové rozdíly,
320,D320.100,C.I.5. Oceňovací rozdíly při prvotním použití metody,
320,D320.101,C.I.6. Jiné oceňovací rozdíly,
320,D320.102,C.I.7. Opravy předcházejících účetních období,
320,D320.103,C.II. Fondy účetní jednotky,
320,D320.104,C.II.6. Ostatní fondy,
320,D320.105,C.III. Výsledek hospodaření,
320,D320.106,C.III.1. Výsledek hospodaření běžného účetního období,
320,D320.107,C.III.2. Výsledek hospodaření ve schvalovacím řízení,
320,D320.108,C.III.3. Výsledek hospodaření předcházejících účetních období,
320,D320.109,D. Cizí zdroje,
320,D320.110,D.I. Rezervy,
320,D320.111,D.I.1. Rezervy,
320,D320.112,D.II. Dlouhodobé závazky,
320,D320.113,D.II.1. Dlouhodobé úvěry,
320,D320.114,D.II.2. Přijaté návratné finanční výpomoci dlouhodobé,
320,D320.115,D.II.3. Dlouhodobé závazky z vydaných dluhopisů,
320,D320.116,D.II.4. Dlouhodobé přijaté zálohy,
320,D320.117,D.II.5. Dlouhodobé závazky z ručení,
320,D320.118,D.II.6. Dlouhodobé směnky k úhradě,
320,D320.119,D.II.7. Ostatní dlouhodobé závazky,
320,D320.120,D.II.8. Dlouhodobé přijaté zálohy na transfery,
320,D320.121,D.III. Krátkodobé závazky,
320,D320.122,D.III.1. Krátkodobé úvěry,
320,D320.123,D.III.2. Eskontované krátkodobé dluhopisy (směnky),
320,D320.124,D.III.3. Krátkodobé závazky z vydaných dluhopisů,
320,D320.125,D.III.4. Jiné krátkodobé půjčky,
320,D320.126,D.III.5. Dodavatelé,
320,D320.127,D.III.6. Směnky k úhradě,
320,D320.128,D.III.7. Krátkodobé přijaté zálohy,
320,D320.129,D.III.8. Závazky z dělené správy,
320,D320.130,D.III.9. Přijaté návratné finanční výpomoci krátkodobé,
320,D320.131,D.III.10. Zaměstnanci,
320,D320.132,D.III.11. Jiné závazky vůči zaměstnancům,
320,D320.133,D.III.12. Sociální zabezpečení,
320,D320.134,D.III.13. Zdravotní pojištění,
320,D320.135,D.III.14. Důchodové spoření,
320,D320.136,D.III.15. Daň z příjmů,
320,D320.137,"D.III.16. Ostatní daně, poplatky a jiná obdobná peněžitá plnění",
320,D320.138,D.III.17. Daň z přidané hodnoty,
320,D320.139,D.III.18. Závazky k osobám mimo vybrané vládní instituce,
320,D320.140,D.III.19. Závazky k vybraným ústředním vládním institucím,
320,D320.141,D.III.20. Závazky k vybraným místním vládním institucím,
320,D320.142,D.III.27. Krátkodobé závazky z ručení,
320,D320.143,D.III.28. Pevné termínové operace a opce,
320,D320.144,D.III.29. Závazky z neukončených finančních operací,
320,D320.145,D.III.30. Závazky z finančního zajištění,
320,D320.146,D.III.31. Závazky z upsaných nesplacených cenných papírů a podílů,
320,D320.147,D.III.32. Krátkodobé přijaté zálohy na transfery,
320,D320.148,D.III.33. Krátkodobé zprostředkování transferů,
320,D320.149,D.III.35. Výdaje příštích období,
320,D320.150,D.III.36. Výnosy příštích období,
320,D320.151,D.III.37. Dohadné účty pasivní,
320,D320.152,D.III.38. Ostatní krátkodobé závazky,
340,D340.1,Běžné příjmy celkem,Vzorec: D340.2+D340.3+D340.4.1
340,D340.2,Daňové příjmy,Třída 1
340,D340.2.1,Daně z příjmů fyzických osob,"Podseskupení položek 111
Vzorec: D360.1111+D360.1112+D360.1113"
340,D340.2.2,Daně z příjmů právnických osob,"Podseskupení položek 112
Vzorec: D360.1121+D360.1122"
340,D340.2.2.1,Daň z příjmů za obec,"položka 1122
Vzorec: D360.1122"
340,D340.2.3,Daň z přidané hodnoty,"položka 1211
Vzorec: D360.1211"
340,D340.2.4,Daň z nemovitých věcí,"položka 1511
Vzorec: D360.1511"
340,D340.2.5,Daň z hazardních her,"seskupení položek 138x
Vzorec: (D360.1381+D360.1382+D360.1383+D360.1385+D360.1386+D360.1387+D360.1388+D360.1389)"
340,D340.3,Nedaňové příjmy,Třída 2
340,D340.4.0,Přijaté dotace,Třída 4
340,D340.4.1,Běžné dotace,"Třída 4 - Investiční dotace - Konsolidace příjmů
Vzorec: D340.4.0-D340.5"
340,D340.4.2,pol. 4112 - NEINVestiční transfery ze SR v rámci SDV,"pol. 4112
Vzorec: D360.4112"
340,D340.4.3,pol. 4212 - INVestiční transfery ze SR v rámci SDV,"pol. 4212
Vzorec: D360.4212"
340,D340.5,Investiční přijaté transfery,Součet položek 42xx
340,D340.8,Běžné výdaje,Třída 5
340,D340.9,Z toho placené úroky,"Položka 5141
Vzorec: D360.5141"
340,D340.10,Z toho splátky leasingu,"Položka 5178
Vzorec: D360.5178"
340,D340.13,Hrubá bilance (saldo) BR,Vzorec: D340.1-D340.8
340,D340.14,Čistý přebytek BR,Vzorec: D340.13+D340.9+D340.10
340,D340.15,Uhrazené splátky dlouhodobých vydaných dluhopisů,"Položka 8122
Vzorec: D300.10"
340,D340.16,Uhrazené splátky dlouhodobých přijatých půjčených prostředků,"Položka 8124
Vzorec: D300.12"
340,D340.17,Dluhová služba města,Vzorec: D340.9+D340.10+D340.15-D340.16
340,D340.18,Podíl přebytku BR na běžných příjmech,Vzorec: D340.14/D340.1
340,D340.19,Ukazatel krytí dluhové služby,Vzorec: D340.14/D340.17
340,D340.20,Celkové kapitálové příjmy,Vzorec: D340.21+D340.5
340,D340.21,Kapitálové příjmy,Třída 3
340,D340.23,Kapitálové výdaje,Třída 6
340,D340.24,Bilance kapitálového rozpočtu,Vzorec: D340.20-D340.23
340,D340.25,Kapacita samofinancování,Vzorec: (D340.13+D340.20)/D340.23
340,D340.26,Ukazatel investiční aktivity,Vzorec: D340.23/(D340.8+D340.23)
340,D340.27,Odpisy dlouhodobého majetku,"účet 551 (Výkaz zisku a ztráty)
Vzorec: D310.29"
340,D340.28,Podíl kapitálových výdajů a odpisů,Vzorec: D340.23/D340.27
340,D340.30,Počet obyvatel obce včetně cizinců,Vzorec: D1.1
340,D340.31,Dlouhodobé úvěry,"účet 451
Vzorec: D320.113"
340,D340.32,Dlouhodobé závazky z vydaných dluhopisů,"účet 453
Vzorec: D300.23"
340,D340.33,Ostatní dlouhodobé dluhy a závazky,"účet 458, účet 459
Vzorec: D320.119"
340,D340.34,Zadluženost celkem,Vzorec: D340.31+D340.32+D340.33
340,D340.35,Zadluženost na jednoho obyvatele včetně cizinců,Vzorec: D340.34/D340.30
340,D340.50,RUD bez daně z nemovitých věcí,Vzorec: D340.2.1+D340.2.2+D340.2.2.1+D340.2.3
342,D342.1,Počet obyvatel,
342,D342.2,Celkové příjmy rozpočtu (konsolidované),"Příjmy jsou tvořené pouze takovými peněžními plněními, které mají nenávratný charakter (vč. přijatých splátek půjčených prostředků). Vzhledem k tomu, že rozpočtovou skladbou jsou označovány všechny pohyby na vybraných syntetických účtech, pomocí konsolidačních položek dochází k očišťování příjmů o takové pohyby peněžních prostředků, kdy organizace převádí peněžní prostředky mezi svými bankovními účty a nejedná se tak o standardní příjem. V příjmech nejsou zahrnuty operace z cizích nebo sdružených prostředků, ani příjmy z podnikatelské činnosti."
342,D342.3,Celkové výdaje rozpočtu (konsolidované),"Výdaje jsou tvořené pouze takovými peněžními plněními, které mají nenávratný charakter (s výjimkou půjčených prostředků jiným organizacím). Vzhledem k tomu, že rozpočtovou skladbou jsou označovány všechny pohyby na vybraných syntetických účtech, pomocí konsolidačních položek dochází k očišťování výdajů o takové pohyby peněžních prostředků, kdy organizace převádí peněžní prostředky mezi svými bankovními účty a nejedná se tak o standardní výdaj. Ve výdajích nejsou zahrnuty operace z cizích nebo sdružených prostředků, ani výdaje z podnikatelské činnosti."
342,D342.4,Saldo příjmů a výdajů rozpočtu (konsolidované),"Rozdíl mezi příjmy a výdaji. Kladnou hodnotou se rozumí přebytek, zápornou schodek. Hodnotě salda musí vždy odpovídat hodnota financování (s opačným znaménkem). Třída financování popisuje, jak bylo s přebytkem naloženo, nebo jak byl schodek kryt."
342,D342.5,Přijaté půjčené prostředky,Úhrn jistiny vydaných dluhopisů a jistin jiných přijatých půjčených prostředků v rámci příslušného kalendářního roku. Nezahrnuje přijaté prostředky v rámci řízení likvidity.
342,D342.6,Uhrazené úroky,"Hrazené úroky z půjčených peněžních prostředků. Nezahrnuje úrokové platby, které vstupují do pořizovací ceny dlouhodobého majetku."
342,D342.7,Uhrazené splátky jistin půjčených prostředků,Uhrazené splátky jistin vydaných dluhopisů a jiných přijatých půjčených prostředků v rámci příslušného kalendářního roku. Nezahrnuje vynaložené prostředky v rámci řízení likvidity.
342,D342.8,Dluhová služba celkem,Součet uhrazených úroků z přijatých půjčených prostředků a uhrazených splátek jistin vydaných dluhopisů a jiných přijatých půjčených prostředků.
342,D342.9,Majetek celkem,"Veškerý majetek, který organizace v drtivé většině případů používá pro svoji činnost, kterou je zejména poskytování veřejných statků a veřejných služeb daňovým poplatníkům. Jeho ocenění tedy není dáno jeho aktuální tržní hodnotou. Je dáno výší prostředků vynaložených na jeho získání, upravenou zejména o to, jak dlouho a jak intenzivně byl doposud tento majetek organizací používán. Jde o významnou informaci o kvalitě a rozsahu veřejných statků a veřejných služeb, které v budoucnu může organizace daňovým poplatníkům poskytovat."
342,D342.10,Dlouhodobý hmotný majetek,"Hmotný majetek, který organizace v drtivé většině případů používá pro svoji činnost po dobu delší než 12 měsíců, zejména pozemky, budovy, stroje a zařízení. Touto činností je zejména poskytování veřejných statků a veřejných služeb daňovým poplatníkům. Ocenění tohoto majetku tedy není dáno jeho aktuální tržní hodnotou. Je dáno výší prostředků vynaložených na jeho získání, upravenou o to, jak dlouho a jak intenzivně byl doposud tento majetek organizací používán. Jde o významnou informaci o kvalitě a rozsahu veřejných statků a veřejných služeb, které v budoucnu může organizace daňovým poplatníkům poskytovat."
342,D342.11,Pohledávky brutto,"Nominální výše pohledávek, včetně poskytnutých záloh, které organizaci vznikají z jejího veřejnoprávního postavení (např. vyměřené daně, pokuty, sankce či poplatky) i soukromoprávního postavení (např. pronájmy nemovitostí), a to bez ohledu na to, do kdy mají být tyto pohledávky organizaci uhrazeny či jinak splněny."
342,D342.12,Krátkodobé pohledávky brutto,"Nominální výše pohledávek, včetně poskytnutých záloh, které organizaci vznikají z jejího veřejnoprávního postavení (např. vyměřené daně, pokuty, sankce či poplatky) i soukromoprávního postavení (např. pronájmy nemovitostí), které mají být organizaci uhrazeny či jinak splněny do 12 měsíců."
342,D342.13,Krátkodobé pohledávky netto,"Výše pohledávek organizace, včetně poskytnutých záloh, které vznikly z jejího veřejnoprávního postavení (např. vyměřené daně, pokuty, sankce či poplatky) i soukromoprávního postavení (např. pronájmy nemovitostí), a to ve výši, které zohledňuje pravděpodobnost jejich neuhrazení či jiného nesplnění dlužníky. Pohledávky jsou tedy oceněny přibližně ve výši, ve které lze očekávat jejich skutečné uhrazení či jiné splnění ze strany dlužníků. Rozdíl oproti ""Krátkodobým pohledávkám brutto"" tedy naznačuje, jaké přibližně peněžní prostředky či jiné plnění nedokáže organizace od svých dlužníků získat, a to z důvodů subjektivních i objektivních."
342,D342.14,Krátkodobý finanční majetek,"Celkový objem majetku organizace, který je jednoduše a rychle převoditelný na hotové peníze, které mohou sloužit například k úhradě jejích splatných závzaků. Kromě peněžní hotovosti, peněz na bankovních účtech a cenin se také jedná o cenné papíry, do kterých organizace uložila volné peněžní prostředky za účelem jejich zhodnocení či zabránění jejich znehodnocení."
342,D342.15,Cizí zdroje celkem,"Celkový objem všech závazků organizace, včetně přijatých záloh, bez ohledu na to, do kdy je má organizace uhradit či jinak vypořádat, a to včetně těch závazků, jejichž výše se v budoucnu může změnit (zvýšit i snížit)."
342,D342.16,Dlouhodobé závazky,"Nominální výše závazků, včetně přijatých záloh, které má organizace uhradit či jinak vypořádat ne dříve než za 12 měsíců."
342,D342.17,Krátkodobé závazky,"Nominální výše závazků, včetně přijatých záloh, které má organizace uhradit či jinak vypořádat do 12 měsíců."
342,D342.18,Náklady,"Nákladem v případě organizace veřejného sektoru je snížení využitelnosti jejího majetku pro její činnost, kterou je zejména poskytování veřejných statků a veřejných služeb daňovým poplatníkům. K tomu dochází například fyzickým či morálním opotřebením majetku (budovy, automobily), jeho spotřebou (kancelářský materiál), darováním či jiným úbytkem (upuštění od vymáhání pohledávky či její odpuštění), ale také vznikem (nikoliv uhrazením) závazku, protože majetku organizace nebude možné využít pro zvýšení kvality či rozsahu poskytovaných veřejných statků a veřejných služeb, nýbrž jeho použitím bude muset organizace získat zdroje potřebné k uhrazení tohoto závazku. Náklad je komplexnější a přesnější informací pro sledování výkonnosti organizace než výdaj peněžních prostředků, protože i když náklad vzniknul, k výdaji peněžních prostředků dojít může i nemusí, a to navíc v různých obdobích. Náklady jsou přímo spojeny se zhoršením finanční situace organizace, bez ohledu na výši či změnu výše peněžních prostředků."
342,D342.19,Výnosy,"Výnosem v případě organizace veřejného sektoru je zvýšení využitelnosti jejího majetku pro její činnost, kterou je zejména poskytování veřejných statků a veřejných služeb daňovým poplatníkům. K tomu dochází ze strany organizací veřejného sektoru zejména na základě vyměření daní, poplatků či pokut, získání dotací, podpor nebo grantů a spíše v menší míře i podnikatelskou činností (pronájem nemovitostí). Tyto skutečnosti představují pro organizace veřejného sektoru získané zdroje, které by měly efektivně a účelně vynakládat za účelem zvýšení kvality či rozsahu veřejných statků či veřejných služeb, které poskytují. Proto jsou výnosy přímo spojeny se zlepšením finanční situace těchto organizací."
342,D342.20,Výsledek hospodaření,"V případě organizací veřejného sektoru, zejména organizací státní správy, je běžné, že výsledkem jejich hospodaření za příslušný rok je ztráta, neboť se jedná téměř vždy o organizace, jejichž smyslem existence není tvorba zisku, nýbrž poskytování veřejných statků a veřejných služeb daňovým poplatníkům. Je-li výsledkem hospodaření organizace za příslušný rok zisk, naznačuje to dobrou schopnost této organizace získávat a efektivně využívat zdroje nezbytné pro zajištění její činnosti. Pro přesnější posouzení je však nezbytné vzít do úvahy i další informace a ukazatele."
342,D342.21,Stav na bankovních účtech a pokladně,
342,D342.22,Stav na bankovních účtech a pokladně zřízených PO,
343,D343.1,Stav prostředků na běžných účtech celkem,k 31.12. příslušného roku FT řádek R
343,D343.2,"Hodnota ukazatele dle zákona o rozpočtové odpovědnosti ""fiskální pravidlo""",
343,D343.3,"Hodnota ukazatele Finančního zdraví (1=A, 2=B, 3=C, 4=D, 5=E, 6=F)",
343,D343.4,Podíl cizích zdrojů k celkovým aktivům (v %),
343,D343.5,Běžná likvidita,
343,D343.6,Oběžná aktiva,
343,D343.7,Rating (metodologie Slezská univerzita),
346,D346.1,Celková aktiva (Brutto),A - celkem
346,D346.2,Kladný rozdíl 8114+8113,
346,D346.3,Kladný rozdíl 8124+8123,
347,D347.1,50. Spotřebované nákupy,Vzorec: D310.3+D310.4+D310.5+D310.6+D310.7+D310.8+D310.9
347,D347.2,51. Služby,Vzorec: D310.10+D310.11+D310.12+D310.13+D310.14
347,D347.3,53. Osobní náklady,Vzorec: D310.15+D310.16+D310.17+D310.18+D310.19
347,D347.4,53. Daně a poplatky,Vzorec: D310.20+D310.21+D310.22
347,D347.5,54. Ostatní náklady,Vzorec: D310.24+D310.25+D310.26+D310.27+D310.28
347,D347.6,"55. Odpisy, rezervy a opravné položky",Vzorec: D310.29+D310.30+D310.31+D310.32+D310.33+D310.34+D310.35+D310.36+D310.37
347,D347.7,56. Finanční náklady,Vzorec: D310.39+D310.40+D310.41+D310.42+D310.43
347,D347.8,57. Náklady na transfery,Vzorec: D310.45
347,D347.9,59. Daň z příjmů,Vzorec: D310.46+D310.47
347,D347.10,61. Výnosy z vlastních výkonů a zboží,Vzorec: D310.51+D310.52+D310.53+D310.54+D310.55+D310.56+D310.57
347,D347.11,64. Ostatní výnosy,Vzorec: D310.58+D310.59+D310.60+D310.61+D310.62+D310.63+D310.64+D310.65+D310.66
347,D347.12,66. Finanční výnosy,Vzorec: D310.68+D310.69+D310.70+D310.71+D310.72+D310.73
347,D347.13,67. Výnosy z transferů,Vzorec: D310.75
347,D347.14,68. Výnosy ze sdílených daní,Vzorec: D310.77+D310.78+D310.79+D310.80+D310.81+D310.82
347,D347.15,VÝSLEDKE HOSPODAŘENÍ PŘED ZDANĚNÍM,Vzorec: D310.84
347,D347.16,VÝSLEDEK HOSPODAŘENÍ PO ZDANĚNÍ,Vzorec: D310.85
348,D348.1,AKTIVA CELKEM,Vzorec: D320.1
348,D348.2,A. Stálá aktiva,Vzorec: D320.2
348,D348.3,I. Dlouhodobý nehmotný majetek,Vzorec: D320.3
348,D348.4,II. Dlouhodobý hmotný majetek,Vzorec: D320.13
348,D348.5,III. Dlouhodobý finanční majetek,Vzorec: D320.24
348,D348.6,IV. Dlouhodobé pohledávky,Vzorec: D320.33
348,D348.7,B. Oběžná aktiva,Vzorec: D320.40
348,D348.8,I. Zásoby,Vzorec: D320.41
348,D348.9,II. Krátkodobé pohledávky,Vzorec: D320.52
348,D348.10,III. Krátkodobý finanční majetek,Vzorec: D320.82
348,D348.11,PASIVA CELKEM,Vzorec: D320.94
348,D348.12,C. Vlastní kapitál,Vzorec: D320.95
348,D348.13,I. Jmění účetní jednotky a upravující položky,Vzorec: D320.96
348,D348.14,II. Fondy účetní jednotky,Vzorec: D320.103
348,D348.15,III. Výsledek hospodaření,Vzorec: D320.105
348,D348.16,D. Cizí zdroje,Vzorec: D320.109
348,D348.17,I. Rezervy,Vzorec: D320.110
348,D348.18,II. Dlouhodobé závazky,Vzorec: D320.112
348,D348.19,III. Krátkodobé závazky,Vzorec: D320.121
350,D350.0,Daňové příjmy,Vzorec: D340.2
350,D350.1,DP FO ze závislé činnosti,"1111
Vzorec: D360.1111"
350,D350.2,DPFO OSVČ,"1112
Vzorec: D360.1112"
350,D350.3,DPFO vybíraná srážkou,"1113
Vzorec: D360.1113"
350,D350.4,DP právnických osob,"1121
Vzorec: D360.1121"
350,D350.5,DP právnických osob za obce,"1122
Vzorec: D340.2.2.1"
350,D350.6,Daň z přidané hodnoty,"1211
Vzorec: D340.2.3"
350,D350.7,Poplatky,"132x, 133x, 134x
Vzorec: D360.1331+D360.1332+D360.1333+D360.1334+D360.1335+D360.1336+D360.1337+D360.1338+D360.1339+D360.1341+D360.1342+D360.1343+D360.1344+D360.1345+D360.1346+D360.1347+D360.1349"
350,D350.8,Správní poplatky,"1361
Vzorec: D360.1361"
350,D350.9,Daň z nemovitých věcí,"1511
Vzorec: D360.1511"
350,D350.10,Ostatní daňové příjmy,"1119, 1129, 1219, 1221, 1222, 1223, 1224, 1225, 1226, 1228, 1351, 1352, 1353, 1354, 1355, 1356, 1359, 1371, 1372, 1373, 1379, 1381, 1382, 1383, 1384, 1385 OR 14xx, 15xx, 16xx, 17xx (NOT 1511)
Vzorec: D350.0-D350.1-D350.2-D350.3-D350.4-D350.5-D350.6-D350.7-D350.8-D350.9"
350,D350.11,Nedaňové příjmy celkem,Vzorec: D340.3
350,D350.12,Příjmy z vlastní činnosti,"211x
Vzorec: D360.2111+D360.2112+D360.2113+D360.2119"
350,D350.13,Příjmy z pronájmu majetku,"213x
Vzorec: D360.2131+D360.2132+D360.2133+D360.2139"
350,D350.15,"Odvody přebytků org.s přím.vztahem, přij.sankční platby","212x, 221x, 222x
Vzorec: D360.2121+D360.2122+D360.2123+D360.2124+D360.2129+D360.2211+D360.2212+D360.2221+D360.2222+D360.2223+D360.2226+D360.2229"
350,D350.16,Příjmy z prodeje nekapitálového majetku a ostatní nedaňové příjmy,"215x, 231x, 232x, 233x, 234x, 235x, 236x, 251x
Vzorec: D350.11-D350.12-D350.13-D350.14-D350.15-D350.17"
350,D350.17,Přijaté splátky půjčených prostředků,"24xx
Vzorec: D360.2411+D360.2412+D360.2413+D360.2420+D360.2441+D360.2449+D360.2451+D360.2459+D360.2460"
350,D350.18,Daňové a nedaňové příjmy,Vzorec: D350.0+D350.11
350,D350.19,Neinvestiční dotace (transfery),"411x, 412x, 415x, 416x, 417x
Vzorec: D360.4111+D360.4112+D360.4113+D360.4116+D360.4118+D360.4119+D360.4121+D360.4122+D360.4123+D360.4129+D360.4133+D360.4151+D360.4152+D360.4153+D360.4155+D360.4159+D360.4171"
350,D350.20,Převody z vlastních fondů (HČ),"4131, 4132
Vzorec: D360.4131+D360.4132"
350,D350.21,BĚŽNÉ PŘÍJMY,Vzorec: D350.18+D350.19+D350.20
350,D350.22,"Prodej investičního majetku, akcií a majetkových práv","3xxx
Vzorec: D340.21"
350,D350.23,Investiční dotace (transfery),"42xx
Vzorec: D340.5"
350,D350.24,PŘÍJMY CELKEM,Vzorec: D350.21+D350.22+D350.23
350,D350.50,Běžné dotace v Kč,Vzorec: D42.5*1000
350,D350.51,Běžné příjmy,Vzorec: (D42.1+D42.2+D42.5)*1000
351,D351.0,**ODVĚTVOVÉ TŘÍDĚNÍ (paragrafy)**,
351,D351.1,Bezpečnost a veřejný pořádek,par. 5xxx
351,D351.2,Bydlení,par. 361x
351,D351.3,Doprava,par. 22xx
351,D351.4,Komunální služby,"par. 36xx, not 361
Vzorec: D351.4.1-D351.2"
351,D351.4.1,"Pomocný (Bydlení, komunální služby a územní rozvoj)",Pomocný par. 36xx
351,D351.5,Kultura,par. 33
351,D351.6,Průmysl a stavebnictví,"par. 2xxx, not. 22xx
Vzorec: D351.6.1-D351.3"
351,D351.6.1,Pomocný (Průmysl a ostatní odvětví hospodářství),pomocný par. 2xxx
351,D351.7,Sociální služby,par. 4xxx
351,D351.8,Školství,par. 31xx and 32xx
351,D351.9,Tělovýchova a zájmová činnost,par. 34xx
351,D351.10,Veřejná správa,par. 6xxx
351,D351.11,Zdravotnictví,par. 35xx
351,D351.12,Zemědělství,par. 1xxx
351,D351.13,Životní prostředí,par. 37xx
351,D351.14,Ostatní,par. 38xx and 39xx
351,D351.15,**DRUHOVÉ TŘÍDĚNÍ (položky)**,
351,D351.16,Platy zaměstnanců vč.odvodů,"50xx and 511x and 5250, 5315, 5316, 5317, 5423, 5424
Vzorec: D360.5011+D360.5012+D360.5014+D360.5019+D360.5021+D360.5022+D360.5023+D360.5024+ D360.5026+D360.5029+D360.5031+D360.5032+D360.5038+D360.5039+D360.5041+D360.5042+ D360.5051+D360.5061+D360.5423+D360.5424"
351,D351.17,"Nákupy DHM, materiálu, ostatní","513x
Vzorec: D360.5131+D360.5132+D360.5133+D360.5134+D360.5135+D360.5136+D360.5137+D360.5138+D360.5139"
351,D351.18,"Úroky, leasing a ostatní finanční výdaje","5141,5142,5143,5144,5145,5146,5147,5148,5149,5178,6143
Vzorec: D360.5141+D360.5142+D360.5143+D360.5144+D360.5146+D360.5147+D360.5149+D360.5178"
351,D351.19,Nákup energií,"515x
Vzorec: D360.5151+D360.5152+D360.5153+D360.5154+D360.5155+D360.5156+D360.5157+D360.5159"
351,D351.20,Nákup služeb,"516x and 5193
Vzorec: D360.5161+D360.5162+D360.5163+D360.5164+D360.5165+D360.5166+D360.5167+D360.5168+D360.5169+D360.5193"
351,D351.21,Opravy a udržování,"5171
Vzorec: D360.5171"
351,D351.22,"Ostatní nákupy, příspěvky, náhrady a věcné dary","517x, 518x, 519x not (5171, 5178, 5193)
Vzorec: D360.5172+D360.5173+D360.5175+D360.5176+D360.5177+D360.5179+D360.5181+D360.5182+D360.5183+D360.5184+D360.5185+D360.5189+D360.5191+D360.5192+D360.5194+D360.5195+D360.5196+D360.5199"
351,D351.23,Neinv.transfery podnikatel.sub. a nezisk.org.,"52xx bez 5250
Vzorec: D360.5211+ D360.5212+ D360.5213+ D360.5215+ D360.5216+ D360.5219+ D360.5221+ D360.5222+ D360.5223+ D360.5224+ D360.5225+ D360.5229+ D360.5230+ D360.5240"
351,D351.24,Neinvestiční příspěvky PO,"5331,5336
Vzorec: D360.5331+D360.5336"
351,D351.25,Neinvestiční příspěvky ostatním rozpočtům,"53xx bez 5315, 5316, 5317, 5331, 5336, 5342, 5344, 5345, 5347, 5348, 5349, 5350)
Vzorec: D360.5311+ D360.5319+ D360.5321+ D360.5323+ D360.5329+D360.5332+ D360.5333+ D360.5334+ D360.5339+ D360.5341+D360.5342+D360.5343+D360.5344+D360.5345+D360.5361+ D360.5362+ D360.5363+ D360.5364+ D360.5365+ D360.5366+ D360.5367+ D360.5368+ D360.5369"
351,D351.26,Neinvestiční transfery obyvatelstvu,"54xx, 58xx bez 5423, 5424
Vzorec: D360.5421+ D360.5429+ D360.5491+ D360.5492+ D360.5493+ D360.5494+ D360.5499+ D360.5811+ D360.5812"
351,D351.27,Ostatní neinvestiční výdaje a transfery,"55xx, 56xx, 57xx, 59xx and 5122, 5123
Vzorec: D360.5511+ D360.5520+ D360.5531+ D360.5532+ D360.5542+ D360.5612+ D360.5613+ D360.5619+ D360.5621+ D360.5622+ D360.5623+ D360.5624+ D360.5629+ D360.5632+ D360.5649+ D360.5651+ D360.5659+ D360.5660+ D360.5901+ D360.5902+ D360.5903+ D360.5904+ D360.5909+ D360.5122+ D360.5123"
351,D351.28,BĚŽNÉ VÝDAJE,Vzorec: D351.16+D351.17+D351.18+D351.19+D351.20+D351.21+D351.22+D351.23+D351.24+D351.25+D351.26+D351.27
351,D351.28.0,Běžné výdaje - kontrola,Vzorec: D351.28-D340.8
351,D351.29,Kapitálové výdaje,"tř. 6
Vzorec: D340.23"
351,D351.30,VÝDAJE CELKEM,Vzorec: D351.26+D351.27
351,D351.50,Programové vybavení,"6111
Vzorec: D360.6111"
351,D351.51,Ocenitelná práva,"6112
Vzorec: D360.6112"
351,D351.52,Nehmotné výsledky výzkumné a obdobné činnosti,"6113
Vzorec: D360.6113"
351,D351.53,Ostatní nákup dlouhodobého nehmotného majetku,"6119
Vzorec: D360.6119"
351,D351.54,"Budovy, haly a stavby","6121
Vzorec: D360.6121"
351,D351.55,"Stroje, přístroje a zařízení","6122
Vzorec: D360.6122"
351,D351.56,Dopravní prostředky,"6123
Vzorec: D360.6123"
351,D351.57,Pěstitelské celky trvalých porostů,"6124
Vzorec: D360.6124"
351,D351.58,Výpočetní technika,"6125
Vzorec: D360.6125"
351,D351.59,Kulturní předměty,"6127
Vzorec: D360.6127"
351,D351.60,Nákup dlouhodobého hmotného majetku jinde nezařazený,"6129
Vzorec: D360.6129"
351,D351.61,Pozemky,"6130
Vzorec: D360.6130"
351,D351.62,Právo stavby,"6141
Vzorec: D360.6141"
351,D351.64,Nákup akcií,"6201
Vzorec: D360.6201"
351,D351.65,Nákup majetkových podílů,"6202
Vzorec: D360.6202"
351,D351.66,Nákup ostatních majetkových nároků,"6209
Vzorec: D360.6209"
351,D351.67,Vklady do nadačních fondů,"6212
Vzorec: D360.6212"
351,D351.68,Vklady do ústavů,"6213
Vzorec: D360.6213"
351,D351.69,Investiční transfery finančním institucím,"6311
Vzorec: D360.6311"
351,D351.70,Investiční transfery nefinančním podnikatelským subjektům-fyzickým osobám,"6312
Vzorec: D360.6312"
351,D351.71,Investiční transfery nefinančním podnikatelským subjektům-právnickým osobám,"6313
Vzorec: D360.6313"
351,D351.72,Investiční transfery finančním a podobným institucím ve vlastnictví státu,"6314
Vzorec: D360.6314"
351,D351.73,Investiční transfery vybraným podnikatelským subjektům ve vlastnictví státu,"6315
Vzorec: D360.6315"
351,D351.74,Investiční transfery obecním a krajským nemocnicím - obchodním společnostem,"6316
Vzorec: D360.6316"
351,D351.75,Ostatní investiční transfery podnikatelským subjektům,"6319
Vzorec: D360.6319"
351,D351.76,Investiční transfery obecně prospěšným společnostem,"6321
Vzorec: D360.6321"
351,D351.77,Investiční transfery spolkům,"6322
Vzorec: D360.6322"
351,D351.78,Investiční transfery církvím a náboženským společnostem,"6323
Vzorec: D360.6323"
351,D351.79,Investiční transfery společenstvím vlastníků jednotek,"6324
Vzorec: D360.6324"
351,D351.80,Ostatní investiční transfery neziskovým a podobným organizacím,"6329
Vzorec: D360.6329"
351,D351.81,Investiční transfery státnímu rozpočtu,"6331
Vzorec: D360.6331"
351,D351.82,Ostatní investiční transfery jiným veřejným rozpočtům,"6339
Vzorec: D360.6339"
351,D351.83,Investiční transfery obcím,"6341
Vzorec: D360.6341"
351,D351.84,Investiční transfery krajům,"6342
Vzorec: D360.6342"
351,D351.85,Investiční transfery regionálním radám,"6345
Vzorec: D360.6345"
351,D351.86,Ostatní investiční transfery veřejným rozpočtům územní úrovně,"6349
Vzorec: D360.6349"
351,D351.87,Investiční transfery zřízeným příspěvkovým organizacím,"6351
Vzorec: D360.6351"
351,D351.88,Investiční transfery vysokým školám,"6352
Vzorec: D360.6352"
351,D351.89,"Investiční transfery školským právnickým osobám zřízeným státem, kraji a obcemi","6353
Vzorec: D360.6353"
351,D351.90,"Investiční transfery veřejným zdravotnickým zařízením zřízeným státem, kraji a obcemi","6355
Vzorec: D360.6355"
351,D351.91,Jiné investiční transfery zřízeným příspěvkovým organizacím,"6356
Vzorec: D360.6356"
351,D351.92,Investiční transfery ostatním příspěvkovým organizacím,"6359
Vzorec: D360.6359"
351,D351.93,Účelové investiční transfery nepodnikajícím fyzickým osobám,"6371
Vzorec: D360.6371"
351,D351.94,Ostatní investiční transfery obyvatelstvu,"6379
Vzorec: D360.6379"
351,D351.95,Investiční transfery do zahraničí,"6380
Vzorec: D360.6380"
351,D351.96,Investiční půjčené prostředky nefinančním podnikatelským subjektům-fyzickým osobám,"6412
Vzorec: D360.6412"
351,D351.97,Investiční půjčené prostředky nefinančním podnikatelským subjektům-právnickým osobám,"6413
Vzorec: D360.6413"
351,D351.98,Ostatní investiční půjčené prostředky podnikatelským subjektům,"6419
Vzorec: D360.6419"
351,D351.99,Investiční půjčené prostředky obecně prospěšným společnostem,"6421
Vzorec: D360.6421"
351,D351.100,Investiční půjčené prostředky občanským sdružením,"6422
Vzorec: D360.6422"
351,D351.101,Investiční půjčené prostředky církvím a náboženským společnostem,"6423
Vzorec: D360.6423"
351,D351.102,Investiční půjčené prostředky společenstvím vlastníků jednotek,"6424
Vzorec: D360.6424"
351,D351.103,Ostatní investiční půjčené prostředky neziskovým a podobným organizacím,"6429
Vzorec: D360.6429"
351,D351.104,Investiční půjčené prostředky obcím,"6441
Vzorec: D360.6441"
351,D351.105,Ostatní investiční půjčené prostředky veřejným rozpočtům místní úrovně,"6449
Vzorec: D360.6449"
351,D351.106,Investiční půjčené prostředky zřízeným příspěvkovým organizacím,"6451
Vzorec: D360.6451"
351,D351.107,Investiční půjčené prostředky ostatním příspěvkovým organizacím,"6459
Vzorec: D360.6459"
351,D351.108,Investiční půjčené prostředky obyvatelstvu,"6460
Vzorec: D360.6460"
351,D351.109,Rezervy kapitálových výdajů,"6901
Vzorec: D360.6901"
351,D351.110,Ostatní kapitálové výdaje jinde nezařazené,"6909
Vzorec: D360.6909"
351,D351.111,Investice do Bezpečnosti a veřejného pořádku,6xxx 5xxx
351,D351.112,Investice do Bydlení,6xxx 361x
351,D351.113,Dopravní investice,6xxx 22xx
351,D351.114,Investice do oblasti Komunálních služeb,"6xxx 36xx, bez 361x"
351,D351.115,Investice v oblasti Kultury,6xxx 33xx
351,D351.116,Investice do Průmyslu a stavebnictví,"6xxx 2xxx, bez 22xx"
351,D351.117,Investice do Sociálních zažízení,6xxx 4xxx
351,D351.118,Investice do Školství,"6xxx 31xx, 32xx"
351,D351.119,Investice do Sportovišť,6xxx 34xx
351,D351.120,Investice v oblasti Veřejné správy,6xxx 6xxx
351,D351.121,Investice do Zdravotnictví,6xxx 35xx
351,D351.122,Investice do Zemědělství,6xxx 1xxx
351,D351.123,Investice v oblasti Životního prostředí,6xxx 37xx
351,D351.124,Investice Ostatní odvětví,"6xxx 38xx, 39xx"
351,D351.6363,Investiční převody mati statutárním městem a městskými obvody (vč. Prahy),
360,D360.1111,Daň z příjmů fyzických osob placená plátci,
360,D360.1112,Daň z příjmů fyzických osob placená poplatníky,
360,D360.1113,Daň z příjmů fyzických osob vybíraná srážkou,
360,D360.1119,"Zrušené daně, jejichž předmětem je příjem fyzických osob",
360,D360.1121,Daň z příjmů právnických osob,
360,D360.1122,Daň z příjmů právnických osob za obce,
360,D360.1211,Daň z přidané hodnoty,
360,D360.1221,Příjem ze spotřební daně z minerálních olejů,
360,D360.1331,Příjem z poplatku za vypouštění odpadních vod do povrchových vod,
360,D360.1332,Příjem z poplatků za znečištění ovzduší,
360,D360.1333,Poplatky za uložení odpadů,
360,D360.1334,Odvody za odnětí půdy ze zemědělského půdního fondu,
360,D360.1335,Poplatky za odnětí pozemků plnění funkcí lesa,
360,D360.1336,Poplatek za povolené vypouštění odpadních vod do vod podzemních,
360,D360.1337,Poplatek za komunální odpad,
360,D360.1338,Příjem z registračních a evidenčních poplatků za obaly,
360,D360.1339,Ostatní poplatky a odvody v oblasti životního prostředí,
360,D360.1340,"Poplatek za provoz systému shromažďování, sběru, přepravy, třídění, využívání a odstraňování komunálních odpadů",
360,D360.1341,Poplatek ze psů,
360,D360.1342,Poplatek z pobytu,
360,D360.1343,Poplatek za užívání veřejného prostranství,
360,D360.1344,Poplatek ze vstupného,
360,D360.1345,Příjem z poplatku za obecní systém odpadového hospodářství a příjem z poplatku za odkládání komunálního odpadu z nemovité věci,
360,D360.1346,Poplatek za povolení k vjezdu do vybraných míst,
360,D360.1347,Příjem z poplatku za zhodnocení stavebního pozemku možností jeho připojení na stavbu vodovodu a kanalizace,
360,D360.1348,Příjem z poplatku za zhodnocení stavebního pozemku možností jeho připojení na stavbu vodovodu nebo kanalizace,
360,D360.1349,Zrušené místní poplatky,
360,D360.1351,Odvod z loterií a podobných her kromě z výherních hracích přístrojů,
360,D360.1353,Příjmy za zkoušky z odborné způsobilosti od žadatelů o řidičské oprávnění,
360,D360.1355,Odvod z výherních hracích přístrojů,
360,D360.1356,Příjmy úhrad za dobývání nerostů a poplatků za geologické práce,
360,D360.1359,Ostatní odvody z vybraných činností a služeb jinde neuvedené,
360,D360.1361,Správní poplatky,
360,D360.1362,Soudní poplatky,
360,D360.1381,Daň z hazardních her s výjimkou dílčí daně z technických her,
360,D360.1382,Zrušený odvod z loterií a podobných her kromě z výherních hracích přístrojů,
360,D360.1383,Zrušený odvod z výherních hracích přístrojů,
360,D360.1385,Dílčí daň z technických her,
360,D360.1386,Příjem z daně z hazardních her s výjimkou technických her neprovozovaných prostřednictvím internetu,
360,D360.1387,Příjem z daně z technických her neprovozovaných prostřednictvím internetu,
360,D360.1388,Příjem z daně z internetových hazardních her,
360,D360.1389,Příjem z daně z hazardních her provozovaných bez povolení nebo ohlášení,
360,D360.1511,Daň z nemovitých věcí,
360,D360.1701,"Nerozúčtované, neidentifikované a nezařaditelné daňové příjmy",
360,D360.1704,Příslušenství,
360,D360.2111,Příjmy z poskytování služeb a výrobků,
360,D360.2112,Příjmy z prodeje zboží (již nakoupeného za účelem prodeje),
360,D360.2113,Příjmy ze školného,
360,D360.2119,Ostatní příjmy z vlastní činnosti,
360,D360.2121,Odvody přebytků ústřední banky,
360,D360.2122,Odvody příspěvkových organizací,
360,D360.2123,Ostatní odvody příspěvkových organizací,
360,D360.2124,"Odvody školských právnických osob zřízených státem, kraji a obcemi",
360,D360.2129,Ostatní odvody přebytků organizací s přímým vztahem,
360,D360.2131,Příjmy z pronájmu pozemků,
360,D360.2132,Příjmy z pronájmu ostatních nemovitých věcí a jejich částí,
360,D360.2133,Příjmy z pronájmu movitých věcí,
360,D360.2139,Ostatní příjmy z pronájmu majetku,
360,D360.2140,Neúrokové příjmy z finančních derivátů kromě k vlastním dluhopisům,
360,D360.2141,Příjmy z úroků (část),
360,D360.2142,Příjmy z podílů na zisku a dividend,
360,D360.2143,Kursové rozdíly v příjmech,
360,D360.2144,Příjmy z úroků ze státních dluhopisů,
360,D360.2145,Příjmy z úroků z komunálních dluhopisů,
360,D360.2146,Úrokové příjmy z finančních derivátů k vlastním dluhopisům,
360,D360.2148,Úrokové příjmy z finančních derivátů kromě k vlastním dluhopisům,
360,D360.2149,Ostatní příjmy z výnosů finančního majetku,
360,D360.2151,Soudní poplatky,
360,D360.2211,"Sankční platby přijaté od státu, obcí a krajů",
360,D360.2212,Sankční platby přijaté od jiných subjektů,
360,D360.2221,Přijaté vratky nespotřebovaných transferů,
360,D360.2222,Ostatní příjmy z finančního vypořádání od jiných veřejných rozpočtů,
360,D360.2223,Příjmy z finančního vypořádání mezi krajem a obcemi,
360,D360.2226,Příjmy z finančního vypořádání mezi obcemi,
360,D360.2229,Ostatní přijaté vratky transferů a podobné příjmy,
360,D360.2310,Příjmy z prodeje krátkodobého a drobného dlouhodobého majetku,
360,D360.2321,Přijaté neinvestiční dary,
360,D360.2322,Přijaté pojistné náhrady,
360,D360.2324,Přijaté nekapitálové příspěvky a náhrady,
360,D360.2326,Prostředky přijaté z Národního fondu související s neplněním závazků z mezinárodních smluv,
360,D360.2328,Neidentifikované příjmy,
360,D360.2329,Ostatní nedaňové příjmy jinde nezařazené,
360,D360.2342,Příjem plateb k úhradě správy vodních toků a správy povodí,
360,D360.2343,Příjmy dobíhajících úhrad z dobývacího prostoru a z vydobytých nerostů,
360,D360.2411,Splátky půjčených prostředků od podnikatelských subjektů-fyzických osob,
360,D360.2412,Splátky půjčených prostředků od podnikatelských subjektů-právnických osob,
360,D360.2413,Splátky půjčených prostředků od podnikatelských finančních subjektů-právnických osob,
360,D360.2420,Splátky půjčených prostředků od obecně prospěšných společností a podobných subjektů,
360,D360.2441,Splátky půjčených prostředků od obcí,
360,D360.2449,Ostatní splátky půjčených prostředků od veřejných rozpočtů územní úrovně,
360,D360.2451,Splátky půjčených prostředků od příspěvkových organizací,
360,D360.2459,Splátky půjčených prostředků od ostatních zřízených a podobných subjektů,
360,D360.2460,Splátky půjčených prostředků od obyvatelstva,
360,D360.3111,Příjmy z prodeje pozemků,
360,D360.3112,Příjmy z prodeje ostatních nemovitých věcí a jejich částí,
360,D360.3113,Příjmy z prodeje ostatního hmotného dlouhodobého majetku,
360,D360.3114,Příjmy z prodeje nehmotného dlouhodobého majetku,
360,D360.3119,Ostatní příjmy z prodeje dlouhodobého majetku,
360,D360.3121,Přijaté dary na pořízení dlouhodobého majetku,
360,D360.3122,Přijaté příspěvky na pořízení dlouhodobého majetku,
360,D360.3129,Ostatní investiční příjmy jinde nezařazené,
360,D360.3201,Příjmy z prodeje akcií,
360,D360.3202,Příjmy z prodeje majetkových podílů,
360,D360.3209,Ostatní příjmy z prodeje dlouhodobého finančního majetku,
360,D360.4111,Neinvestiční přijaté transfery z všeobecné pokladní správy státního rozpočtu,
360,D360.4112,Neinvestiční přijaté transfery ze státního rozpočtu v rámci souhrnného dotačního vztahu,
360,D360.4113,Neinvestiční přijaté transfery ze státních fondů,
360,D360.4116,Ostatní neinvestiční přijaté transfery ze státního rozpočtu,
360,D360.4118,Neinvestiční převody z Národního fondu,
360,D360.4119,Ostatní neinvestiční přijaté transfery od rozpočtů ústřední úrovně,
360,D360.4121,Neinvestiční přijaté transfery od obcí,
360,D360.4122,Neinvestiční přijaté transfery od krajů,
360,D360.4123,Neinvestiční přijaté transfery od regionálních rad,
360,D360.4129,Ostatní neinvestiční přijaté transfery od rozpočtů územní úrovně,
360,D360.4131,Převody z vlastních fondů hospodářské (podnikatelské) činnosti,
360,D360.4132,Převody z ostatních vlastních fondů,
360,D360.4133,Převody z vlastních rezerv. fondů jiných než OSS,
360,D360.4134,Převody z rozpočtových účtů,
360,D360.4137,Neinv.přev.mezi stat.mě.vč.hl.m.Prahy a jejich m.o,
360,D360.4138,Převody z vlastní pokladny,
360,D360.4139,Ostatní převody z vlastních fondů,
360,D360.4140,Převody z vlastních fondů přes rok,
360,D360.4151,Neinvestiční přijaté transfery od cizích států,
360,D360.4152,Neinvestiční přijaté transfery od mezinárodních institucí a některých cizích orgánů a právnických osob,
360,D360.4153,Neinvestiční transfery přijaté od Evropské unie,
360,D360.4155,Neinvestiční transfery z finančních mechanismů,
360,D360.4156,Neinvestiční transfery od NATO,
360,D360.4159,Ostatní neinvestiční přijaté transfery ze zahraničí,
360,D360.4160,Neinvestiční přijaté transfery ze státních finančních aktiv,
360,D360.4171,Příjem náhrad za nezpůsobenou újmu,
360,D360.4211,Investiční přijaté transfery z všeobecné pokladní správy státního rozpočtu,
360,D360.4212,Investiční přijaté transfery ze státního rozpočtu v rámci souhrnného dotačního vztahu,
360,D360.4213,Investiční přijaté transfery ze státních fondů,
360,D360.4216,Ostatní investiční přijaté transfery ze státního rozpočtu,
360,D360.4218,Investiční převody z Národního fondu,
360,D360.4219,Ostatní investiční přijaté transfery od veřejných rozpočtů ústřední úrovně,
360,D360.4221,Investiční přijaté transfery od obcí,
360,D360.4222,Investiční přijaté transfery od krajů,
360,D360.4223,Investiční přijaté transfery od regionálních rad,
360,D360.4229,Ostatní investiční přijaté transfery od rozpočtů územní úrovně,
360,D360.4231,Investiční přijaté transfery od jiných států,
360,D360.4232,Investiční přijaté transfery od mezinárodních institucí,
360,D360.4233,Investiční převody z Národního fondu,
360,D360.4234,Investiční transfery z finančních mechanismů,
360,D360.4251,Inv.přev.mezi stat.měst.vč.hl.m.Prahy a jejich m.o,
360,D360.5011,Platy zaměstnanců v pracovním poměru vyjma zaměstnanců na služebních místech,
360,D360.5012,Platy zaměstnanců bezpečnostních sborů a ozbrojených sil ve služebním poměru,
360,D360.5014,Platy zaměstnanců v pracovním poměru odvozované od platů ústavních činitelů,
360,D360.5019,Ostatní platy,
360,D360.5021,Ostatní osobní výdaje,
360,D360.5022,Platy představitelů státní moci a některých orgánů,
360,D360.5023,Odměny členů zastupitelstev obcí a krajů,
360,D360.5024,Odstupné,
360,D360.5026,Odchodné,
360,D360.5029,Ostatní platby za provedenou práci jinde nezařazené,
360,D360.5031,Povinné pojistné na sociální zabezpečení a příspěvek na státní politiku zaměstnanosti,
360,D360.5032,Povinné pojistné na veřejné zdravotní pojištění,
360,D360.5038,Povinné pojistné na úrazové pojištění,
360,D360.5039,Ostatní povinné pojistné placené zaměstnavatelem,
360,D360.5041,Odměny za užití duševního vlastnictví,
360,D360.5042,Odměny za užití počítačových programů,
360,D360.5051,Mzdové náhrady,
360,D360.5061,Mzdy podle cizího práva,
360,D360.5122,Podlimitní věcná břemena,
360,D360.5123,Podlimitní technické zhodnocení,
360,D360.5131,Potraviny,
360,D360.5132,Ochranné pomůcky,
360,D360.5133,Léky a zdravotnický materiál,
360,D360.5134,"Prádlo, oděv a obuv",
360,D360.5135,Učebnice a bezplatně poskytované školní potřeby,
360,D360.5136,"Knihy, učební pomůcky a tisk",
360,D360.5137,Drobný dlouhodobý hmotný majetek,
360,D360.5138,Nákup zboží (za účelem dalšího prodeje),
360,D360.5139,Nákup materiálu jinde nezařazený,
360,D360.5141,Úroky vlastní,
360,D360.5142,Kursové rozdíly ve výdajích,
360,D360.5143,Úroky vzniklé převzetím cizích závazků,
360,D360.5144,Poplatky dluhové služby,
360,D360.5146,Úrokové výdaje na finanční deriváty k vlastním dluhopisům,
360,D360.5147,Úrokové výdaje na finanční deriváty kromě k vlastním dluhopisům,
360,D360.5149,Ostatní úroky a ostatní finanční výdaje,
360,D360.5151,Studená voda,
360,D360.5152,Teplo,
360,D360.5153,Plyn,
360,D360.5154,Elektrická energie,
360,D360.5155,Pevná paliva,
360,D360.5156,Pohonné hmoty a maziva,
360,D360.5157,Teplá voda,
360,D360.5159,Nákup ostatních paliv a energie,
360,D360.5161,Poštovní služby,
360,D360.5162,Služby elektronických komunikací,
360,D360.5163,Služby peněžních ústavů,
360,D360.5164,Nájemné,
360,D360.5165,Nájemné za půdu,
360,D360.5166,"Konzultační, poradenské a právní služby",
360,D360.5167,Služby školení a vzdělávání,
360,D360.5168,Zpracování dat a služby související s informačními a komunikačními technologiemi,
360,D360.5169,Nákup ostatních služeb,
360,D360.5171,Opravy a udržování,
360,D360.5172,Programové vybavení,
360,D360.5173,Cestovné,
360,D360.5175,Pohoštění,
360,D360.5176,Účastnické poplatky na konference,
360,D360.5177,Nákup archiválií,
360,D360.5178,Nájemné za nájem s právem koupě,
360,D360.5179,Ostatní nákupy jinde nezařazené,
360,D360.5181,Převody vnitřním organizačním jednotkám,
360,D360.5182,Převody vlastní pokladně,
360,D360.5183,Výdaje na realizaci záruk,
360,D360.5184,Výdaje na vládní úvěry,
360,D360.5185,Převody do elektronických peněženek,
360,D360.5189,Jistoty,
360,D360.5191,Zaplacené sankce a odstupné,
360,D360.5192,Poskytnuté náhrady,
360,D360.5193,Výdaje na dopravní územní obslužnost,
360,D360.5194,Věcné dary,
360,D360.5195,Odvody za neplnění povinnosti zaměstnávat zdravotně postižené,
360,D360.5196,Náhrady a příspěvky související s výkonem ústavní funkce a funkce soudce,
360,D360.5199,Ostatní výdaje související s neinvestičními nákupy,
360,D360.5211,Neinvestiční transfery finančním institucím,
360,D360.5212,Neinvestiční transfery nefinančním podnikatelskýmsubjektům-fyzickým osobám,
360,D360.5213,Neinvestiční transfery nefinančním podnikatelským subjektům-právnickým osobám,
360,D360.5215,Neinvestiční transfery vybraným podnikatelům ve vlastnictví státu,
360,D360.5216,Neinvestiční transfery obecním a krajským nemocnicím - obchodním společnostem,
360,D360.5219,Ostatní neinvestiční transfery podnikatelským subjektům,
360,D360.5221,"Neinvestiční transfery fundacím, ústavům a obecně prospěšným společnostem",
360,D360.5222,Neinvestiční transfery spolkům,
360,D360.5223,Neinvestiční transfery církvím a náboženským společnostem,
360,D360.5224,Neinvestiční transfery politickým stranám a hnutím,
360,D360.5225,Neinvestiční transfery společenstvím vlastníků jednotek,
360,D360.5229,Ostatní neinvestiční transfery neziskovým a podobným organizacím,
360,D360.5230,Neinvestiční nedotační transfery podnikatelským subjektům,
360,D360.5240,Neinvestiční nedotační transfery neziskovým a podobným organizacím,
360,D360.5311,Neinvestiční transfery státnímu rozpočtu,
360,D360.5312,Neinvestiční transfery státním fondům,
360,D360.5319,Ostatní neinvestiční transfery jiným veřejným rozpočtům,
360,D360.5321,Neinvestiční transfery obcím,
360,D360.5323,Neinvestiční transfery krajům,
360,D360.5329,Ostatní neinvestiční transfery veřejným rozpočtům územní úrovně,
360,D360.5331,Neinvestiční příspěvky zřízeným příspěvkovým organizacím,
360,D360.5332,Neinvestiční transfery vysokým školám,
360,D360.5333,"Neinvestiční transfery školským právnickým osobámzřízeným státem, kraji a obcemi",
360,D360.5334,Neinvestiční transfery veřejným výzkumným institucím,
360,D360.5336,Neinvestiční transfery zřízeným příspěvkovým organizacím,
360,D360.5339,Neinvestiční transfery cizím příspěvkovým organizacím,
360,D360.5341,Převody vlastním fondům hospodářské (podnikatelské) činnosti,
360,D360.5342,Zákl. příděl FKSP a sociálnímu fondu obcí a krajů,
360,D360.5343,Převody na účty nemající povahu veřejných rozpočtů,
360,D360.5344,Převody vlastním rezervním fondům územních rozp.,
360,D360.5345,Převody vlastním rozpočtovým účtům,
360,D360.5347,Neinv.přev.mezi stat.mě.vč.hl.m.Prahy a jejich m.o,
360,D360.5348,Převody do vlastní pokladny,
360,D360.5349,Ostatní převody vlastním fondům,
360,D360.5350,Převody do vlastních fondů přes rok,
360,D360.5361,Nákup kolků,
360,D360.5362,Platby daní a poplatků státnímu rozpočtu,
360,D360.5363,Úhrady sankcí jiným rozpočtům,
360,D360.5364,Vratky transferů poskytnutých z veřejných rozpočtů,
360,D360.5365,"Platby daní a poplatků krajům, obcím a státním fondům",
360,D360.5366,Výdaje z finančního vypořádání mezi krajem a obcemi,
360,D360.5367,Výdaje z finančního vypořádání mezi obcemi,
360,D360.5368,"Výdaje z finančního vypořádání minulých let mezi regionální radou a kraji, obcemi a dobrovolnými svazky obcí",
360,D360.5369,Ostatní neinvestiční transfery jiným veřejným rozpočtům,
360,D360.5421,Náhrady z úrazového pojištění,
360,D360.5422,Náhrady povahy rehabilitací,
360,D360.5423,Náhrady mezd podle zákona č. 118/2000 Sb.,
360,D360.5424,Náhrady mezd v době nemoci,
360,D360.5429,Ostatní náhrady placené obyvatelstvu,
360,D360.5491,"Stipendia žákům, studentům a doktorandům",
360,D360.5492,Dary obyvatelstvu,
360,D360.5493,Účelové neinvestiční transfery fyzickým osobám,
360,D360.5494,Neinvestiční transfery obyvatelstvu nemající charakter daru,
360,D360.5499,Ostatní neinvestiční transfery obyvatelstvu,
360,D360.5511,Neinvestiční transfery mezinárodním vládním organizacím,
360,D360.5520,Neinvestiční transfery cizím státům,
360,D360.5531,Peněžní dary do zahraničí,
360,D360.5532,Ostatní neinvestiční transfery do zahraničí,
360,D360.5542,Členské příspěvky mezinárodním nevládním organizacím,
360,D360.5612,Neinvestiční půjčené prostředky nefinančním podnikatelským subjektům-fyzickým osobám,
360,D360.5613,Neinvestiční půjčené prostředky nefinančním podnikatelským subjektům-právnickým osobám,
360,D360.5619,Ostatní neinvestiční půjčené prostředky podnikatelským subjektům,
360,D360.5621,"Neinvestiční půjčené prostředky fundacím, ústavům a obecně prospěšným společnostem",
360,D360.5622,Neinvestiční půjčené prostředky spolkům,
360,D360.5623,Neinvestiční půjčené prostředky církvím a náboženským společnostem,
360,D360.5624,Neinvestiční půjčené prostředky společenstvím vlastníků jednotek,
360,D360.5629,Ostatní neinvestiční půjčené prostředky neziskovým a podobným organizacím,
360,D360.5632,Neinvestiční půjčené prostředky státním fondům,
360,D360.5649,Ostatní neinvestiční půjčené prostředky veřejným rozpočtům územní úrovně,
360,D360.5651,Neinvestiční půjčené prostředky zřízeným příspěvkovým organizacím,
360,D360.5659,Neinvestiční půjčené prostředky ostatním příspěvkovým organizacím,
360,D360.5660,Neinvestiční půjčené prostředky obyvatelstvu,
360,D360.5811,Výdaje na náhrady za nezpůsobenou újmu,
360,D360.5812,Výdaje na náhrady škod způsobených nezákonným rozhodnutím nebo nesprávným úředním postupem při výkonu veřejné moci,
360,D360.5901,Nespecifikované rezervy,
360,D360.5902,Ostatní výdaje z finančního vypořádání,
360,D360.5903,Rezerva na krizová opatření,
360,D360.5904,Převody domněle neoprávněně použitých dotací zpět poskytovateli,
360,D360.5909,Ostatní neinvestiční výdaje jinde nezařazené,
360,D360.6111,Programové vybavení,
360,D360.6112,Ocenitelná práva,
360,D360.6113,Investiční transfery nefinančním podnikatelům - právnickým osobám,
360,D360.6119,Ostatní nákup dlouhodobého nehmotného majetku,
360,D360.6121,"Budovy, haly a stavby",
360,D360.6122,"Stroje, přístroje a zařízení",
360,D360.6123,Dopravní prostředky,
360,D360.6124,Pěstitelské celky trvalých porostů,
360,D360.6125,Výpočetní technika,
360,D360.6127,Kulturní předměty,
360,D360.6129,Nákup dlouhodobého hmotného majetku jinde nezařazený,
360,D360.6130,Pozemky,
360,D360.6141,Právo stavby,
360,D360.6142,Nadlimitní věcná břemena,
360,D360.6201,Nákup akcií,
360,D360.6202,Nákup majetkových podílů,
360,D360.6212,Vklady do nadačních fondů,
360,D360.6213,Vklady do ústavů,
360,D360.6311,Investiční transfery finančním institucím,
360,D360.6312,Investiční transfery nefinančním podnikatelským subjektům-fyzickým osobám,
360,D360.6313,Investiční transfery nefinančním podnikatelským subjektům-právnickým osobám,
360,D360.6315,Investiční transfery vybraným podnikatelským subjektům ve vlastnictví státu,
360,D360.6316,Investiční transfery obecním a krajským nemocnicím - obchodním společnostem,
360,D360.6319,Ostatní investiční transfery podnikatelským subjektům,
360,D360.6321,"Investiční transfery fundacím, ústavům a obecně prospěšným společnostem",
360,D360.6322,Investiční transfery spolkům,
360,D360.6323,Investiční transfery církvím a náboženským společnostem,
360,D360.6324,Investiční transfery společenstvím vlastníků jednotek,
360,D360.6329,Ostatní investiční transfery neziskovým a podobným organizacím,
360,D360.6331,Investiční transfery státnímu rozpočtu,
360,D360.6339,Investiční transfery jiným veřejným rozpočtům ústřední úrovně,
360,D360.6341,Investiční transfery obcím,
360,D360.6342,Investiční transfery krajům,
360,D360.6349,Ostatní investiční transfery veřejným rozpočtům územní úrovně,
360,D360.6351,Investiční transfery zřízeným příspěvkovým organizacím,
360,D360.6352,Investiční transfery vysokým školám,
360,D360.6353,"Investiční transfery školským právnickým osobám zřízeným státem, kraji a obcemi",
360,D360.6356,Jiné investiční transfery zřízeným příspěvkovým organizacím,
360,D360.6359,Investiční transfery ostatním příspěvkovým organizacím,
360,D360.6363,Inv.přev.mezi stat.měs.vč.hl.m.Prahy a jejich m.o.,
360,D360.6371,Účelové investiční transfery nepodnikajícím fyzickým osobám,
360,D360.6379,Ostatní investiční transfery obyvatelstvu,
360,D360.6380,Investiční transfery do zahraničí,
360,D360.6412,Investiční půjčené prostředky nefinančním podnikatelským subjektům-fyzickým osobám,
360,D360.6413,Investiční půjčené prostředky nefinančním podnikatelským subjektům-právnickým osobám,
360,D360.6419,Ostatní investiční půjčené prostředky podnikatelským subjektům,
360,D360.6421,"Investiční půjčené prostředky fundacím, ústavům a obecně prospěšným společnostem",
360,D360.6422,Investiční půjčené prostředky spolkům,
360,D360.6423,Investiční půjčené prostředky církvím a náboženským společnostem,
360,D360.6424,Investiční půjčené prostředky společenstvím vlastníků jednotek,
360,D360.6429,Ostatní investiční půjčené prostředky neziskovým a podobným osobám,
360,D360.6439,Ostatní investiční půjčené prostředky jiným rozpočtům,
360,D360.6441,Investiční půjčené prostředky obcím,
360,D360.6442,Investiční půjčené prostředky krajům,
360,D360.6449,Ostatní investiční půjčené prostředky veřejným rozpočtům místní úrovně,
360,D360.6451,Investiční půjčené prostředky zřízeným příspěvkovým organizacím,
360,D360.6452,Investiční půjčené prostředky vysokým školám,
360,D360.6459,Investiční půjčené prostředky ostatním příspěvkovým organizacím,
360,D360.6460,Investiční půjčené prostředky obyvatelstvu,
360,D360.6901,Rezervy kapitálových výdajů,
360,D360.6909,Ostatní kapitálové výdaje jinde nezařazené,
361,D361.1011,"Udržování výrobního potenciálu zemědělství, zemědělský půdní fond a mimoprodukční funkce zemědělství",
361,D361.1012,Podnikání a restrukturalizace v zemědělství a potravinářství,
361,D361.1014,"Ozdravování hospodářských zvířat, polních a speciálních plodin a zvláštní veterinární péče",
361,D361.1019,Ostatní zemědělská a potravinářská činnost a rozvoj,
361,D361.1031,Pěstební činnost,
361,D361.1032,Podpora ostatních produkčních činností,
361,D361.1036,Správa v lesním hospodářství,
361,D361.1037,Celospolečenské funkce lesů,
361,D361.1039,Ostatní záležitosti lesního hospodářství,
361,D361.1069,Ostatní správa v zemědělství,
361,D361.1070,Rybářství,
361,D361.1098,Ostatní výdaje v zemědělství,
361,D361.1099,Ostatní výdaje na lesní hospodářství,
361,D361.2111,Uhelné hornictví,
361,D361.2112,Těžba nerostných surovin kromě paliv,
361,D361.2115,Úspora energie a obnovitelné zdroje,
361,D361.2117,Elektrická energie,
361,D361.2118,Energie jiná než elektrická,
361,D361.2119,Ostatní záležitosti těžebního průmyslu a energetiky,
361,D361.2121,Stavebnictví,
361,D361.2122,Sběr a zpracování druhotných surovin,
361,D361.2123,Podpora rozvoje průmyslových zón,
361,D361.2125,Podpora podnikání a inovací,
361,D361.2141,Vnitřní obchod,
361,D361.2142,Ubytování a stravování,
361,D361.2143,Cestovní ruch,
361,D361.2144,Ostatní služby,
361,D361.2169,"Ostatní správa v průmyslu, stavebnictví, obchodu a službách",
361,D361.2181,Výzkum a vývoj v palivech a energetice,
361,D361.2191,"Mezinárodní spolupráce v průmyslu, stavebnictví, obchodu a službách",
361,D361.2199,"Záležitosti průmyslu, stavebnictví, obchodu a služeb jinde nezařazené",
361,D361.2212,Silnice,
361,D361.2219,Ostatní záležitosti pozemních komunikací,
361,D361.2221,Provoz veřejné silniční dopravy,
361,D361.2223,Bezpečnost silničního provozu,
361,D361.2229,Ostatní záležitosti v silniční dopravě,
361,D361.2231,Vodní cesty,
361,D361.2232,Provoz vnitrozemské plavby,
361,D361.2239,Ostatní záležitosti vnitrozemské plavby,
361,D361.2241,Železniční dráhy,
361,D361.2242,Provoz veřejné železniční dopravy,
361,D361.2249,Ostatní záležitosti železniční dopravy,
361,D361.2251,Letiště,
361,D361.2252,Zabezpečení letového provozu,
361,D361.2269,Ostatní správa v dopravě,
361,D361.2271,Ostatní dráhy,
361,D361.2272,Provoz ostatních drah,
361,D361.2280,Výzkum a vývoj v dopravě,
361,D361.2291,Mezinárodní spolupráce v dopravě,
361,D361.2292,Dopravní obslužnost veřejnými službami - linková,
361,D361.2293,Dopravní obslužnost mimo veřejnou službu,
361,D361.2294,Dopravní obslužnost veřejnými službami - drážní,
361,D361.2295,Dopravní obslužnost veřejnými službami - smíšená,
361,D361.2299,Ostatní záležitosti v dopravě,
361,D361.2310,Pitná voda,
361,D361.2321,Odvádění a čištění odpadních vod a nakládání s kaly,
361,D361.2322,Prevence znečišťování vody,
361,D361.2329,Odvádění a čištění odpadních vod jinde nezařazené,
361,D361.2331,Úpravy vodohospodářsky významných a vodárenských toků,
361,D361.2332,Vodní díla na vodohospodářsky významných a vodárenských tocích,
361,D361.2333,Úpravy drobných vodních toků,
361,D361.2334,Revitalizace říčních systémů,
361,D361.2339,Záležitosti vodních toků a vodohospodářských děl jinde nezařazené,
361,D361.2341,Vodní díla v zemědělské krajině,
361,D361.2342,Protierozní ochrana,
361,D361.2349,Ostatní záležitosti vody v zemědělské krajině,
361,D361.2362,Činnost ostatních orgánů státní správy ve vodním hospodářství,
361,D361.2369,Ostatní správa ve vodním hospodářství,
361,D361.2380,Vodohospodářský výzkum a vývoj,
361,D361.2399,Ostatní záležitosti vodního hospodářství,
361,D361.2411,Záležitosti pošt,
361,D361.2412,Záležitosti telekomunikací,
361,D361.2413,Záležitosti radiokomunikací,
361,D361.2419,Ostatní záležitosti spojů,
361,D361.2499,Ostatní záležitosti spojů,
361,D361.2510,Podpora podnikání,
361,D361.2521,Bezpečnost práce,
361,D361.2712,Odstranění plynných emisí,
361,D361.3111,Mateřské školy,
361,D361.3112,Mateřské školy pro děti se speciálními vzdělávacími potřebami,
361,D361.3113,Základní školy,
361,D361.3114,Základní školy pro žáky se speciálními vzdělávacími potřebami,
361,D361.3115,Ostatní záležitosti předškolního vzdělávání,
361,D361.3117,První stupeň základních škol,
361,D361.3118,Druhý stupeň základních škol,
361,D361.3119,Ostatní záležitosti základního vzdělávání,
361,D361.3121,Gymnazia,
361,D361.3122,Střední odborné školy,
361,D361.3123,Střední školy poskytující střední vzdělání s výučním listem,
361,D361.3124,Střední školy a konzervatoře pro žáky se speciálními vzdělávacími potřebami,
361,D361.3125,Střediska praktického vyučování a školní hospodářství,
361,D361.3126,Konzervatoře,
361,D361.3127,Střední školy,
361,D361.3129,Ostatní zařízení středního vzdělávání,
361,D361.3131,Výchovné ústavy a dětské domovy se školou,
361,D361.3132,Diagnostické ústavy,
361,D361.3133,Dětské domovy,
361,D361.3139,Ostatní školská zařízení pro výkon ústavní a ochranné výchovy,
361,D361.3141,Školní stravování,
361,D361.3143,Školní družiny a kluby,
361,D361.3146,Zařízení výchovného poradenství,
361,D361.3147,Domovy mládeže,
361,D361.3148,Střediska výchovné péče,
361,D361.3149,Ostatní zařízení související s výchovou a vzděláváním mládeže,
361,D361.3150,Vyšší odborné školy,
361,D361.3211,Vysoké školy,
361,D361.3213,Bakalářské studium,
361,D361.3214,Magisterské a doktorské studium,
361,D361.3229,Ostatní zařízení související s vysokoškolským vzděláváním,
361,D361.3231,Základní umělecké školy,
361,D361.3232,Jazykové školy s právem státní jazykové zkoušky,
361,D361.3233,Střediska volného času,
361,D361.3239,Záležitosti zájmového vzdělávání jinde nezařazené,
361,D361.3269,Ostatní správa ve vzdělávání jinde nezařazená,
361,D361.3280,Výzkum školství a vzdělávání,
361,D361.3291,Mezinárodní spolupráce ve vzdělávání,
361,D361.3292,Vzdělávání národnostních menšin a multikulturní výchova,
361,D361.3294,Zařízení pro další vzdělávání pedagogických pracovníků,
361,D361.3299,Ostatní záležitosti vzdělávání,
361,D361.3311,Divadelní činnost,
361,D361.3312,Hudební činnost,
361,D361.3313,"Filmová tvorba, distribuce, kina a shromažďování audiovizuálních archiválií",
361,D361.3314,Činnosti knihovnické,
361,D361.3315,Činnosti muzeí a galerií,
361,D361.3316,Vydavatelská činnost,
361,D361.3317,Výstavní činnosti v kultuře,
361,D361.3319,Ostatní záležitosti kultury,
361,D361.3321,"Činnosti památkových ústavů, hradů a zámků",
361,D361.3322,Zachování a obnova kulturních památek,
361,D361.3324,Výkup předmětů kulturní hodnoty,
361,D361.3326,"Pořízení, zachování a obnova hodnot místního kulturního, národního a historického povědomí",
361,D361.3329,Ostatní záležitosti ochrany památek a péče o kulturní dědictví,
361,D361.3330,Činnosti registrovaných církví a náboženských společností,
361,D361.3341,Rozhlas a televize,
361,D361.3349,Ostatní záležitosti sdělovacích prostředků,
361,D361.3361,Činnost ústředního orgánu státní správy v oblasti kultury a církví,
361,D361.3369,"Ostatní správa v oblasti kultury, církví a sdělovacích prostředků",
361,D361.3391,"Mezinárodní spolupráce v kultuře, církvích a sdělovacích prostředcích",
361,D361.3392,Zájmová činnost v kultuře,
361,D361.3399,"Ostatní záležitosti kultury, církví a sdělovacích prostředků",
361,D361.3412,Sportovní zařízení ve vlastnictví obce,
361,D361.3419,Ostatní sportovní činnost,
361,D361.3421,Využití volného času dětí a mládeže,
361,D361.3429,Ostatní zájmová činnost a rekreace,
361,D361.3511,Všeobecná ambulantní péče,
361,D361.3512,Stomatologická péče,
361,D361.3513,Lékařská služba první pomoci,
361,D361.3514,Transfúzní služba a tkáňová zařízení,
361,D361.3515,Specializovaná ambulantní zdravotní péče,
361,D361.3516,Péče v mateřství,
361,D361.3519,Ostatní ambulantní péče,
361,D361.3521,Fakultní nemocnice,
361,D361.3522,Ostatní nemocnice,
361,D361.3523,Odborné léčebné ústavy,
361,D361.3524,Léčebny dlouhodobě nemocných,
361,D361.3525,Hospice,
361,D361.3526,"Lázeňské léčebny, ozdravovny, sanatoria",
361,D361.3529,Ostatní ústavní péče,
361,D361.3531,Hygienická služba a ochrana veřejného zdraví,
361,D361.3533,Zdravotnická záchranná služba,
361,D361.3534,Doprava ve zdravotnictví,
361,D361.3539,Ostatní zdravotnická zařízení a služby pro zdravotnictví,
361,D361.3541,"Prevence před drogami, alkoholem, nikotinem aj. závislostmi",
361,D361.3542,Prevence HIV/AIDS,
361,D361.3543,Pomoc zdravotně postiženým a chronicky nemocným,
361,D361.3544,Národní program zdraví,
361,D361.3545,Programy paliativní péče,
361,D361.3549,Ostatní speciální zdravotnická péče,
361,D361.3569,Ostatní správa ve zdravotnictví jinde nezařazená,
361,D361.3589,Ostatní výzkum a vývoj ve zdravotnictví,
361,D361.3591,Mezinárodní spolupráce ve zdravitnictví,
361,D361.3592,Další vzdělávání pracovníků ve zdravotnictví,
361,D361.3599,Ostatní činnost ve zdravotnictví,
361,D361.3611,Podpora individuální bytové výstavby,
361,D361.3612,Bytové hospodářství,
361,D361.3613,Nebytové hospodářství,
361,D361.3619,Ostatní rozvoj bydlení a bytového hospodářství,
361,D361.3631,Veřejné osvětlení,
361,D361.3632,Pohřebnictví,
361,D361.3633,Výstavba a údržba místních inženýrských sítí,
361,D361.3634,Lokální zásobování teplem,
361,D361.3635,Územní plánování,
361,D361.3636,Územní rozvoj,
361,D361.3639,Komunální služby a územní rozvoj jinde nezařazené,
361,D361.3669,"Ostatní správa v oblasti v oblasti bydlení, komunálních služeb a územního rozvoje jinde nezařazená",
361,D361.3680,"Výzkum a vývoj v oblasti bydlení, komunálních služeb a územního rozvoje",
361,D361.3691,"Mezinárodní spolupráce v oblasti bydlení, komunálních služeb a územního rozvoje",
361,D361.3699,"Ostatní záležitosti bydlení, komunálních služeb a územního rozvoje",
361,D361.3712,Odstranění plynných emisí,
361,D361.3713,Změny technologií vytápění,
361,D361.3714,Opatření ke snižování produkce skleníkových plynů a plynů poškozujících ozónovou vrstvu,
361,D361.3716,Monitoring ochrany ovzduší,
361,D361.3719,Ostatní činnosti k ochraně ovzduší,
361,D361.3721,Sběr a svoz nebezpečných odpadů,
361,D361.3722,Sběr a svoz komunálních odpadů,
361,D361.3723,Sběr a svoz ostatních odpadů (jiných než nebezpečných a komunálních),
361,D361.3724,Využívání a zneškodňování nebezpečných odpadů,
361,D361.3725,Využívání a zneškodňování komunálních odpadů,
361,D361.3726,Využívání a zneškodňování ostatních odpadů,
361,D361.3727,Prevence vzniku odpadů,
361,D361.3728,Monitoring nakládání s odpady,
361,D361.3729,Ostatní nakládání s odpady,
361,D361.3731,Ochrana půdy a podzemní vody proti znečišťujícím infiltracím,
361,D361.3732,Dekontaminace půd a čištění spodní vody,
361,D361.3733,Monitoring půdy a podzemní vody,
361,D361.3739,Ostatní ochrana půdy a spodní vody,
361,D361.3741,Ochrana druhů a stanovišť,
361,D361.3742,Chráněné části přírody,
361,D361.3743,"Rekultivace půdy v důsledku těžební a důlní činnosti, po skládkách odpadů apod.",
361,D361.3744,"Protierozní, protilavinová a protipožární ochrana",
361,D361.3745,Péče o vzhled obcí a veřejnou zeleň,
361,D361.3749,Ostatní činnosti k ochraně přírody a krajiny,
361,D361.3753,Monitoring ke zjišťování úrovně hluku a vibrací,
361,D361.3759,Ostatní činnosti k omezení hluku a vibrací,
361,D361.3762,Činnost ostatních orgánů státní správy v ochraně životního prostředí,
361,D361.3769,Ostatní správa v ochraně životního prostředí,
361,D361.3771,Protiradonová opatření,
361,D361.3791,Mezinárodní spolupráce v oblasti životního prostředí,
361,D361.3792,Ekologická výchova a osvěta,
361,D361.3793,Ekologie v dopravě,
361,D361.3799,Ostatní ekologické záležitosti,
361,D361.3809,Ostatní výzkum a vývoj odvětvově nespecifikovaný,
361,D361.3900,Ostatní činnosti související se službami pro obyvatelstvo,
361,D361.4136,Dávky pěstounské péče,
361,D361.4171,Příspěvek na živobytí,
361,D361.4173,Mimořádná okamžitá pomoc,
361,D361.4177,Mimořádná okamžitá pomoc osobám ohroženým sociálním vyloučením,
361,D361.4179,Ostatní dávky sociální pomoci,
361,D361.4182,Příspěvek na zvláštní pomůcky,
361,D361.4183,Příspěvek na úpravu a provoz bezbariérového bytu,
361,D361.4184,"Příspěvky na zakoupení, opravu a zvláštní úpravu motorového vozidla",
361,D361.4189,Ostatní dávky zdravotně postiženým občanům,
361,D361.4199,Ostatní dávky povahy sociálního zabezpečení jinde nezařazené,
361,D361.4222,Veřejně prospěšné práce,
361,D361.4223,Společensky účelná pracovní místa,
361,D361.4225,Podpora zaměstnanosti zdravotně postižených občanů,
361,D361.4226,Ostatní podpora zaměstnanosti,
361,D361.4227,Cílené programy k řešení zaměstnanosti,
361,D361.4229,Aktivní politika zaměstnanosti jinde nezařazená,
361,D361.4311,Základní sociální poradenství,
361,D361.4312,Odborné sociální poradenství,
361,D361.4319,Ostatní výdaje související se sociálním poradenstvím,
361,D361.4324,Zařízení pro děti vyžadující okamžitou pomoc,
361,D361.4329,Ostatní sociální péče a pomoc dětem a mládeži,
361,D361.4334,Pečovatelská služba pro rodinu a děti,
361,D361.4339,Ostatní sociální péče a pomoc rodině a manželství,
361,D361.4341,Sociální pomoc osobám v hmotné nouzi a občanům sociálně nepřizpůsobivým,
361,D361.4342,Sociální péče a pomoc přistěhovalcům a vybraným etnikům,
361,D361.4343,Sociální pomoc osobám v souvislosti s živelní pohromou nebo požárem,
361,D361.4344,Sociální rehabilitace,
361,D361.4345,Centra sociálně rehabilitačních služeb,
361,D361.4349,Ostatní sociální péče a pomoc ostatním skupinám obyvatelstva,
361,D361.4350,Domovy pro seniory,
361,D361.4351,"Osobní asistence, pečovatelská služba a podpora samostatného bydlení",
361,D361.4352,Tísňová péče,
361,D361.4353,Průvodcovské a předčitatelské služby,
361,D361.4354,Chráněné bydlení,
361,D361.4355,Týdenní stacionáře,
361,D361.4356,Denní stacionáře a centra denních služeb,
361,D361.4357,Domovy pro osoby se zdravotním postižením a domovy se zvláštním režimem,
361,D361.4358,Sociální služby poskytované ve zdravotnických zařízeních ústavní péče,
361,D361.4359,Ostatní služby a činnosti v oblasti sociální péče,
361,D361.4363,Ostatní orgány státní správy v oblasti politiky zaměstnanosti,
361,D361.4369,Ostatní správa v sociálním zabezpečení a politice zaměstnanosti,
361,D361.4371,Raná péče a sociálně aktivizační služby pro rodiny s dětmi,
361,D361.4372,Krizová pomoc,
361,D361.4373,Domy na půl cesty,
361,D361.4374,"Azylové domy, nízkoprahová denní centra a noclehárny",
361,D361.4375,Nízkoprahová zařízení pro děti a mládež,
361,D361.4376,"Služby následné péče, terapeutické komunity a kontaktní centra",
361,D361.4377,Sociálně terapeutické dílny,
361,D361.4378,Terénní programy,
361,D361.4379,Ostatní služby a činnosti v oblasti sociální prevence,
361,D361.4380,Výzkum v sociálním zabezpečení a politice zaměstnanosti,
361,D361.4399,Ostatní záležitosti sociálních věcí a politiky zaměstnanosti,
361,D361.5161,Činnost ústředních orgánů státní správy ve vojenské obraně,
361,D361.5169,Ostatní správa ve vojenské obraně,
361,D361.5171,Zabezpečení potřeb ozbrojených sil,
361,D361.5212,Ochrana obyvatelstva,
361,D361.5213,Krizová opatření,
361,D361.5219,Ostatní záležitosti ochrany obyvatelstva,
361,D361.5262,Ostatní činnosti orgánů státní správy v oblasti civilního nouzového hospodářství,
361,D361.5269,Ostatní správa v oblasti hospodářských opatření pro krizové stavy,
361,D361.5272,Činnost orgánů krizového řízení na územní úrovni a dalších územních správních úřadů v oblasti krizového řízení,
361,D361.5273,Ostatní správa v oblasti krizového řízení,
361,D361.5274,Podpora krizového řízení a nouzového plánování,
361,D361.5279,Záležitosti krizového řízení jinde nezařazené,
361,D361.5291,Mezinárosní spolupráce v oblasti krizového řízení,
361,D361.5292,Poskytnutí vzájemné zahraniční pomoci podle mezinárodních smluv,
361,D361.5299,Ostatní záležitosti civilní připravenosti na krizové stavy,
361,D361.5311,Bezpečnost a veřejný pořádek,
361,D361.5319,Ostatní záležitosti bezpečnosti a veřejného pořádku,
361,D361.5391,Mezinárodní spolupráce v oblasti bezpečnosti a veřejného pořádku,
361,D361.5399,"Ostatní záležitosti bezpečnosti,veřejného pořádku",
361,D361.5511,Požární ochrana - profesionální část,
361,D361.5512,Požární ochrana - dobrovolná část,
361,D361.5519,Ostatní záležitosti požární ochrany,
361,D361.5521,Operační a informační střediska integrovaného záchranného systému.,
361,D361.5522,Ostatní činnosti v integrovaném záchranném systému,
361,D361.5563,Činnost ostatních orgánů státní správy v integrovaném záchranném systému,
361,D361.5599,Ostatní záležitosti požární ochrany a integrovaného záchranného systému,
361,D361.6112,Zastupitelstva obcí,
361,D361.6113,Zastupitelstva krajů,
361,D361.6114,Volby do Parlamentu ČR,
361,D361.6115,Volby do zastupitelstev územních samosprávných celků,
361,D361.6116,Celostátní referendum,
361,D361.6117,Volby do Evropského parlamentu,
361,D361.6118,Volba prezidenta republiky,
361,D361.6119,Ostatní zastupitelské orgány a volby,
361,D361.6149,Ostatní všeobecná vnitřní správa jinde nezařazená,
361,D361.6171,Činnost místní správy,
361,D361.6172,Činnost regionální správy,
361,D361.6173,Místní referendum,
361,D361.6174,Činnost regionálních rad,
361,D361.6190,Politické strany a hnutí,
361,D361.6211,Archivní činnost,
361,D361.6219,Ostatní veřejné služby jinde nezařazené.,
361,D361.6221,Humanitární zahraniční pomoc přímá,
361,D361.6222,Rozvojová zahraniční pomoc,
361,D361.6223,Mezinárodní spolupráce (jinde nezařazená),
361,D361.6224,Humanitární pomoc poskytovaná prostřednictvím humanitárních organizací,
361,D361.6229,Ostatní zahraniční pomoc,
361,D361.6310,Obecné příjmy a výdaje z finančních operací,
361,D361.6320,Pojištění funkčně nespecifikované,
361,D361.6330,Převody vlastním fondům v rozpočtech územní úrovně,
361,D361.6399,Ostatní finanční operace,
361,D361.6402,Finanční vypořádání,
361,D361.6409,Ostatní činnosti jinde nezařazené,
362,D362.0000,Pro příjmy (technický záznam),
362,D362.1011,"Udržování výrobního potenciálu zemědělství, zemědělský půdní fond a mimoprodukční funkce zemědělství",
362,D362.1012,Podnikání a restrukturalizace v zemědělství a potravinářství,
362,D362.1014,"Ozdravování hospodářských zvířat, polních a speciálních plodin a zvláštní veterinární péče",
362,D362.1019,Ostatní zemědělská a potravinářská činnost a rozvoj,
362,D362.1021,Organizace trhu s produkty rostlinné výrovy,
362,D362.1031,Pěstební činnost,
362,D362.1032,Podpora ostatních produkčních činností,
362,D362.1036,Správa v lesním hospodářství,
362,D362.1037,Celospolečenské funkce lesů,
362,D362.1039,Ostatní záležitosti lesního hospodářství,
362,D362.1069,Ostatní správa v zemědělství,
362,D362.1070,Rybářství,
362,D362.1099,Ostatní výdaje na lesní hospodářství,
362,D362.2111,Uhelné hornictví,
362,D362.2112,Těžba nerostných surovin kromě paliv,
362,D362.2115,Úspora energie a obnovitelné zdroje,
362,D362.2117,Elektrická energie,
362,D362.2119,Ostatní záležitosti těžebního průmyslu a energetiky,
362,D362.2121,Stavebnictví,
362,D362.2122,Sběr a zpracování druhotných surovin,
362,D362.2123,Podpora rozvoje průmyslových zón,
362,D362.2125,Podpora podnikání a inovací,
362,D362.2131,Přímá podpora exportu,
362,D362.2139,Ostatní záležitosti zahraničního obchodu,
362,D362.2141,Vnitřní obchod,
362,D362.2142,Ubytování a stravování,
362,D362.2143,Cestovní ruch,
362,D362.2144,Ostatní služby,
362,D362.2161,"Činnosti ústředního orgánu státní správy v oblasti energetiky, průmyslu, stavebnictví, obchodu a služeb",
362,D362.2169,"Ostatní správa v průmyslu, stavebnictví, obchodu a službách",
362,D362.2191,"Mezinárodní spolupráce v průmyslu, stavebnictví, obchodu a službách",
362,D362.2199,"Záležitosti průmyslu, stavebnictví, obchodu a služeb jinde nezařazené",
362,D362.2211,Dálnice,
362,D362.2212,Silnice,
362,D362.2219,Ostatní záležitosti pozemních komunikací,
362,D362.2221,Provoz veřejné silniční dopravy,
362,D362.2223,Bezpečnost silničního provozu,
362,D362.2229,Ostatní záležitosti v silniční dopravě,
362,D362.2231,Vodní cesty,
362,D362.2232,Provoz vnitrozemské plavby,
362,D362.2239,Ostatní záležitosti vnitrozemské plavby,
362,D362.2241,Železniční dráhy,
362,D362.2242,Provoz veřejné železniční dopravy,
362,D362.2249,Ostatní záležitosti železniční dopravy,
362,D362.2251,Letiště,
362,D362.2269,Ostatní správa v dopravě,
362,D362.2271,Ostatní dráhy,
362,D362.2272,Provoz ostatních drah,
362,D362.2280,Výzkum a vývoj v dopravě,
362,D362.2292,Dopravní obslužnost veřejnými službami - linková,
362,D362.2293,Dopravní obslužnost mimo veřejnou službu,
362,D362.2294,Dopravní obslužnost veřejnými službami - drážní,
362,D362.2295,Dopravní obslužnost veřejnými službami - smíšená,
362,D362.2299,Ostatní záležitosti v dopravě,
362,D362.2310,Pitná voda,
362,D362.2321,Odvádění a čištění odpadních vod a nakládání s kaly,
362,D362.2322,Prevence znečišťování vody,
362,D362.2329,Odvádění a čištění odpadních vod jinde nezařazené,
362,D362.2331,Úpravy vodohospodářsky významných a vodárenských toků,
362,D362.2332,Vodní díla na vodohospodářsky významných a vodárenských tocích,
362,D362.2333,Úpravy drobných vodních toků,
362,D362.2334,Revitalizace říčních systémů,
362,D362.2339,Záležitosti vodních toků a vodohospodářských děl jinde nezařazené,
362,D362.2341,Vodní díla v zemědělské krajině,
362,D362.2342,Protierozní ochrana,
362,D362.2349,Ostatní záležitosti vody v zemědělské krajině,
362,D362.2362,Činnost ostatních orgánů státní správy ve vodním hospodářství,
362,D362.2369,Ostatní správa ve vodním hospodářství,
362,D362.2380,Vodohospodářský výzkum a vývoj,
362,D362.2399,Ostatní záležitosti vodního hospodářství,
362,D362.2411,Záležitosti pošt,
362,D362.2412,Záležitosti telekomunikací,
362,D362.2419,Ostatní záležitosti spojů,
362,D362.2510,Podpora podnikání,
362,D362.2521,Bezpečnost práce,
362,D362.3111,Mateřské školy,
362,D362.3112,Mateřské školy pro děti se speciálními vzdělávacími potřebami,
362,D362.3113,Základní školy,
362,D362.3114,Základní školy pro žáky se speciálními vzdělávacími potřebami,
362,D362.3115,Ostatní záležitosti předškolního vzdělávání,
362,D362.3117,První stupeň základních škol,
362,D362.3119,Ostatní záležitosti základního vzdělávání,
362,D362.3121,Gymnazia,
362,D362.3122,Střední odborné školy,
362,D362.3123,Střední školy poskytující střední vzdělání s výučním listem,
362,D362.3124,Střední školy a konzervatoře pro žáky se speciálními vzdělávacími potřebami,
362,D362.3125,Střediska praktického vyučování a školní hospodářství,
362,D362.3126,Konzervatoře,
362,D362.3129,Ostatní zařízení středního vzdělávání,
362,D362.3132,Diagnostické ústavy,
362,D362.3133,Dětské domovy,
362,D362.3141,Školní stravování,
362,D362.3143,Školní družiny a kluby,
362,D362.3146,Zařízení výchovného poradenství,
362,D362.3148,Střediska výchovné péče,
362,D362.3149,Ostatní zařízení související s výchovou a vzděláváním mládeže,
362,D362.3150,Vyšší odborné školy,
362,D362.3211,Vysoké školy,
362,D362.3212,"Výzkum, vývoj a inovace na vysokých školách",
362,D362.3213,Bakalářské studium,
362,D362.3214,Magisterské a doktorské studium,
362,D362.3229,Ostatní zařízení související s vysokoškolským vzděláváním,
362,D362.3231,Základní umělecké školy,
362,D362.3232,Jazykové školy s právem státní jazykové zkoušky,
362,D362.3233,Střediska volného času,
362,D362.3239,Záležitosti zájmového vzdělávání jinde nezařazené,
362,D362.3269,Ostatní správa ve vzdělávání jinde nezařazená,
362,D362.3280,Výzkum školství a vzdělávání,
362,D362.3291,Mezinárodní spolupráce ve vzdělávání,
362,D362.3292,Vzdělávání národnostních menšin a multikulturní výchova,
362,D362.3294,Zařízení pro další vzdělávání pedagogických pracovníků,
362,D362.3299,Ostatní záležitosti vzdělávání,
362,D362.3311,Divadelní činnost,
362,D362.3312,Hudební činnost,
362,D362.3313,"Filmová tvorba, distribuce, kina a shromažďování audiovizuálních archiválií",
362,D362.3314,Činnosti knihovnické,
362,D362.3315,Činnosti muzeí a galerií,
362,D362.3316,Vydavatelská činnost,
362,D362.3317,Výstavní činnosti v kultuře,
362,D362.3319,Ostatní záležitosti kultury,
362,D362.3321,"Činnosti památkových ústavů, hradů a zámků",
362,D362.3322,Zachování a obnova kulturních památek,
362,D362.3324,Výkup předmětů kulturní hodnoty,
362,D362.3326,"Pořízení, zachování a obnova hodnot místního kulturního, národního a historického povědomí",
362,D362.3329,Ostatní záležitosti ochrany památek a péče o kulturní dědictví,
362,D362.3330,Činnosti registrovaných církví a náboženských společností,
362,D362.3341,Rozhlas a televize,
362,D362.3349,Ostatní záležitosti sdělovacích prostředků,
362,D362.3369,"Ostatní správa v oblasti kultury, církví a sdělovacích prostředků",
362,D362.3391,"Mezinárodní spolupráce v kultuře, církvích a sdělovacích prostředcích",
362,D362.3392,Zájmová činnost v kultuře,
362,D362.3399,"Ostatní záležitosti kultury, církví a sdělovacích prostředků",
362,D362.3412,Sportovní zařízení ve vlastnictví obce,
362,D362.3419,Ostatní sportovní činnost,
362,D362.3421,Využití volného času dětí a mládeže,
362,D362.3429,Ostatní zájmová činnost a rekreace,
362,D362.3511,Všeobecná ambulantní péče,
362,D362.3512,Stomatologická péče,
362,D362.3513,Lékařská služba první pomoci,
362,D362.3514,Transfúzní služba a tkáňová zařízení,
362,D362.3515,Specializovaná ambulantní zdravotní péče,
362,D362.3516,Péče v mateřství,
362,D362.3519,Ostatní ambulantní péče,
362,D362.3522,Ostatní nemocnice,
362,D362.3523,Odborné léčebné ústavy,
362,D362.3524,Léčebny dlouhodobě nemocných,
362,D362.3525,Hospice,
362,D362.3526,"Lázeňské léčebny, ozdravovny, sanatoria",
362,D362.3529,Ostatní ústavní péče,
362,D362.3533,Zdravotnická záchranná služba,
362,D362.3534,Doprava ve zdravotnictví,
362,D362.3539,Ostatní zdravotnická zařízení a služby pro zdravotnictví,
362,D362.3541,"Prevence před drogami, alkoholem, nikotinem aj. závislostmi",
362,D362.3542,Prevence HIV/AIDS,
362,D362.3543,Pomoc zdravotně postiženým a chronicky nemocným,
362,D362.3544,Národní program zdraví,
362,D362.3545,Programy paliativní péče,
362,D362.3549,Ostatní speciální zdravotnická péče,
362,D362.3569,Ostatní správa ve zdravotnictví jinde nezařazená,
362,D362.3589,Ostatní výzkum a vývoj ve zdravotnictví,
362,D362.3599,Ostatní činnost ve zdravotnictví,
362,D362.3611,Podpora individuální bytové výstavby,
362,D362.3612,Bytové hospodářství,
362,D362.3613,Nebytové hospodářství,
362,D362.3619,Ostatní rozvoj bydlení a bytového hospodářství,
362,D362.3631,Veřejné osvětlení,
362,D362.3632,Pohřebnictví,
362,D362.3633,Výstavba a údržba místních inženýrských sítí,
362,D362.3634,Lokální zásobování teplem,
362,D362.3635,Územní plánování,
362,D362.3636,Územní rozvoj,
362,D362.3639,Komunální služby a územní rozvoj jinde nezařazené,
362,D362.3669,"Ostatní správa v oblasti v oblasti bydlení, komunálních služeb a územního rozvoje jinde nezařazená",
362,D362.3680,"Výzkum a vývoj v oblasti bydlení, komunálních služeb a územního rozvoje",
362,D362.3691,"Mezinárodní spolupráce v oblasti bydlení, komunálních služeb a územního rozvoje",
362,D362.3699,"Ostatní záležitosti bydlení, komunálních služeb a územního rozvoje",
362,D362.3711,Odstraňování tuhých emisí,
362,D362.3713,Změny technologií vytápění,
362,D362.3714,Opatření ke snižování produkce skleníkových plynů a plynů poškozujících ozónovou vrstvu,
362,D362.3716,Monitoring ochrany ovzduší,
362,D362.3719,Ostatní činnosti k ochraně ovzduší,
362,D362.3721,Sběr a svoz nebezpečných odpadů,
362,D362.3722,Sběr a svoz komunálních odpadů,
362,D362.3723,Sběr a svoz ostatních odpadů (jiných než nebezpečných a komunálních),
362,D362.3724,Využívání a zneškodňování nebezpečných odpadů,
362,D362.3725,Využívání a zneškodňování komunálních odpadů,
362,D362.3726,Využívání a zneškodňování ostatních odpadů,
362,D362.3727,Prevence vzniku odpadů,
362,D362.3728,Monitoring nakládání s odpady,
362,D362.3729,Ostatní nakládání s odpady,
362,D362.3731,Ochrana půdy a podzemní vody proti znečišťujícím infiltracím,
362,D362.3732,Dekontaminace půd a čištění spodní vody,
362,D362.3733,Monitoring půdy a podzemní vody,
362,D362.3739,Ostatní ochrana půdy a spodní vody,
362,D362.3741,Ochrana druhů a stanovišť,
362,D362.3742,Chráněné části přírody,
362,D362.3743,"Rekultivace půdy v důsledku těžební a důlní činnosti, po skládkách odpadů apod.",
362,D362.3744,"Protierozní, protilavinová a protipožární ochrana",
362,D362.3745,Péče o vzhled obcí a veřejnou zeleň,
362,D362.3749,Ostatní činnosti k ochraně přírody a krajiny,
362,D362.3753,Monitoring ke zjišťování úrovně hluku a vibrací,
362,D362.3759,Ostatní činnosti k omezení hluku a vibrací,
362,D362.3762,Činnost ostatních orgánů státní správy v ochraně životního prostředí,
362,D362.3769,Ostatní správa v ochraně životního prostředí,
362,D362.3771,Protiradonová opatření,
362,D362.3792,Ekologická výchova a osvěta,
362,D362.3793,Ekologie v dopravě,
362,D362.3799,Ostatní ekologické záležitosti,
362,D362.3900,Ostatní činnosti související se službami pro obyvatelstvo,
362,D362.4136,Dávky pěstounské péče,
362,D362.4171,Příspěvek na živobytí,
362,D362.4172,Doplatek na bydlení,
362,D362.4175,Dávky sociální péče pro rodinu a děti,
362,D362.4177,Mimořádná okamžitá pomoc osobám ohroženým sociálním vyloučením,
362,D362.4179,Ostatní dávky sociální pomoci,
362,D362.4182,Příspěvek na zvláštní pomůcky,
362,D362.4183,Příspěvek na úpravu a provoz bezbariérového bytu,
362,D362.4184,"Příspěvky na zakoupení, opravu a zvláštní úpravu motorového vozidla",
362,D362.4185,Příspěvek na provoz motorového vozidla,
362,D362.4186,Příspěvek na individuální dopravu,
362,D362.4189,Ostatní dávky zdravotně postiženým občanům,
362,D362.4195,Příspěvek na péči,
362,D362.4199,Ostatní dávky povahy sociálního zabezpečení jinde nezařazené,
362,D362.4222,Veřejně prospěšné práce,
362,D362.4223,Společensky účelná pracovní místa,
362,D362.4225,Podpora zaměstnanosti zdravotně postižených občanů,
362,D362.4226,Ostatní podpora zaměstnanosti,
362,D362.4227,Cílené programy k řešení zaměstnanosti,
362,D362.4229,Aktivní politika zaměstnanosti jinde nezařazená,
362,D362.4311,Základní sociální poradenství,
362,D362.4312,Odborné sociální poradenství,
362,D362.4319,Ostatní výdaje související se sociálním poradenstvím,
362,D362.4324,Zařízení pro děti vyžadující okamžitou pomoc,
362,D362.4329,Ostatní sociální péče a pomoc dětem a mládeži,
362,D362.4334,Pečovatelská služba pro rodinu a děti,
362,D362.4339,Ostatní sociální péče a pomoc rodině a manželství,
362,D362.4341,Sociální pomoc osobám v hmotné nouzi a občanům sociálně nepřizpůsobivým,
362,D362.4342,Sociální péče a pomoc přistěhovalcům a vybraným etnikům,
362,D362.4343,Sociální pomoc osobám v souvislosti s živelní pohromou nebo požárem,
362,D362.4344,Sociální rehabilitace,
362,D362.4345,Centra sociálně rehabilitačních služeb,
362,D362.4349,Ostatní sociální péče a pomoc ostatním skupinám obyvatelstva,
362,D362.4350,Domovy pro seniory,
362,D362.4351,"Osobní asistence, pečovatelská služba a podpora samostatného bydlení",
362,D362.4352,Tísňová péče,
362,D362.4353,Průvodcovské a předčitatelské služby,
362,D362.4354,Chráněné bydlení,
362,D362.4355,Týdenní stacionáře,
362,D362.4356,Denní stacionáře a centra denních služeb,
362,D362.4357,Domovy pro osoby se zdravotním postižením a domovy se zvláštním režimem,
362,D362.4358,Sociální služby poskytované ve zdravotnických zařízeních ústavní péče,
362,D362.4359,Ostatní služby a činnosti v oblasti sociální péče,
362,D362.4363,Ostatní orgány státní správy v oblasti politiky zaměstnanosti,
362,D362.4369,Ostatní správa v sociálním zabezpečení a politice zaměstnanosti,
362,D362.4371,Raná péče a sociálně aktivizační služby pro rodiny s dětmi,
362,D362.4372,Krizová pomoc,
362,D362.4373,Domy na půl cesty,
362,D362.4374,"Azylové domy, nízkoprahová denní centra a noclehárny",
362,D362.4375,Nízkoprahová zařízení pro děti a mládež,
362,D362.4376,"Služby následné péče, terapeutické komunity a kontaktní centra",
362,D362.4377,Sociálně terapeutické dílny,
362,D362.4378,Terénní programy,
362,D362.4379,Ostatní služby a činnosti v oblasti sociální prevence,
362,D362.4399,Ostatní záležitosti sociálních věcí a politiky zaměstnanosti,
362,D362.5171,Zabezpečení potřeb ozbrojených sil,
362,D362.5212,Ochrana obyvatelstva,
362,D362.5213,Krizová opatření,
362,D362.5219,Ostatní záležitosti ochrany obyvatelstva,
362,D362.5269,Ostatní správa v oblasti hospodářských opatření pro krizové stavy,
362,D362.5272,Činnost orgánů krizového řízení na územní úrovni a dalších územních správních úřadů v oblasti krizového řízení,
362,D362.5273,Ostatní správa v oblasti krizového řízení,
362,D362.5274,Podpora krizového řízení a nouzového plánování,
362,D362.5279,Záležitosti krizového řízení jinde nezařazené,
362,D362.5299,Ostatní záležitosti civilní připravenosti na krizové stavy,
362,D362.5311,Bezpečnost a veřejný pořádek,
362,D362.5319,Ostatní záležitosti bezpečnosti a veřejného pořádku,
362,D362.5391,Mezinárodní spolupráce v oblasti bezpečnosti a veřejného pořádku,
362,D362.5399,"Ostatní záležitosti bezpečnosti,veřejného pořádku",
362,D362.5511,Požární ochrana - profesionální část,
362,D362.5512,Požární ochrana - dobrovolná část,
362,D362.5519,Ostatní záležitosti požární ochrany,
362,D362.5521,Operační a informační střediska integrovaného záchranného systému.,
362,D362.5522,Ostatní činnosti v integrovaném záchranném systému,
362,D362.5563,Činnost ostatních orgánů státní správy v integrovaném záchranném systému,
362,D362.5599,Ostatní záležitosti požární ochrany a integrovaného záchranného systému,
362,D362.6111,Parlament,
362,D362.6112,Zastupitelstva obcí,
362,D362.6113,Zastupitelstva krajů,
362,D362.6114,Volby do Parlamentu ČR,
362,D362.6115,Volby do zastupitelstev územních samosprávných celků,
362,D362.6116,Celostátní referendum,
362,D362.6117,Volby do Evropského parlamentu,
362,D362.6118,Volba prezidenta republiky,
362,D362.6141,Ústřední orgány vnitřní státní správy a jejich dislokovaná pracoviště nezařazené v jiných paragrafech,
362,D362.6149,Ostatní všeobecná vnitřní správa jinde nezařazená,
362,D362.6171,Činnost místní správy,
362,D362.6172,Činnost regionální správy,
362,D362.6173,Místní referendum,
362,D362.6211,Archivní činnost,
362,D362.6219,Ostatní veřejné služby jinde nezařazené.,
362,D362.6221,Humanitární zahraniční pomoc přímá,
362,D362.6222,Rozvojová zahraniční pomoc,
362,D362.6223,Mezinárodní spolupráce (jinde nezařazená),
362,D362.6310,Obecné příjmy a výdaje z finančních operací,
362,D362.6320,Pojištění funkčně nespecifikované,
362,D362.6330,Převody vlastním fondům v rozpočtech územní úrovně,
362,D362.6399,Ostatní finanční operace,
362,D362.6402,Finanční vypořádání,
362,D362.6409,Ostatní činnosti jinde nezařazené,
1013,D1013.1,Počet všech rozhodnutí,Počet všech rozhodnutí VYJMA KOLAUDAČNÍCH ROZHODNUTÍ speciálního stavebního úřadu za sledované období. K 31.12. sledovaného roku.
1013,D1013.1.0,Počet kolaudačních souhlasů,Počet všech kolaudačních souhlasů a kolaudačních rozhodnutí speciálního stavebního úřadu za sledované období. K 31.12. sledovaného roku.
1013,D1013.1.1,Počet stavebních povolení z celkového počtu všech rozhodnutí,K 31.12. sledovaného roku.
1013,D1013.1.2,Počet rozhodnutí vydaných ve společném řízení z celkového počtu všech rozhodnutí,K 31.12. sledovaného roku.
1013,D1013.1.3,Počet veřejnoprávních smluv nahrazujících stavební povolení z celkového počtu všech rozhodnutí,"Počet uzavřených veřejnoprávních smluv nahrazujících stavební povolení, včetně vydaných odmítnutí návrhů veřejnoprávních smluv. K 31.12. sledovaného roku."
1013,D1013.2,Počet souhlasů s ohlášením,Počet sdělení podaných k jednostlivým ohlášením. K 31.12. sledovaného roku.
1013,D1013.3,Počet ostatních opatření a písemností,"Ostatní sledované úkony jsou úkony, které nějakým způsobem souvisí s příslušnou agendou; pro nemožnost dostatečného a jasného vymezení nebyly zahrnuty do celkových úkonů. Jedná se například o oznámení, zahájení řízení, místní ohledání atd. K 31.12. sledovaného roku."
1013,D1013.4,Počet rozhodnutí o přestupku,Počet rozhodnutí o uložení přestupku ve sledovaném období. K 31.12. sledovaného roku.
1013,D1013.5,Celkem sledovaných úkonů,"Součet řádků 13.1, 13.1.0, 13.2. a 13.4.; kolik sledovaných úkonů bylo celkem v daném období provedeno. K 31.12. sledovaného roku.
Vzorec: D1013.1+ D1013.1.0+D1013.2+D1013.4"
1013,D1013.8,Počet zaměstnanců - pracovních úvazků v agendě speciální stavební úřad celkem,"Úvazky pro agendu celkem stanovte k 31.12. sledovaného roku včetně poměrné části pracovních úvazků vedoucích a administrativní síly, které rozpočtěte vzhledem k počtu pracovníků na oddělení nebo odboru. Zpravidla půjde o desetinné číslo. Pokud pracovník vykonává i jinou agendu, započítává se pouze příslušným podílem a součet jeho úvazků v těchto agendách musí být roven jedné! Poměrná část úvazku zaměstnanců se týká vždy konkrétní agendy za kterou, jsou vstupní data vyplňována. Součet úvazků v agendách se tak nemusí rovnat počtu zaměstnanců odboru nebo oddělení pokud tato organizační jednotka zajišťuje další agendy nebo úkoly, které nejsou předmětem porovnávání."
1016,D1016.1.1,Územní řízení - počet vydaných rozhodnutí,"K 31.12. sledovaného roku. Součet polí ""Územní řízení + změna"" + ""Zjednodušené územní řízení + změna"" + ""Veřejnoprávní smlouva + změna"".
Vzorec: D1016.1.1.1+D1016.1.1.2+D1016.1.1.3"
1016,D1016.1.1.1,Územní řízení + změna,"K 31.12. sledovaného roku. Dle § 92, 94 zákona č. 183/2006 Sb., o územním plánování a stavebním řádu."
1016,D1016.1.1.2,Zjednodušené územní řízení + změna,"K 31.12. sledovaného roku. Dle § 95 zákona č. 183/2006 Sb., o územním plánování a stavebním řádu."
1016,D1016.1.1.3,Veřejnoprávní smlouva + změna,"K 31.12. sledovaného roku. Dle § 78a, odst. 3 zákona č. 183/2006 Sb., o územním plánování a stavebním řádu."
1016,D1016.1.2,"Územní řízení - správní úkony, které nejsou rozhodnutím","K 31.12. sledovaného roku. Načítá se z datového pole ""Územní souhlas"".
Vzorec: D1016.1.2.1"
1016,D1016.1.2.1,Územní souhlas,"K 31.12. sledovaného roku. Dle § 96 zákona č. 183/2006 Sb., o územním plánování a stavebním řádu."
1016,D1016.2.1,Povolení stavby - počet vydaných rozhodnutí,"K 31.12. sledovaného roku. Součet polí ""Stavební řízení + změna + autorizovaný inspektor"" + ""Zkrácené stavební řízení + změna"" + ""Veřejnoprávní smlouva + změna"" + ""Spojené územní a stavební řízení + změna"" + ""Dodatečné povolení"".
Vzorec: D1016.2.1.1+D1016.2.1.2+D1016.2.1.3+D1016.2.1.4+D1016.2.1.5"
1016,D1016.2.1.1,Stavební řízení + změna,"K 31.12. sledovaného roku. Dle § 115, 118 zákona č. 183/2006 Sb., o územním plánování a stavebním řádu a zákona č. 50/1976 Sb."
1016,D1016.2.1.2,Zkrácené stavební řízení - autorizovaný inspektor + změna,"K 31.12. sledovaného roku. Dle § 117 zákona č. 183/2006 Sb., o územním plánování a stavebním řádu."
1016,D1016.2.1.3,Veřejnoprávní smlouva a společná veřejnoprávní smlouva + změna,"K 31.12. sledovaného roku. Dle § 78, 116 zákona č. 183/2006 Sb., o územním plánování a stavebním řádu. Společnou VPS se rozumí VPS o umístění a povolení stavby."
1016,D1016.2.1.4,Spojené a společné územní a stavební řízení + změna,"K 31.12. sledovaného roku. Dle § 78, odst. 3 a § 94a zákona č. 183/2006 Sb., o územním plánování a stavebním řádu a § 140 zákona č. 500/2004 Sb., správní řád."
1016,D1016.2.1.5,Dodatečné povolení,"K 31.12. sledovaného roku. Dle § 129 zákona č. 183/2006 Sb., o územním plánování a stavebním řádu a § 88 zákona č. 50/1976 Sb."
1016,D1016.2.2,"Povolení stavby - správní úkony, které nejsou rozhodnutím","K 31.12. sledovaného roku. Součet polí ""Ohlášení stavby"" + ""Sloučený územní souhlas a ohlášení stavby + změna"".
Vzorec: D1016.2.2.1+D1016.2.2.2"
1016,D1016.2.2.1,Ohlášení stavby + změna,"K 31.12. sledovaného roku. Dle § 106 zákona č. 183/2006 Sb., o územním plánování a stavebním řádu."
1016,D1016.2.2.2,Společný územní souhlas a ohlášení stavby + změna,"K 31.12. sledovaného roku. Dle § 96a zákona č. 183/2006 Sb., o územním plánování a stavebním řádu."
1016,D1016.3.1,Užívání stavby - počet vydaných rozhodnutí,"K 31.12. sledovaného roku. Součet polí ""Kolaudační řízení"" + ""Předčasné užívání"" + ""Změna užívání - rozhodnutí"" + ""Zkušební provoz"".
Vzorec: D1016.3.1.1+D1016.3.1.2+D1016.3.1.3+D1016.3.1.5"
1016,D1016.3.1.1,Kolaudační řízení,K 31.12. sledovaného roku. Dle § 122a zákona č. 183/2006 Sb. a § 76 zákona č. 50/1976 Sb.
1016,D1016.3.1.2,Předčasné užívání,"K 31.12. sledovaného roku. Dle § 123 zákona č. 183/2006 Sb., o územním plánování a stavebním řádu."
1016,D1016.3.1.3,Změna užívání - rozhodnutí,"K 31.12. sledovaného roku. Dle § 126 zákona č. 183/2006 Sb., o územním plánování a stavebním řádu."
1016,D1016.3.1.5,Zkušební provoz,"K 31.12. sledovaného roku. Prohlídka stavby dle § 124 zákona č. 183/2006 Sb., o územním plánování a stavebním řádu."
1016,D1016.3.2,"Užívání stavby - správní úkony, které nejsou rozhodnutím","K 31.12. sledovaného roku. Součet polí ""Kolaudační souhlas"" + ""Dokumentace skutečného provedení stavby"" + ""Změna užívání - souhlas"".
Vzorec: D1016.3.2.2+D1016.3.2.4+D1016.3.2.5"
1016,D1016.3.2.2,Kolaudační souhlas,"K 31.12. sledovaného roku. Prohlídka stavby dle § 122 zákona č. 183/2006 Sb., o územním plánování a stavebním řádu."
1016,D1016.3.2.4,Dokumentace provedení stavby,"K 31.12. sledovaného roku. Dle § 125 zákona č. 183/2006 Sb., o územním plánování a stavebním řádu."
1016,D1016.3.2.5,Změna užívání - souhlas,"K 31.12. sledovaného roku. Dle § 127 zákona č. 183/2006 Sb., o územním plánování a stavebním řádu."
1016,D1016.4.1,Odstraňování staveb - počet vydaných rozhodnutí,"K 31.12. sledovaného roku. Součet polí ""Povolení odstranění"" + ""Nařízení odstranění"".
Vzorec: D1016.4.1.1+D1016.4.1.2"
1016,D1016.4.1.1,Povolení odstranění,"K 31.12. sledovaného roku. Dle § 128 zákona č. 183/2006 Sb., o územním plánování a stavebním řádu."
1016,D1016.4.1.2,Nařízení odstranění,"K 31.12. sledovaného roku. Dle § 129 zákona č. 183/2006 Sb., o územním plánování a stavebním řádu."
1016,D1016.4.2,"Odstraňování staveb - správní úkony, které nejsou rozhodnutím","K 31.12. sledovaného roku. Součet polí ""Ohlášení odstranění"".
Vzorec: D1016.4.2.1"
1016,D1016.4.2.1,Ohlášení odstranění,"K 31.12. sledovaného roku. Dle § 128 zákona č. 183/2006 Sb., o územním plánování a stavebním řádu."
1016,D1016.5.1,Jiná řízení a opatření - počet vydaných rozhodnutí,"K 31.12. sledovaného roku. Součet polí ""Řízení o výjimce"" + ""Jiná rozhodnutí"" + ""Procesní rozhodnutí"".
Vzorec: D1016.5.1.1+D1016.5.1.2+D1016.5.1.3"
1016,D1016.5.1.1,Řízení o výjimce,"K 31.12. sledovaného roku. Dle § 169 odst. 2 zákona č. 183/2006 Sb., o územním plánování a stavebním řádu."
1016,D1016.5.1.2,Jiná rozhodnutí,"K 31.12. sledovaného roku. Dle § 135, 137, 138, 139, 140, 117 odst. 4 zákona č. 183/2006 Sb., o územním plánování a stavebním řádu a dle zákona č. 106/1999 Sb., o svobodném přístupu k informacím."
1016,D1016.5.1.3,Procesní rozhodnutí,"K 31.12. sledovaného roku. Dle § 88, § 110, odst. 4, § 111 odst. 3 a § 129 zákona č. 183/2006 Sb., o územním plánování a stavebním řádu a § 64, 66 dle zákona č. 500/2004 Sb., správní řád."
1016,D1016.5.2,"Jiná řízení a opatření - správní úkony, které nejsou rozhodnutím","K 31.12. sledovaného roku. Součet polí ""Opatření na stavbě nebo pozemku"".
Vzorec: D1016.5.2.1"
1016,D1016.5.2.1,Opatření na stavbě nebo pozemku,"K 31.12. sledovaného roku. Dle § 141 zákona č. 183/2006 Sb., o územním plánování a stavebním řádu."
1016,D1016.5.3,Jiná řízení a opatření - ostatní,"K 31.12. sledovaného roku. Součet polí ""Ostatní opatření a stanoviska"" + ""Územně plánovací informace"".
Vzorec: D1016.5.3.1+D1016.5.3.2"
1016,D1016.5.3.1,"Ostatní opatření, stanoviska a závazná stanoviska","K 31.12. sledovaného roku. Další vydaná stanoviska - vyjádření, sdělení, dopisy, závazná stanoviska apod."
1016,D1016.5.3.2,Územně plánovací informace,"K 31.12. sledovaného roku. Dle § 21 zákona č. 183/2006 Sb., o územním plánování a stavebním řádu."
1016,D1016.6.1,Dohled,"K 31.12. sledovaného roku. Součet polí ""Státní dozor"" + ""Kontrolní prohlídky"".
Vzorec: D1016.6.1.1+D1016.6.1.2"
1016,D1016.6.1.1,Státní dozor,"K 31.12. sledovaného roku. Dle § 171 zákona č. 183/2006 Sb., o územním plánování a stavebním řádu."
1016,D1016.6.1.2,Kontrolní prohlídky BEZ ZÁVĚREČNÝCH kontrolních prohlídek,"K 31.12. sledovaného roku. Dle § 133 zákona č. 183/2006 Sb., o územním plánování a stavebním řádu. Je-li součástí závěrečného úkonu stavebního úřadu (např. rozhodnutí, opatření) kontrolní prohlídka, DO TOHOTO ŘÁDKU NEBUDE ZAPOČÍTÁNA."
1016,D1016.7.1,Sankce,"K 31.12. sledovaného roku. Součet polí ""Pořádkové pokuty"" + ""Přestupky"".
Vzorec: D1016.7.1.1 + D1016.7.1.2"
1016,D1016.7.1.1,Pořádkové pokuty,"K 31.12. sledovaného roku. Dle § 173 zákona č. 183/2006 Sb., o územním plánování a stavebním řádu a § 62 zákona 500/2004 Sb., správní řád."
1016,D1016.7.1.2,Přestupky,"K 31.12. sledovaného roku. Dle zákona č. 183/2006 Sb., o územním plánování a stavebním řádu."
1016,D1016.8.1,Odvolání - celkový počet podaných odvolání,"K 31.12. sledovaného roku. Součet polí ""Počet potvrzených nebo změněných rozhodnutí + autoremedura"" + ""Počet zrušených rozhodnutí"".
Vzorec: D1016.8.1.1+D1016.8.1.2"
1016,D1016.8.1.1,Počet potvrzených nebo změněných rozhodnutí + autoremedura,K 31.12. sledovaného roku. Celkový počet potvrzených nebo změněných rozhodnutí + počet autoremedur v daném sledovaném roce.
1016,D1016.8.1.2,Počet zrušených rozhodnutí,K 31.12. sledovaného roku. Celkový počet zrušených rozhodnutí.
1016,D1016.9.1,Celkový počet vydaných rozhodnutí,"K 31.12. sledovaného roku. Počet všech vydaných rozhodnutí ve sledovaném roce. Součet polí počtu vydaných rozhodnutí ""Územní řízení"" + ""Povolení stavby"" + ""Užívání stavby"" + ""Odstraňování staveb"" + ""Jiná řízení a opatření"" + ""Sankce"".
Vzorec: D1016.1.1+D1016.2.1+D1016.3.1+D1016.4.1+D1016.5.1+D1016.7.1"
1016,D1016.9.2,"Celkový počet ohlášení a správních úkonů, které nejsou rozhodnutím","K 31.12. sledovaného roku. Celkový počet správních úkonů, které nejsou rozhodnutím. Součet polí počtu správních úkonů, které nejsou rozhodnutím ""Územní řízení"" + ""Povolení stavby"" + ""Užívání stavby"" + ""Odstraňování staveb"" + ""Jiná řízení a opatření"" + ""Dohled"".
Vzorec: D1016.1.2+D1016.2.2+D1016.3.2+D1016.4.2+D1016.5.2+D1016.6.1"
1016,D1016.9.3,Celkový počet ostatních sledovaných úkonů,"K 31.12. sledovaného roku. Celkový počet ostatních sledovaných úkonů, které nejsou rozhodnutím. Součet polí ""Jiná řízení a opatření - ostatní"".
Vzorec: D1016.5.3"
1016,D1016.10.1,Počet zaměstnanců - pracovních úvazků v agendě stavební úřad obecný celkem (BEZ ÚVAZKŮ SOUVISEJÍCÍCH S AGENDOU RUIAN),"Úvazky pro agendu celkem stanovte k 31.12. sledovaného roku včetně poměrné části pracovních úvazků vedoucích a administrativní síly, které rozpočtěte vzhledem k počtu pracovníků na oddělení nebo odboru. BEZ ÚVAZKŮ SOUVISEJÍCÍCH S AGENDOU RUIAN. Zpravidla půjde o desetinné číslo. Pokud pracovník vykonává i jinou agendu, započítává se pouze příslušným podílem a součet jeho úvazků v těchto agendách musí být roven jedné! Poměrná část úvazku zaměstnanců se týká vždy konkrétní agendy za kterou, jsou vstupní data vyplňována. Součet úvazků v agendách se tak nemusí rovnat počtu zaměstnanců odboru nebo oddělení pokud tato organizační jednotka zajišťuje další agendy nebo úkoly, které nejsou předmětem porovnávání. Počítají se všichni zaměstnanci obce (pracovní poměr, dohody o pracích konaných mimo pracovní poměr) vykonávající činnost při ohlašování staveb a při provádění územních řízení, stavebních řízení včetně sloučených, kolaudačních řízení, řízení o povolení předčasného užívání stavby, řízení o odstranění stavby, řízení o nařízení zabezpečovacích prací, vyvlastňovacích řízení a dále vykonávajících státní stavební dohled. Do počtu pracovníků se započítávají i zaměstnanci, na které prostředky na jejich mzdové náklady poskytuje jiný subjekt než obec-zaměstnavatel."
1016,D1016.10.2,Počet reálně obsazených pracovních úvazků v agendě stavební úřad obecný celkem v daném roce (BEZ ÚVAZKŮ SOUVISEJÍCÍCH S AGENDOU RUIAN),"K 31.12. sledovaného roku včetně poměrné části pracovních úvazků vedoucích a administrativní síly, které rozpočtěte vzhledem k počtu pracovníků na oddělení nebo odboru. BEZ ÚVAZKŮ SOUVISEJÍCÍCH S AGENDOU RUIAN. ZAPOČTĚTE JEN SKUTEČNĚ OBSAZENÁ PRACOVNÍ MÍSTA."
1016,D1016.11,Počet km čtverečních správního obvodu obce s působností stavebního úřadu,Počet km čtverečních správního obvodu obce s působností stavebního úřadu; k 31. 12. sledovaného roku.
1020,D1020.1,Počet pravomocně vydaných rozhodnutí celkem,Při vyplňování použijte metodiku evidence dle Vyhlášky o vodoprávní evidenci platné ve sledovaném období (jedná se o počet vydaných rozhodnutí bez ohledu na počet výroků) MIMO Souhlas vodoprávního úřadu (§ 17 vodního zákona) a usnesení. Započítávají se i rozhodnutí podle zákona o vodovodech a kanalizacích a podle stavebního zákona. Za celé období sledovaného roku.
1020,D1020.1.0,"Celkový počet přestupků řešených rozhodnutím, příkazem, příkazem na místě nebo blokovou pokutou",Za celé období sledovaného roku.
1020,D1020.1.1,Orientační hodnota povolených vodních děl v tis. Kč,Údaje poskytované měsíčně ČSÚ za celé období sledovaného roku.
1020,D1020.1.2,Počet povolených studní,Včetně vodovodního napojení studny za celé období sledovaného roku.
1020,D1020.1.3,Počet vydaných stavebních povolení ČOV do 50 EO,Včetně výustního potrubí za celé období sledovaného roku.
1020,D1020.1.4,Počet vydaných stavebních povolení ČOV nad 50 EO,Včetně výustního potrubí za celé období sledovaného roku (EO - ekvivalentní obyvatel).
1020,D1020.1.5,Počet povolených vodovodů a kanalizací,Započtěte každý povolený vodovod i kanalizaci za celé období sledovaného roku.
1020,D1020.1.7,Počet povolených ostatních vodních děl mimo výše uvedené,Za celé období sledovaného roku.
1020,D1020.1.8,Počet povolení nakládání s vodami,Jedná se o všechna povolená nakládání (i dílčí výroky). Za celé období sledovaného roku.
1020,D1020.2,Počet vydaných opatření obecné povahy,Viz Vyhláška o vodoprávní evidenci platná ve sledovaném období. Za celé období sledovaného roku.
1020,D1020.3,Počet vydaných souhlasů dle §17,Viz Vyhláška o vodoprávní evidenci platná ve sledovaném období (souhlas vodoprávního úřadu dle § 17 vodního zákona). Za celé období sledovaného roku. NEZAPOČÍTÁVÁME ZDE SOUHLASY VYDANÁ V RÁMCI SOUHRNNÝCH NEBO KOORDINOVANÝCH ZÁVAZNÝCH STANOVISEK!!!
1020,D1020.4,Počet ohlášení,"Viz Vyhláška o vodoprávní evidenci platná ve sledovaném období (ČOV, udržovací práce). Za celé období sledovaného roku."
1020,D1020.5,Počet vydaných usnesení,Za celé období sledovaného roku.
1020,D1020.6,Počet řešených stížností a podnětů,Započtěte pouze stížnosti a podněty vedené pod číslem jednacím. Za celé období sledovaného roku.
1020,D1020.7,Počet řešených havarijních situací,Za celé období sledovaného roku.
1020,D1020.8,Počet odvolání celkem,Za celé období sledovaného roku.
1020,D1020.8.1,z toho potvrzených rozhodnutí nadřízeným orgánem,Za celé období sledovaného roku.
1020,D1020.9,Počet provedených kontrol (dozorů) se zápisem,"Zápisem se rozumí jakýkoli záznam o provedené kontrole (mimo správní řízení). Za celé období sledovaného roku. Jedná se o: Vodoprávní dozor podle § 110 zákona č.254/2001 Sb., vodní zákon a dozor podle § 37 zákona č.274/2001 Sb., o vodovodech a kanalizacích."
1020,D1020.10,Vydání kolaudačního souhlasu a protokolu o závěrečné kontrolní prohlídce,"Kolaudační souhlas podle § 122 zákona č. 183/2006 Sb., stavební zákon a protokoly o závěrečné kontrolní prohlídce jen u staveb, které nepodléhají kolaudačnímu souhlasu - Za celé období sledovaného roku."
1020,D1020.11,Počet vydaných závazných stanovisek dle § 104,NEZAPOČÍTÁVÁME ZDE STANOVISKA A VYJÁDŘENÍ VYDANÁ V RÁMCI SOUHRNNÝCH NEBO KOORDINOVANÝCH ZÁVAZNÝCH STANOVISEK!!! Za celé období sledovaného roku.
1020,D1020.11.1,Počet vyjádření/stanovisek vydaných v rámci koordinovaných závazných stanovisek a koordinovaných stanovisek,"K 31.12. sledovaného roku. Započítejte i jednotlivé výroky v rámci jednoho závazného stanoviska. Započtěte §17, §104 a stanoviska dle Lázeňského zákona. Vyplňte pouze pokud průkazně sledujete. Pokud nesledujete, ponechejte pole prázdné."
1020,D1020.12,Počet zaměstnanců - pracovních úvazků v agendě vodoprávní řízení celkem,"Úvazky pro agendu celkem stanovte za celé období sledovaného roku včetně poměrné části pracovních úvazků vedoucích a administrativní síly, které rozpočtěte vzhledem k počtu pracovníků na oddělení nebo odboru. Zpravidla půjde o desetinné číslo. Pokud pracovník vykonává i jinou agendu, započítává se pouze příslušným podílem a součet jeho úvazků v těchto agendách musí být roven jedné! Poměrná část úvazku zaměstnanců se týká vždy konkrétní agendy za kterou, jsou vstupní data vyplňována. Součet úvazků v agendách se tak nemusí rovnat počtu zaměstnanců odboru nebo oddělení pokud tato organizační jednotka zajišťuje další agendy nebo úkoly, které nejsou předmětem porovnávání."
1021,D1021.1,Počet zaměstnanců - pracovních úvazků v agendě lesní hospodářství celkem,"Úvazky pro agendu celkem stanovte k 31.12. sledovaného roku včetně poměrné části pracovních úvazků vedoucích a administrativní síly, které rozpočtěte vzhledem k počtu pracovníků na oddělení nebo odboru. Zpravidla půjde o desetinné číslo. Pokud pracovník vykonává i jinou agendu, započítává se pouze příslušným podílem a součet jeho úvazků v těchto agendách musí být roven jedné! Poměrná část úvazku zaměstnanců se týká vždy konkrétní agendy za kterou, jsou vstupní data vyplňována. Součet úvazků v agendách se tak nemusí rovnat počtu zaměstnanců odboru nebo oddělení pokud tato organizační jednotka zajišťuje další agendy nebo úkoly, které nejsou předmětem porovnávání."
1021,D1021.4,Počet vydaných správních rozhodnutí,Pouze meritorní rozhodnutí a zastavení řízení. Za celé období sledovaného roku.
1021,D1021.4.1,z toho vydaná správní rozhodnutí z moci úřední,Za celé období sledovaného roku.
1021,D1021.4.2,"z toho celkový počet přestupků řešených rozhodnutím, příkazem, příkazem na místě nebo blokovou pokutou",Za celé období sledovaného roku.
1021,D1021.5,Počet provedených kontrol (dozorů) se zápisem,"Provedené kontroly dle Zákona o státní kontrole a kontroly (šetření) s písemným výstupem (výzva, protokol, další řízení). Za celé období sledovaného roku."
1021,D1021.6,"Počet vydaných závazných stanovisek, vyjádření apod. mimo správní řízení","!!!NEZAPOČÍTÁVÁME ZDE STANOVISKA A VYJÁDŘENÍ VYDANÁ V RÁMCI SOUHRNNÝCH NEBO KOORDINOVANÝCH ZÁVAZNÝCH STANOVISEK!!! Za celé období sledovaného roku. Započtěte zejména dále vyjmenované. Jedná se o: Stanovisko k územně plánovací dokumentaci podle § 48 odst. 2 písm. b) zákona č.289/1995 Sb., o lesích; Závazné stanovisko k vydání ÚR, jímž mají být dotčeny pozemky podle § 48 odst.2 písm. c) určené k plnění funkcí lesa, případně v ochranném pásmu lesa (50 m) zákona č.289/1995 Sb., o lesích; Výjimku ze stanovené velikosti nebo šířky holé seče podle § 48 odst. 2 písm. e) zákona č.289/1995 Sb., o lesích; Výjimku ze zákonných lhůt pro zalesnění a zajištění kultur podle § 48 odst. 2 písm. f) zákona č.289/1995 Sb., o lesích; Ustanovení nebo zrušení lesní stráže podle § 48 odst. 2 písm. g) zákona č.289/1995 Sb., o lesích; Vyjádření k žádosti o těžbu podle § 48 odst. 3 zákona č.289/1995 Sb., o lesích; Provedení změny odborného lesního hospodáře na žádost vlastníka lesa podle § 37 odst. 5 zákona č.289/1995 Sb., o lesích."
1021,D1021.6.1,Počet vyjádření/stanovisek vydaných v rámci koordinovaných závazných stanovisek a koordinovaných stanovisek,"K 31.12. sledovaného roku. Započítejte i jednotlivé výroky v rámci jednoho závazného stanoviska. Vyplňte pouze pokud průkazně sledujete. Pokud nesledujete, ponechejte pole prázdné."
1021,D1021.7,Počet zrušených a vrácených rozhodnutí včetně autoremedury,Počet nepotvrzených rozhodnutí odvolacím orgánem – zrušená a vrácená rozhodnutí. Bez rozhodnutí změněných. Včetně autoremedury. Za celé období sledovaného roku.
1021,D1021.13,Výměra pozemků určených k plnění funkce lesa ve správním obvodu v hektarech,K 31.12. sledovaného roku.
1021,D1021.14,Počet předaných separátů z lesní hospodářské osnovy v ks,Protokolárně předané. Za celé období sledovaného roku.
1021,D1021.15,Počet lesních hospodářských plánů v ks,Počet existujících LHP k 31.12. sledovaného roku. I plány do 50 ha pořízené na základě rozhodnutí vlastníka.
1022,D1022.1,Počet zaměstnanců - pracovních úvazků v agendě odpady celkem,"Úvazky pro agendu celkem stanovte k 31.12. sledovaného roku včetně poměrné části pracovních úvazků vedoucích a administrativní síly, které rozpočtěte vzhledem k počtu pracovníků na oddělení nebo odboru. Zpravidla půjde o desetinné číslo. Pokud pracovník vykonává i jinou agendu, započítává se pouze příslušným podílem a součet jeho úvazků v těchto agendách musí být roven jedné! Poměrná část úvazku zaměstnanců se týká vždy konkrétní agendy za kterou, jsou vstupní data vyplňována. Součet úvazků v agendách se tak nemusí rovnat počtu zaměstnanců odboru nebo oddělení pokud tato organizační jednotka zajišťuje další agendy nebo úkoly, které nejsou předmětem porovnávání."
1022,D1022.4,Počet vydaných správních rozhodnutí,"Pouze meritorní rozhodnutí a zastavení řízení včetně rozhodnutí dle zákona č. 250/2016 Sb., o odpovědnosti za přestupky a řízení o nich. Za celé období sledovaného roku."
1022,D1022.4.1,z toho vydaná správní rozhodnutí z moci úřední,Za celé období sledovaného roku.
1022,D1022.4.2,"z toho celkový počet přestupků řešených rozhodnutím, příkazem, příkazem na místě nebo blokovou pokutou",Za celé období sledovaného roku.
1022,D1022.5,Počet provedených kontrol (dozorů) se zápisem,"Zápisem se rozumí jakýkoli záznam o provedené kontrole (mimo správní řízení) a to za celé období sledovaného roku. Jedná se hlavně o kontroly na základě žádostí dle § 30 zákona č. 541/2020 Sb., o odpadech (povolení k upuštění od odděleného soustřeďování odpadů); o kontroly dodržování podmínek závazných stanovisek a vyjádření vydaných dle § 146 odst. 3 zákona č. 541/2020 Sb., o odpadech; o kontroly dle § 146 odst. 1 písm. b) zákona č. 541/2020 Sb., o odpadech v rámci správního obvodu obce s rozšířenou působností; o kontroly dle § 147 písm. a) zákona č. 541/2020 Sb., o odpadech v rámci správního obvodu obce a o kontroly dle zákona č. 542/2020 Sb., o výrobcích s ukončenou životností."
1022,D1022.6,Počet vydaných závazných stanovisek a vyjádření,"""!!NEZAPOČÍTÁVÁME ZDE ZÁVAZNÁ STANOVISKA VYDANÁ V RÁMCI SOUHRNNÝCH NEBO KOORDINOVANÝCH ZÁVAZNÝCH STANOVISEK!!! a to za celé období sledovaného roku. Jedná se zejména o závazné stanovisko podle § 146 odst. 3 písm. a) zákona č. 541/2020 o odpadech (k terénním úpravám a k odstranění stavby) a o vyjádření podle § 146 odst. 3 písm. b) zákona č. 541/2020 o odpadech (ke změně dokončené stavby podléhající ohlašování nebo povolení podle stavebního zákona a o vyjádření podle § 146 odst. 3 písm. c) zákona č. 541/2020 o odpadech, ke zřízení zařízení určeného pro nakládání s odpady a k zavedení nebo rozšíření výroby oxidu titaničitého"""
1022,D1022.6.1,Počet vyjádření/stanovisek vydaných v rámci koordinovaných závazných stanovisek a koordinovaných stanovisek,"K 31.12. sledovaného roku. Započítejte i jednotlivé výroky v rámci jednoho závazného stanoviska. Vyplňte pouze pokud průkazně sledujete. Pokud nesledujete, ponechejte pole prázdné."
1022,D1022.7,Počet zrušených a vrácených rozhodnutí včetně autoremedury,Počet nepotvrzených rozhodnutí odvolacím orgánem – zrušená a vrácená rozhodnutí. Bez rozhodnutí změněných. Včetně autoremedury. Za celé období sledovaného roku.
1022,D1022.11,Počet hlášení evidence odpadů celkem ze zákona o odpadech,"Uveďte údaje za poslední uzavřený rok (například při vyplňování dat za rok 2013 se jedná o údaje posledního uzavřeného roku, tedy roku 2012). Zdroj dat: EVI, ESPI."
1023,D1023.1,Počet zaměstnanců - pracovních úvazků v agendě ochrana ovzduší celkem,"Úvazky pro agendu celkem stanovte k 31.12. sledovaného roku včetně poměrné části pracovních úvazků vedoucích a administrativní síly, které rozpočtěte vzhledem k počtu pracovníků na oddělení nebo odboru. Zpravidla půjde o desetinné číslo. Pokud pracovník vykonává i jinou agendu, započítává se pouze příslušným podílem a součet jeho úvazků v těchto agendách musí být roven jedné! Poměrná část úvazku zaměstnanců se týká vždy konkrétní agendy za kterou, jsou vstupní data vyplňována. Součet úvazků v agendách se tak nemusí rovnat počtu zaměstnanců odboru nebo oddělení pokud tato organizační jednotka zajišťuje další agendy nebo úkoly, které nejsou předmětem porovnávání."
1023,D1023.4,Počet vydaných správních rozhodnutí,"Pouze meritorní rozhodnutí a zastavení řízení (§22, 23 a 25 Zákona č. 201/2012 Sb.). Za celé období sledovaného roku."
1023,D1023.4.1,"Celkový počet přestupků řešených rozhodnutím, příkazem, příkazem na místě nebo blokovou pokutou",Za celé období sledovaného roku.
1023,D1023.5,Počet provedených kontrol (dozorů) se zápisem,Zápisem se rozumí jakýkoli záznam o provedené kontrole včetně zápisu do protokolu jiného správního orgánu (zejména §16 a 17 Zákona č. 201/2012 Sb.). Kontroly s písemným výstupem. Za celé období sledovaného roku.
1023,D1023.6,Počet vydaných závazných stanovisek a vyjádření,!!!NEZAPOČÍTÁVÁME ZDE STANOVISKA A VYJÁDŘENÍ VYDANÁ V RÁMCI SOUHRNNÝCH NEBO KOORDINOVANÝCH ZÁVAZNÝCH STANOVISEK!!! Za celé období sledovaného roku. Zejména §11 odst. 3 a 4 Zákona č. 201/2012 Sb.
1023,D1023.6.1,Počet vyjádření/stanovisek vydaných v rámci koordinovaných závazných stanovisek a koordinovaných stanovisek,"K 31.12. sledovaného roku. Započítejte i jednotlivé výroky v rámci jednoho závazného stanoviska. Vyplňte pouze pokud průkazně sledujete. Pokud nesledujete, ponechejte pole prázdné."
1023,D1023.7,Počet zrušených a vrácených rozhodnutí včetně autoremedury,Počet nepotvrzených rozhodnutí odvolacím orgánem – zrušená a vrácená rozhodnutí. Bez rozhodnutí změněných. Včetně autoremedury. Za celé období sledovaného roku.
1024,D1024.1,Počet zaměstnanců - pracovních úvazků v agendě zemědělský půdní fond celkem,"Úvazky pro agendu celkem stanovte k 31.12. sledovaného roku včetně poměrné části pracovních úvazků vedoucích a administrativní síly, které rozpočtěte vzhledem k počtu pracovníků na oddělení nebo odboru. Zpravidla půjde o desetinné číslo. Pokud pracovník vykonává i jinou agendu, započítává se pouze příslušným podílem a součet jeho úvazků v těchto agendách musí být roven jedné! Poměrná část úvazku zaměstnanců se týká vždy konkrétní agendy za kterou, jsou vstupní data vyplňována. Součet úvazků v agendách se tak nemusí rovnat počtu zaměstnanců odboru nebo oddělení pokud tato organizační jednotka zajišťuje další agendy nebo úkoly, které nejsou předmětem porovnávání."
1024,D1024.2,Počet všech probíhajících komplexních pozemkových úprav v daném roce,Za celé období sledovaného roku.
1024,D1024.3,Počet všech probíhajících revizí v katastru nemovitostí v daném roce,Za celé období sledovaného roku. Počet ohlášených a probíhajících revizí Katastrálního úřadu.
1024,D1024.4,Počet VŠECH vydaných správních rozhodnutí a souhlasů s vynětím ze ZPF,"Za celé období sledovaného roku. U správních rozhodnutí se jedná pouze o meritorní rozhodnutí a zastavení řízení. Souhlasy - POUZE DLE § 9 odst. 8 zákona č. 334/1992 Sb., o ochraně ZPF (ostatní souhlasy uveďte v D24.6)."
1024,D1024.4.1,z toho (z D 24.4) vydaná správní rozhodnutí z moci úřední,Za celé období sledovaného roku.
1024,D1024.4.2,"z toho (z D 24.4) počet vydaných souhlasů s vynětím ze ZPF (podle § 9 odst. 8 zákona č.334/1992 Sb., o ochraně ZPF)",Za celé období sledovaného roku.
1024,D1024.4.2.1,"z toho (z D 24.4.2)počet vydaných souhlasů s vynětím ze ZPF FORMOU ROZHODNUTÍ (podle § 9 odst. 8 zákona č.334/1992 Sb., o ochraně ZPF (§21, odst. 1)",Za celé období sledovaného roku.
1024,D1024.4.3,"z toho (z D 24.4) celkový počet přestupků řešených rozhodnutím, příkazem, příkazem na místě nebo blokovou pokutou",Za celé období sledovaného roku.
1024,D1024.5,Počet provedených kontrol (dozorů) se zápisem,Zápisem se rozumí jakýkoli záznam o provedené kontrole (mimo správní řízení). Za celé období sledovaného roku.
1024,D1024.6,"Počet vydaných závazných stanovisek, vyjádření apod. mimo správní řízení (bez souhlasů s vynětím ze ZPF)","!!!NEZAPOČÍTÁVÁME ZDE STANOVISKA A VYJÁDŘENÍ VYDANÁ V RÁMCI SOUHRNNÝCH NEBO KOORDINOVANÝCH ZÁVAZNÝCH STANOVISEK!!! Za celé období sledovaného roku. Jedná se zejména o: Souhlas ke změně louky nebo pastviny na ornou půdu podle § 2 odst. 2 zákona 334/1992 Sb., o ochraně ZPF; Uložení opatření k nápravě závadného stavu vzniklého porušením povinností uvedených § 3 odst. 1, písm. c) a d) a v § 3 odst. 4 a 6 zákona 334/1992 Sb., o ochraně ZPF; Souhlas podle §3a odst. 1 k použití sedimentů; Stanoviska k regulačním plánům podle § 5 odst. 2 zákona 334/1992 Sb., o ochraně ZPF; Vyjádření k návrhům tras nadzemních a podzemních vedení, pozemních komunikací, vodních cest a jejich součástí podle § 7 odst. 4 zákona 334/1992 Sb., o ochraně ZPF. Za celé období sledovaného roku."
1024,D1024.6.1,Počet vyjádření/stanovisek vydaných v rámci koordinovaných závazných stanovisek a koordinovaných stanovisek,"K 31.12. sledovaného roku. Započítejte i jednotlivé výroky v rámci jednoho závazného stanoviska. Vyplňte pouze pokud průkazně sledujete. Pokud nesledujete, ponechejte pole prázdné."
1024,D1024.7,Počet zrušených a vrácených rozhodnutí včetně autoremedury,Počet nepotvrzených rozhodnutí odvolacím orgánem – zrušená a vrácená rozhodnutí. Bez rozhodnutí změněných. Včetně autoremedury. Za celé období sledovaného roku.
1025,D1025.1,Počet zaměstnanců - pracovních úvazků v agendě ochrana zvířat proti týrání a veterinární péče celkem,"Úvazky pro agendy Ochrana zvířat proti týrání a Veterinární péče stanovte v součtu k 31.12. sledovaného roku včetně poměrné části pracovních úvazků vedoucích a administrativní síly, které rozpočtěte vzhledem k počtu pracovníků na oddělení nebo odboru. Zpravidla půjde o desetinné číslo. Pokud pracovník vykonává i jinou agendu, započítává se pouze příslušným podílem a součet jeho úvazků v těchto agendách musí být roven jedné! Poměrná část úvazku zaměstnanců se týká vždy konkrétní agendy za kterou, jsou vstupní data vyplňována. Součet úvazků v agendách se tak nemusí rovnat počtu zaměstnanců odboru nebo oddělení pokud tato organizační jednotka zajišťuje další agendy nebo úkoly, které nejsou předmětem porovnávání."
1025,D1025.4,Počet vydaných správních rozhodnutí v agendě,Pouze meritorní rozhodnutí a zastavení řízení. Za celé období sledovaného roku.
1025,D1025.4.1,z toho vydaná správní rozhodnutí z moci úřední,Za celé období sledovaného roku.
1025,D1025.4.2,"z toho celkový počet přestupků řešených rozhodnutím, příkazem, příkazem na místě nebo blokovou pokutou",Za celé období sledovaného roku.
1025,D1025.4.3,z toho počet uložených nápravných opatření,Na základě podnětu Krajské veterinární správy. Za celé období sledovaného roku.
1025,D1025.5,Počet provedených kontrol (dozorů) se zápisem v agendě,"Zápisem se rozumí jakýkoli záznam o provedené kontrole (mimo správní řízení). Za celé období sledovaného roku. Jedná se o: Kontroly v součinnosti s Krajskou veterinární správou ve věci projednávání správních deliktů (správní delikty projednává v prvním stupni úřad obce s rozšířenou působností a to podle § 27 odst. 1 písm. j) a § 27a odst. 1 písm. g) zákona č. 246/1992 Sb., na ochranu zvířat proti týrání); Kontroly volného pohybu psů na veřejném prostranství upraveného obecně závaznou vyhláškou města."
1025,D1025.6,"Počet vydaných stanovisek, vyjádření apod. mimo správní řízení v agendě",Za celé období sledovaného roku. Jedná se zejména o vyrozumění zasílaná příslušné krajské veterinární správě dle ust. §24a odst. 2 zák. č. 246/1992 Sb. na ochranu zvířat proti týrání.
1025,D1025.7,Počet zrušených a vrácených rozhodnutí včetně autoremedury v agendě Ochrana zvířat ... + Veterinární péče,Počet nepotvrzených rozhodnutí odvolacím orgánem – zrušená a vrácená rozhodnutí. Bez rozhodnutí změněných. Včetně autoremedury. Za celé období sledovaného roku.
1026,D1026.1,Počet zaměstnanců - pracovních úvazků v agendě ochrana přírody a krajiny celkem,"Úvazky pro agendu celkem stanovte k 31.12. sledovaného roku včetně poměrné části pracovních úvazků vedoucích a administrativní síly, které rozpočtěte vzhledem k počtu pracovníků na oddělení nebo odboru. Zpravidla půjde o desetinné číslo. Pokud pracovník vykonává i jinou agendu, započítává se pouze příslušným podílem a součet jeho úvazků v těchto agendách musí být roven jedné! Poměrná část úvazku zaměstnanců se týká vždy konkrétní agendy za kterou, jsou vstupní data vyplňována. Součet úvazků v agendách se tak nemusí rovnat počtu zaměstnanců odboru nebo oddělení pokud tato organizační jednotka zajišťuje další agendy nebo úkoly, které nejsou předmětem porovnávání."
1026,D1026.4,Počet vydaných správních rozhodnutí,Pouze meritorní rozhodnutí a zastavení řízení. Za celé období sledovaného roku.
1026,D1026.4.1,z toho vydaná správní rozhodnutí z moci úřední,Za celé období sledovaného roku.
1026,D1026.4.2,"z toho celkový počet přestupků řešených rozhodnutím, příkazem, příkazem na místě nebo blokovou pokutou",Za celé období sledovaného roku.
1026,D1026.5,Počet oznámení o kácení dřevin,"Dle §8 odst. 2 a 4 zákona č. 114/1992 Sb., o ochraně přírody a krajiny. Za celé období sledovaného roku"
1026,D1026.6,"Počet vydaných závazných stanovisek, vyjádření apod. mimo správní řízení","!!!NEZAPOČÍTÁVÁME ZDE STANOVISKA A VYJÁDŘENÍ VYDANÁ V RÁMCI SOUHRNNÝCH NEBO KOORDINOVANÝCH ZÁVAZNÝCH STANOVISEK!!! Za celé období sledovaného roku. Jedná se zejména o: Závazná stanoviska k zásahu do VKP podle § 4 odst.2 zákona č. 114/1992 Sb., o ochraně přírody a krajiny (pokud není vydáváno vlastním rozhodnutím); Závazná stanoviska k lesním hospodářským plánům, lesním hospodářským osnovám, k odlesňování a zalesňování pozemků nad 0,5 ha a k výstavbě lesních cest, svážnic a lesních melioračních systémů podle § 4 odst.3 zákona č. 114/1992 Sb., o ochraně přírody a krajiny (pokud není vydáváno vlastním rozhodnutím); Souhlasy k umisťování a povolování staveb a jiným činnostem, které by mohly snížit nebo změnit krajinný ráz podle § 12 odst.2 zákona č. 114/1992 Sb., o ochraně přírody a krajiny(pokud není vydáváno vlastním rozhodnutím); Vymezení systému ekologické stability podle § 4 odst.1 zákona č. 114/1992 Sb., o ochraně přírody a krajiny; Povolení k rozšíření nepůvodního druhu rostlin či živočicha do krajiny podle § 5 odst.4 zákona č. 114/1992 Sb., o ochraně přírody a krajiny; Souhlasy k ošetřování památných stromů podle § 46 odst.2 zákona č. 114/1992 Sb., o ochraně přírody a krajiny; Dohody k provádění péče o pozemky z důvodu ochrany přírody podle § 68 odst. 2; Sdělení ke kácení dle §8 (není vydáváno rozhodnutí) zákona č. 114/1992 Sb., o ochraně přírody a krajiny."
1026,D1026.6.1,Počet vyjádření/stanovisek vydaných v rámci koordinovaných závazných stanovisek a koordinovaných stanovisek,"K 31.12. sledovaného roku. Započítejte i jednotlivé výroky v rámci jednoho závazného stanoviska. Vyplňte pouze pokud průkazně sledujete. Pokud nesledujete, ponechejte pole prázdné."
1026,D1026.7,Počet zrušených a vrácených rozhodnutí včetně autoremedury,Počet nepotvrzených rozhodnutí odvolacím orgánem – zrušená a vrácená rozhodnutí. Bez rozhodnutí změněných. Včetně autoremedury. Za celé období sledovaného roku.
1026,D1026.50,"Počet provedených kontrol (dozorů) se zápisem (podle § 85 zákona č. 114/1992 Sb., o ochraně přírody a krajiny)","Provedené kontroly dle Zákona o státní kontrole a kontroly (šetření) s písemným výstupem (výzva, protokol, další řízení). Za celé období sledovaného roku."
1027,D1027.1,Počet zaměstnanců - pracovních úvazků v agendě myslivost celkem,"Úvazky pro agendu celkem stanovte k 31.12. sledovaného roku včetně poměrné části pracovních úvazků vedoucích a administrativní síly, které rozpočtěte vzhledem k počtu pracovníků na oddělení nebo odboru. Zpravidla půjde o desetinné číslo. Pokud pracovník vykonává i jinou agendu, započítává se pouze příslušným podílem a součet jeho úvazků v těchto agendách musí být roven jedné! Poměrná část úvazku zaměstnanců se týká vždy konkrétní agendy za kterou, jsou vstupní data vyplňována. Součet úvazků v agendách se tak nemusí rovnat počtu zaměstnanců odboru nebo oddělení pokud tato organizační jednotka zajišťuje další agendy nebo úkoly, které nejsou předmětem porovnávání."
1027,D1027.2,Počet vydaných správních rozhodnutí,Pouze meritorní rozhodnutí a zastavení řízení. Za celé období sledovaného roku.
1027,D1027.2.1,"z toho celkový počet přestupků řešených rozhodnutím, příkazem, příkazem na místě nebo blokovou pokutou",Za celé období sledovaného roku.
1027,D1027.5,Počet provedených kontrol (dozorů) se zápisem,"Zápisem se rozumí jakýkoli záznam o provedené kontrole (mimo správní řízení). Za celé období sledovaného roku. Jedná se o: Kontrolu – dozor nad dodržování zákona, předpisů vydaných k jeho provedení a rozhodnutí vydaných na jejich základě podle § 61 odst.2 zákona č.449/2001 Sb., o myslivosti a zda uživatelé honiteb myslivecky hospodaří v souladu s tímto zákonem, provádějí ochranu myslivosti a dodržují zásady chovu zvěře."
1027,D1027.6,"Počet vydaných závazných stanovisek, vyjádření apod. mimo správní řízení vč. vydaných loveckých lístků","Za celé období sledovaného roku. Kromě loveckých lístků se zejména jedná o: Registrace honebního společenstva podle § 20 odst.2 zákona č.449/2001 Sb., o myslivosti; Zániky honebního společenstva podle § 25 odst.4 zákona č.449/2001 Sb., o myslivosti; Vyjádření k odlovu nenormované zvěře dle §36, odst. 5 zákona č.449/2001 Sb., o myslivosti, ustanovení a zrušení myslivecké stráže; posouzení spolehlivosti pro PČR..."
1027,D1027.6.1,z toho počet vydaných loveckých lístků,Za celé období sledovaného roku. Sledováno od roku 2009.
1027,D1027.7,Počet zrušených a vrácených rozhodnutí včetně autoremedury,Počet nepotvrzených rozhodnutí odvolacím orgánem – zrušená a vrácená rozhodnutí. Bez rozhodnutí změněných. Včetně autoremedury. Za celé období sledovaného roku.
1027,D1027.11,Počet honiteb ve správním obvodu,Za celé období sledovaného roku.
1028,D1028.1,Počet zaměstnanců - pracovních úvazků v agendě rybářství celkem,"Úvazky pro agendu celkem stanovte k 31.12. sledovaného roku včetně poměrné části pracovních úvazků vedoucích a administrativní síly, které rozpočtěte vzhledem k počtu pracovníků na oddělení nebo odboru. Zpravidla půjde o desetinné číslo. Pokud pracovník vykonává i jinou agendu, započítává se pouze příslušným podílem a součet jeho úvazků v těchto agendách musí být roven jedné! Poměrná část úvazku zaměstnanců se týká vždy konkrétní agendy za kterou, jsou vstupní data vyplňována. Součet úvazků v agendách se tak nemusí rovnat počtu zaměstnanců odboru nebo oddělení pokud tato organizační jednotka zajišťuje další agendy nebo úkoly, které nejsou předmětem porovnávání."
1028,D1028.4,Počet vydaných správních rozhodnutí,"Pouze meritorní rozhodnutí a zastavení řízení. Za celé období sledovaného roku. Bez rybářských lístků (Vydání rybářského lístku, byť se jedná o správní rozhodnutí, představuje jednoduchý administrativní úkon. Z toho důvodu vydané rybářské lístky, prosím, započtěte do pole 28.6.)."
1028,D1028.4.1,z toho vydaná správní rozhodnutí z moci úřední,Za celé období sledovaného roku.
1028,D1028.4.2,"z toho celkový počet přestupků řešených rozhodnutím, příkazem, příkazem na místě nebo blokovou pokutou",Za celé období sledovaného roku.
1028,D1028.6,"Počet vydaných stanovisek, vyjádření apod. mimo správní řízení vč. rybářských lístků",Za celé období sledovaného roku. Kromě rybářských lístků se zejména jedná o: ustavování a rušení rybářské stráže podle § 20 odst.1 zákona č. 99/2004 Sb. o rybářství.
1028,D1028.7,Počet zrušených a vrácených rozhodnutí včetně autoremedury,Počet nepotvrzených rozhodnutí odvolacím orgánem – zrušená a vrácená rozhodnutí. Bez rozhodnutí změněných. Včetně autoremedury. Za celé období sledovaného roku.
1030,D1030.1,Počet souhrnných vyjádření/stanovisek za odbor životního prostředí celkem a koordinovaných stanovisek vydaných za úřad,"Souhrnná vyjádření/stanoviska k záměru stavby pro zpracování PD, ÚPD, EIA a IPPC za Souhrnná vyjádření/stanoviska k záměru stavby pro zpracování PD, ÚPD, EIA a IPPC za oblast životního prostředí a zemědělství (týká se všech agend sledovaných v rámci BI2005, ZAPOČÍTÁVÁ SE 1X ZA VŠECHNY AGENDY ŽP). K 31.12. sledovaného období."
1030,D1030.2,Úvazek koordinátora souhrných a koordinovaných stanovisek za úřad pokud je zařazen na odboru životního prostředí,"Je-li koordinátor za úřad celkem zařazen na jiném odboru, vyplňte nulu. K 31.12. sledovaného období."
1037,D1037.1,Poplatek ze psů - počet evidovaných poplatníků,"K 31.12. sledovaného roku. V případě, že tento poplatek obec nevybírá, vyplňte prosím do příslušných řádků NULY."
1037,D1037.2,Poplatek ze psů - roční předpis včetně nedoplatků z minulých let,Předpis k 31.12. sledovaného roku. Včetně nedoplatků z minulých let v tis. Kč.
1037,D1037.2.1,Poplatek ze psů - čistý roční předpis BEZ nedoplatků z minulých let,Čistý roční předpis BEZ nedoplatků z minulých let v tis. Kč.
1037,D1037.3,Poplatek ze psů - roční plnění,Vybráno k 31.12. sledovaného roku. Včetně uhrazených nedoplatků z minulých let v tis. Kč.
1037,D1037.5,Poplatek ze psů - % dlužníků z celkového počtu evidovaných poplatníků,"K 31.12. sledovaného roku. I když u dlužníka evidujeme více pohledávek, započítáme pouze jednou."
1037,D1037.6,Poplatek ze psů - počet zaměstnanců zajišťujících agendu - pracovních úvazků,"Úvazky pro agendu celkem stanovte k 31.12. sledovaného roku včetně poměrné části pracovních úvazků vedoucích a administrativní síly, které rozpočtěte vzhledem k počtu pracovníků na oddělení nebo odboru. Zpravidla půjde o desetinné číslo. Pokud pracovník vykonává i jinou agendu, započítává se pouze příslušným podílem a součet jeho úvazků v těchto agendách musí být roven jedné! Poměrná část úvazku zaměstnanců se týká vždy konkrétní agendy za kterou, jsou vstupní data vyplňována. Součet úvazků v agendách se tak nemusí rovnat počtu zaměstnanců odboru nebo oddělení pokud tato organizační jednotka zajišťuje další agendy nebo úkoly, které nejsou předmětem porovnávání."
1037,D1037.7,Poplatek za lázeňský pobyt - počet evidovaných plátců (od roku 2020 zrušen - změna zákona),"K 31.12. sledovaného roku. V případě, že tento poplatek obec nevybírá, vyplňte prosím do příslušných řádků NULY. V roce 2011 definice upřesněna na počet evidovaných plátců (nikoli poplatníků)."
1037,D1037.8,Poplatek za lázeňský pobyt - roční předpis včetně nedoplatků z minulých let (od roku 2020 zrušen - změna zákona),Předpis k 31.12. sledovaného roku. Včetně nedoplatků z minulých let v tis. Kč.
1037,D1037.8.1,Poplatek za lázeňský pobyt - čistý roční předpis BEZ nedoplatků z minulých let (od roku 2020 zrušen - změna zákona),Čistý roční předpis BEZ nedoplatků z minulých let v tis. Kč.
1037,D1037.9,Poplatek za lázeňský pobyt - roční plnění,Vybráno k 31.12. sledovaného roku. Včetně uhrazených nedoplatků z minulých let v tis. Kč.
1037,D1037.11,Poplatek za lázeňský pobyt - % dlužníků z celkového počtu evidovaných poplatníků (od roku 2020 zrušen - změna zákona),"K 31.12. sledovaného roku. I když u dlužníka evidujeme více pohledávek, započítáme pouze jednou."
1037,D1037.12,Poplatek za lázeňský pobyt - počet zaměstnanců zajišťujících agendu - pracovních úvazků (od roku 2020 zrušen - změna zákona),"Úvazky pro agendu celkem stanovte k 31.12. sledovaného roku včetně poměrné části pracovních úvazků vedoucích a administrativní síly, které rozpočtěte vzhledem k počtu pracovníků na oddělení nebo odboru. Zpravidla půjde o desetinné číslo. Pokud pracovník vykonává i jinou agendu, započítává se pouze příslušným podílem a součet jeho úvazků v těchto agendách musí být roven jedné! Poměrná část úvazku zaměstnanců se týká vždy konkrétní agendy za kterou, jsou vstupní data vyplňována. Součet úvazků v agendách se tak nemusí rovnat počtu zaměstnanců odboru nebo oddělení pokud tato organizační jednotka zajišťuje další agendy nebo úkoly, které nejsou předmětem porovnávání."
1037,D1037.13,Poplatek za užívání veřejného prostranství - počet evidovaných poplatníků,"K 31.12. sledovaného roku. V případě, že tento poplatek obec nevybírá, vyplňte prosím do příslušných řádků NULY."
1037,D1037.14,Poplatek za užívání veřejného prostranství - roční předpis včetně nedoplatků z minulých let,Předpis k 31.12. sledovaného roku. Včetně nedoplatků z minulých let v tis. Kč.
1037,D1037.14.1,Poplatek za užívání veřejného prostranství - čistý roční předpis BEZ nedoplatků z minulých let,Čistý roční předpis BEZ nedoplatků z minulých let v tis. Kč.
1037,D1037.15,Poplatek za užívání veřejného prostranství - roční plnění,Vybráno k 31.12. sledovaného roku. Včetně uhrazených nedoplatků z minulých let v tis. Kč.
1037,D1037.16,Poplatek za užívání veřejného prostranství - saldo pohledávek OD ROKU 2006 NESLEDOVÁNO,V tis. Kč. Objem pohledávek k 1.1. sledovaného roku mínus objem pohledávek k 31.12. sledovaného roku.
1037,D1037.17,Poplatek za užívání veřejného prostranství - % dlužníků z celkového počtu evidovaných poplatníků,"K 31.12. sledovaného roku. I když u dlužníka evidujeme více pohledávek, započítáme pouze jednou."
1037,D1037.18,Poplatek za užívání veřejného prostranství - počet zaměstnanců zajišťujících agendu - pracovních úvazků,"Úvazky pro agendu celkem stanovte k 31.12. sledovaného roku včetně poměrné části pracovních úvazků vedoucích a administrativní síly, které rozpočtěte vzhledem k počtu pracovníků na oddělení nebo odboru. Zpravidla půjde o desetinné číslo. Pokud pracovník vykonává i jinou agendu, započítává se pouze příslušným podílem a součet jeho úvazků v těchto agendách musí být roven jedné! Poměrná část úvazku zaměstnanců se týká vždy konkrétní agendy za kterou, jsou vstupní data vyplňována. Součet úvazků v agendách se tak nemusí rovnat počtu zaměstnanců odboru nebo oddělení pokud tato organizační jednotka zajišťuje další agendy nebo úkoly, které nejsou předmětem porovnávání."
1037,D1037.19,Poplatek ze vstupného - počet evidovaných poplatníků,"K 31.12. sledovaného roku. V případě, že tento poplatek obec nevybírá, vyplňte prosím do příslušných řádků NULY."
1037,D1037.20,Poplatek ze vstupného - roční předpis včetně nedoplatků z minulých let,Předpis k 31.12. sledovaného roku. Včetně nedoplatků z minulých let v tis. Kč.
1037,D1037.20.1,Poplatek ze vstupného - čistý roční předpis BEZ nedoplatků z minulých let,Čistý roční předpis BEZ nedoplatků z minulých let v tis. Kč.
1037,D1037.21,Poplatek ze vstupného - roční plnění,Vybráno k 31.12. sledovaného roku. Včetně uhrazených nedoplatků z minulých let v tis. Kč.
1037,D1037.23,Poplatek ze vstupného - % dlužníků z celkového počtu evidovaných poplatníků,"K 31.12. sledovaného roku. I když u dlužníka evidujeme více pohledávek, započítáme pouze jednou."
1037,D1037.24,Poplatek ze vstupného - počet zaměstnanců zajišťujících agendu - pracovních úvazků,"Úvazky pro agendu celkem stanovte k 31.12. sledovaného roku včetně poměrné části pracovních úvazků vedoucích a administrativní síly, které rozpočtěte vzhledem k počtu pracovníků na oddělení nebo odboru. Zpravidla půjde o desetinné číslo. Pokud pracovník vykonává i jinou agendu, započítává se pouze příslušným podílem a součet jeho úvazků v těchto agendách musí být roven jedné! Poměrná část úvazku zaměstnanců se týká vždy konkrétní agendy za kterou, jsou vstupní data vyplňována. Součet úvazků v agendách se tak nemusí rovnat počtu zaměstnanců odboru nebo oddělení pokud tato organizační jednotka zajišťuje další agendy nebo úkoly, které nejsou předmětem porovnávání."
1037,D1037.25,Poplatek z ubytovací kapacity - počet evidovaných poplatníků (od roku 2020 zrušen - změna zákona),"K 31.12. sledovaného roku. V případě, že tento poplatek obec nevybírá, vyplňte prosím do příslušných řádků NULY."
1037,D1037.27,Poplatek z ubytovací kapacity - roční plnění (od roku 2020 zrušen - změna zákona),Vybráno k 31.12. sledovaného roku. Včetně uhrazených nedoplatků z minulých let v tis. Kč.
1037,D1037.29,Poplatek z ubytovací kapacity - % dlužníků z celkového počtu evidovaných poplatníků (od roku 2020 zrušen - změna zákona),"K 31.12. sledovaného roku. I když u dlužníka evidujeme více pohledávek, započítáme pouze jednou."
1037,D1037.30,Poplatek z ubytovací kapacity - počet zaměstnanců zajišťujících agendu - pracovních úvazků (od roku 2020 zrušen - změna zákona),"Úvazky pro agendu celkem stanovte k 31.12. sledovaného roku včetně poměrné části pracovních úvazků vedoucích a administrativní síly, které rozpočtěte vzhledem k počtu pracovníků na oddělení nebo odboru. Zpravidla půjde o desetinné číslo. Pokud pracovník vykonává i jinou agendu, započítává se pouze příslušným podílem a součet jeho úvazků v těchto agendách musí být roven jedné! Poměrná část úvazku zaměstnanců se týká vždy konkrétní agendy za kterou, jsou vstupní data vyplňována. Součet úvazků v agendách se tak nemusí rovnat počtu zaměstnanců odboru nebo oddělení pokud tato organizační jednotka zajišťuje další agendy nebo úkoly, které nejsou předmětem porovnávání."
1037,D1037.31,Poplatek za povolení vjezdu - počet evidovaných poplatníků,"K 31.12. sledovaného roku. V případě, že tento poplatek obec nevybírá, vyplňte prosím do příslušných řádků NULY."
1037,D1037.32,Poplatek za povolení vjezdu - roční předpis včetně nedoplatků z minulých let,Předpis k 31.12. sledovaného roku. Včetně nedoplatků z minulých let v tis. Kč.
1037,D1037.32.1,Poplatek za povolení vjezdu - čistý roční předpis BEZ nedoplatků z minulých let,Čistý roční předpis BEZ nedoplatků z minulých let v tis. Kč.
1037,D1037.33,Poplatek za povolení vjezdu - roční plnění,Vybráno k 31.12. sledovaného roku. Včetně uhrazených nedoplatků z minulých let v tis. Kč.
1037,D1037.34,Poplatek za povolení vjezdu - saldo pohledávek OD ROKU 2006 NESLEDOVÁNO,V tis. Kč. Objem pohledávek k 1.1. sledovaného roku mínus objem pohledávek k 31.12. sledovaného roku.
1037,D1037.35,Poplatek za povolení vjezdu - % dlužníků z celkového počtu evidovaných poplatníků,"K 31.12. sledovaného roku. I když u dlužníka evidujeme více pohledávek, započítáme pouze jednou."
1037,D1037.36,Poplatek za povolení vjezdu - počet zaměstnanců zajišťujících agendu - pracovních úvazků,"Úvazky pro agendu celkem stanovte k 31.12. sledovaného roku včetně poměrné části pracovních úvazků vedoucích a administrativní síly, které rozpočtěte vzhledem k počtu pracovníků na oddělení nebo odboru. Zpravidla půjde o desetinné číslo. Pokud pracovník vykonává i jinou agendu, započítává se pouze příslušným podílem a součet jeho úvazků v těchto agendách musí být roven jedné! Poměrná část úvazku zaměstnanců se týká vždy konkrétní agendy za kterou, jsou vstupní data vyplňována. Součet úvazků v agendách se tak nemusí rovnat počtu zaměstnanců odboru nebo oddělení pokud tato organizační jednotka zajišťuje další agendy nebo úkoly, které nejsou předmětem porovnávání."
1037,D1037.37,Poplatek za provozovaný nebo povolený VHP nebo JTHZ - počet evidovaných poplatníků,"K 31.12. sledovaného roku. JTHZ - jiná technická herní zařízení povolená MF ČR. V případě, že tento poplatek obec nevybírá, vyplňte prosím do příslušných řádků NULY."
1037,D1037.38,Poplatek za provozovaný nebo povolený VHP nebo JTHZ - roční předpis,Předpis k 31.12. sledovaného roku. Včetně nedoplatků z minulých let v tis. Kč. JTHZ - jiná technická herní zařízení povolená MF ČR.
1037,D1037.39,Poplatek za provozovaný nebo povolený VHP nebo JTHZ - roční plnění,Vybráno k 31.12. sledovaného roku. Včetně uhrazených nedoplatků z minulých let v tis. Kč. JTHZ - jiná technická herní zařízení povolená MF ČR.
1037,D1037.42,Poplatek za provozovaný nebo povolený VHP nebo JTHZ - počet zaměstnanců zajišťujících agendu - pracovních úvazků,"JTHZ - jiná technická herní zařízení povolená MF ČR. Úvazky pro agendu celkem stanovte k 31.12. sledovaného roku včetně poměrné části pracovních úvazků vedoucích a administrativní síly, které rozpočtěte vzhledem k počtu pracovníků na oddělení nebo odboru. Zpravidla půjde o desetinné číslo. Pokud pracovník vykonává i jinou agendu, započítává se pouze příslušným podílem a součet jeho úvazků v těchto agendách musí být roven jedné! Poměrná část úvazku zaměstnanců se týká vždy konkrétní agendy za kterou, jsou vstupní data vyplňována. Součet úvazků v agendách se tak nemusí rovnat počtu zaměstnanců odboru nebo oddělení pokud tato organizační jednotka zajišťuje další agendy nebo úkoly, které nejsou předmětem porovnávání."
1037,D1037.43,Poplatek za komunální odpad - počet evidovaných poplatníků,"K 31.12. sledovaného roku. V případě, že tento poplatek obec nevybírá, vyplňte prosím do příslušných řádků NULY."
1037,D1037.44,Poplatek za komunální odpad - roční předpis včetně nedoplatků z minulých let,Předpis k 31.12. sledovaného roku. Včetně nedoplatků z minulých let v tis. Kč.
1037,D1037.44.1,Poplatek za komunální odpad - čistý roční předpis BEZ nedoplatků z minulých let,Čistý roční předpis BEZ nedoplatků z minulých let v tis. Kč.
1037,D1037.45,Poplatek za komunální odpad - roční plnění,Vybráno k 31.12. sledovaného roku. Včetně uhrazených nedoplatků z minulých let v tis. Kč.
1037,D1037.47,Poplatek za komunální odpad - % dlužníků z celkového počtu evidovaných poplatníků,"K 31.12. sledovaného roku. I když u dlužníka evidujeme více pohledávek, započítáme pouze jednou."
1037,D1037.48,Poplatek za komunální odpad - počet zaměstnanců zajišťujících agendu - pracovních úvazků,"Úvazky pro agendu celkem stanovte k 31.12. sledovaného roku včetně poměrné části pracovních úvazků vedoucích a administrativní síly, které rozpočtěte vzhledem k počtu pracovníků na oddělení nebo odboru. Zpravidla půjde o desetinné číslo. Pokud pracovník vykonává i jinou agendu, započítává se pouze příslušným podílem a součet jeho úvazků v těchto agendách musí být roven jedné! Poměrná část úvazku zaměstnanců se týká vždy konkrétní agendy za kterou, jsou vstupní data vyplňována. Součet úvazků v agendách se tak nemusí rovnat počtu zaměstnanců odboru nebo oddělení pokud tato organizační jednotka zajišťuje další agendy nebo úkoly, které nejsou předmětem porovnávání."
1037,D1037.49,Poplatek za zhodnocení pozemku - počet evidovaných poplatníků,"K 31.12. sledovaného roku. V případě, že tento poplatek obec nevybírá, vyplňte prosím do příslušných řádků NULY."
1037,D1037.50,Poplatek za zhodnocení pozemku - roční předpis včetně nedoplatků z minulých let,Předpis k 31.12. sledovaného roku. Včetně nedoplatků z minulých let v tis. Kč.
1037,D1037.50.1,Poplatek za zhodnocení pozemku - čistý roční předpis BEZ nedoplatků z minulých let,Čistý roční předpis BEZ nedoplatků z minulých let v tis. Kč.
1037,D1037.51,Poplatek za zhodnocení pozemku - roční plnění,Vybráno k 31.12. sledovaného roku. Včetně uhrazených nedoplatků z minulých let v tis. Kč.
1037,D1037.53,Poplatek za zhodnocení pozemku - % dlužníků z celkového počtu evidovaných poplatníků,"K 31.12. sledovaného roku. I když u dlužníka evidujeme více pohledávek, započítáme pouze jednou."
1037,D1037.54,Poplatek za zhodnocení pozemku - počet zaměstnanců zajišťujících agendu - pracovních úvazků,"Úvazky pro agendu celkem stanovte k 31.12. sledovaného roku včetně poměrné části pracovních úvazků vedoucích a administrativní síly, které rozpočtěte vzhledem k počtu pracovníků na oddělení nebo odboru. Zpravidla půjde o desetinné číslo. Pokud pracovník vykonává i jinou agendu, započítává se pouze příslušným podílem a součet jeho úvazků v těchto agendách musí být roven jedné! Poměrná část úvazku zaměstnanců se týká vždy konkrétní agendy za kterou, jsou vstupní data vyplňována. Součet úvazků v agendách se tak nemusí rovnat počtu zaměstnanců odboru nebo oddělení pokud tato organizační jednotka zajišťuje další agendy nebo úkoly, které nejsou předmětem porovnávání."
1041,D1041.0,"Příjmy ze sankčních plateb, správních poplatků a veřejnosprávních smluv celkem v tis. Kč","Celkové příjmy ze správních poplatků, sankčních plateb a veřejnoprávních smluv /i z agend, které BI nesleduje/.
Vzorec: D1041.1.1+D1041.1.2+D1041.1.3"
1041,D1041.1.1,Příjmy ze správních poplatků (vč. poplatků za zkoušky řidičké oprávnění) celkem v tis. Kč,"Položka 1361
Vzorec: (D360.1361+D360.1353)/1000"
1041,D1041.1.2,Příjmy ze sankčních plateb celkem v tis. Kč,"Sankční platby = položky 2211 + 2212 (napříč všemi paragrafy) + část položky 2324 (napříč všemi paragrafy) POUZE náklady řízení, pokud je jejich úhrada uložena samostatně"
1041,D1041.1.3,Příjmy z veřejnoprávních smluv na zajištění výkonu přenesené správy v tis. Kč,Část příjmů z položky 4121 (neinvestiční přijaté transfery od obcí) - POUZE ČÁST TÝKAJÍCÍ SE PŘÍJMŮ Z UZAVŘENÝCH VPS na zajištění výkonu přenesené správy (dle zvyklosti obce sledováno odděleně buď organizací nebo vlastním ÚZ)
1041,D1041.1.4,"Příjmy ze sankčních plateb, správních poplatků a veřejnosprávních smluv POUZE AGENDY SLEDOVANÉ V BI v tis. Kč","Příjmy ze správních poplatků, sankčních plateb a veřejnoprávních smluv ne zajištění výkonu přenesené správy (za agendy sledované v BI)
Vzorec: D1041.1.4.1+D1041.1.4.2+D1041.1.4.3"
1041,D1041.1.4.1,Příjmy ze správních poplatků (agendy BI) v tis. Kč,"Součet příjmů ze správních poplatků (agendy sledované v BI)
Vzorec: D1041.2.1+D1041.3.1+D1041.3.1.1+D1041.4.1+D1041.5.1+D1041.7.1+D1041.8.1+D1041.9.1+D1041.10.1+D1041.11.1+D1041.12.1+D1041.13.1+D1041.14.1+D1041.15.1+D1041.16.1+D1041.17.1+D1041.18.1+D1041.19.1+D1041.20.1+D1041.29.1+D1041.33.1+D1041.36.1+D1041.37.1+D1041.40.1+D1041.60.1+D1041.9.4"
1041,D1041.1.4.2,Příjmy ze sankčních plateb (agendy BI) v tis. Kč,"Součet příjmů ze sankčních plateb (agendy sledované v BI)
Vzorec: D1041.2.2+D1041.3.2+D1041.4.2+D1041.5.2+D1041.7.2+D1041.8.2+D1041.9.2+D1041.10.2+D1041.11.2+D1041.12.2+D1041.13.2+D1041.14.2+D1041.15.2+D1041.16.2+D1041.17.2+D1041.18.2+D1041.19.2+D1041.20.2+D1041.29.2+D1041.33.2+D1041.37.2+D1041.40.2+D1041.60.2"
1041,D1041.1.4.3,Příjmy ze uzavřených veřejnoprávních smluv na zajištění výkonu přenesené správy (agendy BI) v tis. Kč,"Součet příjmů z VPS (agendy sledované v BI)
Vzorec: D1041.2.3+D1041.3.3+D1041.4.3+D1041.5.3+D1041.7.3+D1041.8.3+D1041.9.3+D1041.10.3+D1041.11.3+D1041.12.3+D1041.13.3+D1041.14.3+D1041.15.3+D1041.16.3+D1041.17.3+D1041.18.3+D1041.19.3+D1041.20.3+D1041.29.3+D1041.33.3+D1041.37.3+D1041.40.3"
1041,D1041.2.1,Příjmy ze správních poplatků na úseku evidence obyvatel,"Část příjmů z položky 1361 týkající se evidence obyvatel (dle zvyklosti obce sledováno odděleně buď organizací, nebo vlastním ÚZ). Údaje vyplňujte v tis. Kč."
1041,D1041.2.2,Příjmy ze sankčních plateb na úseku evidence obyvatel,"Část příjmů z položky 2212 (+2211) týkající se evidence obyvatel (dle zvyklosti obce sledováno odděleně buď organizací, nebo vlastním ÚZ) + část položky 2324 POUZE náklady řízení v dané agendě, pokud je jejich úhrada uložena samostatně. Údaje vyplňujte v tis. Kč."
1041,D1041.2.3,Příjmy z uzavřených veřejnoprávních smluv na úseku evidence obyvatel,"Část příjmů z položky 4121 týkající se evidence obyvatel (dle zvyklosti obce sledováno odděleně buď organizací, nebo vlastním ÚZ). Údaje vyplňujte v tis. Kč."
1041,D1041.3.1,Příjmy ze správních poplatků na úseku matriky,"Část příjmů z položky 1361 týkající se matričních úkonů (dle zvyklosti obce sledováno odděleně buď organizací, nebo vlastním ÚZ). Údaje vyplňujte v tis. Kč."
1041,D1041.3.1.1,Příjmy ze správních poplatků - vidimace a legalizace,Příjmy ze správních poplatků za ověřování podpisů a listin. Údaje vyplňujte v tis. Kč.
1041,D1041.3.2,Příjmy ze sankčních plateb na úseku matriky,"Část příjmů z položky 2212 (+2211) týkající se matričních úkonů (dle zvyklosti obce sledováno odděleně buď organizací, nebo vlastním ÚZ) + část položky 2324 POUZE náklady řízení v dané agendě, pokud je jejich úhrada uložena samostatně. Údaje vyplňujte v tis. Kč."
1041,D1041.4.1,Příjmy ze správních poplatků na úseku občanských průkazů,"Část příjmů z položky 1361 týkající se občanských průkazů (dle zvyklosti obce sledováno odděleně buď organizací, nebo vlastním ÚZ). Údaje vyplňujte v tis. Kč."
1041,D1041.4.2,Příjmy ze sankčních plateb na úseku občanských průkazů,"Část příjmů z položky 2212 (+2211) týkající se občanských průkazů (dle zvyklosti obce sledováno odděleně buď organizací, nebo vlastním ÚZ) + část položky 2324 POUZE náklady řízení v dané agendě, pokud je jejich úhrada uložena samostatně. Údaje vyplňujte v tis. Kč."
1041,D1041.5.1,Příjmy ze správních poplatků na úseku cestovních dokladů,"Část příjmů z položky 1361 týkající se cestovních dokladů (dle zvyklosti obce sledováno odděleně buď organizací, nebo vlastním ÚZ). Údaje vyplňujte v tis. Kč."
1041,D1041.5.2,Příjmy ze sankčních plateb na úseku cestovních dokladů,"Část příjmů z položky 2212 (+2211) týkající se cestovních dokladů (dle zvyklosti obce sledováno odděleně buď organizací, nebo vlastním ÚZ) + část položky 2324 POUZE náklady řízení v dané agendě, pokud je jejich úhrada uložena samostatně. Údaje vyplňujte v tis. Kč."
1041,D1041.7.1,Příjmy ze správních poplatků na úseku registru řidičů,"Část příjmů z položky 1361 týkající se registru řidičů (dle zvyklosti obce sledováno odděleně buď organizací, nebo vlastním ÚZ). Údaje vyplňujte v tis. Kč."
1041,D1041.7.2,Příjmy ze sankčních plateb na úseku registru řidičů,"Část příjmů z položky 2212 (+2211) týkající se registru řidičů (dle zvyklosti obce sledováno odděleně buď organizací, nebo vlastním ÚZ) + část položky 2324 POUZE náklady řízení v dané agendě, pokud je jejich úhrada uložena samostatně. Údaje vyplňujte v tis. Kč."
1041,D1041.8.1,Příjmy ze správních poplatků na úseku registru vozidel,"Část příjmů z položky 1361 týkající se registru vozidel (dle zvyklosti obce sledováno odděleně buď organizací, nebo vlastním ÚZ). Údaje vyplňujte v tis. Kč."
1041,D1041.8.2,Příjmy ze sankčních plateb na úseku registru vozidel,"Část příjmů z položky 2212 (+2211) týkající se registru vozidel (dle zvyklosti obce sledováno odděleně buď organizací, nebo vlastním ÚZ) + část položky 2324 POUZE náklady řízení v dané agendě, pokud je jejich úhrada uložena samostatně. Údaje vyplňujte v tis. Kč."
1041,D1041.9.1,Příjmy ze správních poplatků na úseku zkušebních komisařů,"Část příjmů z položky 1361 týkající se zkušebních komisařů (dle zvyklosti obce sledováno odděleně buď organizací, nebo vlastním ÚZ). Údaje vyplňujte v tis. Kč."
1041,D1041.9.2,Příjmy ze sankčních plateb na úseku zkušebních komisařů,"Část příjmů z položky 2212 (+2211) týkající se zkušebních komisařů (dle zvyklosti obce sledováno odděleně buď organizací, nebo vlastním ÚZ) + část položky 2324 POUZE náklady řízení v dané agendě, pokud je jejich úhrada uložena samostatně. Údaje vyplňujte v tis. Kč."
1041,D1041.9.3,Příjmy z uzavřených veřejnoprávních smluv na úseku zkušebních komisařů,"Část příjmů z položky 4121 týkající se zkušebních komisařů (dle zvyklosti obce sledováno odděleně buď organizací, nebo vlastním ÚZ). Údaje vyplňujte v tis. Kč."
1041,D1041.9.4,Příjmy za zkoušky z odborné způsobilosti od žadatelů o řidičské oprávnění,položka 1353 Údaje vyplňujte v tis. Kč.
1041,D1041.10.1,Příjmy ze správních poplatků na úseku dopravních přestupků,"Část příjmů z položky 1361 týkající se dopravních přestupků (dle zvyklosti obce sledováno odděleně buď organizací, nebo vlastním ÚZ). Údaje vyplňujte v tis. Kč."
1041,D1041.10.2,Příjmy ze sankčních plateb na úseku dopravních přestupků,"Část příjmů z položky 2212 (+2211) týkající se dopravních přestupků (dle zvyklosti obce sledováno odděleně buď organizací, nebo vlastním ÚZ) + část položky 2324 POUZE náklady řízení v dané agendě, pokud je jejich úhrada uložena samostatně. Údaje vyplňujte v tis. Kč."
1041,D1041.10.2.1,z toho vybrané sankce za radary,Údaje vyplňujte v tis. Kč.
1041,D1041.10.3,Příjmy z uzavřených veřejnoprávních smluv na úseku dopravních přestupků,"Část příjmů z položky 4121 týkající se dopravních přestupků (dle zvyklosti obce sledováno odděleně buď organizací, nebo vlastním ÚZ). Údaje vyplňujte v tis. Kč."
1041,D1041.11.1,Příjmy ze správních poplatků na úseku silničního úřadu správního,"Část příjmů z položky 1361 týkající se silničního správního úřadu (dle zvyklosti obce sledováno odděleně buď organizací, nebo vlastním ÚZ). Údaje vyplňujte v tis. Kč."
1041,D1041.11.2,Příjmy ze sankčních plateb na úseku silničního správního úřadu,"Část příjmů z položky 2212 (+2211) týkající se silničního správního úřadu (dle zvyklosti obce sledováno odděleně buď organizací, nebo vlastním ÚZ) + část položky 2324 POUZE náklady řízení v dané agendě, pokud je jejich úhrada uložena samostatně. Údaje vyplňujte v tis. Kč."
1041,D1041.11.3,Příjmy z uzavřených veřejnoprávních smluv na úseku silničního správního úřadu,"Část příjmů z položky 4121 týkající se silničního správního úřadu + drážního úřadu(dle zvyklosti obce sledováno odděleně buď organizací, nebo vlastním ÚZ). Údaje vyplňujte v tis. Kč."
1041,D1041.12.1,Příjmy ze správních poplatků na úseku dopravního úřadu a drážního úřadu dohromady,"Část příjmů z položky 1361 týkající se dopravního úřadu a drážního úřadu (dle zvyklosti obce sledováno odděleně buď organizací, nebo vlastním ÚZ). Údaje vyplňujte v tis. Kč."
1041,D1041.12.2,Příjmy ze sankčních plateb na úseku dopravního úřadu a drážního úřadu dohromady,"Část příjmů z položky 2212 (+2211) týkající se dopravního úřadu a drážního úřadu (dle zvyklosti obce sledováno odděleně buď organizací, nebo vlastním ÚZ) + část položky 2324 POUZE náklady řízení v dané agendě, pokud je jejich úhrada uložena samostatně. Údaje vyplňujte v tis. Kč."
1041,D1041.12.3,Příjmy z uzavřených veřejnoprávních smluv na úseku dopravního úřadu a drážního úřadu dohromady,"Část příjmů z položky 4121 týkající se dopravního úřadu a drážního úřadu (dle zvyklosti obce sledováno odděleně buď organizací, nebo vlastním ÚZ). Údaje vyplňujte v tis. Kč."
1041,D1041.13.1,Příjmy ze správních poplatků na úseku speciálního stavebního úřadu (z. č. 13/1997),"Část příjmů z položky 1361 týkající se speciálního stavebního úřadu (dle zvyklosti obce sledováno odděleně buď organizací, nebo vlastním ÚZ). Údaje vyplňujte v tis. Kč."
1041,D1041.13.2,Příjmy ze sankčních plateb na úseku speciálního stavebního úřadu,"Část příjmů z položky 2212 (+2211) týkající se speciálního stavebního úřadu (dle zvyklosti obce sledováno odděleně buď organizací, nebo vlastním ÚZ) + část položky 2324 POUZE náklady řízení v dané agendě, pokud je jejich úhrada uložena samostatně. Údaje vyplňujte v tis. Kč."
1041,D1041.14.1,Příjmy ze správních poplatků na úseku územního plánování,"Část příjmů z položky 1361 týkající se územního plánování (dle zvyklosti obce sledováno odděleně buď organizací, nebo vlastním ÚZ). Údaje vyplňujte v tis. Kč."
1041,D1041.14.2,Příjmy ze sankčních plateb na úseku územního plánování,"Část příjmů z položky 2212 (+2211) týkající se územního plánování (dle zvyklosti obce sledováno odděleně buď organizací, nebo vlastním ÚZ) + část položky 2324 POUZE náklady řízení v dané agendě, pokud je jejich úhrada uložena samostatně. Údaje vyplňujte v tis. Kč."
1041,D1041.15.1,Příjmy ze správních poplatků na úseku památkové péče,"Část příjmů z položky 1361 týkající se památkové péče (dle zvyklosti obce sledováno odděleně buď organizací, nebo vlastním ÚZ). Údaje vyplňujte v tis. Kč."
1041,D1041.15.2,Příjmy ze sankčních plateb na úseku památkové péče,"Část příjmů z položky 2212 (+2211) týkající se památkové péče (dle zvyklosti obce sledováno odděleně buď organizací, nebo vlastním ÚZ) + část položky 2324 POUZE náklady řízení v dané agendě, pokud je jejich úhrada uložena samostatně. Údaje vyplňujte v tis. Kč."
1041,D1041.16.1,Příjmy ze správních poplatků na úseku obecného stavebního úřadu,"Část příjmů z položky 1361 týkající se obecného stavebního úřadu (dle zvyklosti obce sledováno odděleně buď organizací, nebo vlastním ÚZ). Údaje vyplňujte v tis. Kč."
1041,D1041.16.2,Příjmy ze sankčních plateb na úseku obecného stavebního úřadu,"Část příjmů z položky 2212 (+2211) týkající se obecného stavebního úřadu (dle zvyklosti obce sledováno odděleně buď organizací, nebo vlastním ÚZ) + část položky 2324 POUZE náklady řízení v dané agendě, pokud je jejich úhrada uložena samostatně. Údaje vyplňujte v tis. Kč."
1041,D1041.16.3,Příjmy z uzavřených veřejnoprávních smluv na úseku obecného stavebního úřadu,"Část příjmů z položky 4121 týkající se obecného stavebního úřadu (dle zvyklosti obce sledováno odděleně buď organizací, nebo vlastním ÚZ). Údaje vyplňujte v tis. Kč."
1041,D1041.17.1,Příjmy ze správních poplatků na úseku přestupků podle z. 251/2016 Sb.,"Část příjmů z položky 1361 týkající se podle z. 251/2016 Sb. (dle zvyklosti obce sledováno odděleně buď organizací, nebo vlastním ÚZ). Údaje vyplňujte v tis. Kč."
1041,D1041.17.2,Příjmy ze sankčních plateb na úseku přestupků podle z. 251/2016 Sb.,"Část příjmů z položky 2212 (+2211) týkající se přestupků podle z. 251/2016 Sb. (dle zvyklosti obce sledováno odděleně buď organizací, nebo vlastním ÚZ) + část položky 2324 POUZE náklady řízení v dané agendě, pokud je jejich úhrada uložena samostatně. Údaje vyplňujte v tis. Kč."
1041,D1041.17.3,Příjmy z uzavřených veřejnoprávních smluv na úseku přestupků podle z. 251/2016 Sb.,"Část příjmů z položky 4121 týkající se přestupků podle z. 251/2016 Sb. (dle zvyklosti obce sledováno odděleně buď organizací, nebo vlastním ÚZ). Údaje vyplňujte v tis. Kč."
1041,D1041.18.1,Příjmy ze správních poplatků živnostenský úřad,"Část příjmů z položky 1361 týkající se živnostenského úřadu (dle zvyklosti obce sledováno odděleně buď organizací, nebo vlastním ÚZ). Údaje vyplňujte v tis. Kč."
1041,D1041.18.2,Příjmy ze sankčních plateb živnostenský úřad,"Část příjmů z položky 2212 (+2211) týkající se živnostenského úřadu (dle zvyklosti obce sledováno odděleně buď organizací, nebo vlastním ÚZ) + část položky 2324 POUZE náklady řízení v dané agendě, pokud je jejich úhrada uložena samostatně. Údaje vyplňujte v tis. Kč."
1041,D1041.19.1,"Příjmy ze správních poplatků na úseku sociálně právní ochrany dětí, opatrovnictví a sociální práce","Část příjmů z položky 1361 týkající se sociálně právní ochrany dětí, opatrovnictví a sociální práce (dle zvyklosti obce sledováno odděleně buď organizací, nebo vlastním ÚZ). Údaje vyplňujte v tis. Kč."
1041,D1041.19.2,"Příjmy ze sankčních plateb na úseku sociálně právní ochrany dětí, opatrovnictví a sociální práce","Část příjmů z položky 2212 (+ 2211) týkající se sociálně právní ochrany dětí, opatrovnictví a sociální práce (dle zvyklosti obce sledováno odděleně buď organizací, nebo vlastním ÚZ) + část položky 2324 POUZE náklady řízení v dané agendě, pokud je jejich úhrada uložena samostatně. Údaje vyplňujte v tis. Kč."
1041,D1041.19.3,"Příjmy z uzavřených veřejnoprávních smluv na úseku sociálně právní ochrany dětí, opatrovnictví a sociální práce","Část příjmů z položky 4121 týkající se sociálně právní ochrany dětí, opatrovnictví a sociální práce (dle zvyklosti obce sledováno odděleně buď organizací, nebo vlastním ÚZ). Údaje vyplňujte v tis. Kč."
1041,D1041.29.1,Příjmy ze správních poplatků na úseku životního prostředí CELKEM,
1041,D1041.29.2,Příjmy ze sankčních plateb na úseku životního prostředí CELKEM,
1041,D1041.29.3,Příjmy z veřejnoprávních smluv na úseku životního prostředí CELKEM,
1041,D1041.33.1,Příjmy ze správních poplatků na úseku státní správy ve školství (za ORP),"Část příjmů z položky 1361 týkající se státní správy ve školství (za ORP) (dle zvyklosti obce sledováno odděleně buď organizací, nebo vlastním ÚZ). Údaje vyplňujte v tis. Kč."
1041,D1041.33.2,Příjmy ze sankčních plateb na úseku státní správy ve školství (za ORP),"Část příjmů z položky 2212 (+2211) týkající se státní správy ve školství (za ORP) (dle zvyklosti obce sledováno odděleně buď organizací, nebo vlastním ÚZ) + část položky 2324 POUZE náklady řízení v dané agendě, pokud je jejich úhrada uložena samostatně. Údaje vyplňujte v tis. Kč."
1041,D1041.33.3,Příjmy z uzavřených veřejnoprávních smluv na úseku státní správy ve školství (za ORP),"Část příjmů z položky 4121 týkající se státní správy ve školství (za ORP) (dle zvyklosti obce sledováno odděleně buď organizací, nebo vlastním ÚZ). Údaje vyplňujte v tis. Kč."
1041,D1041.36.1,Příjmy ze správních poplatků na úseku zákona o hazardních hrách,"Část příjmů z položky 1361 týkající se hazardních her (dle zvyklosti obce sledováno odděleně buď organizací, nebo vlastním ÚZ). Údaje vyplňujte v tis. Kč."
1041,D1041.37.1,Příjmy ze správních poplatků na úseku místních poplatků,"Část příjmů z položky 1361 týkající se místních poplatků (dle zvyklosti obce sledováno odděleně buď organizací, nebo vlastním ÚZ). Údaje vyplňujte v tis. Kč."
1041,D1041.37.2,Příjmy ze sankčních plateb na úseku místních poplatků (pouze pořádkové pokuty),"Část příjmů z položky 2212 (+2211) týkající se místních poplatků (pouze pořádkové pokuty) (dle zvyklosti obce sledováno odděleně buď organizací, nebo vlastním ÚZ) + část položky 2324 POUZE náklady řízení v dané agendě, pokud je jejich úhrada uložena samostatně. Údaje vyplňujte v tis. Kč."
1041,D1041.40.1,Příjmy ze správních poplatků na úseku vymáhání sankčních plateb,"Část příjmů z položky 1361 týkající se sankčních plateb (dle zvyklosti obce sledováno odděleně buď organizací, nebo vlastním ÚZ) - patří sem např. poplatek za povolení splátek. Údaje vyplňujte v tis. Kč."
1041,D1041.40.2,Příjmy ze sankčních plateb na úseku vymáhání sankčních plateb (pouze pořádkové pokuty),"Část příjmů z položky 2212 (+2211) týkající se sankčních plateb (pouze pořádkové pokuty) (dle zvyklosti obce sledováno odděleně buď organizací, nebo vlastním ÚZ) + část položky 2324 POUZE náklady řízení v dané agendě, pokud je jejich úhrada uložena samostatně. Údaje vyplňujte v tis. Kč."
1041,D1041.60.1,Příjmy ze správních poplatků na úseku CZECH POINTu,"Část příjmů z položky 1361 týkající se CZECH POINTu (dle zvyklosti obce sledováno odděleně buď organizací, nebo vlastním ÚZ). Údaje vyplňujte v tis. Kč."
1041,D1041.61.3,Příjmy z veřejnosprávních smluv Městská policie,Doplňkový údaj (nejedná se o výkon přenesené správy). Pouze doplňkový údaj pro dopočítání se celkových příjmů z VPS.
1041,D1041.62.1,Příjmy ze správních poplatků OSTATNÍ (JINDE NEUVEDENÉ) v tis. Kč.,
1041,D1041.62.2,Příjmy ze sankčních plateb OSTATNÍ (JINDE NEUVEDENÉ) v tis. Kč,
1041,D1041.62.3,Příjmy z veřejnoprávních smluv OSTATNÍ (JINDE NEUVEDENÉ) v tis. Kč.,
1050,D1050.1,Počet plánovaných investičních akcí z upraveného rozpočtu na daný kalendářní rok,"Akcí se pro účely tohoto vykazování se rozumí jmenovité (samostatně vedené) stavební a technologické zakázky (investice, údržba a opravy) dle závěrečného účtu obce za daný kalendářní rok."
1050,D1050.1.1,z toho počet plánovaných akcí malého rozsahu dle zákona o veřejných zakázkách 134/2016 Sb.,Do 6 mil. bez DPH
1050,D1050.1.2,z toho počet plánovaných akcí podlimitních a nadlimitních dle zákona o veřejných zakázkách 134/2016 Sb.,Nad 6 mil. bez DPH
1050,D1050.2,Počet realizovaných akcí v daném kalendářním roce,"akcí se pro účely tohoto vykazování se rozumí jmenovité (samostatně vedené) stavební a technologické zakázky (investice, údržba a opravy) dle závěrečného účtu obce za daný kalendářní rok."
1050,D1050.2.1,Počet dokončených akcí v daném kalendářním roce,akce převzaté obcí (investorem) zápisem o předání a převzetí dokončeného díla mezi objednatelem a zhotovitelem.
1050,D1050.2.2,Počet rozpracovaných akcí v daném kalendářním roce,
1050,D1050.2.3,Počet realizovaných akcí malého rozsahu dle zákona o veřejných zakázkách 134/2016 Sb.,Do 6 mil. bez DPH
1050,D1050.2.4,Počet realizovaných akcí podlimitních a nadlimitních dle zákona o veřejných zakázkách 134/2016 Sb.,Nad 6 mil. bez DPH
1050,D1050.3,Finanční objem plánovaných investičních akcí z upraveného rozpočtu na daný kalendářní rok v tis. Kč,"finančním objemem se pro účely tohoto vykazování rozumí finanční objem po odečtení externích nákladů, tj. zejména nákladů zahrnutých v Registru investic ISPROFIN po pojmem Inženýrská činnost, např. externí technický dozor investora, zajištění výběrového řízení externím dodavatelem, apod."
1050,D1050.3.1,Finanční objem plánovaných investičních akcí malého rozsahu dle zákona o veřejných zakázkách 134/2016 Sb. v tis. Kč,Do 6 mil. bez DPH
1050,D1050.3.2,Finanční objem plánovaných investičních akcí podlimitních a nadlimitních dle zákona o veřejných zakázkách 134/2016 Sb. v tis. Kč,Nad 6 mil. bez DPH
1050,D1050.4,Finanční objem realizovaných investičních akcí v daném kalendářním roce v tis. Kč,"finančním objemem se pro účely tohoto vykazování rozumí finanční objem po odečtení externích nákladů, tj. zejména nákladů zahrnutých v Registru investic ISPROFIN po pojmem Inženýrská činnost, např. externí technický dozor investora, zajištění výběrového řízení externím dodavatelem, apod."
1050,D1050.4.1,Finanční objem dokončených akcí v daném kalendářním roce v tis. Kč,akce převzaté obcí (investorem) zápisem o předání a převzetí dokončeného díla mezi objednatelem a zhotovitelem; do finančního objemu zahrnout i neuhrazené pozastávky; v případě rozložení platby za akci do více let zahrnout celkovou hodnotu realizované akce.
1050,D1050.4.2,Finanční objem rozpracovaných akcí v daném kalendářním roce v tis. Kč,
1050,D1050.4.3,Celkový finanční objem realizovaných akcí malého rozsahu dle zákona o veřejných zakázkách 134/2016 Sb. v tis. Kč,Do 6 mil. bez DPH
1050,D1050.4.4,Celkový finanční objem realizovaných akcí podlimitních a nadlimitních dle zákona o veřejných zakázkách 134/2016 Sb. v tis. Kč,Nad 6 mil. bez DPH
1050,D1050.5,Počet projektových příprav investic v daném kalendářním roce,Projektovou přípravou pro účely tohoto vykazování se rozumí zajištění projektové dokumentace všech stupňů.
1050,D1050.5.1,Počet dokončených projektových příprav v daném kalendářním roce,Projektové přípravy převzaté obcí (investorem) zápisem o předání a převzetí dokončeného díla mezi objednatelem a zhotovitelem.
1050,D1050.5.2,Počet rozpracovaných projektových příprav v daném kalendářním roce,
1050,D1050.5.3,Počet projektových příprav v ceně do 50 tis. Kč včetně DPH,
1050,D1050.5.4,Počet projektových příprav v ceně nad 50 tis. Kč včetně DPH,
1050,D1050.6,Objem dotací v tis. Kč,Celkový objem účelových dotací na jmenovité stavební a technologické zakázky a projektové přípravy (zahrnutých do polí D50.4 a D50.5) dle závěrečného účtu obce za daný kalendářní rok.
1050,D1050.7,Příjmy obce v tis. Kč,Celkové konsolidované příjmy obce dle závěrečného účtu za daný kalendářní rok.
1050,D1050.8,Výdaje obce v tis. Kč,Celkové konsolidované výdaje obce dle závěrečného účtu za daný kalendářní rok.
1050,D1050.9,Příjmy obce kapitálové v tis. Kč,Součet kapitálových příjmů (tř. 3) a objemu účelových dotací na jmenovité stavební a technologické zakázky (z tř. 4).
1050,D1050.10,Počet zaměstnanců - pracovních úvazků v agendě příprava a realizace investic celkem,"Úvazky pro agendu celkem stanovte k 31.12. sledovaného roku včetně poměrné části pracovních úvazků vedoucích a administrativní síly, které rozpočtěte vzhledem k počtu pracovníků na oddělení nebo odboru. Zpravidla půjde o desetinné číslo. Pokud pracovník vykonává i jinou agendu, započítává se pouze příslušným podílem a součet jeho úvazků v těchto agendách musí být roven jedné! Poměrná část úvazku zaměstnanců se týká vždy konkrétní agendy za kterou, jsou vstupní data vyplňována. Součet úvazků v agendách se tak nemusí rovnat počtu zaměstnanců odboru nebo oddělení pokud tato organizační jednotka zajišťuje další agendy nebo úkoly, které nejsou předmětem porovnávání. Pro účely tohoto vykazování se jedná o počty pracovníků, kteří se podílejí na přípravě a realizaci akcí."
1050,D1050.11,Náklady na realizaci investičních akcí v daném kalendářním roce v tis. Kč,"Celkové náklady na realizaci investičních akcí jsou dány vzorcem provozní náklady (zahrnující i mzdy) na 1 pracovníka (D50.11.2) a násobené počtem pracovníků, kteří se podílejí na přípravě a realizaci investic (D50.10) plus externí náklady (D50.11.3).
Vzorec: D1050.11.2*D1050.10+D1050.11.3"
1050,D1050.11.1,Mzdové náklady na 1 pracovníka za daný kalendářní rok v tis. Kč,"Převzato z agendy 31 Výdaje na výkon státní správy a samosprávy (ukazatel U31.4).
Vzorec: D31.10/D1.19"
1050,D1050.11.2,Provozní náklady na 1 pracovníka za daný kalendářní rok v tis. Kč,"Převzato z agendy 31 Výdaje na výkon státní správy a samosprávy (ukazatel U31.5).
Vzorec: D31.9/D31.1"
1050,D1050.11.3,Celkové externí náklady na realizaci investičních akcí za daný kalendářní rok v tis. Kč,"Zejména náklady zahrnutých v Registru investic ISPROFIN pod pojmem Inženýrská činnost, např. externí technický dozor investora, zajištění výběrového řízení externím dodavatelem, apod."
161320,D161320.1,Celkový počet vydaných (vybraných) rozhodnutí SÚ,Vzorec: D1016.9.1
161320,D161320.2,Celkový počet vydaných (vybraných) rozhodnutí SSÚ,Vzorec: D1013.1.1
161320,D161320.3,Celkový počet vydaných (vybraných) rozhodnutí VŘ,Vzorec: D1020.1.2+D1020.1.3+D1020.1.4+D1020.1.5+D1020.1.7+D1020.1.8
161320,D161320.4,Počet zaměstnanců - pracovních úvazků SÚ,Vzorec: D1016.10.1
161320,D161320.5,Počet zaměstnanců - pracovních úvazků SSÚ,Vzorec: D1013.8
161320,D161320.6,Počet zaměstnanců - pracovních úvazků VŘ,Vzorec: D1020.12
161320,D161320.7,Celkový počet kontrol SÚ,Vzorec: D1016.6.1
161320,D161320.8,Celkový počet kontrol VŘ,Vzorec: D1020.9
