agenda,cislo,nazev,vzorec,druh,poznamka
1,1.1,Počet obyvatel obce VČETNĚ cizinců,D1.1,H,
1,1.1.1,Počet obyvatel obce BEZ cizinců,D1.1-D1.1.1,V,
1,1.1.2,% cizinců v obci,D1.1.1*100/D1.1,H,
1,1.2,Počet obyvatel správního obvodu obce s rozšířenou působností VČETNĚ cizinců,D1.3,H,
1,1.2.1,Počet obyvatel správního obvodu obce s rozšířenou působností BEZ cizinců,D1.3-D1.3.1,V,
1,1.2.2,% cizinců ve správním obvodu s rozšířenou působností,D1.3.1*100/D1.3,H,
1,1.3,% počtu obyvatel obce vzhledem ke správnímu obvodu s rozšířenou působností,D1.1*100/D1.3,H,
1,1.4.1,Počet obyvatel správního obvodu obce s působností matričního úřadu VČETNĚ cizinců,D1.4,V,
1,1.5.1,Počet obyvatel správního obvodu obce s působností stavebního úřadu VČETNĚ cizinců,D1.5,V,
1,1.6,Počet obyvatel na km2 území obce,D1.1/D1.13,H,
1,1.7,Počet obyvatel na km2 území správního obvodu obce s rozšířenou působností,D1.3/D1.15,H,
1,1.8,Počet obcí ve správním obvodu obce s rozšířenou působností,D1.8,V,
1,1.9,Podíl nezaměstnaných na obyvatelstvu v % v obci (nebo v okrese),D1.16,H,
1,1.10,Podíl nezaměstnaných na obyvatelstvu v % ve správním obvodu obce s rozšířenou působností (nebo v okrese),D1.17,H,
1,1.11,Průměrný fyzický počet zaměstnanců obce zařazených v obecním úřadě,D1.18,V,
1,1.12,Průměrný evidenční přepočtený počet zaměstnanců obce zařazených v obecním úřadě,D1.19,H,
1,1.13,Průměrný evidenční přepočtený počet zaměstnanců na 1 000 obyvatel správního obvodu,D1.19/(D1.3/1000),H,
1,1.14,Počet úvazků z přenesené působnosti k počtu obyvatel ORP (přepočteno na 1000 obyvatel ORP),D31.2.1/D1.3*1000,H,Úvazky s poměrovým přepočtem servisních a manažerských činností (agenda 31); bez obecní policie.
1,1.15,Počet úvazků ze samosprávy (vč. městské policie) k počtu obyvatel města (přepočteno na 1000 obyvatel města),(D31.1-D31.2.1+D61.1.1)/D1.1*1000,V,Úvazky s poměrovým přepočtem servisních a manažerských činností (agenda 31); bez obecní policie.
2,2.1,Počet pracovníků na 1000 obyvatel správního obvodu,D2.3/(D1.3/1000),H,
2,2.2.1,Počet sledovaných úkonů na pracovníka evidence obyvatel,(D2.0.1 + D2.0.2 + D2.0.5 + D2.1.2 + D2.1.3 + D2.1.4 + D2.1.5)/D2.3,H,
2,2.2.2,Struktura sledovaných úkonů v %,D2.0.1 + D2.0.2 + D2.0.5 + D2.1.2 + D2.1.3 + D2.1.4 + D2.1.5,H,
2,2.3.3,Saldo počtu přihlášení a odhlášení trvalého pobytu (celkem za správní obvod),D2.0.1-D2.0.2,V,
2,2.3.4,Změna počtu osob přihlášených k trvalému pobytu,D2.0.4,V,
2,2.5,Počet úředních hodin v týdnu,D2.10,V,
2,2.6,Průměrná čekací doba (v minutách),D2.11,V,
2,2.7.1,Provozní výdaje na jeden sledovaný úkon v Kč,((D31.9)/D31.1)/((D2.0.1 + D2.0.2 + D2.0.5 + D2.1.2 + D2.1.3 + D2.1.4 + D2.1.5)/D2.3)*1000,V,Provozní výdaje jsou převzaty z agendy č. 31.
2,2.7.2,Provozní výdaje na úvazek agendy v tis. Kč,D31.9/D31.1*D2.3,V,Provozní výdaje jsou převzaty z agendy č. 31.
2,2.8,Počet osob přihlášených k trvalému pobytu na ohlašovně obce na 1 000 obyvatel obce,D2.0.6/(D1.1/1000),H,
3,3.1.1,Počet pracovníků MATRIKY na 1000 obyvatel správního obvodu obce s působností matričního úřadu,D3.1/(D1.4/1000),H,
3,3.1.2,Počet úvazků vidimací a legalizací na 1000 obyvatel správního obvodu,(D3.1.1)/(D1.3/1000),H,
3,3.2,Vidimace a legalizace - počet případů na zaměstnance (úvazky za všechna pracoviště úřadu celkem),D3.16/D3.1.1,V,
3,3.3,Počet obcí v působnosti matričního úřadu,D1.9,H,
3,3.4,Počet matričních úřadů ve správním obvodu,D1.10,H,
3,3.5.1,Počet sledovaných úkonů na pracovníka matriky (bez vidimací a legalizací),(D3.2+D3.5+D3.6+D3.7+D3.8+D3.9+D3.10+D3.11+D3.12+D3.13+D3.14+D3.15+D3.17+D3.18)/(D3.1),H,
3,3.5.2,% žádostí o uzavření manželství a partnerství mimo stanovenou dobu a místo z počtu sňatků celkem,D3.11.2*100/D3.11,H,
3,3.5.3,Struktura sledovaných úkonů celkem v %,D3.2+D3.5+D3.6+D3.7+D3.8+D3.9+D3.10+D3.11+D3.12+D3.13+D3.14+D3.15+D3.16+D3.17+D3.18,H,
3,3.5.4,Struktura sledovaných úkonů bez vidimací a legalizací v %,D3.2+D3.5+D3.6+D3.7+D3.8+D3.9+D3.10+D3.11+D3.12+D3.13+D3.14+D3.15+D3.17+D3.18,H,
3,3.6,Počet úředních hodin v týdnu,D3.20,V,
3,3.7,Průměrná čekací doba (v minutách),D3.21,V,
3,3.8.1,Provozní výdaje na jeden sledovaný úkon v Kč (bez vidimací a legalizací),(D31.9/D31.1)/((D3.2+D3.5+D3.6+D3.7+D3.8+D3.9+D3.10+D3.11+D3.12+D3.13+D3.14+D3.15+D3.17+D3.18+D3.19)/D3.1)*1000,V,Provozní výdaje jsou převzaty z agendy č. 31.
3,3.8.2,Provozní výdaje na úvazek agendy v tis. Kč,D31.9/D31.1*D3.1,V,Provozní výdaje jsou převzaty z agendy č. 31.
3,3.9.1,Počet narození na 1 000 obyvatel,D3.10/(D1.1/1000),H,
3,3.9.2,Počet sňatků a partnerství na 1 000 obyvatel,D3.11/(D1.1/1000),H,
3,3.9.3,Počet úmrtí na 1 000 obyvatel,D3.12/(D1.1/1000),H,
4,4.1,Počet pracovníků na 1000 obyvatel správního obvodu,D4.1/(D1.3/1000),H,
4,4.2,Počet sledovaných úkonů na pracovníka,(D4.2+D4.4+D4.5)/D4.1,H,
4,4.3,% počtu žádostí off line (v terénu) z počtu žádostí o vydání OP celkem,D4.2.1*100/D4.2,H,
4,4.4,Počet úředních hodin v týdnu,D4.8,V,
4,4.5,Průměrná čekací doba (v minutách),D4.7,V,
4,4.6,Struktura sledovaných úkonů v %,D4.2+D4.4+D4.5,H,
4,4.7.1,Provozní výdaje na jeden sledovaný úkon v Kč,((D31.9)/D31.1)/((D4.2+D4.4+D4.5)/D4.1)*1000,V,Provozní výdaje jsou převzaty z agendy č. 31.
4,4.7.2,Provozní výdaje na úvazek agendy v tis. Kč,D31.9/D31.1*D4.1,V,Provozní výdaje jsou převzaty z agendy č. 31.
4,4.7.3,Provozní výdaje na vydaný OP v Kč,((D31.9)/D31.1)/((D4.4)/D4.1)*1000,V,Provozní výdaje jsou převzaty z agendy č. 31.
4,4.8,Příjmy ze správních poplatků a pokut na jeden sledovaný úkon v Kč,((D4.6.1+D4.9)*1000)/(D4.2+D4.4+D4.5),H,
4,4.9,Počet řešených přestupků celkem na úvazek agendy,D4.5/D4.1,H,
4,4.10,Počet přestupků vyřízených v PŘÍKAZNÍM řízení na úvazek agendy,D4.6/D4.1,V,
5,5.1,Počet pracovníků na 1000 obyvatel správního obvodu,D5.6/(D1.3/1000),H,
5,5.2,Počet sledovaných úkonů na pracovníka,(D5.1+D5.2+D5.3)/D5.6,H,
5,5.3,Počet úředních hodin v týdnu,D5.7,V,
5,5.4,Průměrná čekací doba (v minutách),D5.5,V,
5,5.5,Struktura sledovaných úkonů v %,D5.1+D5.2+D5.3,H,
5,5.6.1,Provozní výdaje na jeden sledovaný úkon v Kč,((D31.9/D31.1)/((D5.1+D5.2+D5.3)/D5.6))*1000,V,Provozní výdaje jsou převzaty z agendy č. 31.
5,5.6.2,Provozní výdaje na úvazek agendy v tis. Kč,D31.9/D31.1*D5.6,V,Provozní výdaje jsou převzaty z agendy č. 31.
5,5.6.3,Provozní výdaje na vydaný CD v Kč,((D31.9)/D31.1)/((D5.2)/D5.6)*1000,V,Provozní výdaje jsou převzaty z agendy č. 31.
5,5.7,Příjmy ze správních poplatků a pokut na jeden sledovaný úkon v Kč,((D5.8+D5.4)*1000)/(D5.1+D5.2+D5.3),H,
5,5.8,Počet řešených přestupků celkem na úvazek agendy,D5.3/D5.6,H,
5,5.9,Počet přestupků vyřízených v PŘÍKAZNÍM řízení na úvazek agendy,D5.3.1/D5.6,V,
6,6.1,Počet pracovníků na 1000 obyvatel správního obvodu,D6.1/(D1.3/1000),H,
6,6.3.1,Struktura pracovníků dle pohlaví v %,D6.1.1+D6.1.2,H,
6,6.3.2,% zastoupení žen z celkového počtu zaměstnanců,D6.1.1*100/D6.1,H,
6,6.3.3,% zastoupení mužů z celkového počtu zaměstnanců,D6.1.2*100/D6.1,H,
6,6.4.1,Věková struktura pracovníků v %,D6.1.3.1+D6.1.3.2+D6.1.3.3+D6.1.3.4,H,
6,6.4.2,Index stáří úřadu,((1*D6.2.2.2.1)+(2*D6.2.2.2.2)+(3*D6.2.2.2.3)+(4*D6.2.2.2.4))/(D6.2.2.2.1+D6.2.2.2.2+D6.2.2.2.3+D6.2.2.2.4),H,Nižší hodnota ukazatele = mladší úřad Vyšší hodnota ukazatele = starší úřad
6,6.4.3,Index stáří vedoucích zaměstnanců,(D6.1.3.1+2*(D6.1.3.2)+3*(D6.1.3.3)+4*(D6.1.3.4))/((D6.1.3.1+D6.1.3.2+D6.1.3.3+D6.1.3.4)),H,Nižší hodnota ukazatele = mladší úřad Vyšší hodnota ukazatele = starší úřad
6,6.4.4,% zastoupení zaměstnanců s nárokem na starobní důchod,D6.1.3.5*100/D6.1,H,
6,6.5.1,Vzdělanostní struktura pracovníků v %,D6.1.9+D6.1.10+D6.1.11+D6.1.12+D6.1.13,H,
6,6.5.2,Ukazatel vzdělanostní úrovně zaměstnanců,(D6.1.9+2*(D6.1.10)+3*(D6.1.11+D6.1.12)+4*(D6.1.13))/((D6.1.9+D6.1.10+D6.1.11+D6.1.12+D6.1.13)),H,"Ukazatel úrovně vzdělání je souhrnným ukazatelem, který charakterizuje úroveň vzdělanosti zaměstnanců. Výsledkem tohoto syntetického ukazatele je reálné číslo v intervalu 1 až 4. Přičemž čím se hodnota více přibližuje hodnotě 4, tím jsou zaměstnanci vzdělanější."
6,6.6,Struktura zaměstnanců podle zařazení,D6.2.1+D6.2.2+D6.2.3,H,
6,6.7,Struktura vedoucích úředníků podle pohlaví,D6.2.2.1+D6.2.2.2,H,
6,6.8,Věková struktura vedoucích úředníků,D6.2.2.2.1+D6.2.2.2.2+D6.2.2.2.3+D6.2.2.2.4,H,
6,6.9.1,% zastoupení vedoucích úředníků s vysokoškolským vzděláním,D6.2.2.13*100/D6.2.2,H,
6,6.9.2,% zastoupení vedoucích úředníků s vyšším odborným vzděláním,D6.2.2.12*100/D6.2.2,V,
6,6.10.1,Náklady v Kč na vzdělávání celkem na jednoho zaměstnance (včetně ZOZ),D6.3*1000/D1.18,H,
6,6.10.2,Náklady v Kč na vzdělávání celkem na jednoho úředníka (včetně ZOZ),D6.3*1000/(D6.2.1+D6.2.2),V,
6,6.12.1,Průměrný počet absolvovaných vzdělávacích akcí na jednoho pracovníka,D6.4/D1.18,H,
6,6.12.2,Průměrný počet absolvovaných vzdělávacích akcí na jednoho úředníka,D6.4/(D6.2.1+D6.2.2),V,
6,6.12.3,Průměrný počet absolvovaných vzdělávacích akcí E-learning na jednoho pracovníka,D6.4.1/D1.18,H,
6,6.12.5,Průměrný počet absolvovaných vzdělávacích akcí - ON-LINE kurzy,D6.4.3/D1.18,H,
6,6.13.1,Vážený index stáří úřadu (vážený průměrný věk),((25*D6.1.3.1)+(40*D6.1.3.2)+(55*D6.1.3.3)+(65*D6.1.3.4))/D6.1,H,
6,6.13.2,Vážený index stáří vedoucích úředníků (vážený průměrný věk),((25*D6.2.2.2.1)+(40*D6.2.2.2.2)+(55*D6.2.2.2.3)+(65*D6.2.2.2.4))/D6.2.2,H,
6,6.13.3,Index demografického rizika úřadu (počet zam. 51+ na zam. do 30 let),(D6.1.3.3+D6.1.3.4)/D6.1.3.1,H,IDR=zaměstnanci 51+ / zaměstnanci do 30 let hodnota interpretace <1 mladý úřad 1–2 stabilní demografie 2–3 stárnoucí úřad >3 vysoké generační riziko
6,6.13.4,Index odchodového rizika (počet zam. s nárokem na důchod na zam. do 30 let),D6.1.3.5/D6.1.3.1,H,Zam s nárokem na st. důchod/ Zam. do 30 let
6,6.13.5,Index generační obnovy úřadu (počet zam. do 30 let na zam. 51+),D6.1.3.1/(D6.1.3.3+D6.1.3.4),H,Zaměstnanci do 30 let / zaměstnanci 51+
7,7.3,Počet sledovaných úkonů na jednoho pracovníka registru řidičů,D7.1/D7.12,H,Celkový počet sledovaných úkonů v registru řidičů na jednoho pracovníka registru.
7,7.3.1,Počet všech rozhodnutí vydaných ve správních řízeních na úseku registru řidičů na jednoho pracovníka registru řidičů,D7.1.2/D7.12,H,
7,7.3.2,Počet pracovníků registru řidičů na 1 000 obyvatel správního obvodu,D7.12/(D1.3/1000),H,
7,7.4,Počet řidičů na jednoho pracovníka registru řidičů,D7.11/D7.12,H,Počet řidičů ve správním obvodu na jednoho pracovníka registru řidičů.
7,7.6,Průměrná čekací doba (v minutách),D7.13,H,
7,7.7,Provozní výdaje na jeden sledovaný úkon v Kč,((D31.9)/D31.1)/(D7.1/D7.12)*1000,H,"V Kč na jeden sledovaný úkon. Bez investičních výdajů souvisejících s činností úřadu (§ 6171). Vycházíme z údajů vyplněných v agendě 31. Výdaje na výkon státní správy a samosprávy. Provozní náklady odpovídají součtu níže uvedených položek, které jsou přepočteny na jednoho zaměstnance: Výdaje na platy, ostatní platby za provedenou práci a pojistné + Výdaje na činnost místní správy §6171 celkem bez mezd a odvodů + Ostatní výdaje v tis. Kč, které bezprostředně souvisí s výkonem státní správy a o nichž obec z analytických či jiných důvodů účtuje na jiných paragrafech než je §6171."
7,7.8,Příjem správních poplatků na jeden sledovaný úkon v Kč,D7.10*1000/D7.1,V,
7,7.8.1,Příjem správních poplatků na jeden vydaný řidičský průkaz (včetně mezinárodních) v Kč,D7.10*1000/D7.1.1,H,
7,7.9,Počet zaměstnanců - pracovních úvazků v agendě registr řidičů celkem,D7.12,V,
8,8.3,Počet sledovaných úkonů na jednoho pracovníka registrace,(D8.1+D8.3+D8.4)/D8.8,H,Celkový počet sledovaných úkonů v registru vozidel na jednoho pracovníka registrace
8,8.4,Počet vozidel na jednoho pracovníka,D8.7/D8.8,H,Počet vozidel ve správním obvodu na jednoho pracovníka.
8,8.4.1,Počet pracovníků registru vozidel na 1 000 obyvatel správního obvodu,D8.8/(D1.3/1000),H,
8,8.6,Průměrná čekací doba (v minutách),D8.10,H,
8,8.7,Příjem správních poplatků v Kč na jeden sledovaný úkon,(D8.2*1000)/(D8.1+D8.3+D8.4),H,
8,8.9,Provozní výdaje na jeden sledovaný úkon v Kč,((D31.9)/D31.1)/((D8.1+D8.3+D8.4)/D8.8)*1000,H,"V Kč na jeden sledovaný úkon. Bez investičních výdajů souvisejících s činností úřadu (§ 6171). Vycházíme z údajů vyplněných v agendě 31. Výdaje na výkon státní správy a samosprávy. Provozní náklady odpovídají součtu níže uvedených položek, které jsou přepočteny na jednoho zaměstnance: Výdaje na platy, ostatní platby za provedenou práci a pojistné + Výdaje na činnost místní správy §6171 celkem bez mezd a odvodů + Ostatní výdaje v tis. Kč, které bezprostředně souvisí s výkonem státní správy a o nichž obec z analytických či jiných důvodů účtuje na jiných paragrafech než je §6171."
8,8.10,Počet lustrací (výdejů dat z registru) k počtu provedených úkonů celkem (údaj z CRV) v %,(D8.3/D8.1)*100,V,Ukazatel vyjadřuje objem (procento) počtu lustrací k celkovému počtu provedených úkonů na registru vozidel dle CRV.
8,8.11,Počet všech správních rozhodnutí na úseku registru vozidel k celkovému počtu sledovaných úkonů na registru vozidel v %,D8.4*100/(D8.1+D8.3+D8.4),V,Ukazatel vyjadřuje objem (procento) počtu všech správních rozhodnutí na úseku vozidel k celkovému počtu sledovaných úkonů na registru vozidel
8,8.12,Počet zaměstnanců - pracovních úvazků v agendě registr vozidel celkem,D8.8,H,
9,9.3,Počet zkoušek celkem na jednoho zkušebního komisaře,D9.1/D9.8,H,
9,9.3.1,Počet zkušebních komisařů na 1 000 obyvatel správního obvodu,D9.8/(D1.3/1000),H,
9,9.4,Procento úspěšných žadatelů o řidičské oprávnění při 1. zkoušce,D9.2,H,
9,9.5,Počet autoškol ve správním obvodu,D9.3,H,
9,9.6,Provozní výdaje na jednu zkoušku v Kč,((D31.9)/D31.1)/(D9.1/D9.8)*1000,H,"V Kč na jednu zkoušku. Bez investičních výdajů souvisejících s činností úřadu (§ 6171). Vycházíme z údajů vyplněných v agendě 31. Výdaje na výkon státní správy a samosprávy. Provozní náklady odpovídají součtu níže uvedených položek, které jsou přepočteny na jednoho zaměstnance: Výdaje na platy, ostatní platby za provedenou práci a pojistné + Výdaje na činnost místní správy §6171 celkem bez mezd a odvodů + Ostatní výdaje v tis. Kč, které bezprostředně souvisí s výkonem státní správy a o nichž obec z analytických či jiných důvodů účtuje na jiných paragrafech než je §6171."
9,9.7,Příjem správních poplatků na jednu zkoušku v Kč,D9.7*1000/D9.1,V,
9,9.8,Počet zaměstnanců - pracovních úvazků v agendě zkušební komisaři celkem,D9.8,H,
10,10.1,Počet oznámených skutkových podstat na jednoho pracovníka,(D10.1.1+D10.2.1+D10.3.1)/D10.6,H,"Jedná se o oznámení dle zákona 361/2000 Sb. (Zákon o provozu na pozemních komunikacích), zákona 168/1999 Sb. (Zákon o pojištění odpovědnosti za škodu způsobenou provozem vozidla), zákona 56/2001 Sb. (Zákon o podmínkách provozu vozidel na pozemních komunikacích)"
10,10.1.1,"Počet oznámených skutkových podstat na pracovníka (BEZ oznámených skutkových podstat dle §125f, odst. 2, písm. a) zákona 361/2000 Sb.)",((D10.1.1-D10.1.1.1)+D10.2.1+D10.3.1)/(D10.6-D10.6.1),H,
10,10.1.2,"Počet oznámených skutkových podstat na pracovníka dle §125f, odst. 2, písm. a) zákona 361/2000 Sb.",D10.1.1.1/D10.6.1,H,
10,10.2,Počet přestupků vyřízených příkazem na místě na jednoho pracovníka,(D10.1.2+D10.2.2+D10.3.2)/D10.6,H,"Jedná se o přestupky vyřízené příkazem na místě dle zákona 361/2000 Sb. (Zákon o provozu na pozemních komunikacích), zákona 168/1999 Sb. (Zákon o pojištění odpovědnosti za škodu způsobenou provozem vozidla), zákona 56/2001 Sb. (Zákon o podmínkách provozu vozidel na pozemních komunikacích)"
10,10.3,Počet přestupků vyřízených příkazem na jednoho pracovníka,(D10.1.3+D10.2.3+D10.3.3)/D10.6,H,"Jedná se o přestupky vyřízené příkazem dle zákona 361/2000 Sb. (Zákon o provozu na pozemních komunikacích), zákona 168/1999 Sb. (Zákon o pojištění odpovědnosti za škodu způsobenou provozem vozidla), zákona 56/2001 Sb. (Zákon o podmínkách provozu vozidel na pozemních komunikacích)"
10,10.4,Počet přestupků vyřízených rozhodnutím na jednoho pracovníka,(D10.1.4+D10.2.4+D10.3.4)/D10.6,H,"Jedná se o přestupky vyřízené rozhodnutím dle zákona 361/2000 Sb. (Zákon o provozu na pozemních komunikacích), zákona 168/1999 Sb. (Zákon o pojištění odpovědnosti za škodu způsobenou provozem vozidla), zákona 56/2001 Sb. (Zákon o podmínkách provozu vozidel na pozemních komunikacích)"
10,10.5,Počet odložených přestupků na jednoho zaměstnance,(D10.1.5+D10.2.5+D10.3.5)/D10.6,H,"Jedná se o odložené přestupky dle zákona 361/2000 Sb. (Zákon o provozu na pozemních komunikacích), zákona 168/1999 Sb. (Zákon o pojištění odpovědnosti za škodu způsobenou provozem vozidla), zákona 56/2001 Sb. (Zákon o podmínkách provozu vozidel na pozemních komunikacích)"
10,10.6,Celkový počet odvolání k celkovému počtu rozhodnutí (%),D10.4*100/(D10.1.4+D10.2.4+D10.3.4),H,"Celkový počet odvolání dle zákonů 361/2000Sb., 168/199 sb. a 56/2001 Sb."
10,10.7,Objem uložených pokut v Kč na počet oznámených skutkových podstat CELKEM,(D10.5*1000)/(D10.1.1+D10.2.1+D10.3.1),H,"Objem uložených pokut včetně nákladů řízení a uhrazených určených částek na základě výzvy dle zákonů 361/2000 Sb., 168/1999 Sb. a 56/2001 Sb. v Kč na počet oznámených skutkových podstat CELKEM"
10,10.8,Je provozován automatizovaný systém měření rychlosti a generuje výzvy?,D10.1.1.1.1,H,"Systém NENÍ provozován - vyplňte 0. Systém JE provozován a automatizovaně GENERUJE výzvu: vyplňte 11 (pokud Scarabeus), 12 (pokud Vera MT), 13 (pokud AIS Vita), 14 (pokud jiný systém). Systém JE provozován a NEGENERUJE výzvu - vyplňte 2."
10,10.9,Je provozován automatizovaný systém parkování a generuje výzvy?,D10.1.1.1.2,H,Systém NENÍ provozován - vyplňte 0. Systém automatizovaně generuje výzvu: ANO - vyplňte 1; NE - vyplňte 2.
10,10.10,Je provozován systém detekce jízdy na červenou a generuje výzvy?,D10.1.1.1.3,H,Systém NENÍ provozován - vyplňte 0. Systém automatizovaně generuje výzvu: ANO - vyplňte 1; NE - vyplňte 2.
10,10.11,"Počet oznámených skutkových podstat dle §125f, odst. 2, písm. a) k celkovému počtu oznámených skutkových podstat dle zákona 361/2000 Sb. (%)",D10.1.1.1*100/D10.1.1,H,
10,10.12,"Počet zaměstnanců - pracovních úvazků celkem; SOUČET ZA PŘESTUPKY dle zákonů 361/2000 Sb., 168/1999 Sb. a 56/2001 Sb.",D10.6,H,
10,10.12.1,"Procento úvazků zaměstnanců, kteří zpracovávají zpracovávají přestupky dle §125f, odst. 2, písm. a) zákona 361/2000 Sb.",D10.6.1*100/D10.6,H,"Procento úvazků zaměstnanců, kteří zpracovávají zpracovávají přestupky dle §125f, odst. 2, písm. a) zákona 361/2000 Sb. k celkovému počtu úvazků (ZA PŘESTUPKY dle zákonů 361/2000 Sb., 168/1999 Sb. a 56/2001 Sb.)"
10,10.13,Struktura počtu oznámených skutkových podstat,D10.1.1+D10.2.1+D10.3.1,H,"Jedná se o oznámení dle zákona 361/2000 Sb. (Zákon o provozu na pozemních komunikacích), zákona 168/1999 Sb. (Zákon o pojištění odpovědnosti za škodu způsobenou provozem vozidla), zákona 56/2001 Sb. (Zákon o podmínkách provozu vozidel na pozemních komunikacích)"
10,10.14,Struktura přestupků vyřízených rozhodnutím,D10.1.4+D10.2.4+D10.3.4,H,"Jedná se o přestupky vyřízené rozhodnutím dle zákona 361/2000 Sb. (Zákon o provozu na pozemních komunikacích), zákona 168/1999 Sb. (Zákon o pojištění odpovědnosti za škodu způsobenou provozem vozidla), zákona 56/2001 Sb. (Zákon o podmínkách provozu vozidel na pozemních komunikacích)"
10,10.15,Počet oznámených skutkových podstat na 1 000 obyvatel správního obvodu,(D10.1.1+D10.2.1+D10.3.1)/(D1.3/1000),H,
10,10.16,Počet přestupků vyřízených rozhodnutím na 1 000 obyvatel správního obvodu,(D10.1.4+D10.2.4+D10.3.4)/(D1.3/1000),H,
10,10.17,Počet zaměstnanců v agendách dopravních přestupků na 1 000 obyvatel správního obvodu,D10.6/(D1.3/1000),H,
11,11.3,Počet sledovaných úkonů na pracovníka,D11.7/D11.8,H,"Součet D11.1 + D11.4 + D11.5 (vydaná rozhodnutí, usnesení, pokuty a přestupky a státní dozor dle silničního zákona a počet stanovení dopravního značení) na jednoho pracovníka."
11,11.4,Struktura sledovaných úkonů,D11.1 + D11.4 + D11.5,H,"Vydaná rozhodnutí, usnesení, pokuty a přestupky a státní dozor dle silničního zákona a počet stanovení dopravního značení."
11,11.5,Provozní výdaje na jeden sledovaný úkon v Kč,((D31.9)/D31.1)/(D11.7/D11.8)*1000,H,"V Kč na jeden sledovaný úkon. Bez investičních výdajů souvisejících s činností úřadu (§ 6171). Vycházíme z údajů vyplněných v agendě 31. Výdaje na výkon státní správy a samosprávy. Provozní náklady odpovídají součtu níže uvedených položek, které jsou přepočteny na jednoho zaměstnance: Výdaje na platy, ostatní platby za provedenou práci a pojistné + Výdaje na činnost místní správy §6171 celkem bez mezd a odvodů + Ostatní výdaje v tis. Kč, které bezprostředně souvisí s výkonem státní správy a o nichž obec z analytických či jiných důvodů účtuje na jiných paragrafech než je §6171."
11,11.7,Počet zaměstnanců - pracovních úvazků v agendě silniční správní úřad celkem,D11.8,H,
11,11.8,Počet pracovníků silničního správního úřadu na 1 000 obyvatel správního obvodu,D11.8/(D1.3/1000),H,
12,12.3,Počet sledovaných úkonů celkem na jednoho pracovníka,D12.26/D12.27,H,Součet datových polí D12.8 (počet sledovaných úkonů k agendě MHD) + D.12.18 (počet sledovaných úkonů k agendě TAXI) a D12.25 (počet sledovaných úkonů k agendě SME) na jednoho pracovníka těchto agend
12,12.4,"Struktura sledovaných úkonů za agendy MHD, TAXI a SME",D12.8+D12.18+D12.25,H,K 31.12. sledovaného roku.
12,12.5,Provozní výdaje na jeden sledovaný úkon v Kč,((D31.9)/D31.1)/(D12.26/D12.27)*1000,H,"V Kč na jeden sledovaný úkon. Bez investičních výdajů souvisejících s činností úřadu (§ 6171). Vycházíme z údajů vyplněných v agendě 31. Výdaje na výkon státní správy a samosprávy. Provozní náklady odpovídají součtu níže uvedených položek, které jsou přepočteny na jednoho zaměstnance: Výdaje na platy, ostatní platby za provedenou práci a pojistné + Výdaje na činnost místní správy §6171 celkem bez mezd a odvodů + Ostatní výdaje v tis. Kč, které bezprostředně souvisí s výkonem státní správy a o nichž obec z analytických či jiných důvodů účtuje na jiných paragrafech než je §6171."
12,12.6,Počet zaměstnanců - pracovních úvazků v agendě dopravní úřad celkem,D12.27,H,
12,12.7,Počet pracovníků dopravního úřadu na 1 000 obyvatel správního obvodu,D12.27/(D1.3/1000),H,
14,14.3,Celkem řešených ÚPD a změn ÚPD ve sledovaném roce - město,D14.4,V,Pouze za město/obec s rozšířenou působností.
14,14.4,Celkem řešených ÚPD a změn ÚPD ve sledovaném roce - na žádost obcí správního území,D14.8,V,Za správní obvod – žádosti obcí správního území.
14,14.5,Počet řešených přezkumů ve sledovaném roce,D14.15,H,
14,14.6,Počet sledovaných úkonů celkem na jednoho pracovníka,(D14.9+D14.11+D14.12+D14.14)/D14.16,H,Součet (Celkem řešených ÚPD a změn ÚPD - město a obce správního území) + (Počet pořizovaných územně plánovacích podkladů – město) + (Počet pořizovaných územně plánovacích podkladů - správní obvod obce s rozšířenou působností) + (Počet zpracovávaných Zpráv o uplatňování ÚP ve sledovaném roce) v přepočtu na jednoho pracovníka agendy.
14,14.7,Celkem řešených ÚPD a změn ÚPD - město a obce správního území na jednoho pracovníka,D14.9/D14.16,H,
14,14.8,"Počet vydaných a sledovaných ÚPI a Počet stanovisek, vyjádření, sdělení na jednoho pracovníka",(D14.14.1+D14.14.2+D14.14.3)/D14.16,H,
14,14.8.1,Počet vydaných závazných stanovisek na jednoho pracovníka,D14.14.2/D14.16,H,
14,14.9,Struktura úvazků,D14.16+ D14.16.1,H,
14,14.10,Podíl úřadu územního plánování na zpracování ÚAP (%),D14.13,H,
14,14.11,"Struktura sledovaných úkonů (BEZ ÚPI a stanovisek, vyjádření, sdělení)",D14.1+D14.2+D14.5+D14.6+D14.11+D14.12+D14.14,H,
14,14.11.1,"Struktura sledovaných úkonů (včetně ÚPI a stanovisek, vyjádření, sdělení)",D14.1+D14.2+D14.5+D14.6+D14.11+D14.12+D14.14+D14.14.1+D14.14.2,H,
14,14.12,Provozní výdaje na jeden sledovaný úkon v Kč,(D31.9/D31.1)/((D14.9+D14.11+D14.12+D14.14)/D14.16)*1000,H,"Provozní výdaje včetně osobních v Kč na jeden sledovaný úkon. Bez investičních výdajů souvisejících s činností úřadu (§ 6171). Úkonem rozumíme řešené ÚPD, změny ÚPD + počet pořizovaných územně plánovacích podkladů za město + počet pořizovaných územně plánovacích podkladů za obce."
14,14.13,Počet zaměstnanců - pracovních úvazků v agendě územní plánování celkem (BEZ úvazků pro ÚAP),D14.16,H,
14,14.14,Počet pracovníků územního plánování (včetně ÚAP) na 1 000 obyvatel správního obvodu,(D14.16+D14.16.1)/(D1.3/1000),H,
15,15.1,Počet rozhodnutí na 1 pracovníka,D15.1/D15.9,H,
15,15.2,Počet sledovaných úkonů celkem na jednoho pracovníka,D15.3/D15.9,H,"Počtem sledovaných úkonů rozumíme součet Rozhodnutí - závazných stanovisek vydaných orgánem státní památkové péče a Ostatních písemných stanovisek mimo správní rozhodnutí. Jedná se o celkový počet sledovaných úkonů, které souvisí s agendou památková péče k 31.12. sledovaného roku."
15,15.3,Počet památkově chráněných objektů,D15.4+D15.5,H,Počet nemovitých a movitých kulturních památek ve správním obvodu obce s rozšířenou působností.
15,15.4,"Počet památk. zón, rezervací, ochranných pásem správ. obvodu obce s rozšířenou působností",D15.8,H,"Celkový počet všech památkových zón, rezervací, ochranných pásem ve správním obvodu obce s rozšířenou působností."
15,15.5,Provozní výdaje na jeden sledovaný úkon v Kč,(D31.9/D31.1)/(D15.3/D15.9)*1000,H,"V Kč na jeden sledovaný úkon. Bez investičních výdajů souvisejících s činností úřadu (§ 6171). Vycházíme z údajů vyplněných v agendě 31. Výdaje na výkon státní správy a samosprávy. Provozní náklady odpovídají součtu níže uvedených položek, které jsou přepočteny na jednoho zaměstnance: Výdaje na platy, ostatní platby za provedenou práci a pojistné + Výdaje na činnost místní správy §6171 celkem bez mezd a odvodů + Ostatní výdaje v tis. Kč, které bezprostředně souvisí s výkonem státní správy a o nichž obec z analytických či jiných důvodů účtuje na jiných paragrafech než je §6171."
15,15.7,Počet žádostí o finanční podporu na obnovu kulturních památek (podpora obce),D15.6,V,Kolik bylo podáno žádostí o finanční podporu na obnovu kulturních památek; finanční podpora z obce. K 31.12. sledovaného roku.
15,15.8,Počet uspokojených žádostí (podpora obce),D15.7,V,"Kolika z podaných žádostí bylo vyhověno, kolik finančních podpor bylo poskytnuto (z prostředků obce). K 31.12. sledovaného roku."
15,15.9,Počet zaměstnanců - pracovních úvazků v agendě památková péče celkem,D15.9,H,
16,16.1,Celkový počet vydaných rozhodnutí ve věci na pracovníka (agendy),D16.13/D16.16.1,H,"Počet rozhodnutí celkem je součtem vstupních polí: ""Povolení záměru, změny záměru před dokončením, prodloužení doby trvání stavby"" + ""Užívání stavby - počet vydaných rozhodnutí"" + ""Pasport stavby"" + ""Odstraňování staveb - počet vydaných rozhodnutí"" + ""Jiná řízení a opatření - počet vydaných rozhodnutí"" + ""Počet projednaných přestupků"" + ""Vyvlastnění - rozhodnutí""."
16,16.2,"Celkový počet procesních ""rozhodnutí"" na pracovníka (agendy)",D16.6/D16.16.1,H,
16,16.3,Celkový počet vyjádření na pracovníka (agendy),D16.7/D16.16.1,H,
16,16.4,Celkový počet předběžných informací na pracovníka (agendy),D16.8/D16.16.1,H,
16,16.5,Celkový počet kontrolních prohlídek a kontrol dle kontrolního řádu na pracovníka (agendy),D16.9/D16.16.1,H,
16,16.6,Struktura celkového počtu vydaných rozhodnutí,D16.1+D16.2+D16.3+D16.4+D16.5+D16.10+D16.11,H,"Struktura vydaných rozhodnutí celkem se týká vstupních polí: ""Povolení záměru, změny záměru před dokončením, prodloužení doby trvání stavby"" + ""Užívání stavby - počet vydaných rozhodnutí"" + ""Pasport stavby"" + ""Odstraňování staveb - počet vydaných rozhodnutí"" + ""Jiná řízení a opatření - počet vydaných rozhodnutí"" + ""Počet projednaných přestupků"" + ""Vyvlastnění - rozhodnutí""."
16,16.7,"Struktura celkového počtu povolení záměru, změny záměru před dokončením, prodloužení doby trvání stavby",D16.1.1+D16.1.2+D16.1.3+D16.1.4,H,"Struktura počtu povolení záměru, změny záměru před dokončením, prodloužení doby trvání stavby se týká vstupních polí: ""Povolení ve věcech dopravních staveb nebo zařízení (v celém obvodu ORP)"" + ""Povolení ve věcech vodního díla - jednoduché stavby (v celém obvodu ORP)"" + ""Povolení ve věcech vodního díla - ostatní stavby (v celém obvodu ORP)"" + ""Povolení výjimky""."
16,16.8,Užívání stavby - struktura celkového počtu vydaných rozhodnutí,D16.2.1+D16.2.2+D16.2.3+D16.2.4,H,"Týká se vstupních polí: ""Kolaudace"" + ""Předčasné užívání"" + ""Zkušební provoz"" + ""Změna v užívání""."
16,16.9,Odstraňování staveb - struktura celkového počtu vydaných rozhodnutí,D16.4.1+D16.4.2+D16.4.3,H,"Týká se vstupních polí: ""Povolení odstranění"" + ""Nařízení odstranění"" + ""Dodatečné povolení""."
16,16.10,Počet projednaných přestupků na pracovníka (agendy),D16.10/D16.16.1,H,
16,16.11,Odvolacím orgánem zrušená rozhodnutí k počtu všech odvolání (v %),(D16.12.2/D16.12)*100,H,
16,16.12,Odvolacím orgánem zrušená rozhodnutí k počtu všech vydaných rozhodnutí (v %),(D16.12.2/D16.13)*100,H,
16,16.13,"Počet žádostí o informace dle zákona č. 106/1999 Sb., o svobodném přístupu k informacím",D16.15,H,
16,16.14,Počet katastrálních území ve správním obvodu ORP,D16.17,H,
16,16.15,Počet zaměstnanců - pracovních úvazků v agendě obecní stavební úřad celkem,D16.16.1,H,
16,16.15.1,Procento reálně obsazených pracovních úvazků SÚ,D16.16.2*100/D16.16.1,H,Procento reálně obsazených pracovních úvazků k celkovému počtu zaměstnanců - pracovních úvazků v agendě stavební úřad
16,16.16,"Počet pracovníků na 1000 obyvatel správního obvodu obce s rozšířenou působností, VČETNĚ cizinců",D16.16.1/(D1.3/1000),H,
16,16.17,"Počet pracovníků na 1000 obyvatel správního obvodu s působností stavebního úřadu, VČETNĚ cizinců",D16.16.1/(D1.5/1000),H,
17,17.2.1,Počet oznámených skutkových podstat dle zákona 251/2016 Sb. na 1 000 obyvatel obce,D17.2.1/(D1.1/1000),H,
17,17.2.1.1,Počet oznámených skutkových podstat dle zákona 251/2016 Sb. na 1 000 obyvatel obce a obcí s nimiž je uzavřena veřejnoprávní smlouva,D17.2.1/((D1.1+D17.1.1)/1000),H,
17,17.2.2,Počet oznámených skutkových podstat dle zákona 251/2016 Sb. na zaměstnance,D17.2.1/D17.6,H,
17,17.2.3,% struktura přestupků dle způsobu vyřízení (zákon 251/2016 Sb.),D17.2.2 + D17.2.3 + D17.2.4 + D17.2.5,H,
17,17.2.4,% odvolání z počtu oznámených skutkových podstat (zákon 251/2016 Sb.),D17.2.6*100/D17.2.1,H,
17,17.2.5,Počet odvolání dle zákona 251/2016 Sb. na zaměstnance,D17.2.6/D17.6,H,
17,17.3.1,Počet oznámených skutkových podstat OSTATNÍCH PŘESTUPKŮ dle zvláštních právních předpisů na zaměstnance,D17.3.1/D17.6,H,
17,17.3.2,% struktura OSTATNÍCH PŘESTUPKŮ dle způsobu vyřízení,D17.3.2 + D17.3.3 + D17.3.4 + D17.3.5,H,
17,17.3.3,% odvolání z počtu oznámených skutkových podstat (OSTATNÍ PŘESTUPKY),D17.3.6*100/D17.3.1,H,
17,17.3.4,Počet odvolání na zaměstnance (OSTATNÍ PŘESTUPKY),D17.3.6/D17.6,H,
17,17.4.1,Počet oznámených skutkových podstat CELKEM na zaměstnance,(D17.2.1+D17.3.1)/D17.6,H,
17,17.4.2,Počet oznámených skutkových podstat CELKEM na 1 000 obyvatel obce,(D17.2.1+D17.3.1)/(D1.1/1000),H,
17,17.4.3,Objem uložených pokut v Kč včetně nákladů řízení dle zákona 251/2016 Sb. a ostatních právních předpisů na počet oznámení CELKEM,(D17.4*1000)/(D17.2.1+D17.3.1),H,
17,17.5.1,Počet zaměstnanců - pracovních úvazků,D17.6,H,
17,17.5.2,Počet zaměstnanců agendy přestupků dle zákona 251/2016 Sb. na 1 000 obyvatel obvodu pro nějž výkon agendy zajišťuje,D17.6/((D1.3+D17.0.1)/1000),H,
17,17.6.1,"Počet obcí, za které úřad projednává přestupky dle zákona 251/2016 Sb. na základě rozhodnutí Krajského úřadu ve věci převodu výkonu této agendy",D17.0,H,
17,17.6.2,Počet uzavřených veřejnoprávních smluv o řešení přestupků dle zákona 251/2016 Sb.,D17.1,H,
17,17.7.1,"Počet OBYVATEL OBCÍ, za které úřad projednává přestupky na základě rozhodnutí Krajského úřadu ve věci převodu výkonu agendy a OBCÍ, s nimiž jsou uzavřeny veřejnoprávní smlouvy",D17.0.1+D17.1.1,H,
17,17.7.2,Projednáváte přestupky v přestupkové komisi? (ano = 1),D17.5,H,
18,18.1,Počet držitelů živnostenských oprávnění na 1000 obyvatel správního obvodu obce s rozšířenou působností,D18.1/D1.3*1000,H,
18,18.2.1,Počet držitelů živnostenských oprávnění připadajících na jednoho pracovníka ŽÚ,D18.1/(D18.6+D18.7+D18.8+D18.9),H,
18,18.2.2,Počet všech živnostenských oprávnění připadajících na jednoho pracovníka ŽÚ,D18.2/(D18.6+D18.7+D18.8+D18.9),H,
18,18.2.3,Počet pracovníků ŽÚ na 10 000 obyvatel správního obvodu,(D18.6 + D18.7 + D18.8)/(D1.3/10000),H,
18,18.3.1,Počet vybraných úkonů v registraci celkem na jednoho registračního pracovníka ŽÚ,(D18.3.1 + D18.3.2 + D18.3.3 + D18.3.4 + D18.3.5 + D18.3.6 + D18.3.7 + D18.3.9 + D18.3.10)/D18.6,H,"D18.3.1 Počet podnikatelů, kterým vzniklo ve sledovaném roce nové živnostenské oprávnění + D18.3.2 Počet vydaných výpisů ze ŽR jako průkazů živnostenských oprávnění + D18.3.3 Počet výpisů a potvrzení ze živnostenského rejstříku + D18.3.4 Počet vyrozumění o přerušení a pokračování v provozování živnosti + D18.3.5 Počet rozhodnutí o zrušení živnostenského oprávnění + D18.3.6 Počet vyrozumění o zápisu provozovny, změn do živnostenského rejstříku a míst pro vypořádání závazků po ukončení provozovny + D18.3.7 Počet rozhodnutí o pozastavení živnostenského oprávnění + D18.3.9 Počet avíz + D18.3.10 Počet odeslaných podání z JRF"
18,18.3.2,Struktura sledovaných úkonů registrace v %,D18.3.1 + D18.3.2 + D18.3.3 + D18.3.4 + D18.3.5 + D18.3.6 + D18.3.7 + D18.3.9 + D18.3.10,H,
18,18.4,% podíl sankčních zrušení živnostenských oprávnění z počtu zrušení živnostenských oprávnění celkem,D18.3.5.1*100/D18.3.5,H,
18,18.5,Počet podnětů celkem na jeden úvazek zaměstnanců Živnostenského úřadu,D18.3.8/(D18.6+D18.7+D18.8+D18.9),H,
18,18.5.1,% podíl podnětů od cizích osob z počtu podnětů celkem,D18.3.8.1*100/D18.3.8,V,
18,18.5.2,% podíl avíz a usnesení z počtu podnětů celkem,D18.3.9*100/D18.3.8,V,
18,18.6,"Počet kontrol, úkonů a úředních záznamů na jednoho kontrolního pracovníka ŽÚ",(D18.5.1+D18.5.2)/D18.7,H,
18,18.6.1,Počet předmětů kontrol připadajících na jednu kontrolu,D18.5.1.1/D18.5.1,V,
18,18.7.1,Počet uložených pokut příkazem a pokut v přestupkovém řízení (v ks) na jednoho kontrolního pracovníka,(D18.5.3+D18.5.5)/D18.7,H,
18,18.7.2,Počet uložených pokut příkazem a pokut v přestupkovém řízení (v ks) na počet kontrol,(D18.5.3+D18.5.5)/D18.5.1,V,
18,18.8,Průměrná výše pokuty uložené příkazem na místě v Kč,D18.5.4*1000/D18.5.3,V,
18,18.9,Průměrná výše pokuty uložené v přestupkovém řízení v Kč,D18.5.6*1000/D18.5.5,V,
18,18.10,Počet kontrol připadajících na 1 000 držitelů živnostenského oprávnění,D18.5.1/D18.1*1000,H,
18,18.11,Počet registrovaných zemědělských podnikatelů na jednoho pracovníka této agendy,D18.13/D18.8,H,
18,18.11.1,Počet registrovaných zemědělských podnikatelů,D18.13,V,
18,18.12,Provozní výdaje v Kč na jeden sledovaný úkon v registraci,(D31.9/D31.1)/((D18.3.1 + D18.3.2 + D18.3.3 + D18.3.4 + D18.3.5 + D18.3.6 + D18.3.7 + D18.3.9 + D18.3.10)/D18.6)*1000,V,Provozní výdaje jsou převzaty z agendy č. 31.
18,18.13,Struktura pracovních úvazků v agendě Živnostenského úřadu v %,D18.6+D18.7+D18.8+D18.9,H,
18,18.14,Struktura pracovních úvazků na odboru celkem v %,D18.6 + D18.7 + D18.8 + D18.9 + D18.10,H,
18,18.15,Počet úředních hodin v týdnu,D18.14,V,
19,19.1,Podíl nezaměstnaných na obyvatelstvu v % ve správním obvodu obce s rozšířenou působností (nebo v okrese),D1.17,H,
19,19.2,% podíl dětí do 18 let ve správním obvodu ORP k celkovému počtu obyvatel,D19.2*100/D1.3,H,
19,19.3,Míra náročnosti výkonu sociální práce,D19.1,V,I. Běžná míra náročnosti výkonu sociálně-právní ochrany - vyplňte prosím 1 II. Zvýšená míra náročnosti výkonu sociálně-právní ochrany - vyplňte prosím 2 III. Vysoká míra náročnosti výkonu sociálně-právní ochrany - vyplňte prosím 3
19,19.4,Evidovaný počet případů SPOD na 1 000 obyvatel správního obvodu,D19.3/(D1.3/1000),H,
19,19.5,Evidovaný počet případů SPOD na zaměstnance (bez úvazků na zajištění náhradní rodinné péče),D19.3/(D19.14-D19.14.1),H,
19,19.5.1,Počet případů SPOD zaevidovaných za sledovaný rok na zaměstnance (bez úvazků na zajištění náhradní rodinné péče),D19.5/(D19.14-D19.14.1),V,
19,19.5.2,"Počet případů kolizního opatrovnictví, poručnictví na zaměstnance (bez úvazků na zajištění náhradní rodinné péče)",D19.3.1/(D19.14-D19.14.1),H,
19,19.5.3,Počet spisů pomocné evidence na zaměstnance (bez úvazků na zajištění náhradní rodinné péče),D19.4/(D19.14-D19.14.1),V,
19,19.5.4.1,Počet dětí umístěných v náhradní péči zařízení pro péči o děti na zaměstnance (bez úvazků na zajištění náhradní rodinné péče),D19.8/(D19.14-D19.14.1),H,
19,19.5.4.2,Celkový počet dětí umístěných v náhradní péči zařízení pro péči o děti na zaměstnance (bez úvazků na zajištění náhradní rodinné péče),D19.8.1/(D19.14-D19.14.1),V,
19,19.5.4.3,Počet vypracovaných IPOD dětí dle § 6 zákona č. 359/1999 Sb. na zaměstnance,D19.7.1/(D19.14),H,
19,19.5.5,"Počet dětí, u kterých byl soudem či OSPOD stanoven dohled na zaměstnance",D19.10/(D19.14),H,
19,19.5.6,Počet zásahů v rámci pohotovostní služby OSPOD mimo pracovní dobu na zaměstnance (bez úvazků na zajištění náhradní rodinné péče),D19.11/(D19.14-D19.14.1),H,
19,19.5.7,Počet pořádaných případových konferencí na zaměstnance,D19.9/D19.14,H,
19,19.5.8,Počet dohod o výkonu pěstounské péče uzavřených OSPOD na zaměstnance (bez úvazků na zajištění náhradní rodinné péče),D19.6/(D19.14-D19.14.1),H,
19,19.5.9,Počet sociálních šetření a soudních jednání na zaměstnance,(D19.12.1+D19.12.2)/(D19.14-D19.14.1),V,
19,19.5.10.1,"Počet sociálních šetření na zaměstnance (bez úvazků na zajištění náhradní rodinné péče) - vyplňují pouze OSPOD, které průkazně sledují",(D19.12.1)/(D19.14-D19.14.1),V,
19,19.5.10.2,"Počet soudních jednání na zaměstnance (bez úvazků na zajištění náhradní rodinné péče) - vyplňují pouze OSPOD, které průkazně sledují",D19.12.2/(D19.14-D19.14.1),V,
19,19.5.10.3,Poměr soudních jednání a sociálních šetření v %,D19.12.1 + D19.12.2,V,
19,19.5.10.4,Struktura sledovaných případů a úkonů v %,D19.6 + D19.8 + D19.9 + D19.10 + D19.11,V,
19,19.5.11.1,Náklady (příjmy) na výkon OSPOD dle vyúčtování dotace MPSV v tis. Kč na úvazek,D19.15/D19.14,H,
19,19.5.11.2,Náklady (příjmy) na výkon OSPOD dle vyúčtování dotace MPSV v tis. Kč na evidovaný případ,D19.15/D19.3,V,
19,19.6.1,Počet dětí v náhradní rodinné péči na zaměstnance zajišťujícího tuto agendu,D19.5.1/D19.14.1,H,
19,19.6.2,Počet osob vykonávajících náhradní rodinnou péči na zaměstnance zajišťujícího tuto agendu,D19.5.2/D19.14.1,V,
19,19.6.3,Počet dětí v náhradní rodinné péči na 1 000 obyvatel správního obvodu,D19.5.1/(D1.3/1000),H,
19,19.6.4,Celkový počet dětí svěřených do pěstounské péče na přechodnou dobu na zaměstnance zajišťujícího tuto agendu,D19.5.1.1/D19.14.1,H,
19,19.7,Počet klientů kurátora pro děti a mládež na zaměstnance (kurátora),D19.13/D19.14.2,H,
19,19.8.1,ZVLÁŠTNÍ PŘÍJEMCE DÁVEK DŮCHODOVÉHO POJIŠTĚNÍ - počet správních rozhodnutí na 1 000 obyvatel obce,D19.16.1/(D1.1/1000),H,
19,19.8.2,ZVLÁŠTNÍ PŘÍJEMCE DÁVEK DŮCHODOVÉHO POJIŠTĚNÍ - počet evidovaných zvláštních příjemců dávek důchodového pojištění na 1 000 obyvatel obce,D19.16.2/(D1.1/1000),V,
19,19.9.1,VEŘEJNÉ OPATROVNICTVÍ - počet opatrovanců na 1 000 obyvatel obce,D19.17.1/(D1.1/1000),H,
19,19.9.2,VEŘEJNÉ OPATROVNICTVÍ - počet opatrovanců na úvazek zaměstnance agendy,D19.17.1/D19.17.5,H,
19,19.9.3,VEŘEJNÉ OPATROVNICTVÍ - % opatrovanců v pobytových zařízeních,D19.17.2*100/D19.17.1,H,
19,19.9.4,VEŘEJNÉ OPATROVNICTVÍ - Počty případů a sledovaných úkonů na zaměstnance agendy,(D19.17.1+D19.17.3+D19.17.4)/D19.17.5,H,
19,19.9.5,VEŘEJNÉ OPATROVNICTVÍ - % poměr sociálních šetření a návštěv,D19.17.3 + D19.17.4,V,
19,19.10.1,SOCIÁLNÍ PRÁCE - OHROŽENÉ A VYLOUČENÉ OSOBY - počet spisů NA 1 000 OBYVATEL OBCE S POVĚŘENÝM ÚŘADEM,D19.18.1/(D1.2/1000),H,
19,19.10.2,SOCIÁLNÍ PRÁCE - OHROŽENÉ A VYLOUČENÉ OSOBY - počet anonymních klientů na 1 000 OBYVATEL OBCE S POVĚŘENÝM ÚŘADEM,D19.18.2/(D1.2/1000),V,
19,19.10.3,SOCIÁLNÍ PRÁCE - OHROŽENÉ A VYLOUČENÉ OSOBY - počet spisů na zaměstnance agendy,D19.18.1/D19.18.4,H,
19,19.10.4,SOCIÁLNÍ PRÁCE - OHROŽENÉ A VYLOUČENÉ OSOBY - počet anonymních klientů na zaměstnance agendy,D19.18.2/D19.18.4,H,
19,19.10.5,SOCIÁLNÍ PRÁCE - OHROŽENÉ A VYLOUČENÉ OSOBY - počet sociálních šetření na zaměstnance agendy,D19.18.3/D19.18.4,H,
19,19.11.1,SOCIÁLNÍ KURATELA - OSOBY VE VÝKONU VAZBY A TRESTU ODNĚTÍ SVOBODY - počet návštěv ve věznicích na zaměstnance agendy,D19.19.1/D19.19.2,H,
19,19.11.2,SOCIÁLNÍ KURATELA - počet vypracovaných IPMD na zaměstnance agendy,D19.19.3/D19.19.2,H,
19,19.12.1,VÝMĚNA A VÝDEJ PARKOVACÍCH PRŮKAZŮ počet ks za období sledovaného roku,D19.20,V,
19,19.12.2,VÝMĚNA A VÝDEJ PARKOVACÍCH PRŮKAZŮ počet ks na 1 000 obyvatel správního obvodu,D19.20/(D1.3/1000),H,
19,19.13.1,POČET UZAVŘENÝCH (PODEPSANÝCH) SMLUV A DODATKŮ DLE § 91 odst. 6 zák. č. 108/2006 Sb.,D19.21,V,
19,19.13.2,POČET UZAVŘENÝCH (PODEPSANÝCH) SMLUV A DODATKŮ DLE § 91 odst. 6 zák. č. 108/2006 Sb. na 1 000 obyvatel správního obvodu,D19.21/(D1.3/1000),H,
19,19.14.1,POČET SOCIÁLNÍCH POHŘBŮ na 1 000 obyvatel obce,D19.22/(D1.1/1000),H,
19,19.14.2,POČET SOCIÁLNÍCH POHŘBŮ ve sledovaném roce,D19.22,V,
19,19.15.1,Počet pracovních úvazků odboru sociálních věcí celkem (bez kategorie ostatní) na 1 000 obyvatel správního obvodu,(D19.14+D19.17.5+D19.18.4+D19.19.2)/(D1.3/1000),H,
19,19.15.2,Struktura úvazků (bez kategorie ostatních zaměstnanců) v %,D19.14.3+D19.14.1+D19.14.2+D19.17.5+D19.18.4+D19.19.2,V,
19,19.15.3,Počet ostatních zaměstnanců - pracovních úvazků odboru sociálních věcí na 1 000 obyvatel správního obvodu,D19.23/(D1.3/1000),H,
20,20.1,Počet pravomocně vydaných rozhodnutí na jednoho zaměstnance,D20.1/D20.8,H,
20,20.2.1,"Celkový počet přestupků řešených rozhodnutím, příkazem, příkazem na místě nebo blokovou pokutou na jednoho zaměstnance",D20.2.1/D20.8,H,
20,20.2.2,"Vyplňte 1 pokud přestupky řešíte sami na odboru, 0 pokud je předáváte k řešení na specializované pracoviště, odbor, oddělení nebo 2 (kombinace, jiné)",D20.2.2,H,
20,20.3,% povolení nakládání s vodami z vydaných rozhodnutí celkem,D20.3*100/D20.1,H,
20,20.4,% vydaných opatření obecné povahy z vydaných rozhodnutí celkem,D20.4*100/D20.1,H,
20,20.5,Počet vydaných souhlasů dle §17 MIMO JES na jednoho zaměstnance,D20.5/D20.8,H,
20,20.6,Počet řešených havarijních situací na jednoho zaměstnance,D20.6/D20.8,H,
20,20.7,Počet provedených kontrol (dozorů) se zápisem na jednoho zaměstnance,D20.7/D20.8,H,
21,21.1,Počet vydaných správních rozhodnutí na jednoho zaměstnance,D21.1/D21.4,H,
21,21.1.1,% vydaných správních rozhodnutí z moci úřední z vydaných rozhodnutí celkem,D21.1.1*100/D21.1,H,
21,21.1.2,"Celkový počet přestupků řešených rozhodnutím, příkazem, příkazem na místě nebo blokovou pokutou na jednoho zaměstnance",D21.1.1/D21.4,H,
21,21.1.3,"Vyplňte 1 pokud přestupky řešíte sami na odboru, 0 pokud je předáváte k řešení na specializované pracoviště, odbor, oddělení nebo 2 (kombinace, jiné)",D21.1.2.1,H,
21,21.2,Počet provedených kontrol (dozorů) se zápisem na jednoho zaměstnance,D21.2/D21.4,H,
21,21.4,Výměra pozemků určených k plnění funkce lesa ve správním obvodu v hektarech na jednoho zaměstnance,D21.3/D21.4,H,
22,22.1,Počet vydaných správních rozhodnutí na jednoho zaměstnance,D22.1/D22.5,H,
22,22.2.1,"Celkový počet přestupků řešených rozhodnutím, příkazem, příkazem na místě nebo blokovou pokutou na jednoho zaměstnance",D22.2.1/D22.5,H,
22,22.2.2,"Vyplňte 1 pokud přestupky řešíte sami na odboru, 0 pokud je předáváte k řešení na specializované pracoviště, odbor, oddělení nebo 2 (kombinace, jiné)",D22.2.2,H,
22,22.3,Počet provedených kontrol (dozorů) se zápisem na jednoho zaměstnance,D22.3/D22.5,H,
22,22.4,Počet hlášení evidence odpadů celkem ze zákona o odpadech na jednoho zaměstnance,D22.4/D22.5,H,
23,23.1.1,"Celkový počet přestupků řešených rozhodnutím, příkazem, příkazem na místě nebo blokovou pokutou na jednoho zaměstnance",D23.1.1/D23.3,H,
23,23.1.2,"Vyplňte 1 pokud přestupky řešíte sami na odboru, 0 pokud je předáváte k řešení na specializované pracoviště, odbor, oddělení nebo 2 (kombinace, jiné)",D23.1.2,H,
23,23.2,Počet provedených kontrol (dozorů) se zápisem na jednoho zaměstnance,D23.2/D23.3,H,
24,24.1,Počet vydaných správních rozhodnutí o vynětí ze ZPF na jednoho zaměstnance,D24.1/D24.5,H,
24,24.2,Počet vydaných správních rozhodnutí o odvodech za odnětí půdy ze ZPF na jednoho zaměstnance,D24.2/D24.5,H,
24,24.3.1,"Celkový počet přestupků řešených rozhodnutím, příkazem, příkazem na místě nebo blokovou pokutou na jednoho zaměstnance",D24.3.1/D24.5,H,
24,24.3.2,"Vyplňte 1 pokud přestupky řešíte sami na odboru, 0 pokud je předáváte k řešení na specializované pracoviště, odbor, oddělení nebo 2 (kombinace, jiné)",D24.3.2,H,
24,24.4,Počet provedených kontrol (dozorů) se zápisem na jednoho zaměstnance,D24.4/D24.5,H,
25,25.1,Počet vydaných správních rozhodnutí v agendě na jednoho zaměstnance,D25.1/D25.4,H,
25,25.2.1,"Celkový počet přestupků řešených rozhodnutím, příkazem, příkazem na místě nebo blokovou pokutou na jednoho zaměstnance",D25.2.1/D25.4,H,
25,25.2.2,"Vyplňte 1 pokud přestupky řešíte sami na odboru, 0 pokud je předáváte k řešení na specializované pracoviště, odbor, oddělení nebo 2 (kombinace, jiné)",D25.2.2,H,
25,25.3,Počet provedených kontrol (dozorů) se zápisem na jednoho zaměstnance,D25.3/D25.4,H,
26,26.1,Počet vydaných správních rozhodnutí na zaměstnance,D26.1/D26.5,H,
26,26.2.1,"Celkový počet přestupků řešených rozhodnutím, příkazem, příkazem na místě nebo blokovou pokutou na jednoho zaměstnance",D26.2.1/D26.5,H,
26,26.2.2,"Vyplňte 1 pokud přestupky řešíte sami na odboru, 0 pokud je předáváte k řešení na specializované pracoviště, odbor, oddělení nebo 2 (kombinace, jiné)",D26.2.2,H,
26,26.3,Počet oznámení o kácení dřevin na jednoho zaměstnance,D26.3/D26.5,H,
26,26.4,"Počet provedených kontrol (dozorů) se zápisem (podle § 85 zákona č. 114/1992 Sb., o ochraně přírody a krajiny) na jednoho zaměstnance",D26.4/D26.5,H,
27,27.1,Počet vydaných správních rozhodnutí na jednoho zaměstnance,D27.1/D27.6,H,
27,27.2.1,"Celkový počet přestupků řešených rozhodnutím, příkazem, příkazem na místě nebo blokovou pokutou na jednoho zaměstnance",D27.1.1/D27.6,H,
27,27.2.2,"Vyplňte 1 pokud přestupky řešíte sami na odboru, 0 pokud je předáváte k řešení na specializované pracoviště, odbor, oddělení nebo 2 (kombinace, jiné)",D27.1.2,H,
27,27.3,Počet provedených kontrol (dozorů) se zápisem na jednoho zaměstnance,D27.2/D27.6,H,
27,27.4,"Počet vydaných stanovisek, vyjádření apod. mimo správní řízení na jednoho zaměstnance",D27.3/D27.6,V,
27,27.5,Počet vydaných loveckých lístků na jednoho zaměstnance,D27.4/D27.6,H,
27,27.6,Počet honiteb ve správním obvodu,D27.5,H,
28,28.1,Počet vydaných správních rozhodnutí na jednoho zaměstnance,D28.1/D28.4,H,
28,28.2.1,"Celkový počet přestupků řešených rozhodnutím, příkazem, příkazem na místě nebo blokovou pokutou na jednoho zaměstnance",D28.2.1/D28.4,H,
28,28.2.2,"Vyplňte 1 pokud přestupky řešíte sami na odboru, 0 pokud je předáváte k řešení na specializované pracoviště, odbor, oddělení nebo 2 (kombinace, jiné)",D28.2.2,H,
28,28.3,Počet vydaných rybářských lístků na jednoho zaměstnance,D28.3/D28.4,H,
30,30.1,"Počet koordinovaných stanovisek, počet koordinovaných závazných stanovisek, počet JES a předběžných informací vydaných za úřad na jednoho koordinátora",D30.1/D30.2,H,
30,30.2,Počet JES vydaných samostatně + počet koordinovaných závazných stanovisek obsahující JES na jednoho zaměstnance agend životního prostředí,D30.1.1/(D20.8 + D21.4 + D22.5 + D23.3 + D24.5 + D25.4 + D26.5 + D27.6 + D28.4),H,
30,30.3,"Počet všech rozhodnutí, loveckých a rybářských lístků na zaměstnance za všechny sledované agendy ŽP",(D20.1+D21.1+D22.1+D23.1.1+D24.1+D25.1+D26.1+D27.1+D27.4+D28.1+D28.3)/(D20.8+D21.4+D22.5+D23.3+D24.5+D25.4+D26.5+D27.6+D28.4),H,
30,30.4,Počty provedených kontrol (dozorů) se zápisem na jednoho zaměstnance za všechny sledované agendy ŽP,(D20.7+D21.2+D22.3+D23.2+D24.4+D25.3+D26.4+D27.2)/(D20.8+D21.4+D22.5+D23.3+D24.5+D25.4+D26.5+D27.6),H,
30,30.5,"% struktura všech rozhodnutí, loveckých a rybářských lístků na zaměstnance za všechny sledované agendy ŽP",D20.1+D21.1+D22.1+D23.1.1+D24.1+D25.1+D26.1+D27.1+D27.4+D28.1+D28.3,H,
30,30.5.1,% struktura všech vydaných rozhodnutí,D20.1+D21.1+D22.1+D23.1.1+D24.1+D25.1+D26.1+D27.1+D28.1,H,
30,30.6,% struktura provedených kontrol (dozorů) se zápisem za všechny sledované agendy ŽP,D20.7+D21.2+D22.3+D23.2+D24.4+D25.3+D26.4+D27.2,H,
30,30.7,% struktura úvazků v agendách ŽP,D20.8+D21.4+D22.5+D23.3+D24.5+D25.4+D26.5+D27.6+D28.4,H,
30,30.8,Počet úvazků v agendách životního prostředí na 1 000 obyvatel správního obvodu,(D20.8+D21.4+D22.5+D23.3+D24.5+D25.4+D26.5+D27.6+D28.4)/(D1.3/1000),H,
31,31.1,% zaměstnanců zajišťujících výkon státní správy,D31.2,H,"Včetně poměrného započtení tzv. obslužných a manažerských profesí; bez zaměstnanců zajišťujících správu, výběr místních poplatků (až do prvního vyměření)!!! Z místních poplatků zahrneme pouze úvazek týkající se vymáhání pohledávek. Rovněž do tohoto údaje nepočítáme všechny zaměstnance, kteří spravují a evidují pohledávky vzniklé v samostatné působnosti obce (např. pokuty městské policie, pokuty dle zákona o obcích apod.). U těchto sankcí zahrneme opět pouze úvazek týkající se vymáhání. K 31.12. sledovaného roku."
31,31.1.1,% úvazků financovaných z projektových zdrojů,D31.1.1*100/D31.1,H,
31,31.2,Počet zaměstnanců zajišťujících výkon státní správy na 1 000 obyvatel správního obvodu obce s rozšířenou působností,D31.2.1/D31.14*1000,H,"Včetně poměrného započtení tzv. obslužných a manažerských profesí; bez zaměstnanců zajišťujících správu, výběr místních poplatků (až do prvního vyměření)!!! Z místních poplatků zahrneme pouze úvazek týkající se vymáhání pohledávek. Rovněž do tohoto údaje nepočítáme všechny zaměstnance, kteří spravují a evidují pohledávky vzniklé v samostatné působnosti obce (např. pokuty městské policie, pokuty dle zákona o obcích apod.). U těchto sankcí zahrneme opět pouze úvazek týkající se vymáhání. K 31.12. sledovaného roku."
31,31.3,Počet zaměstnanců zajišťujících výkon samosprávy na 1 000 obyvatel obce,D31.3.1/D1.1*1000,H,"Včetně poměrného započtení tzv. obslužných a manažerských profesí; bez zaměstnanců zajišťujících správu, výběr místních poplatků (až do prvního vyměření)!!! Z místních poplatků zahrneme pouze úvazek týkající se vymáhání pohledávek. Rovněž do tohoto údaje nepočítáme všechny zaměstnance, kteří spravují a evidují pohledávky vzniklé v samostatné působnosti obce (např. pokuty městské policie, pokuty dle zákona o obcích apod.). U těchto sankcí zahrneme opět pouze úvazek týkající se vymáhání. K 31.12. sledovaného roku."
31,31.4,Mzdy a odvody na jednoho zaměstnance v Kč,D31.10/D1.19*1000,H,Jedná se o průměrný přepočet na jednoho zaměstnance zařazeného do úřadu (bez ohledu na to zda a jakým poměrem pracovního úvazku zajišťuje výkon státní správy a samosprávy).
31,31.5,Provozní výdaje na jednoho zaměstnance v Kč (včetně mezd a odvodů),D31.9/D31.1*1000,H,"Výdaje na činnost místní správy včetně mezd a odvodů celkem (bez investičních výdajů) v tis. Kč na jednoho zaměstnance. Jedná se o průměrný přepočet na jednoho zaměstnance zařazeného do úřadu (bez ohledu na to zda a jakým poměrem pracovního úvazku zajišťuje výkon státní správy a samosprávy), včetně uvolněných zastupitelů (viz definice vstupního pole D31.1). K 31.12. sledovaného roku."
31,31.5.1,Provozní výdaje na jednoho zaměstnance včetně odpisů majetku v Kč,(D31.9+D31.11.2)/D31.1*1000,V,
31,31.6,Investiční výdaje na jednoho zaměstnance v Kč,D31.13/D31.1*1000,V,"Investiční výdaje na §6171, pol. 6XXX (věci movité, nemovité i nehmotný majetek). Jedná se o průměrný přepočet na jednoho zaměstnance zařazeného do úřadu (bez ohledu na to zda a jakým poměrem pracovního úvazku zajišťuje výkon státní správy a samosprávy), včetně uvolněných zastupitelů (viz definice vstupního pole D31.1). K 31.12. sledovaného roku."
31,31.7,"Výdaje celkem na jednoho zaměstnance v Kč (provozní, investiční, odpisy)",(D31.9+D31.13+D31.11.2)/D31.1*1000,V,"Součet provozních, investičních výdajů a odpisů na jednoho zaměstnance. Jedná se o průměrný přepočet na jednoho zaměstnance zařazeného do úřadu (bez ohledu na to zda a jakým poměrem pracovního úvazku zajišťuje výkon státní správy a samosprávy), včetně uvolněných zastupitelů (viz definice vstupního pole D31.1). K 31.12. sledovaného roku."
31,31.8,Příjmy z výkonu státní správy v Kč na jednoho zaměstnance zajišťujícího výkon státní správy,D31.4/D31.2.1*1000,H,"K výpočtu je využito kvalifikovaného odhadu % podílu úvazků zaměstnanců zajišťujících výkon státní správy. Včetně poměrného započtení tzv. obslužných profesí; bez zaměstnanců zajišťujících správu, výběr a vymáhání místních poplatků!!! Rovněž do tohoto údaje nepočítáme všechny zaměstnance, kteří vymáhají pohledávky vzniklé v samostatné působnosti obce (např. pokuty městské policie, pokuty dle zákona o obcích apod.). K 31.12. sledovaného roku. Více viz definice vstupního datového pole 31.2."
31,31.8.2,Výdaje na AGENDU samosprávy,(D31.1.0.2*((D31.10*D31.1.0.1/(D31.1.0.1+D31.1.0.2+D31.1.0.3+D31.1.0.4))+(D31.10*D31.1.0.2/(D31.1.0.1+D31.1.0.2+D31.1.0.3+D31.1.0.4))/(D31.1.0.1+D31.1.0.2))+(D31.11+D31.12+(D31.10*(D31.1.0.3+D31.1.0.4)/(D31.1.0.1+D31.1.0.2+D31.1.0.3+D31.1.0.4))/(D31.1.0.1+D31.1.0.2))),V,
31,31.9,Rozdíl mezi příjmy a provozními výdaji z výkonu státní správy v Kč na jednoho zaměstnance zajišťujícího výkon státní správy,(D31.4-(((D31.10+D31.11)/D31.1*D31.2.1)+D31.12))/D31.2.1*1000,H,"Provozní výdaje jsou vypočteny na základě % poměru zaměstnanců zajišťujících výkon státní správy. Včetně poměrného započtení tzv. obslužných profesí; bez zaměstnanců zajišťujících správu, výběr a vymáhání místních poplatků!!! Rovněž do tohoto údaje nepočítáme všechny zaměstnance, kteří vymáhají pohledávky vzniklé v samostatné působnosti obce (např. pokuty městské policie, pokuty dle zákona o obcích apod.). K 31.12. sledovaného roku. Více viz definice vstupního datového pole 31.2."
31,31.9.1,Rozdíl mezi příjmy a výdaji celkem z výkonu státní správy v Kč na jednoho zaměstnance zajišťujícího výkon státní správy - včetně odpisů majetku ve sledovaném roce,(D31.4-(((D31.10+D31.11+D31.11.2)/D31.1*D31.2.1)+D31.12))/D31.2.1*1000,V,
31,31.9.2,Výdaje na SS celkem,(((D31.10*D31.1.0.1/(D31.1.0.1+D31.1.0.2+D31.1.0.3+D31.1.0.4))+(D31.10*D31.1.0.2/(D31.1.0.1+D31.1.0.2+D31.1.0.3+D31.1.0.4))/(D31.1.0.1+D31.1.0.2))+((D31.11+D31.12+(D31.10*D31.1.0.3/(D31.1.0.1+D31.1.0.2+D31.1.0.3+D31.1.0.4)))/(D31.1.0.1+D31.1.0.2)))*D31.1.0.1,V,
31,31.10,Rozdíl mezi příjmy a výdaji celkem z výkonu státní správy v Kč na jednoho zaměstnance zajišťujícího výkon státní správy - včetně investic ve sledovaném roce,(D31.4-((((D31.10+D31.11+D31.13)/D31.1)*D31.2.1)+D31.12))/D31.2.1*1000,V,"Výdaje celkem = součet provozních výdajů a výdajů investičních vypočtených na základě % poměru zaměstnanců zajišťujících výkon státní správy. Včetně poměrného započtení tzv. obslužných profesí; bez zaměstnanců zajišťujících správu, výběr a vymáhání místních poplatků!!! Rovněž do tohoto údaje nepočítáme všechny zaměstnance, kteří vymáhají pohledávky vzniklé v samostatné působnosti obce (např. pokuty městské policie, pokuty dle zákona o obcích apod.). K 31.12. sledovaného roku. Více viz definice vstupního datového pole 31.2."
31,31.10.1,Rozdíl mezi příjmy a výdaji celkem z výkonu státní správy v Kč na jednoho zaměstnance zajišťujícího výkon státní správy - včetně investic a odpisů ve sledovaném roce,(D31.4-((((D31.10+D31.11+D31.11.2+D31.13)/D31.1)*D31.2.1)+D31.12))/D31.2.1*1000,V,
31,31.10.2,Rozdíl mezi příjmy a provozními výdaji z výkonu státní správy v Kč,(D31.4-(((D31.10+D31.11)/D31.1*D31.2.1)+D31.12))*1000,H,
31,31.11,Podíl běžných výdajů na činnost místní správy celkem na běžných výdajích města v %,D31.9*100/D42.9.1,H,
31,31.11.1,Podíl běžných výdajů na činnost místní správy včetně odpisů majetku na běžných výdajích města v %,(D31.9+D31.11.2)*100/D42.9.1,V,
31,31.12,Běžné výdaje na činnost místní správy v Kč na jednoho obyvatele správního obvodu,(D31.9*1000)/(D31.14),H,
31,31.12.1,Běžné výdaje na činnost místní správy včetně odpisů majetku v Kč na jednoho obyvatele správního obvodu,((D31.9+D31.11.2)*1000)/(D31.14),V,
31,31.13,Příjmy ze správních poplatků na obyvatele správního obvodu v Kč,(D31.6*1000)/D1.3,V,
31,31.20.1.1,Osobní výdaje - státní správa,D31.10*D31.1.0.1/(D31.1.0.1+D31.1.0.2+D31.1.0.3+D31.1.0.4),V,podíl osobních výdajů za státoprávními úvazky
31,31.20.1.2,Osobní výdaje - samospráva správa,D31.10*D31.1.0.2/(D31.1.0.1+D31.1.0.2+D31.1.0.3+D31.1.0.4),V,podíl osobních výdajů za samosprávnými úvazky
31,31.20.1.3,Osobní výdaje - servisní zaměstnanci,D31.10*D31.1.0.3/(D31.1.0.1+D31.1.0.2+D31.1.0.3+D31.1.0.4),V,podíl osobních výdajů za úvazky servisních pracovníků
31,31.20.1.4,Osobní výdaje - manažerské úvazky,D31.10*D31.1.0.4/(D31.1.0.1+D31.1.0.2+D31.1.0.3+D31.1.0.4),V,podíl osobních výdajů za úvazky vedoucích pracovníků
31,31.20.2,Režijní výdaje,D31.11+D31.12+(D31.10*(D31.1.0.3+D31.1.0.4)/(D31.1.0.1+D31.1.0.2+D31.1.0.3+D31.1.0.4)),V,provozní výdaje 6171 (D31.11+D31.12) + osobní výdaje za servisními a manažerskými pracovníky
31,31.20.3.1,Osobní výdaje na 1 zaměstnance (včetně SERV a MAN),D31.10/(D31.1.0.1+D31.1.0.2+D31.1.0.3+D31.1.0.4),V,
31,31.20.3.2,Režijní výdaje na 1 zaměstnance (bez platů SERV a MAN),((D31.11+D31.12+(D31.10*(D31.1.0.3+D31.1.0.4)/(D31.1.0.1+D31.1.0.2+D31.1.0.3+D31.1.0.4)))-(D31.10*(D31.1.0.3+D31.1.0.4)/(D31.1.0.1+D31.1.0.2+D31.1.0.3+D31.1.0.4)))/(D31.1.0.1+D31.1.0.2+D31.1.0.3+D31.1.0.4),H,
31,31.20.4,Výdaje na 1 zaměstnance celkem (všech),(D31.10/(D31.1.0.1+D31.1.0.2+D31.1.0.3+D31.1.0.4))+(((D31.11+D31.12+(D31.10*(D31.1.0.3+D31.1.0.4)/(D31.1.0.1+D31.1.0.2+D31.1.0.3+D31.1.0.4)))-(D31.10*(D31.1.0.3+D31.1.0.4)/(D31.1.0.1+D31.1.0.2+D31.1.0.3+D31.1.0.4)))/(D31.1.0.1+D31.1.0.2+D31.1.0.3+D31.1.0.4)),V,
31,31.20.5.1,Podíl osobních výdajů,((D31.10/(D31.1.0.1+D31.1.0.2+D31.1.0.3+D31.1.0.4))/((D31.10/(D31.1.0.1+D31.1.0.2+D31.1.0.3+D31.1.0.4))+(((D31.11+D31.12+(D31.10*(D31.1.0.3+D31.1.0.4)/(D31.1.0.1+D31.1.0.2+D31.1.0.3+D31.1.0.4)))-(D31.10*(D31.1.0.3+D31.1.0.4)/(D31.1.0.1+D31.1.0.2+D31.1.0.3+D31.1.0.4)))/(D31.1.0.1+D31.1.0.2+D31.1.0.3+D31.1.0.4))))*100,V,
31,31.20.5.2,Podíl režijních výdajů,100-(((D31.10/(D31.1.0.1+D31.1.0.2+D31.1.0.3+D31.1.0.4))/((D31.10/(D31.1.0.1+D31.1.0.2+D31.1.0.3+D31.1.0.4))+(((D31.11+D31.12+(D31.10*(D31.1.0.3+D31.1.0.4)/(D31.1.0.1+D31.1.0.2+D31.1.0.3+D31.1.0.4)))-(D31.10*(D31.1.0.3+D31.1.0.4)/(D31.1.0.1+D31.1.0.2+D31.1.0.3+D31.1.0.4)))/(D31.1.0.1+D31.1.0.2+D31.1.0.3+D31.1.0.4))))*100),H,
31,31.20.6.1,OV na 1 zam. agend SS a SAM (bez SERV a bez MAN),((D31.10*D31.1.0.1/(D31.1.0.1+D31.1.0.2+D31.1.0.3+D31.1.0.4))+(D31.10*D31.1.0.2/(D31.1.0.1+D31.1.0.2+D31.1.0.3+D31.1.0.4)))/(D31.1.0.1+D31.1.0.2),V,
31,31.20.6.2,RV na 1 zam. agend SS a SAM (včetně platů SERV a MAN),(D31.11+D31.12+(D31.10*(D31.1.0.3+D31.1.0.4)/(D31.1.0.1+D31.1.0.2+D31.1.0.3+D31.1.0.4)))/(D31.1.0.1+D31.1.0.2),V,
31,31.20.6.3,Výdaje na 1 zam. agend SS a SAM celkem (bez SERV a MAN),(((D31.10*D31.1.0.1/(D31.1.0.1+D31.1.0.2+D31.1.0.3+D31.1.0.4))+(D31.10*D31.1.0.2/(D31.1.0.1+D31.1.0.2+D31.1.0.3+D31.1.0.4)))/(D31.1.0.1+D31.1.0.2))+((D31.11+D31.12+(D31.10*(D31.1.0.3+D31.1.0.4)/(D31.1.0.1+D31.1.0.2+D31.1.0.3+D31.1.0.4)))/(D31.1.0.1+D31.1.0.2)),V,
31,31.20.7.1,% OV (z hlediska agend),(((D31.10*D31.1.0.1/(D31.1.0.1+D31.1.0.2+D31.1.0.3+D31.1.0.4))+(D31.10*D31.1.0.2/(D31.1.0.1+D31.1.0.2+D31.1.0.3+D31.1.0.4)))/(D31.1.0.1+D31.1.0.2))/((((D31.10*D31.1.0.1/(D31.1.0.1+D31.1.0.2+D31.1.0.3+D31.1.0.4))+(D31.10*D31.1.0.2/(D31.1.0.1+D31.1.0.2+D31.1.0.3+D31.1.0.4)))/(D31.1.0.1+D31.1.0.2))+((D31.11+D31.12+(D31.10*(D31.1.0.3+D31.1.0.4)/(D31.1.0.1+D31.1.0.2+D31.1.0.3+D31.1.0.4)))/(D31.1.0.1+D31.1.0.2)))*100,V,
31,31.20.7.2,% RV (z hlediska agend),((D31.11+D31.12+(D31.10*(D31.1.0.3+D31.1.0.4)/(D31.1.0.1+D31.1.0.2+D31.1.0.3+D31.1.0.4)))/(D31.1.0.1+D31.1.0.2))/((((D31.10*D31.1.0.1/(D31.1.0.1+D31.1.0.2+D31.1.0.3+D31.1.0.4))+(D31.10*D31.1.0.2/(D31.1.0.1+D31.1.0.2+D31.1.0.3+D31.1.0.4)))/(D31.1.0.1+D31.1.0.2))+((D31.11+D31.12+(D31.10*(D31.1.0.3+D31.1.0.4)/(D31.1.0.1+D31.1.0.2+D31.1.0.3+D31.1.0.4)))/(D31.1.0.1+D31.1.0.2)))*100,V,
31,31.20.8,Výdaje na AGENDU státní správy,((((D31.10*D31.1.0.1/(D31.1.0.1+D31.1.0.2+D31.1.0.3+D31.1.0.4))+(D31.10*D31.1.0.2/(D31.1.0.1+D31.1.0.2+D31.1.0.3+D31.1.0.4)))/(D31.1.0.1+D31.1.0.2))+((D31.11+D31.12+(D31.10*(D31.1.0.3+D31.1.0.4)/(D31.1.0.1+D31.1.0.2+D31.1.0.3+D31.1.0.4)))/(D31.1.0.1+D31.1.0.2)))*D31.1.0.1,V,
31,31.20.9,Výdaje na správu celkem,(D31.11+D31.12+(D31.10*(D31.1.0.3+D31.1.0.4)/(D31.1.0.1+D31.1.0.2+D31.1.0.3+D31.1.0.4)))-(D31.10*(D31.1.0.3+D31.1.0.4)/(D31.1.0.1+D31.1.0.2+D31.1.0.3+D31.1.0.4))+D31.10,V,
31,31.20.9.1,Výdaje na SS celkem,((((D31.10*D31.1.0.1/(D31.1.0.1+D31.1.0.2+D31.1.0.3+D31.1.0.4))+(D31.10*D31.1.0.2/(D31.1.0.1+D31.1.0.2+D31.1.0.3+D31.1.0.4)))/(D31.1.0.1+D31.1.0.2))+((D31.11+D31.12+(D31.10*(D31.1.0.3+D31.1.0.4)/(D31.1.0.1+D31.1.0.2+D31.1.0.3+D31.1.0.4)))/(D31.1.0.1+D31.1.0.2)))*D31.1.0.1,V,
31,31.20.9.1.01,Náklad na 1 úvazek SS,((((D31.10*D31.1.0.1/(D31.1.0.1+D31.1.0.2+D31.1.0.3+D31.1.0.4))+(D31.10*D31.1.0.2/(D31.1.0.1+D31.1.0.2+D31.1.0.3+D31.1.0.4)))/(D31.1.0.1+D31.1.0.2))+((D31.11+D31.12+(D31.10*(D31.1.0.3+D31.1.0.4)/(D31.1.0.1+D31.1.0.2+D31.1.0.3+D31.1.0.4)))/(D31.1.0.1))),H,
31,31.20.9.1.11,Náklad na 1 úvazek SS (opravený),(((D31.10+D31.11+D31.12)*(D31.1.0.1/(D31.1.0.1+D31.1.0.2+D31.1.0.3+D31.1.0.4))) +((D31.10+D31.11+D31.12)*((D31.1.0.3+D31.1.0.4)/(D31.1.0.1+D31.1.0.2+D31.1.0.3+D31.1.0.4))*(D31.1.0.1/(D31.1.0.1+D31.1.0.2)))) /D31.1.0.1,V,
31,31.20.9.2,Výdaje na SAM celkem,((((D31.10*D31.1.0.1/(D31.1.0.1+D31.1.0.2+D31.1.0.3+D31.1.0.4))+(D31.10*D31.1.0.2/(D31.1.0.1+D31.1.0.2+D31.1.0.3+D31.1.0.4)))/(D31.1.0.1+D31.1.0.2))+((D31.11+D31.12+(D31.10*(D31.1.0.3+D31.1.0.4)/(D31.1.0.1+D31.1.0.2+D31.1.0.3+D31.1.0.4)))/(D31.1.0.1+D31.1.0.2)))*D31.1.0.2,V,
31,31.20.9.2.01,Náklad na 1 úvazek SAM,((((D31.10*D31.1.0.1/(D31.1.0.1+D31.1.0.2+D31.1.0.3+D31.1.0.4))+(D31.10*D31.1.0.2/(D31.1.0.1+D31.1.0.2+D31.1.0.3+D31.1.0.4)))/(D31.1.0.1+D31.1.0.2))+((D31.11+D31.12+(D31.10*(D31.1.0.3+D31.1.0.4)/(D31.1.0.1+D31.1.0.2+D31.1.0.3+D31.1.0.4)))/(D31.1.0.2))),V,
31,31.20.10,Výdaje na SS po odečtení příjmů,(((((D31.10*D31.1.0.1/(D31.1.0.1+D31.1.0.2+D31.1.0.3+D31.1.0.4))+(D31.10*D31.1.0.2/(D31.1.0.1+D31.1.0.2+D31.1.0.3+D31.1.0.4)))/(D31.1.0.1+D31.1.0.2))+((D31.11+D31.12+(D31.10*(D31.1.0.3+D31.1.0.4)/(D31.1.0.1+D31.1.0.2+D31.1.0.3+D31.1.0.4)))/(D31.1.0.1+D31.1.0.2)))*D31.1.0.1)-D31.4,V,
31,31.20.11.1,Výdaje na správu na 1 obyvatele správního obvodu,((D31.11+D31.12+(D31.10*(D31.1.0.3+D31.1.0.4)/(D31.1.0.1+D31.1.0.2+D31.1.0.3+D31.1.0.4)))-(D31.10*(D31.1.0.3+D31.1.0.4)/(D31.1.0.1+D31.1.0.2+D31.1.0.3+D31.1.0.4))+D31.10)/D1.3,V,
31,31.20.11.2,Výdaje na státní správu na 1 obyvatele správního obvodu,(((((D31.10*D31.1.0.1/(D31.1.0.1+D31.1.0.2+D31.1.0.3+D31.1.0.4))+(D31.10*D31.1.0.2/(D31.1.0.1+D31.1.0.2+D31.1.0.3+D31.1.0.4)))/(D31.1.0.1+D31.1.0.2))+((D31.11+D31.12+(D31.10*(D31.1.0.3+D31.1.0.4)/(D31.1.0.1+D31.1.0.2+D31.1.0.3+D31.1.0.4)))/(D31.1.0.1+D31.1.0.2)))*D31.1.0.1)/D1.3,H,
31,31.40,Míra krytí výkonu přenesené správy v %,D31.4/(((((D31.10*D31.1.0.1/(D31.1.0.1+D31.1.0.2+D31.1.0.3+D31.1.0.4))+(D31.10*D31.1.0.2/(D31.1.0.1+D31.1.0.2+D31.1.0.3+D31.1.0.4)))/(D31.1.0.1+D31.1.0.2))+((D31.11+D31.12+(D31.10*(D31.1.0.3+D31.1.0.4)/(D31.1.0.1+D31.1.0.2+D31.1.0.3+D31.1.0.4)))/(D31.1.0.1+D31.1.0.2)))*D31.1.0.1)*100,H,
31,31.40.1,Struktura výdajů (osobní vs. provozní),D31.50+D31.51,V,
31,31.40.2,Podíl osobních výdajů,D31.53+D31.54+D31.55+D31.56,V,
33,33.1,Počet ředitelství škol a školských zařízení ve správním obvodu připadajících na jednoho zaměstnance zajišťujícího výkon státní správy ve školství,D33.1/D33.7,H,
33,33.2,Počet vykazujících míst podle MŠMT a součet všech zpracovaných statistických výkazů připadajících na jednoho zaměstnance,(D33.2+D33.6)/D33.7,H,
33,33.3,Průměrný počet vykazujících míst dle MŠMT připadajících na ředitelství (jeden právní subjekt),D33.2/D33.1,H,
33,33.4,Provozní výdaje v Kč na jeden sledovaný úkon,(D31.9/D31.1)/(D33.6/D33.7)*1000,H,
34,34.1,Struktura evidovaných smluvních vztahů v oblasti personalistiky v %,D34.1 + D34.2 + D34.3 + D34.4,H,
34,34.2,Struktura - mzdoví účetní a personalisté v %,D34.7 + D34.8,H,
34,34.3,Počet smluv a dohod na zaměstnance mzdové a personální agendy,(D34.1 + D34.2) / (D34.7 + D34.8),H,
34,34.4,Počet všech smluvních vztahů v oblasti personalistiky na zaměstnance mzdové a personální agendy,(D34.1 + D34.2 + D34.3 + D34.4) / (D34.7 + D34.8),H,
34,34.5,Počet vyhlášených výběrových řízení na zaměstnance mzdové a personální agendy,D34.5/(D34.7+D34.8),H,
34,34.6,% úspěšných výběrových řízení (uchazeč vybrán),D34.5.1*100/D34.5,H,
34,34.7,% úspěšných výběrových řízení z průměrného evidenčního přepočteného počtu zaměstnanců,D34.5.1*100/D1.19,V,
36,36.1,Počet vydaných rozhodnutí na jednoho zaměstnance,D36.6.1/D36.7,H,"Veškerá rozhodnutí dle správního řádu. Nejen povolení, ale i přemístění, změna odpovědné osoby apod. K 31.12. sledovaného roku."
36,36.1.1,Počet provozovaných THZ na jednoho zaměstnance,(D36.2)/D36.7,H,Fyzický počet THZ k 31.12. sledovaného roku.
36,36.3.1,Počet vedených správních řízení na jednoho zaměstnance,D36.6.1/D36.7,H,
36,36.4,Počet provozovaných THZ na 1000 obyvatel obce,(D36.2)/(D1.1/1000),H,Fyzický počet THZ k 31.12. sledovaného roku.
36,36.4.1,Výnos z hazardu (absolutní),D36.3,H,
36,36.7,Provozní výdaje v Kč na jeden sledovaný úkon,(D31.9/D31.1)/((D36.6.1)/D36.7)*1000,H,
36,36.8,Počet heren (casín a herních prostorů) na 1000 obyvatele obce,D36.9/D1.1*1000,H,
37,37.1.1,Poplatky celkem - počet evidovaných poplatníků na jednoho zaměstnance,(D37.1+D37.13+D37.19+D37.31+D37.43.1+D37.56)/D37.62,H,V tomto ukazateli jsou sloučeny výsledky za všechny druhy místních poplatků.
37,37.1.2,Provozní výdaje v Kč na jednoho poplatníka,(D31.9/D31.1)/((D37.1+D37.13+D37.19+D37.31+D37.43.1+D37.56)/(D37.6+D37.18+D37.24+D37.36+D37.48+D37.61))*1000,H,
37,37.1.3,Provozní výdaje na jednu vybranou Kč místních poplatků,(D31.9/D31.1*1000)/(((D37.3+D37.15+D37.21+D37.33+D37.45+D37.59)/(D37.6+D37.18+D37.24+D37.36+D37.48+D37.61))*1000),H,
37,37.1.4,Poplatky celkem - procento úspěšnosti výběru k předpisu VČETNĚ nedoplatků z minulých let,(D37.3+D37.15+D37.21+D37.33+D37.45+D37.59)*100/(D37.2+D37.14+D37.20+D37.32+D37.44+D37.57),H,V tomto ukazateli jsou sloučeny výsledky za všechny druhy místních poplatků.
37,37.1.5,Poplatky celkem - procento úspěšnosti výběru k předpisu BEZ nedoplatků z minulých let,(D37.3+D37.15+D37.21+D37.33+D37.45+D37.59)*100 / (D37.2.1+D37.14.1+D37.20.1+D37.32.1+D37.44.1+D37.58),H,
37,37.1.6,Poplatky celkem - průměrné % dlužníků z celkového počtu evidovaných poplatníků,(D37.5*D37.1+D37.17*D37.13+D37.23*D37.19+D37.31*D37.35+D37.47*D37.43.1+D37.60*D37.56)/(D37.1+D37.13+D37.19+D37.31+D37.43.1+D37.56),H,V tomto ukazateli jsou sloučeny výsledky za všechny druhy místních poplatků.
37,37.1.7,Výběr poplatků celkem na jednoho obyvatele obce v Kč,(D37.3+D37.15+D37.21+D37.33+D37.45+D37.59)*1000/D1.1,H,V tomto ukazateli jsou sloučeny výsledky za všechny druhy místních poplatků.
37,37.1.8,Výběr poplatků placených přímo obyvateli obce celkem v Kč na jednoho obyvatele obce,(D37.3+D37.45)*1000/D1.1,H,V tomto ukazateli jsou sloučeny výsledky za místní poplatky placené přímo obyvateli (Poplatek ze psů - roční plnění + Poplatek za komunální odpad - roční plnění).
37,37.1.9,% struktura výběru místních poplatků,D37.3+D37.15+D37.21+D37.33+D37.45+D37.48.3+D37.59,H,
37,37.2.1,Poplatek ze psů - počet evidovaných poplatníků na jednoho zaměstnance,D37.1/D37.6,H,
37,37.2.2,Poplatek ze psů - roční plnění v Kč na jednoho poplatníka,D37.3*1000/D37.1,H,
37,37.2.3,Průměrná výše poplatku ze psů v Kč (přepočítaná na 1 evidovaného psa),D37.3*1000/D37.1.1,H,Zohledňuje i úlevy a osvobození.
37,37.2.4,Poplatek ze psů - procento úspěšnosti výběru k předpisu VČETNĚ nedoplatků z minulých let,D37.3*100/D37.2,H,
37,37.2.5,Poplatek ze psů - procento úspěšnosti výběru k předpisu BEZ nedoplatků z minulých let,D37.3*100/D37.2.1,H,
37,37.2.6,Poplatek ze psů - % dlužníků z celkového počtu evidovaných poplatníků,D37.5,H,
37,37.4.1,Poplatek za užívání veřejného prostranství - procento úspěšnosti výběru k předpisu VČETNĚ nedoplatků z minulých let,D37.15*100/D37.14,V,
37,37.4.2,Poplatek za užívání veřejného prostranství - procento úspěšnosti výběru k předpisu BEZ nedoplatků z minulých let,D37.15*100/D37.14.1,V,
37,37.4.3,Poplatek za užívání veřejného prostranství - počet evidovaných poplatníků na jednoho zaměstnance,D37.13/D37.18,V,
37,37.4.4,Poplatek za užívání veřejného prostranství - roční plnění v Kč na jednoho poplatníka,D37.15*1000/D37.13,V,
37,37.4.5,Poplatek za užívání veřejného prostranství - % dlužníků z celkového počtu evidovaných poplatníků,D37.17,V,
37,37.5.1,Poplatek ze vstupného - počet evidovaných poplatníků na jednoho zaměstnance,D37.19/D37.24,V,
37,37.5.2,Poplatek ze vstupného - roční plnění v Kč na jednoho poplatníka,D37.21*1000/D37.19,V,
37,37.5.3,Poplatek ze vstupného - procento úspěšnosti výběru k předpisu VČETNĚ nedoplatků z minulých let,D37.21*100/D37.20,V,
37,37.5.4,Poplatek ze vstupného - procento úspěšnosti výběru k předpisu BEZ nedoplatků z minulých let,D37.21*100/D37.20.1,V,
37,37.5.5,Poplatek ze vstupného - % dlužníků z celkového počtu evidovaných poplatníků,D37.23,V,
37,37.7.1,Poplatek za povolení vjezdu - počet evidovaných poplatníků na jednoho zaměstnance,D37.31/D37.36,V,
37,37.7.2,Poplatek za povolení vjezdu - roční plnění v Kč na jednoho poplatníka,D37.33*1000/D37.31,V,
37,37.7.3,Poplatek za povolení vjezdu - procento úspěšnosti výběru k předpisu VČETNĚ nedoplatků z minulých let,D37.33*100/D37.32,V,
37,37.7.4,Poplatek za povolení vjezdu - procento úspěšnosti výběru k předpisu BEZ nedoplatků z minulých let,D37.33*100/D37.32.1,V,
37,37.7.5,Poplatek za povolení vjezdu - % dlužníků z celkového počtu evidovaných poplatníků,D37.35,V,
37,37.10.1,Poplatek z pobytu - počet evidovaných plátců na jednoho zaměstnance,D37.56/D37.61,V,
37,37.10.2,Poplatek z pobytu - roční plnění v Kč na jednoho plátce,D37.59*1000/D37.56,V,
37,37.10.3,Poplatek z pobytu - procento úspěšnosti výběru k předpisu VČETNĚ nedoplatků z minulých let,D37.59*100/D37.57,V,
37,37.10.4,Poplatek z pobytu - procento úspěšnosti výběru k předpisu BEZ nedoplatků z minulých let,D37.59*100/D37.58,V,
37,37.10.5,Poplatek z pobytu - % dlužníků z celkového počtu evidovaných poplatníků,D37.60,V,
37,37.11.1,Poplatek za systém obecního odpadového hospodářství - počet evidovaných poplatníků na jednoho zaměstnance,D37.43.1/D37.48,H,
37,37.11.2,Poplatek za systém obecního odpadového hospodářství - roční plnění v Kč na jednoho obyvatele,D37.45*1000/D1.1,H,
37,37.11.3,Poplatek za systém obecního odpadového hospodářství – výše základní sazby poplatku v Kč,D37.45.1,H,
37,37.11.4,Poplatek za systém obecního odpadového hospodářství - % úspěšnosti výběru k předpisu VČETNĚ nedoplatků z minulých let,D37.45*100/D37.44,H,
37,37.11.5,Poplatek za systém obecního odpadového hospodářství - % úspěšnosti výběru k předpisu BEZ nedoplatků z minulých let,D37.45*100/D37.44.1,H,
37,37.11.6,Poplatek za systém obecního odpadového hospodářství - % dlužníků z celkového počtu evidovaných poplatníků,D37.47,H,
37,37.12.1,Poplatek za odkládání komunálního odpadu z nemovité věci - počet evidovaných poplatníků na jednoho zaměstnance,D37.48.1/D37.48.8,H,
37,37.12.2,Poplatek za odkládání komunálního odpadu z nemovité věci - roční plnění v Kč na jednoho obyvatele,D37.48.5*1000/D1.1,H,
37,37.12.3,Poplatek za odkládání komunálního odpadu z nemovité věci – výše základní sazby poplatku v Kč,D37.48.6,H,
37,37.12.4,Poplatek za odkládání komunálního odpadu z nemovité věci - % úspěšnosti výběru k předpisu VČETNĚ nedoplatků z minulých let,D37.48.5*100/D37.48.3,H,
37,37.12.5,Poplatek za odkládání komunálního odpadu z nemovité věci - % úspěšnosti výběru k předpisu BEZ nedoplatků z minulých let,D37.48.5*100/D37.48.4,H,
37,37.12.6,Poplatek za odkládání komunálního odpadu z nemovité věci - % dlužníků z celkového počtu evidovaných poplatníků,D37.48.7,H,
37,37.50,Podíl příjmů z místních poplatků k celkovému objemu příjmů,(D360.1341+D360.1342+D360.1343+D360.1344+D360.1345+D360.1346+D360.1347+D360.1348+D360.1349)/(D42.8*1000),H,
38,38.1,Koeficient fluktuace celkem (včetně odchodů do důchodu),D38.2*100/D38.1,H,
38,38.2,Koeficient fluktuace bez odchodů do důchodu,((D38.2-D38.3-D38.4)*100)/D38.1,H,
38,38.3,Výpověď nebo zrušení pracovního poměru ze strany zaměstnavatele v %,((D38.5+D38.6+D38.7)*100)/D38.1,H,
38,38.4,Struktura výpovědí ze strany zaměstnavatele,D38.5+D38.6+D38.7,H,
38,38.5,Výpověď ze strany zaměstnance v %,(D38.8*100)/D38.1,H,
38,38.6,Výpověď ze strany zaměstnance ve zkušební lhůtě v %,(D38.9*100)/D38.1,H,
39,39.1.1,Koeficient nemocnosti,((D39.2.1 + D39.2.2)*100)/(D1.19*365),V,(Celkový počet kalendářních dnů pracovní neschopnosti*100)/(Průměrný počet pracovníků*Počet kalendářních dnů); vše k 31.12. běžného roku; ukazatel vyjadřuje % dnů pracovní neschopnosti celkem vzhledem k celkovému fondu pracovní doby všech zaměstnanců.
39,39.1.2,Koeficient absencí (nepřítomnosti),((D39.2.1 + D39.2.2 + D39.2.3 + D39.2.4)*100)/(D1.19*365),H,((Celkový počet kalendářních dnů pracovní neschopnosti + školení a studium při zaměstnání + ostatní absence*100)/(Průměrný počet pracovníků*Počet kalendářních dnů); vše k 31.12. běžného roku; ukazatel vyjadřuje % dnů pracovní neschopnosti celkem vzhledem k celkovému fondu pracovní doby všech zaměstnanců.
39,39.2.1,Podíl krátkodobých omluvených absencí - pracovní neschopnost a ošetřování člena rodiny v %,(D39.2.1*100)/(D39.2.1 + D39.2.2 + D39.2.3 + D39.2.4),H,
39,39.2.2,Počet dnů krátkodobých absencí - pracovní neschopnost a ošetřování člena rodiny v přepočtu na zaměstnance,D39.2.1/D1.18,V,
39,39.3.1,Podíl školení a studium při zaměstnání v %,(D39.2.3*100)/(D39.2.1 + D39.2.2 + D39.2.3 + D39.2.4),H,
39,39.3.2,Podíl školení v %,(D39.2.3.1*100)/(D39.2.1 + D39.2.2 + D39.2.3 + D39.2.4),V,
39,39.3.3,Počet dnů školení a studium při zaměstnání v přepočtu na zaměstnance,D39.2.3/D1.18,V,
39,39.3.4,Počet dnů školení v přepočtu na zaměstnance,D39.2.3.1/D1.18,V,
39,39.4.1,Podíl dlouhodobých omluvených absencí - pracovní neschopnost a ošetřování člena rodiny v %,(D39.2.2*100)/(D39.2.1 + D39.2.2 + D39.2.3 + D39.2.4),H,
39,39.4.2,Počet dnů dlouhodobých absencí - pracovní neschopnost a ošetřování člena rodiny v přepočtu na zaměstnance,D39.2.2/D1.18,V,
39,39.5.1,Podíl ostatních omluvených absencí v %,(D39.2.4*100)/(D39.2.1 + D39.2.2 + D39.2.3 + D39.2.4),V,
39,39.5.2,Počet dnů ostatních absencí v přepočtu na zaměstnance,D39.2.4/D1.18,V,
39,39.7,Struktura omluvených absencí,D39.2.1 + D39.2.2 + D39.2.3 + D39.2.4,V,
39,39.8.1,Počet dnů pracovního volna s náhradou platu nad rámec Zákoníku práce na jednoho zaměstnance,D39.3,H,
39,39.8.2,Počet ČERPANÝCH dnů pracovního volna s náhradou platu nad rámec Zákoníku práce na jednoho zaměstnance,D39.4/D1.18,H,
40,40.0.0,Struktura pohledávek,D40.1.1+D40.2.1+D40.3,H,
40,40.0.1,Poměr pohledávek po lhůtě splatnosti ze samostatné a přenesené působnosti CELKEM k objemu celkových aktiv v %,((D40.1.1+D40.2.1)*100)/D320.1,H,Pohledávky na účtu 311 (od roku 2023 bez příslušenství) a účtu 315 k objemu celkových aktiv v %
40,40.0.2,Celková výše pohledávek po lhůtě splatnosti (na účtu 311 od roku 2023 BEZ příslušenství),D40.1.1+D40.2.1,H,Pohledávky po splatnosti ze samostatné i přenesené působnosti celkem (evidované na účtu 311 a 315)
40,40.0.3,% pohledávek po lhůtě splatnosti ze samostatné působnosti k celkové výši pohledávek po splatnosti,D40.1.1*100/(D40.1.1+D40.2.1),H,
40,40.1.2.1,% pohledávky po lhůtě splatnosti z bytového hospodářství včetně služeb (od roku 2023 BEZ příslušenství) k celkovému objemu pohledávek ze samostatné působnosti,D40.1.2.1*100/(D40.1.1),H,K celkovému objemu pohledávek po splatnosti evidovaném na účtu 311
40,40.1.2.2,Průměrná výše pohledávky po lhůtě splatnosti z bytového hospodářství včetně služeb (bez příslušenství) na jeden byt v Kč,D40.1.2.1*1000/D40.1.2.2,H,
40,40.1.3,% pohledávek po lhůtě splatnosti z pronájmů nebytových prostor včetně služeb a ostatních pronájmů (od roku 2023 BEZ příslušenství) k celkovému objemu pohledávek ze samostatné působnosti,D40.1.3*100/(D40.1.1),H,K celkovému objemu pohledávek po splatnosti evidovaném na účtu 311
40,40.1.4,% pohledávek po lhůtě splatnosti z přenesené působnosti k celkové výši pohledávek po lhůtě splatnosti,D40.2.1*100/(D40.1.1+D40.2.1),H,
40,40.2.2,% pohledávek po lhůtě splatnosti z místních poplatků k celkovému objemu pohledávek po lhůtě splatnosti z přenesené působnosti,D40.2.5*100/D40.2.1,H,K celkovému objemu pohledávek po splatnosti evidovaném na účtu 315
40,40.2.2.1,% pohledávek po lhůtě splatnosti ze sankčních plateb městské/obecní policie k celkovému objemu pohledávek po lhůtě splatnosti z přenesené působnosti,D40.2.4*100/D40.2.1,H,K celkovému objemu pohledávek po splatnosti evidovaném na účtu 315
40,40.2.2.2,Průměrná výše pohledávky po lhůtě splatnosti ze sankčních plateb uložených městskou/obecní policií v Kč,D40.2.4*1000/D40.2.4.1,H,
40,40.2.3,% pohledávek po lhůtě splatnosti za sankčními platbami k celkovému objemu pohledávek po lhůtě splatnosti z přenesené působnosti (včetně nákladů řízení),D40.2.6*100/D40.2.1,H,Mimo sankčních plateb uložených městskou/obecní policií.
40,40.2.3.1,Průměrná výše pohledávky po lhůtě splatnosti za sankčními platbami (včetně nákladů řízení) v Kč,D40.2.6*1000/D40.2.6.1,H,Mimo sankčních plateb uložených městskou/obecní policií.
40,40.2.4,"Uplatňujete u místních poplatků sankci, tzn. navýšení poplatku?",D40.4.2,V,"0 – Ne, 1 – Ano, 2 - pouze u některých poplatků"
40,40.2.5,Jakým způsobem vymáháte daňové pohledávky?,D40.4.4,V,"0 - Pouze daňová exekuce, 1 - pouze soudní exekutor, 2 - kombinace daňové exekuce a vymáhání prostřednictvím soudního exekutora nebo celní správy"
40,40.2.5.1,Postupujete pohledávky za sankčními platbami k vymáhání Celnímu úřadu ?,D40.4.6,V,"0 – Ne, 1 – Ano, 2 - pouze některé"
40,40.2.5.2,"Vymáhání místních poplatků (daňovou exekuci), provádí specializované pracoviště (útvar, oddělení, odbor)?",D40.4.3,V,"0 - Ne - správu a vymáhání jednoho či více místních poplatků vykonává totéž pracoviště/, 1 – Ano"
40,40.4,Objem všech pohledávek v tis. Kč připadajících na jeden úvazek zaměstnanců zajišťujících jejich vymáhání,(D40.1.1+D40.2.1)/D40.4,H,
40,40.4.1,% úvazků zaměstnanců podílejících se na vymáhání daňových pohledávek,D40.4.1*100/D40.4,H,
40,40.4.2,Objem pohledávek po lhůtě splatnosti z přenesené působnosti v tis. Kč připadajících na jeden úvazek zaměstnance zajišťujícího vymáhání daňových pohledávek,(D40.2.1-D40.3)/(D40.4.1),H,
40,40.4.3,Počet pohledávek po lhůtě splatnosti připadajících na jednoho zaměstnance zajišťující vymáhání daňových pohledávek,((D37.1*D37.5/100)+(D37.43.1*D37.47/100)+(D37.48.1*D37.48.7/100)+(D40.2.4.1+D40.2.6.1))/D40.4.1,H,"Pohledávky: sankční platby, náklady řízení + místní poplatky ze psů, za odpady /bez ostatních místních poplatků/"
40,40.5,Náklady na vymáhání pohledávek po lhůtě splatnosti ze samostatné působnosti /od roku 2023 BEZ příslušenství/ na 1 Kč objemu pohledávek po lhůtě splatnosti ze samostatné působnosti,(D40.5+((D31.9/D31.1)*(D40.4-D40.4.1))*1000)/(D40.1.1*1000),H,
40,40.5.1,Náklady na vymáhání pohledávek po lhůtě splatnosti z přenesené působnosti na 1 Kč objemu pohledávek po lhůtě splatnosti z přenesené působnosti,(D40.5.1+((D31.9/D31.1)*(D40.4.1))*1000)/(D40.2.1*1000),H,
40,40.6,Náklady na externí služby spojené s vymáháním pohledávek po lhůtě splatnosti ze samostatné působnosti /od roku 2023 BEZ příslušenství/ v Kč celkem na 1 Kč objemu pohledávek po lhůtě splatnosti ze samostatné působnosti,(D40.5*1000)/(D40.2.1*1000),H,
40,40.6.1,Náklady na externí služby spojené s vymáháním pohledávek po lhůtě splatnosti z přenesené působnosti v Kč celkem na 1 Kč objemu pohledávek po lhůtě splatnosti z přenesené působnosti,(D40.5.1*1000)/(D40.2.1*1000),H,
40,40.10.1,Pohledávky celkem v Kč na obyvatele města,(D40.1.1+D40.2.1+D40.3)/D1.1*1000,H,
40,40.10.2,Pohledávky ze samosprávy v Kč na obyvatele města,D40.1.1/D1.1*1000,H,
40,40.10.3,Pohledávky z přenesené správy v Kč na obyvatele města,D40.2.1/D1.1*1000,H,
40,40.10.4,Ostatní pohledávky v Kč na obyvatele města,D40.3/D1.1*1000,H,
42,42.1,Vlastní příjmy v Kč na 1 obyvatele obce,(D42.1+D42.2+D42.3)/D1.1*1000,H,Vlastní příjmy jsou součtem vstupních datových polí D42.1 Daňové příjmy + D42.2 Nedaňové příjmy + D42.3 Kapitálové příjmy.
42,42.2,Podíl dotací na celkových příjmech (%) bez účel. prostředků,(D42.4-D42.9.1.1)*100/D42.8,H,
42,42.3,Běžné výdaje v Kč na 1 obyvatele obce (bez účelových prostředků),(D42.9.1-D42.9.1.1)/D1.1*1000,H,
42,42.4,Podíl kapitálových výdajů na celkových výdajích (v %),D42.9.2*100/D42.9,H,Výdaje celkem jsou součtem vstupních datových polí D42.9.1 Běžné výdaje + D42.9.2 Kapitálové výdaje.
42,42.5,Kapitálové výdaje v Kč na 1 obyvatele obce (bez účelových prostředků),D42.9.2/D1.1*1000,H,
42,42.6,Dlouhodobé závazky v Kč na 1 obyvatele obce,D42.10/D1.1*1000,H,
42,42.7,Ukazatel dluhové služby (%),D42.15*100/D42.11,H,(dluhová služba/dluhová základna); Dluhová služba je součtem vstupních datových polí D42.12 Úroky + D42.13 Splátky jistin popř.dluhopisů + D42.14 Splátky leasingu.
42,42.7.1,"Ukazatel dluhové služby (%) pro města, která vyplňují D42.13.1 Splátky jistin - převody mezi statutárními městy (hl. m. Prahou) a jejich městskými obvody nebo částmi",D42.16*100/D42.11,H,(dluhová služba/dluhová základna); Dluhová služba je součtem vstupních datových polí D42.12 Úroky + D42.13 Splátky jistin popř.dluhopisů + + D42.13.1 Splátky jistin - převody mezi statutárními městy (hl. m. Prahou) a jejich městskými obvody nebo částmi + D42.14 Splátky leasingu.
43,43.1,Provozní (běžné) výdaje na sociální služby celkem v Kč na jednoho obyvatele,D43.1*1000 / D1.1,H,"Součet řádků Provozní (běžné) výdaje na sociální služby poskytované přímo obcí (včetně organizačních složek obce) + Provozní (běžné) dotace, granty a dary poskytovatelům sociálních služeb + Provozní (běžné) příspěvky obce jako zřizovatele příspěvkových organizací na poskytování sociálních služeb + Ostatní provozní (běžné) výdaje výše neuvedené spojené se sociální oblastí (jiné § než 43XX)."
43,43.1.1,Ostatní provozní (běžné) výdaje spojené se sociální oblastí (jiné § než 43XX) v Kč na obyvatele,D43.1.4 *1000/ D1.1,H,
43,43.1.2,% struktura provozních (běžných) výdajů na sociální služby,D43.1.1 + D43.1.2 + D43.1.3 + D43.1.3.1 + D43.1.3.2 + D43.1.4,H,
43,43.2,Investiční (kapitálové) výdaje v oblasti sociálních služeb celkem v Kč na obyvatele,D43.2*1000 / D1.1,H,Sučet řádků Investiční (kapitálové) výdaje na sociální služby poskytované přímo obcí + Investiční transfery poskytovatelům sociálních služeb + Investiční dotace obce jako zřizovatele příspěvkových organizací na poskytování sociálních služeb + Ostatní kapitálové výdaje výše neuvedené spojené se sociální oblastí.
43,43.2.1,Ostatní kapitálové výdaje výše neuvedené spojené se sociální oblastí v Kč na obyvatele,D43.2.4*1000/D1.1,H,
43,43.2.2,% struktura investičních (kapitálových) výdajů v oblasti sociálních služeb,D43.2.1 + D43.2.2 + D43.2.3 +D43.2.4,H,
44,44.1,Běžné výdaje na kulturní zařízení a služby celkem v Kč na jednoho obyvatele obce,D44.1*1000/D1.1,H,"Běžné výdaje jsou součtem vstupních datových polí D44.1.1 Kultura + D44.1.2 Ochrana památek a péče o kulturní dědictví + D44.1.3 Ostatní činnosti v záležitostech kultury + D44.1.4 Ostatní záležitosti sdělovacích prostředků + D44.1.5 Ostatní neinvestiční dotace, příspěvky a dary na kulturní zařízení a služby dle analytické evidence. V agendě jsou započítány příspěvky PO a dotace jiným subjektům."
44,44.2,Kapitálové výdaje v oblasti kulturních zařízení a služeb v Kč na jednoho obyvatele obce,D44.2*1000/D1.1,H,
44,44.3,Běžné výdaje na kulturní zařízení a služby bez příjmů ze zajišťovaných služeb v Kč na jednoho obyvatele obce,(D44.1-D44.4)*1000/D1.1,H,
44,44.4,"Kapitálové výdaje v oblasti kulturních zařízení a služeb bez dotací, příspěvků a darů v Kč na jednoho obyvatele obce",(D44.2-D44.3)*1000/D1.1,H,
45,45.1,Běžné výdaje na sportovní zařízení a služby celkem v Kč na jednoho obyvatele obce,D45.1*1000/D1.1,H,"Běžné výdaje jsou součtem vstupních datových polí D45.1.1 Tělovýchova + D45.1.2 Zájmová činnost a rekreace sportovního charakteru + D45.1.3 Ostatní neinvestiční dotace, příspěvky a dary na sportovní zařízení a služby dle analytické evidence. V agendě jsou započítány příspěvky PO a dotace jiným subjektům."
45,45.2,Kapitálové výdaje v oblasti sportovních zařízení a poskytovaných služeb v Kč na jednoho obyvatele obce,D45.2*1000/D1.1,H,
45,45.3,Běžné výdaje na sportovní zařízení a služby bez příjmů ze zajišťovaných služeb v Kč na jednoho obyvatele obce,(D45.1-D45.4)*1000/D1.1,H,
45,45.4,"Kapitálové výdaje v oblasti sportovních zařízení bez dotací, příspěvků a darů v Kč na jednoho obyvatele obce",(D45.2-D45.3)*1000/D1.1,H,
45,45.5,Běžné příjmy z činnosti sportovních zařízení a poskytovaných služeb celkem v Kč na jednoho obyvatele obce,D45.4*1000/D1.1,H,
46,46.2,Počet dětí v mateřských školách na 1000 obyvatel obce,D46.1/(D1.1/1000),H,
46,46.4,Běžné výdaje na mateřské školy celkem v Kč na jedno dítě,D46.2*1000/D46.1,H,"Běžné výdaje jsou součtem datových polí D46.2.1 Předškolní zařízení + D46.2.2 Speciální předškolní zařízení + D46.2.3 Školní stravování při předškolním a základním vzdělání + D46.2.4 Ostatní dotace, příspěvky a dary na předškolská zařízení."
46,46.6,Kapitálové výdaje v oblasti mateřských škol v Kč na jedno dítě,D46.3*1000/D46.1,H,
46,46.8,Běžné výdaje na mateřské školy bez příjmů z činnosti v Kč na jedno dítě,(D46.2-D46.5)*1000/D46.1,H,
46,46.10,"Kapitálové výdaje v oblasti mateřských škol bez dotací, příspěvků a darů v Kč na jedno dítě",(D46.3-D46.4)*1000/D46.1,H,
46,46.11,Běžné příjmy z činnosti mateřských škol celkem v Kč na jedno dítě,D46.5*1000/D46.1,H,
46,46.12,Úhrady okolních obcí v % z běžných výdajů celkem,D46.5.4*100/D46.2,H,
47,47.2,Počet žáků ZŠ na 1000 obyvatel obce,D47.1/(D1.1/1000),H,
47,47.4,Běžné výdaje na ZŠ a školní stravování v Kč celkem na jednoho žáka,D47.2*1000/D47.1,H,"Běžné výdaje jsou součtem datových polí D47.2.1 Základní školy + D47.2.2 Speciální základní školy + D47.2.3 Školní stravování při předškolním a základním vzdělávání + D47.2.4 Ostatní dotace, příspěvky a dary na ZŠ a školní stravování."
47,47.6,Kapitálové výdaje v oblasti ZŠ a školního stravování v Kč na jednoho žáka,D47.3*1000/D47.1,H,
47,47.8,Běžné výdaje na ZŠ a školní stravování bez příjmů z činnosti v Kč na jednoho žáka,(D47.2-D47.5)*1000/D47.1,H,
47,47.10,"Kapitálové výdaje v oblasti ZŠ a školního stravování bez dotací, příspěvků a darů v Kč na jednoho žáka",(D47.3-D47.4)*1000/D47.1,H,
47,47.11,Běžné příjmy z činnosti ZŠ a školního stravování celkem v Kč na jednoho žáka,D47.5*1000/D47.1,H,
47,47.12,Úhrady okolních obcí v % z běžných výdajů celkem,D47.5.4*100/D47.2,H,
48,48.1.1.0,MŠ - Počet všech MŠ dle IZO,D48.1.1,H,
48,48.1.1.1,Počet MŠ na jedno ředitelství,D48.1.1/D48.1.2,H,
48,48.1.1.2,Počet pracovišť na jednu MŠ,D48.1.2.1/D48.1.1,V,
48,48.1.1.3,Počet tříd na jednu MŠ,D48.1.3/D48.1.1,H,
48,48.1.1.4,Počet tříd zřízených podle § 16 odst. 9 školského zákona na jednu MŠ,D48.1.3.1/D48.1.1,H,
48,48.1.2.1,Počet dětí na jednu MŠ,D48.1.4/D48.1.1,H,
48,48.1.2.2,Počet dětí na jednu třídu MŠ,D48.1.4/D48.1.3,H,
48,48.1.2.3,% dětí v MŠ se speciálními vzdělávacími potřebami,D48.1.5*100/D48.1.4,H,
48,48.1.3.1,Počet dětí v MŠ na počet zaměstnanců celkem,D48.1.4/D48.1.6,H,
48,48.1.3.2,Počet dětí v MŠ na počet pedagogických zaměstnanců celkem,D48.1.4/D48.1.7,H,
48,48.1.3.3,Počet dětí v MŠ na jednoho asistenta pedagoga,D48.1.4/D48.1.7.1,V,
48,48.1.3.4,Počet dětí v MŠ na jednoho speciálního pedagoga,D48.1.4/D48.1.7.2,V,
48,48.1.3.5,Počet dětí v MŠ se spec. vzdělávacími potřebami na jednoho spec. pedagoga,D48.1.5/D48.1.7.2,V,
48,48.1.3.6,Počet dětí v MŠ na jednoho psychologa,D48.1.4/D48.1.7.3,V,
48,48.1.4.1,Počet dětí v MŠ na jednoho nepedagogického zaměstnance,D48.1.4/D48.1.8,H,
48,48.1.4.2,Počet zaměstnanců MŠ celkem na jednoho THP zaměstnance,D48.1.6/D48.1.8.1,V,
48,48.1.4.3,Počet dětí v MŠ celkem na jednoho provozního zaměstnance,D48.1.4/D48.1.8.2,V,
48,48.1.4.4,Počet dětí v MŠ na jednoho obchodně provozního zaměstnance,D48.1.4/D48.1.8.3,V,
48,48.1.4.5,Počet dětí v MŠ na ostatní nepedagogické zaměstnance,D48.1.4/D48.1.8.4,V,
48,48.1.5.1,MŠ - platy a ostatní platby za práci na jednoho nepedagogického zaměstnance v Kč,D48.1.9*1000/D48.1.8,H,
48,48.1.5.2,MŠ - platy a ostatní platby za práci nepedagogických zaměstnanců na jedno dítě v MŠ v Kč,D48.1.9*1000/D48.1.4,H,
48,48.1.5.3,MŠ - osobní příplatky na jednoho nepedagogického zaměstnance v Kč,D48.1.9.5*1000/D48.1.8,V,
48,48.1.5.4,MŠ - odměny na jednoho nepedagogického zaměstnance v Kč,D48.1.9.6*1000/D48.1.8,V,
48,48.1.5.5,MŠ - platy a ostatní platby za práci na jednoho THP zaměstnance,D48.1.9.1*1000/D48.1.8.1,V,
48,48.1.5.6,MŠ - platy a ostatní platby za práci na jednoho provozního zaměstnance,D48.1.9.2*1000/D48.1.8.2,V,
48,48.1.5.7,MŠ - platy a ostatní platby za práci na jednoho obchodně provozního zaměstnance v Kč,D48.1.9.3*1000/D48.1.8.3,V,
48,48.1.5.8,MŠ - platy a ostatní platby za práci na ostatní nepedagogické zaměstnance v Kč,D48.1.9.4*1000/D48.1.8.4,V,
48,48.1.6.1,MŠ - Průměr měsíčních úplat stanovených zřizovatelem na jedno dítě,D48.1.10,H,
48,48.1.6.2,Úplata za vzdělávání za kalendářní rok (skutečnost) na jedno dítě v Kč,D48.1.10.1*1000/D48.1.4,H,
48,48.2.1.0,ZŠ - Počet všech ZŠ dle IZO,D48.2.1,H,
48,48.2.1.1,Počet ZŠ na jedno ředitelství,D48.2.1/D48.2.2,H,
48,48.2.1.2,Počet pracovišť na jednu ZŠ,D48.2.2.1/D48.2.1,V,
48,48.2.1.3,Počet tříd na jednu ZŠ,D48.2.3/D48.2.1,H,
48,48.2.1.4,Počet tříd zřízených podle § 16 odst. 9 školského zákona na jednu ZŠ,D48.2.3.1/D48.2.1,H,
48,48.2.2.1,Počet žáků na jednu ZŠ,D48.2.4/D48.2.1,H,
48,48.2.2.2,Počet žáků na jednu třídu ZŠ,D48.2.4/D48.2.3,H,
48,48.2.2.3,% žáků v ZŠ se speciálními vzdělávacími potřebami,D48.2.4.1*100/D48.2.4,H,
48,48.2.3.1,Počet žáků v ZŠ na počet zaměstnanců celkem,D48.2.4/D48.2.5,H,
48,48.2.3.2,Počet žáků v ZŠ na počet pedagogických zaměstnanců celkem,D48.2.4/D48.2.6,H,
48,48.2.3.3,Počet žáků v ZŠ na jednoho asistenta pedagoga,D48.2.4/D48.2.6.1,V,
48,48.2.3.4,Počet žáků v ZŠ na jednoho speciálního pedagoga,D48.2.4/D48.2.6.2,V,
48,48.2.3.5,Počet žáků v ZŠ se spec. vzdělávacími potřebami na jednoho spec. pedagoga,D48.2.4.1/D48.2.6.2,V,
48,48.2.3.6,Počet žáků v ZŠ na jednoho psychologa,D48.2.4/D48.2.6.3,V,
48,48.2.4.1,Počet žáků v ZŠ na jednoho nepedagogického zaměstnance,D48.2.4/D48.2.7,H,
48,48.2.4.2,Počet zaměstnanců ZŠ celkem na jednoho THP zaměstnance,D48.2.5/D48.2.7.1,V,
48,48.2.4.3,Počet žáků v ZŠ celkem na jednoho provozního zaměstnance,D48.2.4/D48.2.7.2,V,
48,48.2.4.4,Počet žáků v ZŠ na jednoho obchodně provozního zaměstnance,D48.2.4/D48.2.7.3,V,
48,48.2.4.5,Počet žáků v ZŠ na ostatní nepedagogické zaměstnance,D48.2.4/D48.2.7.4,V,
48,48.2.5.1,ZŠ - platy a ostatní platby za práci na jednoho nepedagogického zaměstnance v Kč,(D48.2.8*1000)/D48.2.7,H,
48,48.2.5.2,ZŠ - platy a ostatní platby za práci nepedagogických zaměstnanců na jednoho žáka v ZŠ v Kč,(D48.2.8*1000)/D48.2.4,H,
48,48.2.5.3,ZŠ - osobní příplatky na jednoho nepedagogického zaměstnance v Kč,(D48.2.8.5*1000)/D48.2.7,V,
48,48.2.5.4,ZŠ - odměny na jednoho nepedagogického zaměstnance v Kč,(D48.2.8.6*1000)/D48.2.7,V,
48,48.2.5.5,ZŠ - platy a ostatní platby za práci na jednoho THP zaměstnance v Kč,(D48.2.8.1*1000)/D48.2.7.1,V,
48,48.2.5.6,ZŠ - platy a ostatní platby za práci na jednoho provozního zaměstnance v Kč,D48.2.8.2*1000/D48.2.7.2,V,
48,48.2.5.7,ZŠ - platy a ostatní platby za práci na jednoho obchodně provozního zaměstnance v Kč,D48.2.8.3*1000/D48.2.7.3,V,
48,48.2.5.8,ZŠ - platy a ostatní platby za práci na ostatní nepedagogické zaměstnance v Kč,D48.2.8.4*1000/D48.2.7.4,V,
48,48.2.6.1,Počet ŠKOLNÍCH DRUŽIN na jednu ZŠ,D48.2.9/D48.2.1,H,
48,48.2.6.2,Počet oddělení ŠKOLNÍCH DRUŽIN na jednu ŠK. DRUŽINU,D48.2.10/D48.2.9,H,
48,48.3.0,ŠKOLNÍ STRAVOVÁNÍ - Počet všech školních jídelen dle IZO,D48.3.1,H,
48,48.3.1,Počet pracovišť školního stravování včetně výdejen na jednu školní jídelnu dle IZO,D48.3.1.1/D48.3.1,H,
48,48.3.2.1,Počet vydaných obědů za školní rok v tis. na jednu jídelnu dle IZO,D48.3.2/D48.3.1,H,
48,48.3.2.2,Počet vydaných obědů za školní rok v tis. na jedno pracoviště,D48.3.2/D48.3.1.1,H,
48,48.3.2.3,Počet vydaných obědů za školní rok v tis. na jednoho zaměstnance,D48.3.2/D48.3.3,H,
48,48.3.2.3.1,Počet vydaných obědů za školní rok v tis. na jednoho THP zaměstnance,D48.3.2/D48.3.3.1,V,
48,48.3.2.3.2,Počet vydaných obědů za školní rok v tis. na jednoho provozního zaměstnance,D48.3.2/D48.3.3.2,V,
48,48.3.2.3.3,Počet vydaných obědů za školní rok v tis. na jednoho obchodně provozního zaměstnance,D48.3.2/D48.3.3.3,V,
48,48.3.2.3.4,Počet vydaných obědů za školní rok v tis. na jednoho kuchaře,D48.3.2/D48.3.3.3.1,V,
48,48.3.2.3.5,Počet vydaných obědů za školní rok v tis. na jednoho ostatního neped. zaměstnance,D48.3.2/D48.3.3.4,V,
48,48.3.3,ŠKOLNÍ STRAVOVÁNÍ - platy a ostatní platby za práci na jednoho neped. zaměstnance v Kč,(D48.3.4*1000)/D48.3.3,H,
48,48.3.3.0,Platy a ostatní platby za práci zaměstnanců školního stravování na jeden vydaný oběd,D48.3.4/(D48.3.2*1000),H,
48,48.3.3.1,Osobní příplatky neped. zaměstnanců školního stravování v Kč na jednoho zaměstnance,D48.3.4.5*1000/D48.3.3,V,
48,48.3.3.2,Odměny z celkového platu neped. zaměstnanců školního stravování v Kč na jednoho zaměstnance,D48.3.4.6*1000/D48.3.3,V,
48,48.3.3.3,ŠKOLNÍ STRAVOVÁNÍ - platy a ostatní platby za práci na jednoho THP zaměstnance v Kč,(D48.3.4.1*1000)/D48.3.3.1,V,
48,48.3.3.4,ŠKOLNÍ STRAVOVÁNÍ - platy a ostatní platby za práci na jednoho provozního zaměstnance v Kč,D48.3.4.2*1000/D48.3.3.2,V,
48,48.3.3.5,ŠKOLNÍ STRAVOVÁNÍ - platy a ostatní platby za práci na jednoho obchodně provozního zaměstnance v Kč,D48.3.4.3*1000/D48.3.3.3,V,
48,48.3.3.6,ŠKOLNÍ STRAVOVÁNÍ - platy a ostatní platby za práci na jednoho ostatního neped. zaměstnance v Kč,D48.3.4.4*1000/D48.3.3.4,V,
48,48.4.1.0,Počet ZUŠ (základní umělecké školy) dle IZO,D48.4.1,H,
48,48.4.1.1,Počet odloučených pracovišť na jednu ZUŠ,D48.4.1.1/D48.4.1,H,
48,48.4.1.2,ZUŠ - Počet oborů na ZUŠ,D48.4.3/D48.4.1,H,
48,48.4.1.3,ZUŠ - Počet žáků na jednu ZUŠ,D48.4.2/D48.4.1,H,
48,48.4.2,ZUŠ - Úplata za vzdělávání za kalendářní rok celkem,D48.4.4,H,
48,48.4.3.1,ZUŠ - Počet žáků na průměrný přepočtený počet zaměstnanců,D48.4.2/D48.4.5,H,
48,48.4.3.2,ZUŠ - Počet žáků na jednoho pedagogického pracovníka,D48.4.2/D48.4.5.1,H,
48,48.4.3.3,ZUŠ - Počet žáků na jednoho nepedagogického zaměstnance,D48.4.2/D48.4.5.2,H,
48,48.4.3.4,ZUŠ - Počet žáků na jednoho THP zaměstnance,D48.4.2/D48.4.5.3,V,
48,48.4.3.5,ZUŠ - Počet žáků na jednoho provozního zaměstnance,D48.4.2/D48.4.5.4,V,
48,48.4.3.6,ZUŠ - Počet žáků na jednoho provozního zaměstnance,D48.4.2/D48.4.5.4,V,
48,48.4.3.7,ZUŠ - Počet žáků na jednoho ostatního neped. zaměstnance,D48.4.2/D48.4.5.6,V,
48,48.4.4.1,ZUŠ - platy a ostatní platby za práci neped. zaměstnanců celkem v Kč na jednoho neped. zaměstnance,D48.4.6*1000/D48.4.5.2,H,
48,48.4.4.2,ZUŠ - platy a ostatní platby za práci neped. zaměstnanců celkem v Kč na jednoho žáka,D48.4.6*1000/D48.4.2,H,
48,48.4.4.3,Platy THP zaměstnanců v ZUŠ celkem v Kč na jednoho THP zaměstnance,D48.4.6.1*1000/D48.4.5.3,V,
48,48.4.4.4,Platy provozních zaměstnanců v ZUŠ celkem v Kč na jednoho provozního zaměstnance,D48.4.6.2*1000/D48.4.5.4,V,
48,48.4.4.5,Platy obchodně provozních zaměstnanců v ZUŠ celkem v Kč na jednoho obchodně provozního zaměstnance,D48.4.6.3*1000/D48.4.5.5,V,
48,48.4.4.6,Platy ostatních nepedagogických zaměstnanců v ZUŠ celkem v Kč na jednoho ostatního neped. zaměstnance,D48.4.6.4*1000/D48.4.5.6,V,
48,48.4.4.6.2,Osobní příplatky neped. zaměstnanců v ZUŠ v Kč na jednoho neped. zaměstnance,D48.4.6.5*1000/D48.4.5.2,V,
48,48.4.4.6.3,Odměny z celkového platu neped. zaměstnanců v ZUŠ v Kč na jednoho neped. zaměstnance,D48.4.6.6*1000/D48.4.5.2,V,
48,48.5.1.0,STŘEDISKA VOLNÉHO ČASU - Počet středisek celkem,D48.5.1,H,
48,48.5.1.1,Počet pracovišť STŘEDISEK VOLNÉHO ČASU na jedno středisko,D48.5.1.1/D48.5.1,H,
48,48.5.1.2,STŘEDISKA VOLNÉHO ČASU - Počet zájmových útvarů,D48.5.2,H,
48,48.5.1.3,STŘEDISKA VOLNÉHO ČASU - Počet žáků a studentů na jedno středisko,D48.5.3/D48.5.1,H,
48,48.5.1.4,% žáků a studentů s účastí více než 3 hodiny týdně,D48.5.3.1*100/D48.5.3,H,
48,48.5.2.1,STŘEDISKA VOLNÉHO ČASU - příležitostné činnosti - počet akcí na jedno středisko,D48.5.4/D48.5.1,V,
48,48.5.2.2,STŘEDISKA VOLNÉHO ČASU - tábory a pobyty - počet akcí na středisko,D48.5.5/D48.5.1,H,
48,48.5.3.1,STŘEDISKA VOLNÉHO ČASU - Počet žáků a studentů na průměrný přepočtený počet zaměstnanců,D48.5.3/D48.5.6,H,
48,48.5.3.2,STŘEDISKA VOLNÉHO ČASU - Počet žáků a studentů na jednoho pedagogického pracovníka,D48.5.3/D48.5.6.1,H,
48,48.5.3.3,STŘEDISKA VOLNÉHO ČASU - Počet žáků a studentů na jednoho nepedagogického zaměstnance,D48.5.3/D48.5.6.2,V,
48,48.5.3.4,STŘEDISKA VOLNÉHO ČASU - Počet žáků a studentů na jednoho THP zaměstnance,D48.5.3/D48.5.6.3,V,
48,48.5.3.5,STŘEDISKA VOLNÉHO ČASU - Počet žáků a studentů na jednoho provozního zaměstnance,D48.5.3/D48.5.6.4,V,
48,48.5.3.6,STŘEDISKA VOLNÉHO ČASU - Počet žáků a studentů na jednoho obchodně provozního zaměstnance,D48.5.3/D48.5.6.5,V,
48,48.5.3.7,STŘEDISKA VOLNÉHO ČASU - Počet žáků a studentů na jednoho ostatního neped. zaměstnance,D48.5.3/D48.5.6.6,V,
48,48.5.4.1,STŘEDISKA VOLNÉHO ČASU - platy a ostatní platby za práci v Kč na jednoho neped. zaměstnance,D48.5.7*1000/D48.5.6.2,H,
48,48.5.4.2,STŘEDISKA VOLNÉHO ČASU - platy a ostatní platby za práci neped. zaměstnanců v Kč na jednoho žáka a studenta,D48.5.7*1000/D48.5.3,H,
48,48.5.4.3,Platy THP zaměstnanců ve STŘEDISCÍCH VOLNÉHO ČASU celkem v Kč na jednoho zaměstnance,D48.5.7.1*1000/D48.5.6,V,
48,48.5.4.4,Platy provozních zaměstnanců ve STŘEDISCÍCH VOLNÉHO ČASU v Kč na jednoho provozního zaměstnance,D48.5.7.2*1000/D48.5.6.4,V,
48,48.5.4.5,Platy obchodně provozních zaměstnanců ve STŘEDISCÍCH VOLNÉHO ČASU v Kč na jednoho obchodně provozního zaměstnance,D48.5.7.3*1000/D48.5.6.5,V,
48,48.5.4.6,Platy ostatních neped. zaměstnanců ve STŘEDISCÍCH VOLNÉHO ČASU v Kč na jednoho ostatního neped. zaměstnance,D48.5.7.4*1000/D48.5.6.6,V,
48,48.5.4.7,Osobní příplatky neped. zaměstnanců ve STŘEDISCÍCH VOLNÉHO ČASU v Kč na jednoho neped. zaměstnance,D48.5.7.5*1000/D48.5.6.2,V,
48,48.5.4.8,Odměny z celkového platu neped. zaměstnanců ve STŘEDISCÍCH VOLNÉHO ČASU v Kč na jednoho neped. zaměstnance,D48.5.7.6*1000/D48.5.6.2,V,
48,48.6.1,"Počet zaměstnanců zajišťujících výkon SAMOSPRÁVY ve školství na 1 000 dětí, žáků a studentů celkem",D48.6/((D48.1.4+D48.2.4+D48.4.2+D48.5.3)/1000),H,
48,48.6.2,"Celkový počet zaměstnanců (MŠ, ZŠ, STRAVOVÁNÍ, ZUŠ, SVČ) na jednoho zaměstnance zajišťujícího výkon samosprávy ve školství",(D48.1.6+D48.2.5+D48.3.3+D48.4.5+D48.5.6)/D48.6,H,
48,48.6.3,Počet zaměstnanců zajišťujících výkon SAMOSPRÁVY ve školství na 1 000 obyvatel obce,D48.6/(D1.1/1000),V,
49,49.1.1,Počet dětí v MŠ k 30.9. sledovaného roku na 1 000 obyvatel obce,D49.1.5/D1.1*1000,H,
49,49.1.2.1,Počet všech MŠ vykázaných dle MŠMT,D49.1.1,H,
49,49.1.2.2,Počet MŠ jiných zřizovatelů,D49.1.1.1,V,
49,49.1.3.1,MŠ - % dojíždějících dětí z jiných obcí,D49.1.5.2*100/D49.1.5,H,
49,49.1.3.2,"MŠ - % dojíždějících dětí z jiných obcí, na které přispívají okolní obce",D49.1.5.1*100/D49.1.5.2,H,
49,49.1.4.1,MŠ - Počet tříd k 30.9. sledovaného roku,D49.1.4,V,
49,49.1.4.2,MŠ - % počet tříd zřízených podle § 16 odst. 9 školského zákona k 30.9. sledovaného roku,D49.1.4.1*100/D49.1.4,H,
49,49.1.4.3,MŠ - % zastoupení dětí se speciálními vzdělávacími potřebami,D49.1.5.0.1*100/D49.1.5,H,
49,49.1.4.4,MŠ - % zastoupení dětí s převažujícím stupněm podpůrných opatření přiznaných podle § 16 školského zákona,D49.1.5.0.2*100/D49.1.5,V,
49,49.1.5.1,MŠ - Počet dětí na jednoho zaměstnance (přepočteného na celorok),D49.1.5/D49.1.6,V,
49,49.1.5.2,MŠ - Počet dětí na jednoho pedagogického pracovníka (přepočteného na celorok),D49.1.5/D49.1.6.1,H,
49,49.1.5.3,MŠ - Počet dětí na jednoho nepedagogického pracovníka (přepočteného na celorok),D49.1.5/(D49.1.6-D49.1.6.1),H,
49,49.1.5.4,MŠ - počet nepedagogických zaměstnanců na jednu vykázanou MŠ,(D49.1.6-D49.1.6.1)/D49.1.1,H,
49,49.1.5.5,MŠ - počet nepedagogických zaměstnanců na jednu třídu,(D49.1.6-D49.1.6.1)/D49.1.4,H,
49,49.1.6.1,Neinvestiční příspěvek + Ostatní neinvest. výdaje hrazené zřizovatelem + Přímé náklady na vzdělávání (NIV) na jedno dítě v MŠ v celých Kč,(D49.1.7+D49.1.8+D49.1.8.1)*1000/D49.1.5,V,"Ostatní neinvestiční výdaje hrazené zřizovatelem - může se jednat o NEINVESTIČNÍ výdaje na drobné opravy, údržbu apod., které HRADÍ OBEC PŘÍMO ZE SVÉHO ROZPOČTU a nejsou součástí příspěvku zřizovatele."
49,49.1.6.2,Průměrná úhrada okolních obcí v Kč na jedno dojíždějící dítě,D49.1.9.2*1000/D49.1.5.1,V,
49,49.1.6.3,Struktura příspěvků na činnost MŠ v %,D49.1.7+D49.1.8+D49.1.8.1,V,
49,49.1.7.1,Průměrná skutečná měsíční úplata na jedno dítě (vztaženo ke všem zapsaným dětem),((D49.1.9.1*1000)/12)/D49.1.5,V,
49,49.1.7.2,MŠ - Průměr stanovených měsíčních úplat na jedno dítě ve zřizovaných mateřských školách,D49.1.9,H,
49,49.2.1.1,Počet žáků ZŠ k 30. 9. sledovaného roku na 1 000 obyvatel obce,D49.2.5/D1.1*1000,H,
49,49.2.2.1,Počet všech běžných ZŠ vykázaných dle MŠMT,D49.2.2,H,
49,49.2.2.2,Počet ZŠ jiných zřizovatelů,D49.2.2.1,V,
49,49.2.3.1,ZŠ - Počet tříd k 30. 9. sledovaného roku,D49.2.4,V,
49,49.2.4.1,ZŠ - % dojíždějících žáků celkem,(D49.2.5.1+D49.2.5.2)*100/D49.2.5,H,
49,49.2.4.2,ZŠ - % dojíždějících žáků za něž je hrazena úhrada,D49.2.5.1*100/(D49.2.5.1+D49.2.5.2),H,
49,49.2.4.3,ZŠ - % zastoupení žáků se speciálními vzdělávacími potřebami,D49.2.5.0.1*100/D49.2.5,H,
49,49.2.4.4,ZŠ - % zastoupení žáků s převažujícím stupněm podpůrných opatření přiznaných podle § 16 školského zákona,D49.2.5.0.2*100/D49.2.5,V,
49,49.2.5.1,ZŠ - počet žáků na jednoho zaměstnance,D49.2.5/D49.2.6,V,
49,49.2.5.2,ZŠ - počet žáků na jednoho pedagogického pracovníka,D49.2.5/D49.2.6.1,H,
49,49.2.5.3,ZŠ - Počet žáků na jednoho nepedagogického pracovníka,D49.2.5/(D49.2.6-D49.2.6.1),H,
49,49.2.5.4,ZŠ - počet nepedagogických zaměstnanců na jednu vykázanou ZŠ,(D49.2.6-D49.2.6.1)/D49.2.2,H,
49,49.2.5.5,ZŠ - počet nepedagogických zaměstnanců na jednu třídu,(D49.2.6-D49.2.6.1)/D49.2.4,H,
49,49.2.6.1,Neinvestiční příspěvek od zřizovatele + Ostatní neinvest. výdaje hrazené zřizovatelem + Přímé náklady na vzdělávání (NIV) na jednoho žáka (ZŠ) v celých Kč (bez jídelen a stravování),(D49.2.7+D49.2.8-D49.2.8.1-D49.2.8.1.1-D49.2.8.3)*1000/D49.2.5,V,"Ostatní neinvestiční výdaje hrazené zřizovatelem - může se jednat o NEINVESTIČNÍ výdaje na drobné opravy, údržbu apod., které HRADÍ OBEC PŘÍMO ZE SVÉHO ROZPOČTU a nejsou součástí příspěvku zřizovatele."
49,49.2.6.2,ZŠ - Průměrné příjmy obce v Kč na dojíždějícího žáka,D49.2.5.3*1000/D49.2.5.1,H,
49,49.2.6.3,Struktura příspěvků na činnost ZŠ,D49.2.7+D49.2.8+D49.2.8.1+D49.2.8.1.1+D49.2.8.2+D49.2.8.3,V,
49,49.3.1.1,ŠKOLNÍ JÍDELNY - Neinvestiční příspěvek od zřizovatele + Ostatní neinv. výdaje hrazené zřizovatelem + Úhrady externím subjektům na jeden vydaný oběd za rok (bez vydaných obědů pro cizí) v celých Kč,(D49.2.8.1+ D49.2.8.1.1 + D49.2.8.3)*1000/((D49.3.2.1-D49.3.3)*1000),V,"Ostatní neinvestiční výdaje hrazené zřizovatelem - může se jednat o NEINVESTIČNÍ výdaje na drobné opravy, údržbu apod., které HRADÍ OBEC PŘÍMO ZE SVÉHO ROZPOČTU a nejsou součástí příspěvku zřizovatele."
49,49.3.2.2,Počet vydaných obědů za rok celkem (bez počtu vydaných obědů za rok pro cizí) na jednoho přepočteného zaměstnance (bez přepočteného počtu zaměstnanců - doplňková činnost ),(D49.3.2.1-D49.3.3)*1000/(D49.3.1-D49.3.2),H,
49,49.4.2.1,Školy zřízené dle § 16 odst. 9 školského zákona - Počet žáků k 30.9. sledovaného roku na 1000 obyvatel obce,D49.4.3*1000/D1.1,H,
49,49.4.2.2,Školy zřízené dle § 16 odst. 9 školského zákona - Počet škol,D49.4.1,H,
49,49.4.3.1,Školy zřízené dle § 16 odst. 9 školského zákona - Počet žáků na jednoho zaměstnance (přepočteného na celorok),D49.4.3/D49.4.5.1,V,
49,49.4.3.2,Školy zřízené dle § 16 odst. 9 školského zákona - Počet žáků na jednoho pedagogického zaměstnance,D49.4.3/D49.4.6,H,
49,49.4.3.3,Školy zřízené dle § 16 odst. 9 školského zákona - Počet žáků na jednoho nepedagogického zaměstnance,D49.4.3/(D49.4.5.1-D49.4.6),H,
49,49.4.3.4,Školy zřízené dle § 16 odst. 9 školského zákona - Počet nepedagogických zaměstnanců na jednu školu,(D49.4.5.1-D49.4.6)/D49.4.1,H,
49,49.4.4.1,Neinvestiční příspěvek od zřizovatele + Ostatní neinvest. výdaje hrazené zřizovatelem + Přímé náklady na vzdělávání (NIV) na jednoho žáka školy zřízené dle § 16 odst. 9 školského zákona v celých Kč,(D49.4.4+D49.4.4.1+D49.4.5)*1000/D49.4.3,V,"Ostatní neinvestiční výdaje hrazené zřizovatelem - může se jednat o NEINVESTIČNÍ výdaje na drobné opravy, údržbu apod., které HRADÍ OBEC PŘÍMO ZE SVÉHO ROZPOČTU a nejsou součástí příspěvku zřizovatele."
49,49.4.4.2,Struktura příspěvků na činnost škol zřízených dle § 16 odst. 9 školského zákona v %,D49.4.4+D49.4.4.1+D49.4.5,V,
49,49.5.2,ZUŠ - Průměrné školné za kalendářní rok na jednoho žáka v celých Kč,D49.5.7*1000/D49.5.3,H,
49,49.5.3,ZUŠ - Počet oborů celkem,D49.5.8,H,
49,49.5.4.1,ZUŠ - Počet žáků na jednoho zaměstnance (přepočteného na celorok),D49.5.3/D49.5.4,V,
49,49.5.4.2,ZUŠ - Počet žáků na jednoho pedagogického zaměstnance,D49.5.3/D49.5.4.1,H,
49,49.5.4.3,ZUŠ - Počet žáků na jednoho nepedagogického zaměstnance,D49.5.3/(D49.5.4-D49.5.4.1),H,
49,49.5.5.1,Neinvestiční příspěvek od zřizovatele + Ostatní neinvest. výdaje hrazené zřizovatelem + Přímé náklady na vzdělávání (NIV) na jednoho žáka (ZUŠ) v celých Kč,(D49.5.5+D49.5.6+D49.5.6.1)*1000/D49.5.3,V,"Ostatní neinvestiční výdaje hrazené zřizovatelem - může se jednat o NEINVESTIČNÍ výdaje na drobné opravy, údržbu apod., které HRADÍ OBEC PŘÍMO ZE SVÉHO ROZPOČTU a nejsou součástí příspěvku zřizovatele."
49,49.5.5.2,Struktura příspěvků na činnost ZUŠ v %,D49.5.5+D49.5.6+D49.5.6.1,V,
49,49.6.1,STŘEDISKA VOLNÉHO ČASU (bývalé DDM) - Počet středisek celkem,D49.6.1,H,
49,49.6.2,STŘEDISKA VOLNÉHO ČASU (bývalé DDM) - Počet žáků a studentů na 1 000 obyvatel obce,D49.6.3*1000/D1.1,H,
49,49.6.3,STŘEDISKA VOLNÉHO ČASU (bývalé DDM) - Počet zájmových útvarů pro žáky a studenty,D49.6.7,H,
49,49.6.4.1,"STŘEDISKA VOLNÉHO ČASU (bývalé DDM) - Počet žáků, studentů na jednoho zaměstnance (přepočteného na celorok)",D49.6.3/D49.6.4,V,
49,49.6.4.2,"STŘEDISKA VOLNÉHO ČASU (bývalé DDM) - Počet žáků, studentů na jednoho pedagogického zaměstnance",D49.6.3/D49.6.4.1,H,
49,49.6.4.3,"STŘEDISKA VOLNÉHO ČASU (bývalé DDM) - Počet žáků, studentů na jednoho nepedagogického zaměstnance",D49.6.3/(D49.6.4-D49.6.4.1),H,
49,49.6.5.1,Neinvestiční příspěvek od zřizovatele + Ostatní neinvest. výdaje hrazené zřizovatelem + Přímé náklady na vzdělávání (NIV) na jednoho žáka (DDM) v celých Kč,(D49.6.6+D49.6.5+D49.6.6.1)*1000/D49.6.3,V,"Ostatní neinvestiční výdaje hrazené zřizovatelem - může se jednat o NEINVESTIČNÍ výdaje na drobné opravy, údržbu apod., které HRADÍ OBEC PŘÍMO ZE SVÉHO ROZPOČTU a nejsou součástí příspěvku zřizovatele."
49,49.6.5.2,Struktura příspěvků na činnost DDM v %,D49.6.6+D49.6.5+D49.6.6.1,V,
50,50.1,Počet plánovaných investičních akcí z upraveného rozpočtu na daný kalendářní rok,D50.1,H,
50,50.2,Počet realizovaných investičních akcí v daném kalendářním roc,D50.2,H,
50,50.3,Finanční objem plánovaných investičních akcí z upraveného rozpočtu na daný kalendářní rok v tis. Kč,D50.3,H,
50,50.4,Finanční objem realizovaných investičních akcí v daném kalendářním roce v tis. Kč,D50.4,H,
50,50.5,Počet plánovaných investičních akcí z upraveného rozpočtu na daný kalendářní rok na pracovníka,D50.1/D50.10,H,
50,50.6,Počet realizovaných akcí v daném kalendářním roce na pracovníka,D50.2/D50.10,H,
50,50.7,Počet realizovaných projektových příprav v daném kalendářním roce na pracovníka,D50.2.0/D50.10,H,
50,50.8,Finanční objem plánovaných investičních akcí z upraveného rozpočtu na daný kalendářní rok v tis. Kč na 1 plánovanou akci,D50.3/D50.1,H,
50,50.9,Finanční objem realizovaných investičních akcí v daném kalendářním roce v tis. Kč na 1 realizovanou akci,D50.4/D50.2,H,
50,50.10,Náklady na realizaci investičních akcí v daném kalendářním roce v tis. Kč na 1 realizovanou akci,(D50.11+D50.4.0)/D50.2,H,
50,50.11,EXTERNÍ náklady na realizaci investičních akcí za daný kalendářní rok v tis. Kč na 1 realizovanou akci,D50.4.0/D50.2,H,
50,50.12,Náklady na realizaci investičních akcí k finančnímu objemu realizovaných investičních akcí v daném kalendářním roce v Kč,D50.11/D50.4,H,
50,50.13,EXTERNÍ náklady na realizaci investičních akcí k finančnímu objemu realizovaných investičních akcí za daný kalendářní rok v tis. Kč (v %),D50.4.0*100/D50.4,H,
50,50.14,Objem dotací k finančnímu objemu realizovaných investičních akcí v daném kalendářním roce v tis. Kč (%),D50.6*100/D50.4,H,
50,50.15,Počet zaměstnanců - pracovních úvazků v agendě příprava a realizace investic celkem,D50.10,H,
50,50.16,Struktura nákladů na realizaci investičních akcí v daném kalendářním roce v tis. Kč,D50.4.0+D50.11.1+D50.11.2,H,"Celkové náklady tvoří externí náklady, provozní náklady, mzdy pracovníků agendy investic."
51,51.1,"Výdaje na energie - teplo, elektrickou energii, plyn, vodu v Kč celkem na m2 podlahové plochy",(D51.11+D51.12+D51.13+D51.14)*1000/D51.6,H,"Součet všech výdajů na energie v Kč (teplo, elektrickou energii, plyn, vodu) na m2 podlahové plochy"
51,51.2,Výdaje na opravy a zhodnocení v Kč na m2 podlahové plochy,(D51.15+D51.16)*1000/D51.6,H,"Součet datových polí Výdaje na běžné opravy v daném roce celkem + Výdaje na zhodnocení budov v daném roce celkem - například rekonstrukce, modernizace na 1 m2 podlahové plochy."
51,51.3,Celkové výdaje v Kč na m2 podlahové plochy,(D51.11+D51.12+D51.13+D51.14+D51.15+D51.16)*1000/D51.6,H,Součet Výdajů na energie v Kč a Výdajů na opravy a zhodnocení v Kč na 1 m2 podlahové plochy.
51,51.4.1,Celkové výdaje v Kč na pracovníka (VČETNĚ UVOLNĚNÝCH FUNKCIONÁŘŮ),(D51.11+D51.12+D51.13+D51.14+D51.15+D51.16)*1000/D51.17,H,Součet Výdajů na energie v Kč a Výdajů na opravy a zhodnocení v Kč na 1 zaměstnance
51,51.5.1,"Kancelářská plocha v m2 na pracovníka (úředníků i neúředníků), včetně uvolněných funkcionářů",D51.3/D51.17,H,
51,51.6,"Počet budov, úřadoven (i ve výpůjčce) pro styk s veřejností",D51.1,H,
51,51.6.1,Počet pracovišť podatelny,D51.10,H,
51,51.7,"Struktura výdajů - teplo, plyn, voda, elektřina",D51.11+D51.12+D51.13+D51.14,H,
52,52.1,"Výdaje města na provoz TIC jiným, od městského úřadu odlišným, subjektem v Kč na jednoho obyvatele města",D52.2*1000/D1.1,H,
52,52.2,"Výdaje města na provoz TIC jiným, od městského úřadu odlišným, subjektem v Kč k počtu návštěvníků TIC",D52.2*1000/D52.7,H,
52,52.3,Finanční prostředky vynaložené městem na propagaci celkem v Kč na jednoho obyvatele města,D52.5*1000/D1.1,H,
52,52.4,Finanční prostředky vynaložené na pořízení propagačních materiálů města v Kč na 1 000 obyvatel města,D52.5.1*1000/(D1.1/1000),H,
52,52.5,Finanční prostředky vynaložené na veletrhy cestovního ruchu v Kč na 1 000 obyvatel města,D52.5.2*1000/(D1.1/1000),H,
52,52.6,Objem získaných financí z grantů na propagaci cestovního ruchu v Kč na jednoho obyvatele města,D52.9.1*1000/D1.1,H,
52,52.7,Poměr získaných financí z grantů na propagaci cestovního ruchu k finančním prostředkům vynaloženým městem na propagaci celkem v %,(D52.9.1*100)/D52.5,V,
52,52.8,Počet návštěvníků TIC na 1 000 obyvatel města,D52.7/(D1.1/1000),V,
52,52.9.1,Počet návštěvníků TIC k počtu zaměstnanců (úvazků) TIC - zaměstnanci TIC při městském úřadu,D52.7/D52.3.1,V,
52,52.9.2,"Počet návštěvníků TIC k počtu zaměstnanců (úvazků) TIC - zaměstnanci TIC jiného, od městského úřadu odlišného subjektu",D52.7/D52.3.2,V,
53,53.0.1,Počet VŠECH informatiků bez VŠECH pracovníků pro GIS,D53.1-D53.2,V,K 31.12. sledovaného roku.
53,53.0.2,Počet informatiků PRACUJÍCÍCH (PRO ÚŘAD) bez pracovníků pro GIS (PRO ÚŘAD),D53.1.1-D53.2.1,H,K 31.12. sledovaného roku.
53,53.0.3,Počet pracovníků zabývajících se GIS,D53.2,V,K 31.12. sledovaného roku.
53,53.0.4,Počet pracovníků zabývajících se GIS PRACUJÍCÍCH PRO ÚŘAD,D53.2.1,H,K 31.12. sledovaného roku.
53,53.1,Počet PC na pracovníka (informatika) bez pracovníků pro GIS,D53.7/(D53.1-D53.2),H,
53,53.1.1,Počet všech spravovaných PC A NOTEBOOKŮ PRO ÚŘAD na pracovníka (informatika) PRACUJÍCÍHO PRO ÚŘAD bez pracovníků pro GIS PRO ÚŘAD,(D53.7-D53.7.2)/(D53.1.1-D53.2.1),H,K 31.12. sledovaného roku.
53,53.1.2,Celkový počet všech spravovaných aktivních síťových prvků s managementem na pracovníka (informatika) PRACUJÍCÍHO PRO ÚŘAD,D53.7.3/D53.1.1,H,K 31.12. sledovaného roku.
53,53.1.3,Počet informatiků PRACUJÍCÍCH (PRO ÚŘAD) na pracovníka úřadu (VČETNĚ UVOLNĚNÝCH FUNKCIONÁŘŮ) (%),(D53.1.1*100)/D53.3,H,K 31.12. sledovaného roku.
53,53.1.4,Počet pracovníků zabývajících se GIS (PRO ÚŘAD) na pracovníka úřadu (VČETNĚ UVOLNĚNÝCH FUNKCIONÁŘŮ) (%),(D53.2.1*100)/D53.3,H,K 31.12. sledovaného roku.
53,53.2,Výdaje na HW a SW v Kč (mimo výdaje na outsourcing) na pracovníka (VČETNĚ UVOLNĚNÝCH FUNKCIONÁŘŮ),D53.11*1000/D53.3,H,"Údržba + nákup – bez mzdových nákladů, doplnit dle účetní osnovy; rozpočtová položka 5137, 5139, 5162 (jen náklady na internet), 5169 (bez výdajů na outsourcing), 5171, 5172, 5179, 6111, 6119, 6125. K 31.12. sledovaného roku."
53,53.3,Výdaje na outsourcing (nákup) informačních služeb v Kč na pracovníka (VČETNĚ UVOLNĚNÝCH FUNKCIONÁŘŮ),D53.12.1*1000/D53.3,H,K 31.12. sledovaného roku.
53,53.4,Celkové náklady na IT (BEZ provozních nákladů na informatiky) v Kč na pracovníka (VČETNĚ UVOLNĚNÝCH FUNKCIONÁŘŮ),(D53.11+D53.12.1)*1000/D53.3,H,K 31.12. sledovaného roku.
53,53.5,Provozní náklady na informatiky v Kč v přepočtu na pracovníka úřadu (VČETNĚ UVOLNĚNÝCH FUNKCIONÁŘŮ),((D31.9/D31.1)*D53.1)/D53.3*1000,H,
53,53.6,Celkové náklady na IT (včetně provozních nákladů na informatiky) v Kč na pracovníka úřadu (VČETNĚ UVOLNĚNÝCH FUNKCIONÁŘŮ),(D53.11+D53.12.1+(D31.9/D31.1*D53.1))/D53.3*1000,H,
53,53.7,Struktura celkových nákladů na IT,D53.11+D53.11.1+D53.12.1,V,Výdaje na HW a SW v Kč (mimo výdaje na outsourcing) + Provozní náklady na informatiky v Kč + Výdaje na outsourcing (nákup) informačních služeb
53,53.8,Počet samostatných tiskáren a multifunkčních zařízení na pracovníka (VČETNĚ UVOLNĚNÝCH FUNKCIONÁŘŮ),(D53.8+D53.10)/D53.3,H,K 31.12. sledovaného roku.
53,53.9,Struktura počtu samostatných tiskáren a multifunkčních zařízení,D53.8+D53.10,V,K 31. 12. sledovaného roku.
53,53.10,Počet VŠECH serverů,D53.4,H,
53,53.11,"Omezení přístupu na určité stránky (ano=1, ne=0)",D53.14,V,
53,53.12,Způsob PRIMÁRNÍHO připojení k internetu (xDSL=1; bezdrátová technologie=2; optika=3; LAN=4; jiné=5),D53.17.1,V,
53,53.13,Přenosová rychlost připojení k internetu v Mb/s,D53.17.2,V,
53,53.14,"Využívání DIGITÁLNÍ elektronické úřední desky (kiosku) pro zveřejňování informací (ano=1, ne=0)",D53.18,V,
53,53.15,Počet osobních elektronických certifikátů,D53.19,H,
53,53.16,"Medium pro osobní elektronické certifikáty (1=token, 2= čipová karta, 3=cloud, 4=jiný)",D53.20,V,
53,53.17,"Používání elektronických formulářů? (ano=1, ne=0)",D53.22,V,
54,54.1,Výdaje na provoz (včetně PHM a mezd řidičů) v Kč na 1 služební vozidlo,(D54.5+D54.7)*1000/D54.2,H,"Součet výdajů na PHM v tis. Kč + výdajů na provoz (pojištění, mzdy služebních řidičů, opravy, dálniční známky, mytí, STK, měření emisí) na jedno služební vozidlo."
54,54.1.1,Výdaje na provoz (včetně PHM ale BEZ mezd řidičů) v Kč na 1 služební vozidlo,(D54.5+(D54.7-D54.7.1))*1000/D54.2,H,"Součet výdajů na PHM v tis. Kč + výdajů na provoz BEZ mezd řidičů (pojištění, opravy, dálniční známky, mytí, STK, měření emisí) na jedno služební vozidlo."
54,54.1.2,Výdaje na provoz elektromobilů v Kč na 1 elektromobil,(D54.7.2*1000)/D54.2.1,H,"Součet výdajů na ELEKTROMOBILY v tis. Kč + výdajů na provoz BEZ mezd řidičů (pojištění, opravy, dálniční známky, mytí, STK) na jeden ELEKTROMOBIL."
54,54.2,Spotřeba PHM v litrech na 1 služební vozidlo (bez elektromobilů),D54.6/(D54.2-D54.2.1),H,Spotřeba PHM v litrech celkem (u všech vozidel) na 1 služební vozidlo.
54,54.3,Počet pracovníků na 1 služební vozidlo,D54.11/D54.2,H,
54,54.4.1,Počet najetých km na jednoho pracovníka,D54.3/D54.11,H,Počet najetých kilometrů všemi vozidly (mimo Městské policie) na jednoho zaměstnance
54,54.5,Provozní náklady na služební vozidla včetně PHM a mezd řidičů na pracovníka v Kč,((D54.5+D54.7)*1000)/D54.11,V,
54,54.5.1,Provozní náklady na služební vozidla (včetně PHM) BEZ mezd řidičů na pracovníkav Kč,((D54.5+D54.7-D54.7.1)*1000)/D54.11,V,
54,54.5.2,Výdaje na provoz elektromobilů v Kč na 1 pracovníka,(D54.7.2*1000)/D54.11,V,
54,54.6,Provozní náklady v celých Kč na jeden km (včetně mezd řidičů),(D54.5+D54.7)*1000/D54.3,H,
54,54.6.1,Provozní náklady v celých Kč na jeden km (BEZ mezd řidičů),(D54.5+D54.7-D54.7.1)*1000/D54.3,H,
54,54.6.2,Provozní náklady na ELEKTROMOBILY v celých Kč na jeden km (BEZ mezd řidičů),(D54.7.2*1000)/D54.3,H,
54,54.7,Počet km čtverečních správního obvodu obce s rozšířenou působností,D1.15,V,
54,54.8,Průměrné stáří vozidel v letech k 31.12. sledovaného roku,D54.4,H,
54,54.9,"Využívání monitoringu pohybu vozidel - GPS (ano=1, ne=0)",D54.9,V,
54,54.10,"Využívání elektronické knihy jízd (ano=1, ne=0)",D54.10,V,
54,54.11,Počet elektromobilů a hybridních vozidel z celkového počtu vozidel (%),(D54.2.1+D54.2.2)*100/D54.2,H,
54,54.12,Počet vozidel pořízených na leasing z celkového počtu vozidel (v %),D54.2.3*100/D54.2,H,
55,55.1,Tvorba fondu podílem z objemu prostředků na platy a odměny zaměstnanců v %,D55.1,H,
55,55.2,Celkový finanční objem benefitů na zaměstnance v Kč,((D55.2+D55.3)*1000)/D1.19,H,
55,55.3.1,Příspěvek na stravné celkem v Kč / zaměstnanec / den,D55.4,H,
55,55.3.2,Příspěvek na stravné - z fondu,D55.4.1,H,
55,55.3.3,Příspěvek na stravné - z provozních prostředků,D55.4.2,H,
55,55.3.4,% struktura tvorby fondu,D55.2+D55.3,V,
55,55.4,Penzijní pojištění (max. Kč / osoba / rok),D55.5.1,H,
55,55.5,"Osobní konta, flexipasy apod. (max. Kč / osoba / rok)",D55.5.2,H,
55,55.6,Příspěvky na rekreaci (max. Kč / osoba / rok),D55.5.3,V,
55,55.7,Příspěvky na sportovní aktivity nebo zdravotní prevenci (max. Kč / osoba / rok),D55.5.4,V,
55,55.8,Sociální nebo jiné půjčky (max. Kč / osoba / rok),D55.5.5,V,
55,55.9.1,Příspěvek na úpravu zevnějšku (ošatné - Kč / osoba / rok),D55.5.6,V,
55,55.9.2,Příspěvek na úpravu zevnějšku (ošatné) - určení osob (0-ne/1-všem/2-vedoucí/3-vybrané pozice),D55.5.6.1,V,Vyplňte: 0 - benefit neposkytujeme; 1 - pro všechny zaměstnance; 2 - pouze vedoucí zaměstnanci; 3 - pouze vybrané pracovní pozice.
55,55.10,"Odměny při životních jubileích, odměny při odchodu do penze, odměny za počet odpracovaných let (celkem Kč)",D55.5.7,V,
55,55.11,"Zájezdy, akce, pobyty apod. organizované úřadem, zaměstnavatelem, odborovou organizací apod. (celkem Kč)",D55.5.8,V,
55,55.12,Počet dnů pracovního volna s náhradou platu nad rámec Zákoníku práce na jednoho zaměstnance,D55.5.9,H,
55,55.13,Náborové příspěvky (celkem Kč),D55.5.10,V,
55,55.14,Ostatní benefity a příspěvky (celkem Kč),D55.5.11,H,
56,56.1,Výdaje na úklid vlastními zaměstnanci celkem v Kč na 1 m2 plochy úklidu,D56.10*1000/D56.4,H,
56,56.2,Výdaje na dodavatelský úklid celkem v Kč na 1 m2 plochy úklidu,D56.11*1000/D56.4,H,
56,56.3.1,Výdaje na úklid v Kč celkem na jednoho pracovníka,(D56.10+D56.11)*1000/D56.12,H,Součet výdajů na úklid vlastními zaměstnanci a výdajů na dodavatelský úklid na jednoho zaměstnance.
56,56.4,Výdaje na úklid v Kč celkem na 1 m2 plochy úklidu,(D56.10+D56.11)*1000/D56.4,H,Součet výdajů na úklid vlastními zaměstnanci a výdajů na dodavatelský úklid na 1 m2 plochy úklidu.
56,56.5.1,Kancelářská plocha v m2 na jednoho pracovníka,D56.1/D56.12,H,
57,57.1.1,Výdaje v Kč na pracovníka (pevná linka),(D57.2*1000)/D57.18,H,Výdaje na telefonování (pevná linka) na jednoho zaměstnance.
57,57.1.2,"Výdaje v Kč na pracovníka (pevná linka), včetně výdajů na provoz ústředen a výdajů na okruhy",(D57.2+D57.3.1+D57.7)*1000/D57.18,H,Výdaje na telefonování (pevná linka) na jednoho zaměstnance.
57,57.2.1,Výdaje v Kč na pracovníka (mobilní telefony),D57.11*1000/D57.18,H,Výdaje na telefonování (mobily) na jednoho zaměstnance
57,57.4.1,Celkové náklady v Kč na telefonování na pracovníka,(D57.2+D57.11)*1000/D57.18,H,"Ukazatel je součtem výdajů na telefonování (pevná linka, mobily) na jednoho zaměstnance."
57,57.4.2,"Celkové náklady v Kč na telefonování na pracovníka, včetně výdajů na provoz ústředen a výdajů na okruhy",(D57.2+D57.3.1+D57.7+D57.11.1)*1000/D57.18,H,"Ukazatel je součtem všech výdajů na telefonování (pevná linka, ústředny, okruhy, mobily) na jednoho zaměstnance."
57,57.5,Struktura nákladů na telefonování,D57.2+D57.3.1+D57.7+D57.11,V,"Objem jednotlivých výdajů na telefonování (pevná, linka, mobily)"
57,57.6,Počet telefonních linek přímých a OD OPERÁTORA do ústředny BEZ GSM BRÁNY,D57.4,V,Pevná linka. K 31.12. sledovaného roku.
57,57.7,Počet připojených stanic (telefonních přístrojů) celkem k ústředně/ústřednám,D57.5,V,K 31.12. sledovaného roku.
57,57.8,Počet mobilních telefonů (v majetku města),D57.10,H,K 31.12. sledovaného roku.
57,57.9,Počet SPRAVOVANÝCH SIM KARET PRO ÚŘAD NA PRACOVNÍKA,D57.10.1.1/D57.18,V,K 31.12. sledovaného roku.
57,57.10,Počet SPRAVOVANÝCH SIM KARET PRO ÚŘAD NA POČET INFORMATIKŮ PRACUJÍCÍCH PRO ÚŘAD,D57.10.1.1/D53.1.1,H,K 31.12. sledovaného roku.
57,57.11,Počet SPRAVOVANÝCH SIM KARET PRO ÚŘAD K POČTU SPRAVOVANÝCH SIM KARET CELKEM (%),D57.10.1.1*100/D57.10.1,V,K 31.12. sledovaného roku.
57,57.12,Počet SPRAVOVANÝCH TECHNOLOGICKÝCH SIM KARET PRO ÚŘAD VČETNĚ ČISTĚ DATOVÝCH NA PRACOVNÍKA,D57.10.2.1/D57.18,V,K 31.12. sledovaného roku.
57,57.13,Počet SPRAVOVANÝCH TECHNOLOGICKÝCH SIM KARET PRO ÚŘAD VČETNĚ ČISTĚ DATOVÝCH NA POČET INFORMATIKŮ PRACUJÍCÍCH PRO ÚŘAD,D57.10.2.1/D57.10.1,H,K 31.12. sledovaného roku.
57,57.14,Počet SPRAVOVANÝCH TECHNOLOGICKÝCH SIM KARET PRO ÚŘAD VČETNĚ ČISTĚ DATOVÝCH K POČTU SPRAVOVANÝCH TECHNOLOGICKÝCH SIM KARET VČETNĚ ČISTĚ DATOVÝCH CELKEM,D57.10.2.1*100/D57.10.2,V,K 31.12. sledovaného roku.
57,57.15,Úhrada soukromých hovorů ano/ne - mobilní telefony,D57.13,V,"K 31.12. sledovaného roku. ano=1, ne=0; (mobilní telefony)"
57,57.16,Stanovené maximální měsíční limity na telefonování ano/ne,D57.15,V,"K 31.12. sledovaného roku. ano=1, ne=0"
58,58.1.1,Finanční objem projektů v realizaci v Kč na obyvatele obce,(D58.5.2*1000)/D1.1,H,
58,58.1.2,Objem prostředků přijatých ve sledovaném roce v Kč na obyvatele obce,((D58.6.1+D58.6.2)*1000)/D1.1,H,
58,58.1.3,Struktura prostředků přijatých ve sledovaném roce (investiční/neinvestiční) v %,D58.6.1 + D58.6.2,H,
58,58.1.4,Finanční objem schválených žádostí pro cizí subjekty v tis. Kč na úvazek,(D58.3.4 + D58.4.4)/D58.7,V,
58,58.2.1,Finanční objem projektů v realizaci v tis. Kč na úvazek,D58.5.2/D58.7,H,
58,58.2.2,Objem prostředků přijatých ve sledovaném roce v tis. Kč na úvazek,(D58.6.1+D58.6.2)/D58.7,H,
58,58.2.3,Počet projektů v realizaci celkem na úvazek,D58.5.1/D58.7,V,
58,58.2.4,Počet projektů v režimu udržitelnosti na úvazek,D58.5.3/D58.7,V,
58,58.3.1,Finanční objem podaných žádostí v tis. Kč na úvazek,(D58.1.2+D58.2.2)/D58.7,V,
58,58.3.2,Počet podaných žádostí,D58.1.1 + D58.2.1,V,
58,58.3.3,Struktura finančního objemu podaných žádostí (investiční/neinvestiční) v %,D58.1.2 + D58.2.2,V,
58,58.4.1,Finanční objem schválených žádostí v tis. Kč na úvazek,(D58.1.4+D58.2.4)/D58.7,V,
58,58.4.2,Počet schválených žádostí,D58.1.3 + D58.2.3,V,
58,58.4.3,Struktura finančního objemu schválených žádostí (investiční/neinvestiční) v %,D58.1.4 + D58.2.4,V,
58,58.5.1,Náklady na externí služby v Kč na úvazek,(D58.5.5*1000)/D58.7,H,
58,58.7.1,Finanční objem podaných žádostí v tis. Kč na úvazek - cizí subjekty,(D58.3.2+D58.4.2)/D58.7,V,
58,58.7.2,Počet podaných žádostí - cizí subjekty,D58.3.1 + D58.4.1,V,
58,58.7.3,Struktura finančního objemu podaných žádostí (investiční/neinvestiční) - cizí subjekty v %,D58.3.2 + D58.4.2,H,
58,58.8.1,Finanční objem schválených žádostí v tis. Kč na úvazek - cizí subjekty,(D58.3.4 + D58.4.4)/D58.7,V,
58,58.8.2,Počet schválených žádostí - cizí subjekty,D58.3.3 + D58.4.3,V,
58,58.8.3,Struktura finančního objemu schválených žádostí (investiční/neinvestiční) - cizí subjekty v %,D58.3.4 + D58.4.4,V,
60,60.0,Počet pracovníků (úvazků) na 1000 obyvatel obce,D60.7/(D1.1/1000),H,
60,60.1,Počet kontaktních míst v rámci úřadu,D60.1,H,
60,60.2,Počet úředních hodin v týdnu,D60.2,V,
60,60.3,Počet vydaných ověřených výstupů (výpisů) na 1 pracovníka (úvazek),D60.3/D60.7,H,"Celkový počet všech vydaných ověřených výstupů (výpisů) ve sledovaném období vydaných v rámci úřadu, tj. vydaných na všech kontaktních místech úřadu i v případě, že je agenda Czech POINT vykonávána i dalšími odbory. Počet vydaných ověřených výstupů (výpisů) je součtem polí: Počet ověřených výstupů (výpisů) z rejstříků trestů + Počet ověřených výstupů (výpisů) z katastru nemovitostí + Počet ověřených výstupů (výpisů) z obchodního rejstříku + Počet ověřených výstupů (výpisů) ze živnostenského rejstříku + Počet ověřených výstupů (výpisů) z Edenční karty řidiče (EKŘ) + Počet ověřených výstupů (výpisů) ze seznamu kvalifikovaných dodavatelů + Počet podání do registru účastníků provozu modulu autovraků ISOH + Počet ověřených výstupů (výpisů) - autorizované konverze dokumentů z listinné do elektronické formy a naopak + Počet ověřených výstupů (výpisů) z insolvenčního rejstříku + Počet ověřených výstupů (výpisů) - datové schránky."
60,60.3.2,Počet zaměstnanců - pracovních úvazků v agendě Czech POINT celkem,D60.7,V,
60,60.4,Počet nevyřízených žádostí o výpis z rejstříku trestů na 1 pracovníka (úvazek),D60.4/D60.7,V,"Počtem nevyřízených žádostí o výpis z rejstříku trestů se rozumí počet převzatých žádostí o výpis z rejstříku trestů kontaktními pracovišti Czech POINT, které nebyly vyřízeny elektronicky (např. nebylo vyřízeno na počkání, odesláno poštou). K 31.12. sledovaného roku."
60,60.5,Počet vydaných ověřených výstupů (výpisů) a nevyřízených žádostí o výpis z rejstříku trestů na 1 pracovníka (úvazek),(D60.3+D60.4)/D60.7,H,"Celkový počet všech vydaných ověřených výstupů (výpisů) ve sledovaném období vydaných v rámci úřadu, tj. vydaných na všech kontaktních místech úřadu i v případě, že je agenda Czech POINT vykonávána i dalšími odbory. Počet vydaných ověřených výstupů (výpisů) je součtem polí: Počet ověřených výstupů (výpisů) z rejstříků trestů + Počet ověřených výstupů (výpisů) z katastru nemovitostí + Počet ověřených výstupů (výpisů) z obchodního rejstříku + Počet ověřených výstupů (výpisů) ze živnostenského rejstříku + Počet ověřených výstupů (výpisů) z Edenční karty řidiče (EKŘ) + Počet ověřených výstupů (výpisů) ze seznamu kvalifikovaných dodavatelů + Počet podání do registru účastníků provozu modulu autovraků ISOH + Počet ověřených výstupů (výpisů) - autorizované konverze dokumentů z listinné do elektronické formy a naopak + Počet ověřených výstupů (výpisů) z insolvenčního rejstříku + Počet ověřených výstupů (výpisů) - datové schránky. Počtem nevyřízených žádostí o výpis z rejstříku trestů se rozumí počet převzatých žádostí o výpis z rejstříku trestů kontaktními pracovišti Czech POINT, které nebyly vyřízeny elektronicky (např. nebylo vyřízeno na počkání, odesláno poštou). K 31.12. sledovaného roku."
60,60.6,Struktura vydaných ověřených výstupů (výpisů) a nevyřízených žádostí o výpis z rejstříku trestů,D60.3.0+D60.3.1+D60.3.2+D60.3.3+D60.3.4+D60.3.5+D60.3.6+D60.3.7+D60.3.8+D60.3.9+D60.3.10+D60.3.11+D60.4,H,"Počtem nevyřízených žádostí o výpis z rejstříku trestů se rozumí počet převzatých žádostí o výpis z rejstříku trestů kontaktními pracovišti Czech POINT, které nebyly vyřízeny elektronicky (např. nebylo vyřízeno na počkání, odesláno poštou)."
60,60.7,Počet učiněných podání pro registr živnostenského podnikání (FO a PO) na jednoho pracovníka (úvazek),(D60.5.1+D60.5.2)/D60.7,H,"Celkový počet všech učiněných podání pro registr živnostenského podnikání (FO a PO) ve sledovaném období vydaných v rámci úřadu, tj. vydaných na všech kontaktních místech úřadu i v případě, že je agenda Czech POINT vykonávána i dalšími odbory. Počet učiněných podání pro registr živnostenského podnikání (FO a PO) je součtem polí: Registr živnostenského podnikání pro fyzickou osobu + Registr živnostenského podnikání pro právnickou osobu. K 31.12. sledovaného roku."
60,60.8,Příjem správních poplatků v Kč na jeden ověřený výstup (výpis),D60.6*1000/D60.3,H,
60,60.9,Příjem správních poplatků v Kč na jednoho pracovníka (úvazek),D60.6*1000/D60.7,V,
60,60.10,Příjem správních poplatků v Kč na jedno kontaktní místo,D60.6*1000/D60.1,V,
60,60.11,Průměrná čekací doba,D60.8,V,
60,60.12,Provozní výdaje na jeden ověřený výstup (výpis) v Kč,(D31.9/D31.1)/(D60.3/D60.7)*1000,V,"Bez investičních výdajů souvisejících s činností úřadu (§ 6171). Vycházíme z údajů vyplněných v agendě 31. Výdaje na výkon státní správy a samosprávy. Provozní náklady odpovídají součtu níže uvedených položek, které jsou přepočteny na jednoho zaměstnance: Výdaje na platy, ostatní platby za provedenou práci a pojistné + Výdaje na činnost místní správy §6171 celkem bez mezd a odvodů + Ostatní výdaje v tis. Kč, které bezprostředně souvisí s výkonem státní správy a o nichž obec z analytických či jiných důvodů účtuje na jiných paragrafech než je §6171."
60,60.12.1,Rozdíl mezi příjmy ze správních poplatků a průměrnými provozními výdaji agendy Czech Point v Kč,(D60.6*1000)-((D31.9/D31.1)*1000*D60.7),V,
60,60.13,Počet ověřených výstupů (výpisů) na 1000 obyvatel obce,D60.3/(D1.1/1000),V,
60,60.15,Počet pracovníků (úvazků) na 1000 obyvatel správního obvodu,D60.7/(D1.3/1000),V,
60,60.16,Počet pracovníků (úvazků) Czech POINT k celkovému počtu pracovníků (úvazků) v %,D60.7/D1.19*100,V,
61,61.1.1,Počet obyvatel na zaměstnance MP,D1.1/D61.1.1,H,
61,61.1.2,Počet strážníků a čekatelů na 1000 obyvatel,(D61.1.1.1 + D61.1.1.2)/(D1.1/1000),H,
61,61.1.5,Věková struktura strážníků a čekatelů,D61.1.3.0 + D61.1.3.1 + D61.1.3.2 + D61.1.3.3 + D61.1.3.4 + D61.1.3.5,H,
61,61.1.6,Vzdělanostní struktura zaměstnanců,D61.1.4.2 + D61.1.4.3 + D61.1.4.4 + D61.1.4.5,H,
61,61.1.6.1,Syntetický ukazatel vzdělanostní úrovně zaměstnanců MP,(2*(D61.1.4.2)+3*(D61.1.4.3+D61.1.4.4)+4*(D61.1.4.5))/((D61.1.4.2+D61.1.4.3+D61.1.4.4+D61.1.4.5)),H,"Ukazatel úrovně vzdělání je souhrnným ukazatelem, který charakterizuje úroveň vzdělanosti zaměstnanců. Výsledkem tohoto syntetického ukazatele je reálné číslo v intervalu 1 až 4. Přičemž čím se hodnota více přibližuje hodnotě 4, tím jsou zaměstnanci vzdělanější."
61,61.1.6.2,Index feminity strážníků/čekatelů,D61.1.3.7/(D61.1.3.6-D61.1.3.7),H,Podíl žen a mužů
61,61.2.1,"Počet zaměstnanců na úřadovnu, služebnu",D61.1.1/D61.2,H,
61,61.2.2,"Počet úřadoven, služeben na 1 000 obyvatel",D61.2/(D1.1/1000),H,
61,61.2.4,Počet úřadoven/služeben s nepřetržitým provozem,D61.27.1,H,
61,61.3.1,Počet zaměstnanců na motorové vozidlo,D61.1.1/D61.3,H,
61,61.3.2,Struktura motorových vozidel,D61.3.1 + D61.3.2 + D61.3.3,H,
61,61.3.3,Počet km najetých motorovými vozidly na zaměstnance,D61.3.4/D61.1.1,H,
61,61.3.4,Počet km najetých motorovými vozidly na vozidlo,D61.3.4/D61.3,H,
61,61.3.5,Jiné dopravní prostředky v kusech,D61.4,H,
61,61.5.1,Příjmy z vlastní činnosti celkem v tis. Kč na zaměstnance,D61.5/D61.1.1,H,
61,61.5.1.1,Očištěné příjmy z vlastní činnosti celkem v tis. Kč na zaměstnance (bez parkovného),(D61.5-D61.5.3)/D61.1.1,H,
61,61.5.2,Příjmy z vlastní činnosti celkem v tis. Kč na 1 000 obyvatel,D61.5/(D1.1/1000),H,
61,61.5.4,Neinvestiční dotace v tis. Kč na zaměstnance,D61.5.6/D61.1.1,H,
61,61.6.1,Běžné výdaje v tis. Kč celkem na zaměstnance,D61.6/D61.1.1,H,
61,61.6.2,Běžné výdaje v tis. Kč celkem na 1 000 obyvatel,D61.6/(D1.1/1000),H,
61,61.6.4,Mzdové výdaje v tis. Kč celkem na zaměstnance,D61.6.1/D61.1.1,H,
61,61.6.5,Mzdové výdaje v tis. Kč celkem na jednoho strážníka,D61.6.1.0.2/D61.1.1.1,H,
61,61.7.1,Kapitálové výdaje celkem v tis. Kč na zaměstnance,D61.8/D61.1.1,H,
61,61.7.2,Kapitálové výdaje celkem v tis. Kč na 1 000 obyvatel,D61.8/(D1.1/1000),H,
61,61.7.7,Struktura pořízení dlouhodobého hmotného majetku,D61.8.2.1 + D61.8.2.2 + D61.8.2.3 + D61.8.2.4 + D61.8.2.5,H,
61,61.7.8,Výdaje celkem v tis. Kč na zaměstnance,D61.9/D61.1.1,H,
61,61.7.9,Výdaje celkem v tis. Kč na 1 000 obyvatel,D61.9/(D1.1/1000),H,
61,61.8.0,Celkový počet sledovaných úkonů na jednoho strážníka/čekatele,(D61.9.0.3 + D61.10 + D61.11 + D61.12 + D61.19 + D61.20 + D61.21 + D61.22 + D61.23 + D61.24)/(D61.1.1.1 + D61.1.1.2),H,Celkový počet přestupků projednaných v příkazním řízení + Celkový počet podezření ze spáchání přestupků oznámených příslušným orgánům + /do roku 2017 i celkový počet podezření ze spáchání jiných správních deliktů oznámených přísl. orgánům) + Počet rozhodnutí o odstranění vozidla + Počet osob převezených do záchytné stanice + Počet zjištěných osob řídících pod vlivem alkoholu + Počet předvedených hledaných a pohřešovaných osob + Počet nalezených odcizených vozidel + Počet odchycených zvířat
61,61.8.0.1,% struktura sledovaných úkonů,D61.9.0.3 + D61.10 + D61.11 + D61.12 + D61.19 + D61.20 + D61.21 + D61.22 + D61.23 + D61.24,H,
61,61.8.0.2,Celkový počet řešených přestupků na 1000 obyvatel,(D61.9.0.3 + D61.10 + D61.11 + D61.12 + D61.19 + D61.20 + D61.21 + D61.22 + D61.23 + D61.24)/(D1.1/1000),H,
61,61.8.0.3,Počet stacionárních radarů,D61.9.0.1,H,
61,61.8.0.4,Počet kamer v rámci kamerového systému,D61.9.0.2,H,
61,61.8.2,Celkový počet přestupků projednaných příkazem na místě (v příkazním řízení) na strážníka/čekatele,D61.10/(D61.1.1.1 + D61.1.1.2),H,
61,61.8.3,Celkový počet přestupků projednaných v příkazním řízení na 1 000 obyvatel,D61.10/(D1.1/1000),H,
61,61.8.4,Struktura přestupků projednaných v příkazním řízení,D61.10.1 + D61.10.2 + D61.10.3 + D61.10.4 + D61.10.5 + D61.10.6 + D61.10.6.1 + D61.10.7 + D61.10.8 + D61.10.9,H,
61,61.8.6,Celkový počet podezření ze spáchání přestupků oznámených příslušným orgánům na strážníka/čekatele,D61.11/(D61.1.1.1 + D61.1.1.2),H,
61,61.8.7,Celkový počet podezření ze spáchání přestupků oznámených příslušným orgánům na 1 000 obyvatel,D61.11/(D1.1/1000),H,
61,61.8.8,Struktura podezření ze spáchání přestupků oznámených příslušným orgánům,D61.11.1 + D61.11.2 + D61.11.3 + D61.11.4 + D61.11.5 + D61.11.6 + D61.11.7 + D61.11.7.1 + D61.11.8 + D61.11.9 + D61.11.10,H,
61,61.8.14,Celkový počet důvodných podezření ze spáchání trestného činu oznámených Policii ČR na strážníka/čekatele,D61.13/(D61.1.1.1 + D61.1.1.2),H,
61,61.8.15,Počet fyzických útoků na počet strážníků/čekatelů,D61.14/(D61.1.1.1 + D61.1.1.2),H,
61,61.8.16,Počet případů použití služební zbraně na strážníka/čekatele,D61.15/(D61.1.1.1 + D61.1.1.2),H,
61,61.8.17,Struktura případů použití služební zbraně strážníkem,D61.15.1 + D61.15.2,H,
61,61.8.18,Celková výše pokut uložených v příkazním řízení strážníky v celých Kč na strážníka/čekatele,D61.16/(D61.1.1.1 + D61.1.1.2),H,
61,61.8.19,Celková výše pokut uložených v příkazním řízení strážníky v celých Kč na 1 000 obyvatel,D61.16/(D1.1/1000),H,
61,61.8.20,Počet uzavřených veřejnoprávních smluv podle § 3a z. o obecní policii,D61.17.1,H,
61,61.8.21,Počet uzavřených veřejnoprávních smluv podle § 3b z. o obecní policii,D61.17.2,H,
61,61.8.22,Počet výjezdů obecní policie na žádost Policie ČR na strážníka/čekatele,D61.18/(D61.1.1.1 + D61.1.1.2),H,
61,61.8.23,Počet rozhodnutí o odstranění vozidla na strážníka/čekatele,D61.19/(D61.1.1.1 + D61.1.1.2),H,
61,61.8.24,Počet osob převezených do záchytné stanice na strážníka/čekatele,D61.20/(D61.1.1.1 + D61.1.1.2),H,
61,61.8.25,Počet zjištěných osob řídících pod vlivem alkoholu na strážníka/čekatele,D61.21/(D61.1.1.1 + D61.1.1.2),H,
61,61.8.26,Počet předvedených hledaných a pohřešovaných osob na strážníka/čekatele,D61.22/(D61.1.1.1 + D61.1.1.2),H,
61,61.8.27,Počet nalezených odcizených vozidel na strážníka/čekatele,D61.23/(D61.1.1.1 + D61.1.1.2),H,
61,61.8.28,Počet odchycených zvířat na strážníka/čekatele,D61.24/(D61.1.1.1 + D61.1.1.2),H,
61,61.8.29,Počet použití TPZOV podle § 17a z. o obecní policii na strážníka/čekatele,D61.25/(D61.1.1.1 + D61.1.1.2),H,
61,61.8.30,Počet použití TPZOV podle § 18a odst. 3 z. o obecní policii na strážníka/čekatele,D61.26/(D61.1.1.1 + D61.1.1.2),H,
61,61.8.31,Počet služebních psů na strážníka/čekatele,D61.28/(D61.1.1.1 + D61.1.1.2),H,
61,61.8.32,Počet služebních koní na strážníka/čekatele,D61.29/(D61.1.1.1 + D61.1.1.2),H,
61,61.8.33,Nepřetržitý provoz úřadovny obecní/městské policie (24/7),D61.27.0,H,**/Ano = 1/Ne = 0/**
61,61.8.34,Uzavřená písemná dohoda podle § 21 zákona o IZS,D61.27.0.1,H,Ano = 1/Ne = 0
61,61.8.35,Nakládání i s dlouhými zbraněmi,D61.27.0.2,H,Ano = 1/Ne = 0
61,61.8.36,Provozována linka 156,D61.27.2,H,Ano = 1/Ne = 0
62,62.1,Produkce komunálních odpadů celkem na obyvatele (kg/obyv.),(D62.3/D1.1)*1000,H,
62,62.1.1,Produkce komunálních odpadů celkem na obyvatele bez hřbitovních odpadů a uličních smetků (kg/obyv.),(D62.3-D62.3.1-D62.3.2)/D1.1*1000,H,
62,62.1.2,Produkce komunálních odpadů celkem na uživatele obecního systému nakládání s odpady (kg/uživatele),(D62.3/(D1.1+D62.2))*1000,H,
62,62.1.3,Počet podnikatelů zapojených do odpadového systému obce na 10 000 obyvatel,D62.2/(D1.1/10000),H,
62,62.2,"Plnění cíle třídění (cílová hodnota 60 % v roce 2025, 65% v roce 2030 a 70% v roce 2035)",(D62.13+D62.4.1)*100/D62.4,H,
62,62.2.1,"Plnění cíle třídění se zapojením komunitní kompostárny (cílová hodnota 60 % v roce 2025, 65 % v roce 2030 a 70 % v roce 2035)",(D62.13+D62.4.1+D62.1.2)*100/(D62.4+D62.1.2),H,
62,62.3,Produkce směsného komunálního odpadu celkem na obyvatele (v kg/obyv.),(D62.5/D1.1)*1000,H,
62,62.3.1,Míra třídění komunálního odpadu (min. 2025 - 60%),D62.1.1,H,
62,62.4,"Množství komunálních odpadů odstraněných skládkováním na obyvatele (v kg/obyv.) Snížená sazba poplatku při produkci v roce 2023 do 180 kg, 2024 do 170 kg, 2025 do 160 kg a každý další rok -10 kg až do roku 2029, kdy je finančně zvýhodněna produkce do",(D62.15/D62.0)*1000,H,
62,62.5,"Množství odděleně soustředěných odpadů papíru, plastu, skla, kovů a nápojových kartónů na obyvatele (v kg/obyv.)",(D62.10/D1.1)*1000,H,
62,62.6,"Účinnost separace papíru, plastu, skla a kovů. Cílová hodnota 99%.",D62.10*100/(D62.10+(D62.1*D62.5)),H,
62,62.7,Množství odděleně soustředěných biologických odpadů na obyvatele (v kg/obyv.),(D62.11/D1.1)*1000,H,
62,62.8,Produkce objemného odpadu na obyvatele (v kg/obyv.),(D62.6/D1.1)*1000,H,
62,62.9,Množství odděleně soustředěných textilních odpadů na obyvatele (v kg/obyv.),(D62.7/D1.1)*1000,H,
62,62.10,Množství odděleně soustředěných nebezpečných odpadů na obyvatele (v kg/obyv.),(D62.8/D1.1)*1000,H,
62,62.11,Množství odděleně soustředěných stavebních odpadů na obyvatele (v kg/obyv.),(D62.9/D1.1)*1000,H,
62,62.12,Množství odebraných výrobků s ukončenou životností (v kg/obyv.),(D62.14/D1.1)*1000,H,
62,62.13,"Celkové náklady spojené s nakládáním s odpady (provoz systému, černé skládky a čistota, investice) na obyvatele (v Kč/obyv.)",(D62.16)/D1.1,H,
62,62.13.1,Celkové náklady na obyvatele (v Kč/obyv.) BEZ INVESTIC,(D62.16-D62.16.10)/D1.1,H,
62,62.14,Struktura výdajů v oblasti odpadového hospodářství v %,D62.16.1 + D62.16.2 + D62.16.3 + D62.16.4 + D62.16.5 + D62.16.6 + D62.16.7 + D62.16.8 +D62.16.9 + D62.16.10 + D62.16.11,H,
62,62.15,Náklady na 1 t komunálního odpadu celkem bez hřbitovních odpadů a uličních smetků (v Kč/1 tunu),(D62.16)/(D62.3- D62.3.1-D62.3.2),H,
62,62.15.1,z toho náklady na 1t směsného komunálního odpadu (v Kč/1 tunu),(D62.16.2+D62.16.5.1)/D62.5,H,
62,62.15.2,"z toho náklady na 1t využitelných složek odpadu (papír, plast, nápojový karton, sklo, textil, jedlý olej a tuk (v Kč/1 tunu))",D62.16.1/(D62.10+D62.7+D62.11.2),H,
62,62.15.3,z toho náklady na 1t biologicky rozložitelného odpadu (v Kč/1 tunu),D62.16.9/(D62.11-D62.11.1),H,
62,62.16,"Náklady na systém odpadového hospodářství - bez nákladů na vývoz odpadkových košů, úklid veřejných prostranství (litteringu) a černých skládek na obyvatele (v Kč/obyv.)",(D62.16-D62.16.5-D62.16.6)/D1.1,H,
62,62.16.1,"z toho náklady na třídění využitelných složek odpadů - papíru, plastů, skla, kovů, textilu a jedlých olejů na obyvatele (v Kč/obyv.)",D62.16.1/D1.1,H,
62,62.16.2,z toho náklady na třídění bioodpadů na obyvatele (v Kč/obyv.),D62.16.9/D1.1,H,
62,62.17,Náklady na 1 t rostlinných zbytků zpracovaných v komunitní kompostárně (v Kč/1 tunu),D62.16.13/D62.1.2,H,
62,62.18,Náklady na čistotu veřejných prostranství a úklid černých skládek na obyvatele (v Kč/obyv.),(D62.16.5+D62.16.6)/D1.1,H,
62,62.19,"Příjmy související s nakládáním s odpady, obaly a výrobky s ukončenou životností na obyvatele celkem (v Kč/obyv.)",D62.17/D1.1,H,
62,62.20,Příjmy od kolektivních systémů na obyvatele (v Kč/obyv.),D62.17.4/D1.1,H,
62,62.21,Struktura příjmů v oblasti odpadového hospodářství v %,D62.17.1 + D62.17.2 + D62.17.3 + D62.17.4 + D62.17.5 + D62.17.6 + D62.17.7 + D62.17.8,H,
62,62.22,"Rozdíl mezi příjmy a výdaji na odpadový systém města na obyvatele (v Kč/obyv.) Kladná hodnota - obec vydělává, záporná hodnota - obec na systém doplácí.",(D62.17-(D62.16-D62.16.5-D62.16.6))/D1.1,H,
62,62.23,"Rozdíl mezi příjmy a výdaji na odpadový systém města na obyvatele (v Kč/obyv.). BEZ INVESTIC. Kladná hodnota - obec vydělává, záporná hodnota - obec na systém doplácí.",(D62.17-(D62.16-D62.16.5-D62.16.6-D62.16.10))/D1.1,H,
63,63.1,Celkový výnos daně z nemovitých věcí,D63.1,H,
63,63.2,Výnos daně z nemovitých věcí na 1 obyvatele obce,D63.1/D1.1,H,
63,63.3,Průměrná výše daně z nemovitých věcí na 1 stavbu v obci,D63.1/D63.6,H,
63,63.4,Výnos daně z nemovitých věcí na 1 km2 obce,D63.1/D63.5,H,
63,63.5,Právní předpis obce k úpravě koeficientů daně z nemovitých věcí,D63.7,H,"1 - vyhláška, 2 - opatření obecné povahy, 0 - není vydán"
63,63.6,Výše základního koeficientu obce pro stanovení daně z pozemků,D63.2,H,(§6 zákona o dani z nemovitých věcí)
63,63.7,Výše základního koeficientu obce pro stanovení daně ze staveb a jednotek,D63.3,H,
63,63.8,Výše místního koeficientu,D63.4,H,"(§12 zákona o dani z nemovitých věcí). Pokud obec využívá více místních koeficientů pro jednotlivé druhy pozemků či staveb, uveďte hodnotu převažujícího koeficientu."
63,63.9,Výnos daně z nemovitých věcí k objemu aktiv obce,D63.1/D320.1,H,
63,63.10,Výše daně z nemovitých věcí k běžným výdajům rozpočtu města v %,D63.1/D42.9.0/10,H,
63,63.11,Podíl daně z nemovitých věcí na RUD (DzNV : ostatní RUD : příjmy z hazardu),D63.1+D340.50+D340.2.5,H,Daň z nemovitých věcí : ostatní sdílené daně : příjmy z hazardu
63,63.12,Výše daně z nemovitosti za byt 65m2 v Kč,D63.8,H,Průměrná obytná plocha na 1 obydlený byt v ČR je 65m2. Jaká je výše daně za tento byt u Vás ve městě?
66,66.1,Lidé v exekuci,D66.1,H,
66,66.2,Lidé v insolvenci,D66.2,H,
66,66.3,Destabilizující chudoba,D66.3,H,
66,66.4,Socioekonomická rozvinutost,D66.4,H,
66,66.5,Socioekonomické znevýhodnění,D66.5,H,
66,66.6,Index sociálního vyloučení,D66.6,H,
66,66.7,Vzdělávací neúspěšnost,D66.7,H,
66,66.8,Hodnota indexu kvality života,D66.8,H,
66,66.9,Výše nezaměstnanosti,D1.16,H,
77,77.0.1,Počet úkonů za OS agendy celkem na pracovníka (bez vidimací a legalizací),(D2.0.1+D2.0.2+D2.0.5+D2.1.2+D2.1.3+D2.1.4+D2.1.5+D3.2+D3.5+D3.6+D3.7+D3.8+D3.9+D3.10+D3.11+D3.12+D3.13+D3.14+D3.15+D3.17+D3.18+D4.2+D4.4+D4.5+D5.1+D5.2+D5.3)/(D2.3+D3.1+D4.1+D5.6),H,
77,77.0.2,Počet pracovníků OS agend celkem na 1000 obyvatel správního obvodu (bez vidimací a legalizací),(D2.3+D3.1+D4.1+D5.6)/(D1.3/1000),H,
77,77.1,Součet VŠECH úvazků vykázaných v rámci benchmarkingu,D2.3 + D3.1 + D3.1.1 + D4.1 + D5.6 + D7.12 + D8.8 + D9.8 + D10.6 + D11.8 + D12.27 + D1013.8 + D14.16 + D14.16.1 + D15.9 + D1016.10.1 + D17.6 + D18.6 + D18.7 + D18.8 + D18.9 + D18.10 + D19.14 + D19.17.5 + D19.18.4 + D19.19.2 + D19.23 + D1020.12 + D1021.1 + D1022.1 + D1023.1 + D1024.1 + D1025.1 + D1026.1 + D1027.1 + D1028.1 + D33.7 + D34.5 + D34.6 + D36.7 + D37.6+D37.18+D37.24+D37.36+D37.48+D37.61+ D37.48 + D37.54 + D1340.4 + D49.7.1 + D1050.10 + D52.3.1 + D52.3.2 + D53.1 + D54.1 + D56.7 + D58.7 + D60.7,H,
77,77.1.0,% struktura VŠECH úvazků vykázaných v benchmarkingu,D2.3 + D3.1 + D3.1.1 + D4.1 + D5.6 + D7.12 + D8.8 + D9.8 + D10.6 + D11.8 + D12.27 + D1013.8 + D14.16 + D14.16.1 + D15.9 + D1016.10.1 + D17.6 + D18.6 + D18.7 + D18.8 + D18.9 + D18.10 + D19.14 + D19.17.5 + D19.18.4 + D19.19.2 + D19.23 + D1020.12 + D1021.1 + D1022.1 + D1023.1 + D1024.1 + D1025.1 + D1026.1 + D1027.1 + D1028.1 + D33.7 + D34.5 + D34.6 + D36.7 + D37.6+D37.18+D37.24+D37.36+D37.48+D37.61 + D1340.4 + D49.7.1 + D1050.10 + D52.3.1 + D52.3.2 + D53.1 + D54.1 + D56.7 + D58.7 + D60.7,H,
77,77.1.0.1,% struktura VŠECH úvazků kumulativně,D77.12 + D77.13 + D77.14 + D77.15 + D77.16 + D77.18.1 + D77.19 + D77.20 + D77.21 + D77.22 + D77.23 + D77.24 + D77.25 + D77.26 + D77.27 + D77.28 + D77.29 + D77.30 + D77.31 + D77.32,H,
77,77.1.1,% poměr VŠECH vykázaných úvazků v rámci benchmarkingu k průměrnému přepočtenému počtu zaměstnanců zař. v obec. úřadě celkem,(D2.3 + D3.1 + D3.1.1 + D4.1 + D5.6 + D7.12 + D8.8 + D9.8 + D10.6 + D11.8 + D12.27 + D1013.8 + D14.16 + D14.16.1 + D15.9 + D1016.10.1 + D17.6 + D18.6 + D18.7 + D18.8 + D18.9 + D18.10 + D19.14 + D19.17.5 + D19.18.4 + D19.19.2 + D19.23 + D1020.12 + D1021.1 + D1022.1 + D1023.1 + D1024.1 + D1025.1 + D1026.1 + D1027.1 + D1028.1 + D33.7 + D34.5 + D34.6 + D36.7 + D37.6+D37.18+D37.24+D37.36+D37.48+D37.61 + D1340.4 + D49.7.1 + D1050.10 + D52.3.1 + D52.3.2 + D53.1 + D54.1 + D56.7 + D58.7 + D60.7)*100/D1.19,H,
77,77.1.1.1,Součet úvazků PŘENESENÉ PŮSOBNOSTI celkem vykázaných v rámci benchmarkingu,D2.3+D3.1+D3.1.1+D4.1+D5.6+D7.12+ D8.8+D9.8+D10.6 + D11.8 + D12.27 + D1013.8 + D14.16 + D14.16.1 + D15.9 + D1016.10.1 + D17.6 + D18.6 + D18.7 + D18.8 + D18.9 +D19.14 + D19.17.5 + D19.18.4 + D19.19.2 + D1020.12 + D1021.1 + D1022.1 + D1023.1 + D1024.1 + D1025.1 + D1026.1 + D1027.1 + D1028.1 + D33.7 + D36.7 + D37.55 + D60.7,H,
77,77.1.1.2,% poměr úvazků PŘENESENÉ PŮSOBNOSTI vykázaných v rámci benchmarkingu k průměrnému přepočtenému počtu zaměstnanců zař. v obec. úřadě celkem,(D2.3+D3.1+D3.1.1+D4.1+D5.6+D7.12+ D8.8+D9.8+D10.6 + D11.8 + D12.27 + D1013.8 + D14.16 + D14.16.1 + D15.9 + D1016.10.1 + D17.6 + D18.6 + D18.7 + D18.8 + D18.9 + D19.14 + D19.17.5 + D19.18.4 + D19.19.2 + D1020.12 + D1021.1 + D1022.1 + D1023.1 + D1024.1 + D1025.1 + D1026.1 + D1027.1 + D1028.1 + D33.7 + D36.7 + D37.55 + D60.7)*100/D1.19,H,
77,77.1.1.3,% struktura úvazků PŘENESENÉ PŮSOBNOSTI vykázaných v rámci benchmarkingu,D2.3+D3.1+D3.1.1+D4.1+D5.6+D7.12+ D8.8+D9.8+D10.6 + D11.8 + D12.27 + D1013.8 + D14.16 + D14.16.1 + D15.9 + D1016.10.1 + D17.6 + D18.6 + D18.7 + D18.8 + D18.9 + D19.14 + D19.17.5 + D19.18.4 + D19.19.2 + D1020.12 + D1021.1 + D1022.1 + D1023.1 + D1024.1 + D1025.1 + D1026.1 + D1027.1 + D1028.1 + D33.7 + D36.7 + D37.55 + D60.7,H,
77,77.1.1.3.1,% struktura úvazků PŘENESENÉ PŮSOBNOSTI vykázaných v rámci benchmarkingu kumulativně,D77.12 + D77.13 + D77.14 + D77.15 + D77.17 + D77.18 + D77.19 + D77.21 + D77.22 + D77.25 + D77.32,H,
77,77.1.2,1. Souhrnné informace - Průměrný PŘEPOČTENÝ počet zaměstnanců obce zařazených v obecním úřadě,D1.19,H,
77,77.1.3,1. Souhrnné informace - Průměrný FYZICKÝ počet zaměstnanců obce zařazených v obecním úřadě,D1.18,H,
77,77.1.4,Souhrnné informace - Průměrný FYZICKÝ počet zaměstnanců obce zařazených v obecním úřadě VČETNĚ UVOLNĚNÝCH FUNKCIONÁŘŮ,D1.20,H,
77,77.2,2. Evidence obyvatel - Počet zaměstnanců,D2.3,H,
77,77.2.1,Evidence obyvatel - % podíl na úvazcích přenesené působnosti,(D2.9.1+D2.9.2)*100/D31.2.1,H,
77,77.3,3. Matrika - Počet zaměstnanců,D3.1,H,
77,77.3.1,Matrika - % podíl na úvazcích přenesené působnosti,D3.1*100/D31.2.1,H,
77,77.3.2,Vidimace a legalizace - počet zaměstnanců,D3.1.1,H,
77,77.3.3,Vidimace a legalizace - % podíl na úvazcích přenesené působnosti,D3.1.1*100/D31.2.1,H,
77,77.4,4. Občanské průkazy - Počet zaměstnanců,D4.1,H,
77,77.4.1,Občanské průkazy - % podíl na úvazcích přenesené působnosti,D4.1*100/D31.2.1,H,
77,77.5,5. Cestovní doklady - Počet zaměstnanců,D5.6,H,
77,77.5.0,Cestovní doklady - % podíl na úvazcích přenesené působnosti,D5.6*100/D31.2.1,H,
77,77.5.1,Součet za Evidenci obyvatel a Matriku,D2.3+D3.1,H,
77,77.5.2,Součet za Občanské průkazy a Cestovní doklady,D4.1+D5.6,H,
77,77.5.3,Součet za občansko správní agendy,D2.3+D3.1+D4.1+D5.6,H,
77,77.7,7. Registr řidičů - Počet zaměstnanců,D7.12,H,
77,77.7.1,Registr řidičů - % podíl na úvazcích přenesené působnosti,D7.12*100/D31.2.1,H,
77,77.8,8. Registr vozidel - Počet zaměstnanců,D8.8,H,
77,77.8.1,Registr vozidel - % podíl na úvazcích přenesené působnosti,D8.8*100/D31.2.1,H,
77,77.9,9. Zkušební komisaři - Počet zaměstnanců (komisařů),D9.8,H,
77,77.9.1,Zkušební komisaři - % podíl na úvazcích přenesené působnosti,D9.8*100/D31.2.1,H,
77,77.10,"10. Dopravní přestupky - Počet zaměstnanců; SOUČET ZA PŘESTUPKY DLE Z. 361/2000 Sb., Z. 168/1999 Sb. A Z. 56/2001 Sb.",D10.6,H,
77,77.10.1,Dopravní přestupky - % podíl na úvazcích přenesené působnosti,D10.6*100/D31.2.1,H,
77,77.11,11. Silniční správní úřad - Počet zaměstnanců,D11.8,H,
77,77.11.1,Silniční správní úřad - % podíl na úvazcích přenesené působnosti,D11.8*100/D31.2.1,H,
77,77.12,"12. Dopravní úřad (MHD, taxi, měření emisí) - Počet zaměstnanců",D12.27,H,
77,77.12.1,"Dopravní úřad (MHD, taxi, měření emisí) - % podíl na úvazcích přenesené působnosti",D12.27*100/D31.2.1,H,
77,77.13,13. Speciální stavební úřad - Počet zaměstnanců,D1013.8,H,
77,77.13.0,Speciální stavební úřad - % podíl na úvazcích přenesené působnosti,D1013.8*100/D31.2.1,H,
77,77.13.1,Součet za dopravně správní agendy bez Dopravních přestupků a Spec. stav. úřadu,D7.12+D8.8+D9.8+D11.8+D12.27,H,
77,77.13.2,Součet za dopravně správní agendy bez Speciálního stavebního úřadu,D7.12+D8.8+D9.8+D10.6+D11.8+D12.27,H,
77,77.13.3,"Součet za dopravně správní agendy BEZ Přestupků, VČETNĚ Speciálního stavebního úřadu",D7.12+D8.8+D9.8+D11.8+D12.27+D1013.8,H,
77,77.14,14. Územní plánování - Počet zaměstnanců,D14.16+D14.16.1,H,
77,77.14.1,Územní plánování - % podíl na úvazcích přenesené působnosti,(D14.16+D14.16.1)*100/D31.2.1,H,
77,77.15,15. Památková péče - Počet zaměstnanců,D15.9,H,
77,77.15.1,Památková péče - % podíl na úvazcích přenesené působnosti,D15.9*100/D31.2.1,H,
77,77.16,16. Stavební úřad obecný - Počet zaměstnanců,D1016.10.1,H,
77,77.16.0,Stavební úřad obecný - % podíl na úvazcích přenesené působnosti,D1016.10.1*100/D31.2.1,H,
77,77.16.1,Součet za Územní plánování a Stavební úřad,D14.16+D14.16.1+D1016.10.1,H,
77,77.16.2,"Součet za Územní plánování, Stavební úřad a Památkovou péči",D14.16+D14.16.1+D15.9+D1016.10.1,H,
77,77.17,17. Přestupky dle zákona č. 251/2016 Sb. - Počet zaměstnanců,D17.6,H,
77,77.17.1,Přestupky dle zákona č. 251/2016 Sb. - % podíl na úvazcích přenesené působnosti,D17.6*100/D31.2.1,H,
77,77.18,18. Živnostenský úřad - Celkem zaměstnanců živnostenského úřadu,D18.6 + D18.7 + D18.8 + D18.9,H,
77,77.18.0,Živnostenský úřad - % podíl na úvazcích přenesené působnosti,(D18.6 + D18.7 + D18.8 + D18.9)*100/D31.2.1,H,
77,77.18.1,18. Živnostenský úřad - Počet registračních zaměstnanců,D18.6,H,
77,77.18.2,18. Živnostenský úřad - Počet kontrolních zaměstnanců,D18.7,H,
77,77.18.3,18. Živnostenský úřad - Počet zaměstnanců pro agendu zemědělského podnikatele a ostatních,(D18.8+D18.9),H,"Počet zaměstnanců - pracovních úvazků pro agendu zemědělského podnikatele + Zaměstnanci ostatní - počet úvazků ostatních zaměstnanců Živnostenského úřadu (Například úvazky pracovníků pro správní řízení, vedoucích a administrativní síly apod.)"
77,77.19,"19. Sociálně právní ochrana dětí, opatrovnictví, sociální práce - Počet zaměstnanců agend SPOD, VEŘEJNÉ OPATROVNICTVÍ, OHROŽENÉ A VYLOUČENÉ OSOBY, SOCIÁLNÍ KURATELA, OSTATNÍ",D19.14+D19.17.5+D19.18.4+D19.19.2+D19.23,H,
77,77.19.0,"Sociálně právní ochrana dětí, opatrovnictví, sociální práce - % podíl na úvazcích přenesené působnosti",(D19.14+D19.17.5+D19.18.4+D19.19.2)*100/D31.2.1,H,
77,77.19.0.0,"19. Sociálně právní ochrana dětí, opatrovnictví, sociální práce - Počet zaměstnanců agend SPOD, VEŘEJNÉ OPATROVNICTVÍ, OHROŽENÉ A VYLOUČENÉ OSOBY, SOCIÁLNÍ KURATELA",D19.14+D19.17.5+D19.18.4+D19.19.2,H,
77,77.19.1,"19. Sociálně právní ochrana dětí, opatrovnictví, sociální práce - Počet zaměstnanců agendy SPOD",D19.14,H,
77,77.19.2,"19. Sociálně právní ochrana dětí, opatrovnictví, sociální práce - Počet zaměstnanců agendy VEŘEJNÉ OPATROVNICTVÍ",D19.17.5,H,
77,77.19.3,"19. Sociálně právní ochrana dětí, opatrovnictví, sociální práce - Počet zaměstnanců agendy SOCIÁLNÍ PRÁCE - OHROŽENÉ A VYLOUČENÉ OSOBY",D19.18.4,H,
77,77.19.4,"19. Sociálně právní ochrana dětí, opatrovnictví, sociální práce - Počet zaměstnanců agendy SOCIÁLNÍ KURATELA - OSOBY VE VÝKONU VAZBY A TRESTU ODNĚTÍ SVOBODY",D19.19.2,H,
77,77.19.5,"19. Sociálně právní ochrana dětí, opatrovnictví, sociální práce - Počet ostatních zaměstnanců odboru sociálních věcí",D19.23,H,
77,77.19.6,"19. Sociálně právní ochrana dětí, opatrovnictví, sociální práce - Počet zaměstnanců odboru sociálních věcí CELKEM",D19.24,H,
77,77.19.10.4,SPOD - % podíl na úvazcích přenesené působnosti,D19.14*100/D31.2.1,H,
77,77.20,20. Vodoprávní řízení - Počet zaměstnanců,D1020.12,H,
77,77.20.1,Vodoprávní řízení - % podíl na úvazcích přenesené působnosti,D1020.12*100/D31.2.1,H,
77,77.21,21. Lesní hospodářství - Počet zaměstnanců,D1021.1,H,
77,77.21.1,Lesní hospodářství - % podíl na úvazcích přenesené působnosti,D1021.1*100/D31.2.1,H,
77,77.22,22. Odpady - Počet zaměstnanců,D1022.1,H,
77,77.22.1,Odpady - % podíl na úvazcích přenesené působnosti,D1022.1*100/D31.2.1,H,
77,77.23,23. Ochrana ovzduší - Počet zaměstnanců,D1023.1,H,
77,77.23.1,Ochrana ovzduší - % podíl na úvazcích přenesené působnosti,D1023.1*100/D31.2.1,H,
77,77.24,24. Zemědělský půdní fond - Počet zaměstnanců,D1024.1,H,
77,77.24.1,Zemědělský půdní fond - % podíl na úvazcích přenesené působnosti,D1024.1*100/D31.2.1,H,
77,77.25,25. Ochrana zvířat proti týrání a Veterinární péče - Počet zaměstnanců,D1025.1,H,
77,77.25.1,Ochrana zvířat proti týrání a Veterinární péče - % podíl na úvazcích přenesené působnosti,D1025.1*100/D31.2.1,H,
77,77.26,26. Ochrana přírody a krajiny - Počet zaměstnanců,D1026.1,H,
77,77.26.1,Ochrana přírody a krajiny - % podíl na úvazcích přenesené působnosti,D1026.1*100/D31.2.1,H,
77,77.27,27. Myslivost - Počet zaměstnanců,D1027.1,H,
77,77.27.1,Myslivost - % podíl na úvazcích přenesené působnosti,D1027.1*100/D31.2.1,H,
77,77.28,28. Rybářství - Počet zaměstnanců,D1028.1,H,
77,77.28.1,Rybářství - % podíl na úvazcích přenesené působnosti,D1028.1*100/D31.2.1,H,
77,77.30,30. Životní prostředí celkem - součet úvazků za agendy 20 až 30,D1020.12+D1021.1+D1022.1+D1023.1+D1024.1+D1025.1+D1026.1+D1027.1+D1028.1+D1030.2,H,
77,77.31,31. Výdaje na výkon státní správy a samosprávy - Počet zaměstnanců (průměrný) - OD ROKU 2012 NEZAPOČÍTÁVÁME UVOLNĚNÉ FUNKCIONÁŘE,D31.1,H,
77,77.31.1,31. Výdaje na výkon státní správy a samosprávy - Počet zaměstnanců zajišťujících výkon státní správy,D31.2.1,H,
77,77.31.2,31. Výdaje na výkon státní správy a samosprávy - Počet zaměstnanců zajišťujících výkon samosprávy,D31.3.1,H,
77,77.33,33. Státní správa ve školství - Počet zaměstnanců zajišťujících výkon státní správy ve školství,D33.7,H,
77,77.33.1,Státní správa ve školství - % podíl na úvazcích přenesené působnosti,D33.7*100/D31.2.1,H,
77,77.34,34. Mzdové účetnictví a personalistika - Počet mzdových účetních a personalistů celkem,D34.7+D34.8,H,
77,77.34.1,34. Mzdové účetnictví a personalistika - Počet mzdových účetních celkem,D34.7,H,
77,77.34.2,34. Mzdové účetnictví a personalistika - Počet personalistů a specialistů na vzdělávání celkem,D34.8,H,
77,77.36,36. Povolování výherních hracích přístrojů a jiných technických herních zařízení - Počet zaměstnanců zajišťujících agendu VHP a JTHZ,D36.7,H,
77,77.36.1,Povolování výherních hracích přístrojů a jiných technických herních zařízení - % podíl na úvazcích přenesené působnosti,D36.7*100/D31.2.1,H,
77,77.37,37. Místní poplatky - Počet zaměstnanců za poplatky celkem,D37.62,H,
77,77.37.1,37. Místní poplatky - Poplatek ze psů - počet zaměstnanců zajišťujících agendu,D37.6,H,
77,77.37.3,37. Místní poplatky - Poplatek za užívání veřejného prostranství - počet zaměstnanců zajišťujících agendu,D37.18,H,
77,77.37.4,37. Místní poplatky - Poplatek ze vstupného - počet zaměstnanců zajišťujících agendu,D37.24,H,
77,77.37.6,37. Místní poplatky - Poplatek za povolení vjezdu - počet zaměstnanců zajišťujících agendu,D37.36,H,
77,77.37.8,37. Místní poplatky - Poplatek za komunální odpad - počet zaměstnanců zajišťujících agendu,D37.48,H,
77,77.37.9,37. Místní poplatky - Poplatek z pobytu - počet zaměstnanců zajišťujících agendu - pracovních úvazků,D37.61,H,
77,77.40,40. Správa a vymáhání pohledávek po lhůtě splatnosti - Úvazky zaměstnanců podílejících se na vymáhání pohledávek celkem,D1340.4,H,
77,77.40.1,Z toho úvazky zaměstnanců podílejících se na vymáhání daňových pohledávek,D1340.4.1,H,
77,77.49,49. Samospráva ve školství - příspěvkové organizace - Počet zaměstnanců zajišťujících výkon SAMOSPRÁVY správy ve školství,D49.7.1,H,
77,77.49.1,Součet úvazků - Státní správa a samospráva ve školství,D33.7+D49.7.1,H,
77,77.50,50. Příprava a realizace investic - Celkem všech zaměstnanců,D50.10,H,
77,77.51,"51. Budovy - Fyzický počet zaměstnanců (úředníků i neúředníků), včetně uvolněných funkcionářů",D51.17,H,
77,77.52,"52. TIC, propagace cestovního ruchu - počet zaměstnanců celkem",D52.3.1+D52.3.2,H,
77,77.52.1,"52. TIC, propagace cestovního ruchu - Počet zaměstnanců TIC při městském úřadu pro propagaci cestovního ruchu města",D52.3.1,H,
77,77.52.2,"52. TIC, propagace cestovního ruchu - Počet zaměstnanců TIC jiného, od městského úřadu odlišného subjektu, pro propagaci cestovního ruchu města",D52.3.2,H,
77,77.53,"53. Informatika - Počet informatiků na úřadě, včetně zaměstnanců zabývajících se GIS",D53.1,H,
77,77.53.1,53. Informatika - Počet zaměstnanců zabývajících se GIS,D53.2,H,
77,77.54,54. Služební vozidla - Počet služebních řidičů,D54.1,H,
77,77.56,56. Úklid - Počet vlastních zaměstnanců zabezpečujících úklid,D56.7,H,
77,77.58,"58. Absorpční kapacita - žádosti - Úvazky zaměstnanců podílejících se na přípravě, managementu a administraci zdrojů",D58.7,H,
77,77.60,60. Czech POINT - Počet zaměstnanců,D60.7,H,
77,77.103,Matrika - úkony celkem,D3.2+D3.5+D3.7+D3.8+D3.9+D3.10+D3.11+D3.12+D3.13+D3.14+D3.15+D3.17+D3.18,H,
77,77.104,OP - úkony celkem,D4.2+D4.3+D4.4+D4.5,H,
77,77.105,CD - úkony celkem,D5.1+D5.2+D5.3,H,
77,77.107,Dopravně správní agendy - úkony celkem,D7.1 + D8.1+D8.3+D8.4 + D9.1 + D10.1.1+D10.2.1+D10.3.1 + D11.1 + D11.4 + D11.5 + D12.26 + D1013.5,H,
77,77.108,"SÚ, Pam. péče a ÚP - úkony celkem",D14.9+D14.11+D14.12+D14.14+D15.3+D1016.9.1+D1016.9.2+D1016.9.3,H,
77,77.109,Přestupky - úkony celkem,D17.2.1+D17.3.1,H,
77,77.110,ŽÚ - úkony celkem,D18.3.1 + D18.3.2 + D18.3.3 + D18.3.4 + D18.3.5 + D18.3.6 + D18.3.7 + D18.3.9 + D18.3.10+ D18.5.1+D18.5.2 + D18.5.3+D18.5.5,H,
77,77.111,SPOD a další oblasti sociální práce - úkony a případy celkem,D19.3 + D19.4 + D19.8 + D19.7 + D19.10 + D19.11 + D19.6 + D19.12.1+D19.12.2 + D19.5.1 + D19.16.1 + D19.17.1 + D19.17.3 + D19.17.4 + D19.18.1 + D19.18.2 + D19.18.3 + D19.19.1 + D19.20 + D19.21 + D19.22,H,
77,77.112,ŽP - úkony celkem,D1020.1+D1021.4+D1022.4+D1023.4+D1024.4+D1025.4+D1026.4+D1027.4+D1028.4 + D1020.11+D1021.6+D1022.6+D1023.6+D1024.6+D1025.6+D1026.6+D1027.6+D1028.6 + D1030.1 + D1020.9+D1022.5+D1023.5+D1024.5+D1025.5+D1027.5,H,
77,77.113,SS školství - úkony celkem,D33.2+D33.6,H,
77,77.114,JTHZ - úkony celkem,D36.6.1,H,
77,77.115,Poplatky - poplatníci celkem,D37.1 + D37.7 + D37.13 + D37.19 + D37.25 + D37.31 + D37.37+D37.43+D37.49,H,
77,77.116,Czech Point - úkony celkem,D60.3+D60.4,H,
77,77.3000,% struktura - souhrnné úkony v přenesené působnosti,D77.1 + D77.2 + D77.3 + D77.4 + D77.5 + D77.6 + D77.7 + D77.8 + D77.9 + D77.10 + D77.11,H,
100,100.1,"% struktura běžných výdajů rozpočtu - sociální oblast, kultura, sport",D43.1 + D44.1 + D45.1,H,
100,100.2,"% struktura běžných výdajů rozpočtu - sociální oblast, kultura, sport, MŠ, ZŠ",D43.1 + D44.1 + D45.1 + D46.2 + D47.2,H,
100,100.3,"% struktura běžných výdajů rozpočtu - sociální oblast, kultura, sport, MŠ, ZŠ, místní správa",D43.1 + D44.1 + D45.1 + D46.2 + D47.2 + D100.1,H,
101,101.2,Evidence obyvatel - Počet sledovaných úkonů na 1 000 obyvatel,(D2.0.1 + D2.0.2 + D2.0.5 + D2.1.1 + D2.1.2 + D2.1.3 + D2.1.4 + D2.1.5)/(D1.3/1000),H,
101,101.2.1,Evidence obyvatel - Počet sledovaných úkonů,D2.0.1 + D2.0.2 + D2.0.5 + D2.1.1 + D2.1.2 + D2.1.3 + D2.1.4 + D2.1.5,H,
101,101.3.1,Matrika - Počet sledovaných úkonů na 1 000 obyvatel (včetně vidimací a legalizací),(D3.2+D3.5+D3.7+D3.8+D3.9+D3.10+D3.11+D3.12+D3.13+D3.14+D3.15+D3.16+D3.17+D3.18)/(D1.4/1000),H,
101,101.3.1.1,Matrika - Počet sledovaných úkonů (včetně vidimací a legalizací),D3.2+D3.5+D3.7+D3.8+D3.9+D3.10+D3.11+D3.12+D3.13+D3.14+D3.15+D3.16+D3.17+D3.18,H,
101,101.3.2,Matrika - Počet sledovaných úkonů na 1 000 obyvatel (BEZ vidimací a legalizací),(D3.2+D3.5+D3.7+D3.8+D3.9+D3.10+D3.11+D3.12+D3.13+D3.14+D3.15+D3.17+D3.18)/(D1.4/1000),H,
101,101.3.2.1,Matrika - Počet sledovaných úkonů (BEZ vidimací a legalizací),D3.2+D3.5+D3.7+D3.8+D3.9+D3.10+D3.11+D3.12+D3.13+D3.14+D3.15+D3.17+D3.18,H,
101,101.4,Občanské průkazy - Počet sledovaných úkonů na 1 000 obyvatel,(D4.2+D4.3+D4.4)/(D1.3/1000),H,
101,101.4.1,Občanské průkazy - Počet sledovaných úkonů,D4.2+D4.3+D4.4,H,
101,101.5,Cestovní doklady s biometrickými údaji - Počet sledovaných úkonů na 1 000 obyvatel,(D5.1+D5.2+D5.4)/(D1.3/1000),H,
101,101.5.1,Cestovní doklady s biometrickými údaji - Počet sledovaných úkonů,D5.1+D5.2+D5.4,H,
101,101.7,Registr řidičů - Počet sledovaných úkonů na 1 000 obyvatel,D7.1/(D1.3/1000),H,
101,101.7.1,Registr řidičů - Počet sledovaných úkonů,D7.1,H,
101,101.8,Registr vozidel - Počet sledovaných úkonů na 1 000 obyvatel,D8.1/(D1.3/1000),H,
101,101.8.1,Registr vozidel - Počet sledovaných úkonů,D8.1,H,
101,101.9,Zkušební komisaři - Počet zkoušek včetně opakovaných na 1 000 obyvatel,D9.1/(D1.3/1000),H,
101,101.9.1,Zkušební komisaři - Počet zkoušek včetně opakovaných,D9.1,H,
101,101.10,Dopravní přestupky (dle zákona 361/2000 Sb. a 168/1999 Sb.) - Počet vyřízených přestupků celkem na 1 000 obyvatel,(D10010.34 + D10010.35 + D10010.36 + D10010.37 )/(D1.3/1000),H,
101,101.10.1,Dopravní přestupky (dle zákona 361/2000 Sb. a 168/1999 Sb.) - Počet vyřízených přestupků celkem,D10010.34 + D10010.35 + D10010.36 + D10010.37,H,
101,101.11,Silniční správní úřad - Počet sledovaných úkonů na 1 000 obyvatel,(D11.1 + D11.4 + D11.5)/(D1.3/1000),H,
101,101.11.1,Silniční správní úřad - Počet sledovaných úkonů,D11.1 + D11.4 + D11.5,H,
101,101.12,"Dopravní úřad (MHD, taxi, měření emisí) - Počet sledovaných úkonů na 1 000 obyvatel",(D12.8+D12.18+D12.25)/(D1.3/1000),H,
101,101.12.1,"Dopravní úřad (MHD, taxi, měření emisí) - Počet sledovaných úkonů",D12.8+D12.18+D12.25,H,
101,101.13,Speciální stavební úřad (zákon 13/1997 Sb. o pozemních komunikacích) - Počet sledovaných úkonů na 1 000 obyvatel,(D1013.1+ D1013.1.0+D1013.2+D1013.4)/(D1.3/1000),H,
101,101.13.1,Speciální stavební úřad (zákon 13/1997 Sb. o pozemních komunikacích) - Struktura sledovaných úkonů,D1013.1+ D1013.1.0+D1013.2+D1013.4,H,
101,101.13.2,Speciální stavební úřad (zákon 13/1997 Sb. o pozemních komunikacích) - Počet sledovaných úkonů,D1013.1+ D1013.1.0+D1013.2+D1013.4,H,
101,101.14,Územní plánování - Počet sledovaných úkonů na 1 000 obyvatel,(D14.9+D14.11+D14.12+D14.14)/(D1.3/1000),H,
101,101.14.1,Územní plánování - Počet sledovaných úkonů,D14.9+D14.11+D14.12+D14.14,H,
101,101.15,Památková péče - Počet sledovaných úkonů na 1 000 obyvatel,D15.3/(D1.3/1000),H,
101,101.15.1,Památková péče - Počet sledovaných úkonů,D15.3,H,
101,101.16,Stavební úřad - Počet úkonů na 1 000 obyvatel,(D1016.9.1+D1016.9.2+D1016.9.3)/(D1.5/1000),H,
101,101.16.1,Stavební úřad - Struktura úkonů,D1016.9.1+D1016.9.2+D1016.9.3,H,
101,101.16.2,Stavební úřad - Počet úkonů,D1016.9.1+D1016.9.2+D1016.9.3,H,
101,101.17,"Přestupky dle § 21, 30, 31 a 46–50 Přestupkového zákona - Počet vyřízených podnětů na 1 000 obyvatel",D1017.1/(D1.3/1000),H,
101,101.17.1,"Přestupky dle § 21, 30, 31 a 46–50 Přestupkového zákona - Počet vyřízených podnětů",D1017.1,H,
101,101.18.1,Živnostenský úřad - Počet úkonů v registaci na 1 000 obyvatel,(D18.3.1+D18.3.2+D18.3.3+D18.3.4+D18.3.5+D18.3.6+D18.3.7+D18.3.9+D18.3.10)/(D1.3/1000),H,
101,101.18.1.1,Živnostenský úřad - Počet úkonů v registaci,D18.3.1+D18.3.2+D18.3.3+D18.3.4+D18.3.5+D18.3.6+D18.3.7+D18.3.9+D18.3.10,H,
101,101.18.2,"Živnostenský úřad - Počet kontrol, místních šetření a úředních záznamů na 1 000 obyvatel",(D18.5.1+D18.5.2)/(D1.3/1000),H,
101,101.18.2.1,"Živnostenský úřad - Počet kontrol, místních šetření a úředních záznamů",D18.5.1+D18.5.2,H,
101,101.18.3,"Živnostenský úřad - Sledované úkony v registraci, počet kontrol a šetření, počet registrovaných zeměd. podnikatelů na 1 000 obyvatel",(D18.3.1+D18.3.2+D18.3.3+D18.3.4+D18.3.5+D18.3.6+D18.3.7+D18.3.9+D18.3.10+D18.5.1+D18.5.2)/(D1.3/1000),H,
101,101.18.3.1,"Živnostenský úřad - Sledované úkony v registraci, počet kontrol a šetření, počet registrovaných zeměd. podnikatelů",D18.3.1+D18.3.2+D18.3.3+D18.3.4+D18.3.5+D18.3.6+D18.3.7+D18.3.9+D18.3.10+D18.5.1+D18.5.2,H,
101,101.19.0.1,"Sociálně právní ochrana dětí, opatrovnictví, sociální práce - Počet úkonů na 1 000 obyvatel",(D10019.4.4+D10019.4.5+D10019.4.6)/(D1.3/1000),H,
101,101.19.0.2,"Sociálně právní ochrana dětí, opatrovnictví, sociální práce - Počet úkonů",D10019.4.4+D10019.4.5+D10019.4.6,H,
101,101.19.1,"Sociálně právní ochrana dětí, opatrovnictví, sociální práce - Počet úkonů a případů na 1 000 obyvatel",(D19.6 + D19.7 + D19.8 + D19.9 + D19.10 + D19.11 + D19.5.1 + D19.5.2 + D19.13 + D19.17.1 + D19.17.3 + D19.17.4 + D19.18.1 + D19.18.2 + D19.18.3 + D19.19.1 + D19.20 + D19.16.1 + D19.21 + D19.22)/(D1.3/1000),H,
101,101.19.2,"Sociálně právní ochrana dětí, opatrovnictví, sociální práce - Počet úkonů a případů",D19.6 + D19.7 + D19.8 + D19.9 + D19.10 + D19.11 + D19.5.1 + D19.5.2 + D19.13 + D19.17.1 + D19.17.3 + D19.17.4 + D19.18.1 + D19.18.2 + D19.18.3 + D19.19.1 + D19.20 + D19.16.1 + D19.21 + D19.22,H,
101,101.30.1,Životní prostředí celkem - Počet vydaných správních rozhodnutí na 1 000 obyvatel,(D1020.1+D1021.4+D1022.4+D1023.4+D1024.4+D1025.4+D1026.4+D1027.4+D1028.4)/(D1.3/1000),H,
101,101.30.1.1,Životní prostředí celkem - Počet vydaných správních rozhodnutí,D1020.1+D1021.4+D1022.4+D1023.4+D1024.4+D1025.4+D1026.4+D1027.4+D1028.4,H,
101,101.30.2,"Životní prostředí celkem - Počet vydaných závazných stanovisek, vyjádření na 1 000 obyvatel",(D1021.6+D1022.6+D1023.6+D1024.6+D1025.6+D1026.6+D1027.6+D1028.6)/(D1.3/1000),H,
101,101.30.2.1,"Životní prostředí celkem - Počet vydaných závazných stanovisek, vyjádření",D1021.6+D1022.6+D1023.6+D1024.6+D1025.6+D1026.6+D1027.6+D1028.6,H,
101,101.30.3,Životní prostředí celkem - Počet souhrnných vyjádření na 1 000 obyvatel,D1030.1/(D1.3/1000),H,
101,101.30.3.1,Životní prostředí celkem - Počet souhrnných vyjádření,D1030.1,H,
101,101.30.4,Životní prostředí celkem - Počet provedených kontrol (dozorů) se zápisem na 1 000 obyvatel,(D1020.9+D1022.5+D1023.5+D1024.5+D1025.5+D1027.5)/(D1.3/1000),H,
101,101.30.4.1,Životní prostředí celkem - Počet provedených kontrol (dozorů) se zápisem,D1020.9+D1022.5+D1023.5+D1024.5+D1025.5+D1027.5,H,
101,101.33,Státní správa ve školství - Počet vykazujících míst podle MŠMT a součet všech zpracovaných statistických výkazů na 1 000 obyvatel,(D33.2+D33.6)/(D1.3/1000),H,
101,101.33.1,Státní správa ve školství - Počet vykazujících míst podle MŠMT a součet všech zpracovaných statistických výkazů,D33.2+D33.6,H,
101,101.36,"Povolování provozování výherních hracích přístrojů a jiných technických herních zařízení (JTHZ) - Počet vydaných rozhodnutí, známek na JACKPOT, počet kusů zkontrolovaných VHP, počet vedených správních řízení na 1 000 obyvatel",(D36.8+D36.6+D36.6.1)/(D1.3/1000),H,
101,101.36.1,Povolování provozování výherních hracích přístrojů a jiných technických herních zařízení (JTHZ) - Struktura sledovaných úkonů,D36.8+D36.6+D36.6.1,H,
101,101.36.2,"Povolování provozování výherních hracích přístrojů a jiných technických herních zařízení (JTHZ) - Počet známek na JACKPOT, počet kusů zkontrolovaných VHP, počet vedených správních řízení",D36.8+D36.6+D36.6.1,H,
101,101.60.1,Czech POINT - Počet vydaných ověřených výstupů (výpisů) a nevyřízených žádostí o výpis z rejstříku trestů na 1 000 obyvatel obce,(D60.3+D60.4)/(D1.1/1000),H,
101,101.60.1.1,Czech POINT - Počet vydaných ověřených výstupů (výpisů) a nevyřízených žádostí o výpis z rejstříku trestů,D60.3+D60.4,H,
101,101.60.2,Czech POINT - Počet vydaných ověřených výstupů (výpisů) a nevyřízených žádostí o výpis z rejstříku trestů na 1 000 obyvatel správního obvodu,(D60.3+D60.4)/(D1.3/1000),H,
101,101.70,Sledované úkony celkem,D2.0.1 + D2.0.2 + D2.0.5 + D2.1.1 + D2.1.2 + D2.1.3 + D2.1.4 + D2.1.5 + D3.2+D3.5+D3.7+D3.8+D3.9+D3.10+D3.11+D3.12+D3.13+D3.14+D3.15+D3.16+D3.17+D3.18 + D4.2+D4.3+D4.4 + D5.1+D5.2+D5.4 + D7.1 + D8.1 + D9.1 + D10010.34 + D10010.35 + D10010.36 + D10010.37 + D11.1 + D11.4 + D11.5 + D12.8+D12.18+D12.25 + D1013.1+ D1013.1.0+D1013.2+D1013.4 + D14.9+D14.11+D14.12+D14.14 + D15.3 + D1016.9.1+D1016.9.2+D1016.9.3 + D1017.1 + D18.3.1+D18.3.2+D18.3.3+D18.3.4+D18.3.5+D18.3.6+D18.3.7+D18.3.9+D18.3.10+D18.5.1+D18.5.2 + D19.6 + D19.7 + D19.8 + D19.9 + D19.10 + D19.11 + D19.5.1 + D19.5.2 + D19.13 + D19.17.1 + D19.17.3 + D19.17.4 + D19.18.1 + D19.18.2 + D19.18.3 + D19.19.1 + D19.20 + D19.16.1 + D19.21 + D19.22 + D1020.1+D1021.4+D1022.4+D1023.4+D1024.4+D1025.4+D1026.4+D1027.4+D1028.4 + D1021.6+D1022.6+D1023.6+D1024.6+D1025.6+D1026.6+D1027.6+D1028.6 + D1030.1 + D1020.9+D1022.5+D1023.5+D1024.5+D1025.5+D1027.5 + D33.2+D33.6 + D36.8+D36.6+D36.6.1 + D60.3+D60.4,H,
101,101.71,Příjmy z výkonu státní správy v Kč na 1 sledovaný úkon,D31.4/(D2.0.1 + D2.0.2 + D2.0.5 + D2.1.1 + D2.1.2 + D2.1.3 + D2.1.4 + D2.1.5 + D3.2+D3.5+D3.7+D3.8+D3.9+D3.10+D3.11+D3.12+D3.13+D3.14+D3.15+D3.16+D3.17+D3.18 + D4.2+D4.3+D4.4 + D5.1+D5.2+D5.4 + D7.1 + D8.1 + D9.1 + D10010.34 + D10010.35 + D10010.36 + D10010.37 + D11.1 + D11.4 + D11.5 + D12.8+D12.18+D12.25 + D1013.1+ D1013.1.0+D1013.2+D1013.4 + D14.9+D14.11+D14.12+D14.14 + D15.3 + D1016.9.1+D1016.9.2+D1016.9.3 + D1017.1 + D18.3.1+D18.3.2+D18.3.3+D18.3.4+D18.3.5+D18.3.6+D18.3.7+D18.3.9+D18.3.10+D18.5.1+D18.5.2 + D19.6 + D19.7 + D19.8 + D19.9 + D19.10 + D19.11 + D19.5.1 + D19.5.2 + D19.13 + D19.17.1 + D19.17.3 + D19.17.4 + D19.18.1 + D19.18.2 + D19.18.3 + D19.19.1 + D19.20 + D19.16.1 + D19.21 + D19.22 + D1020.1+D1021.4+D1022.4+D1023.4+D1024.4+D1025.4+D1026.4+D1027.4+D1028.4 + D1021.6+D1022.6+D1023.6+D1024.6+D1025.6+D1026.6+D1027.6+D1028.6 + D1030.1 + D1020.9+D1022.5+D1023.5+D1024.5+D1025.5+D1027.5 + D33.2+D33.6 + D36.8+D36.6+D36.6.1 + D60.3+D60.4),H,
101,101.73,Příjmy z výkonu státní správy v Kč na úvazky v oblasti státní správy sledované v rámci BI 2005,D31.4/(D2.3+D3.1+D3.1.1+D4.1+D5.6+D7.12+ D8.8+D9.8+D10010.20 + D11.8 + D12.27 + D1013.8 + D14.16 + D14.16.1 + D15.9 + D1016.10.1 + D1017.13 + D18.6 + D18.7 + D18.8 + D18.9 + D19.14 + D19.17.5 + D19.18.4 + D19.19.2 + D19.23 + D1020.12 + D1021.1 + D1022.1 + D1023.1 + D1024.1 + D1025.1 + D1026.1 + D1027.1 + D1028.1 + D33.7 + D36.7 + D37.55 + D60.7),H,
101,101.74,Příjmy z výkonu státní správy v Kč na 1 000 obyvatel správního obvodu,D31.4/(D1.3/1000),H,
101,101.75,Sledované úkony celkem na obyvatele správního obvodu,(D2.0.1 + D2.0.2 + D2.0.5 + D2.1.1 + D2.1.2 + D2.1.3 + D2.1.4 + D2.1.5 + D3.2+D3.5+D3.7+D3.8+D3.9+D3.10+D3.11+D3.12+D3.13+D3.14+D3.15+D3.16+D3.17+D3.18 + D4.2+D4.3+D4.4 + D5.1+D5.2+D5.4 + D7.1 + D8.1 + D9.1 + D10010.34 + D10010.35 + D10010.36 + D10010.37 + D11.1 + D11.4 + D11.5 + D12.8+D12.18+D12.25 + D1013.1+ D1013.1.0+D1013.2+D1013.4 + D14.9+D14.11+D14.12+D14.14 + D15.3 + D1016.9.1+D1016.9.2+D1016.9.3 + D1017.1 + D18.3.1+D18.3.2+D18.3.3+D18.3.4+D18.3.5+D18.3.6+D18.3.7+D18.3.9+D18.3.10+D18.5.1+D18.5.2 + D19.6 + D19.7 + D19.8 + D19.9 + D19.10 + D19.11 + D19.5.1 + D19.5.2 + D19.13 + D19.17.1 + D19.17.3 + D19.17.4 + D19.18.1 + D19.18.2 + D19.18.3 + D19.19.1 + D19.20 + D19.16.1 + D19.21 + D19.22 + D1020.1+D1021.4+D1022.4+D1023.4+D1024.4+D1025.4+D1026.4+D1027.4+D1028.4 + D1021.6+D1022.6+D1023.6+D1024.6+D1025.6+D1026.6+D1027.6+D1028.6 + D1030.1 + D1020.9+D1022.5+D1023.5+D1024.5+D1025.5+D1027.5 + D33.2+D33.6 + D36.8+D36.6+D36.6.1 + D60.3+D60.4)/D1.3,H,
101,101.77,Sledované úkony celkem % struktura,D2.0.1 + D2.0.2 + D2.0.5 + D2.1.1 + D2.1.2 + D2.1.3 + D2.1.4 + D2.1.5 + D3.2+D3.5+D3.7+D3.8+D3.9+D3.10+D3.11+D3.12+D3.13+D3.14+D3.15+D3.16+D3.17+D3.18 + D4.2+D4.3+D4.4 + D5.1+D5.2+D5.4 + D7.1 + D8.1 + D9.1 + D10010.34 + D10010.35 + D10010.36 + D10010.37 + D11.1 + D11.4 + D11.5 + D12.8+D12.18+D12.25 + D1013.1+ D1013.1.0+D1013.2+D1013.4 + D14.9+D14.11+D14.12+D14.14 + D15.3 + D1016.9.1+D1016.9.2+D1016.9.3 + D1017.1 + D18.3.1+D18.3.2+D18.3.3+D18.3.4+D18.3.5+D18.3.6+D18.3.7+D18.3.9+D18.3.10+D18.5.1+D18.5.2 + D19.6 + D19.7 + D19.8 + D19.9 + D19.10 + D19.11 + D19.5.1 + D19.5.2 + D19.13 + D19.17.1 + D19.17.3 + D19.17.4 + D19.18.1 + D19.18.2 + D19.18.3 + D19.19.1 + D19.20 + D19.16.1 + D19.21 + D19.22 + D1020.1+D1021.4+D1022.4+D1023.4+D1024.4+D1025.4+D1026.4+D1027.4+D1028.4 + D1021.6+D1022.6+D1023.6+D1024.6+D1025.6+D1026.6+D1027.6+D1028.6 + D1030.1 + D1020.9+D1022.5+D1023.5+D1024.5+D1025.5+D1027.5 + D33.2+D33.6 + D36.8+D36.6+D36.6.1 + D60.3+D60.4,H,
300,300.1,Celkem změna stavu fin. prostředků,D300.6+D300.12,H,
300,300.2,Celkem vydané dluhopisy,D300.2+D300.9,H,
300,300.3,Celkem přijetí finančních prostředků,D300.4+D300.11,H,
300,300.4,Celkem výdej finančních prostředků,D300.5+D300.12,H,
300,300.5,Celkem příjem finančních prostředků,D300.7+D300.14,H,
300,300.6,Celkem výdej finančních prostředků,D300.8+D300.18,H,
300,300.7,Opravné položky k peněžním operacím,D300.30+D300.31,H,
300,300.8,FINANCOVÁNÍ - Saldo dalších zdrojů a výdajů (tř. 8),(D300.2+D300.9)+(D300.4+D300.11)+(D300.5+D300.12)+(D300.7+D300.14)+(D300.8+D300.18)+(D300.30+D300.31),H,
300,300.9,FINANCOVÁNÍ celkem,(D300.6+D300.12)+(D300.2+D300.9)+(D300.4+D300.11)+(D300.5+D300.12)+(D300.7+D300.14)+(D300.8+D300.18)+(D300.30+D300.31),H,
300,300.10,"Podíl financování k výdajům rozpočtu v % (- dokrývá výdaje, + navyšuje příjmy)",((D300.2+D300.9)+(D300.4+D300.11)+(D300.5+D300.12)+(D300.7+D300.14)+(D300.8+D300.18)+(D300.30+D300.31))/(D340.8+D340.21)*100,H,
310,310.01,Náklady celkem na zaměstnance v tis. Kč,(D310.1/1000) /D1.19,H,
310,310.02,Náklady celkem na obyvatele správního obvodu v Kč,D310.1/D1.3,H,
310,310.03,Spotřeba materiálu na zaměstnance v tis. Kč,(D310.3/1000) /D1.19,H,
310,310.04,Spotřeba energií na zaměstnance v tis. Kč,(D310.4/1000) /D1.19,H,
310,310.05,Opravy a udržování na zaměstnance v tis. Kč,(D310.10/1000) /D1.19,H,
310,310.06,Cestovné na zaměstnance v Kč,D310.11/D1.19,H,
310,310.07,Náklady na reprezentaci na zaměstnance v Kč,D310.12/D1.19,H,
310,310.08,"Mzdy, sociální pojištění a soc. náklady na zaměstnance v Kč",(D310.15+D310.16+D310.17+D310.18+D310.19)/D1.19,H,
310,310.09,"Pokuty, penále a úroky z prodlení na zaměstnance v Kč",(D310.23+D310.24)/D1.19,H,
310,310.010,Manka a škody na zaměstnance v Kč,D310.27/D1.19,H,
310,310.011,Poměr nákladů na opravy a udržování k odpisům majetku,D310.10/D310.29,H,
310,310.012,Poměr nákladů na opravy a udržování ke hmotnému majetku celkem,D310.10/D320.13,H,
310,310.013,Poměr nákladů na opravy a udržování ke hmotnému majetku bez porostů a pěstitelských celků,D310.10/(D320.13-D320.18),H,
310,310.21,Výnosy ze správních poplatků na zaměstnance v Kč,D310.55/D1.19,H,
310,310.22,Výnosy z místních poplatků na obyvatele obce v Kč,D310.56/D1.1,H,
310,310.23,"Výnos z pokut, penále a úroků na zaměstnance v Kč",(D310.58+D310.59)/D1.19,H,
310,310.24,Výnosy z transferů na obyvatele obce v Kč,D310.74/D1.1,H,
310,310.25,Struktura sdílených daní a poplatků,D310.77 + D310.78 + D310.79 + D310.80 + D310.81 + D310.82,H,
310,310.26,Výnosy ze sdílených daní a poplatků na obyvatele obce v Kč,D310.76/D1.1,H,
310,310.27,Výnosy ze sdílené daně z příjmů fyzických osob na obyvatele obce v Kč,D310.77/D1.1,H,
310,310.28,Výnosy ze sdílené daně z příjmů právnických osob na obyvatele obce v Kč,D310.78/D1.1,H,
310,310.29,Výnosy ze sdílené daně z přidané hodnoty na obyvatele obce v Kč,D310.79/D1.1,H,
310,310.30,Výnosy ze sdílených spotřebních daní na obyvatele obce v Kč,D310.80/D1.1,H,
310,310.31,Výnosy ze sdílených majetkových daní na obyvatele obce v Kč,D310.81/D1.1,H,
310,310.32,Výnosy z ostatních sdílených daní a poplatků na obyvatele obce v Kč,D310.82/D1.1,H,
320,320.1,Aktiva celkem na obyvatele obce v Kč,D320.1/D1.3,H,
320,320.1.1,Stálá aktiva celkem na obyvatele obce v Kč,D320.2/D1.3,H,
320,320.1.2,Dlouhodobý nehmotný majetek na obyvatele obce v Kč,D320.3/D1.3,H,
320,320.1.3,Dlouhodobý hmotný majetek na obyvatele obce v Kč,D320.13/D1.3,H,
320,320.1.4,Pozemky na obyvatele obce v Kč,D320.14/D1.3,H,
320,320.1.5,Kulturní předměty na obyvatele obce v Kč,D320.15/D1.3,H,
320,320.1.6,Stavby na obyvatele obce v Kč,D320.16/D1.3,H,
320,320.1.7,Pěstitelské celky trvalých porostů na obyvatele obce v Kč,D320.18/D1.3,H,
320,320.1.8,Dlouhodobý finanční majetek na obyvatele obce v Kč,D320.24/D1.3,H,
320,320.1.9,Majetkové účasti v osobách s rozhodujícím vlivem na obyvatele obce v Kč,D320.25/D1.3,H,
320,320.1.10,Majetkové účasti v osobách s podstatným vlivem na obyvatele obce v Kč,D320.26/D1.3,H,
320,320.1.11,Dlouhodobé pohledávky na obyvatele obce v Kč,D320.33/D1.3,H,
320,320.2,Vlastní kapitál na obyvatele obce v Kč,D320.95/D1.3,H,
320,320.3,Cizí zdroje na obyvatele obce v Kč,D320.109/D1.3,H,
340,340.0,Hrubá bilance (saldo) běžného rozpočtu v tis. Kč,(D340.1-D340.8)/1000,H,
340,340.0.1,Hrubá bilance (saldo) běžného rozpočtu v Kč na obyvatele,D340.13/D1.1,H,
340,340.0.2,Saldo rozpočtu (výsledek rozpočtového hospodaření) v tis. Kč,(D340.13+D340.24)/1000,H,
340,340.0.3,Saldo rozpočtu (výsledek rozpočtového hospodaření) v Kč na obyvatele,(D340.13+D340.24)/D1.1,H,
340,340.0.4,Čistý přebytek běžného rozpočtu v tis. Kč,(D340.13+D340.9+D340.10)/1000,H,
340,340.0.5,Čistý přebytek běžného rozpočtu v Kč na obyvatele,D340.14/D1.1,H,
340,340.0.6,Podíl přebytku BR na běžných příjmech,D340.14/D340.1,H,
340,340.0.7,Podíl přebytku běžného rozpočtu na běžných příjmech v %,D340.14*100/D340.1,H,
340,340.1,Běžné příjmy celkem v tis. Kč,(D340.2+D340.3+D340.4.1)/1000,H,
340,340.1.1,Běžné příjmy v Kč na obyvatele,(D340.2+D340.3+D340.4.1)/D1.1,H,
340,340.1.2,Vlastní příjmy (bez dotací) v Kč na obyvatele,(D340.2+D340.3)/D1.1,H,
340,340.1.3,Běžné dotace v tis. Kč,(D340.4.0-D340.5)/1000,H,
340,340.1.4,Běžné dotace v Kč na obyvatele,D340.4.1/D1.1,H,
340,340.1.5,Investiční dotace v tis. Kč,D340.5/1000,H,
340,340.1.6,Investiční dotace v Kč na obyvatele,D340.5/D1.1,H,
340,340.3,Celkové kapitálové příjmy v tis. Kč,(D340.21+D340.5)/1000,H,
340,340.3.1,Celkové kapitálové příjmy v Kč na obyvatele,(D340.21+D340.5)/D1.1,H,
340,340.3.2,Bilance kapitálového rozpočtu v tis. Kč (kap. příjmy - kap. výdaje),(D340.20-D340.23)/1000,H,
340,340.3.3,Bilance kapitálového rozpočtu v Kč (kap. příjmy - kap. výdaje) na obyvatele,(D340.20-D340.23)/D1.1,H,
340,340.3.4,Kapacita samofinancování kap. výdajů (hrubé saldo + kap. příjmy/kap. výdaje),(D340.13+D340.20)/D340.23,H,
340,340.3.5,Ukazatel investiční aktivity v %,D340.23*100/(D340.8+D340.23),H,
340,340.3.6,Podíl kapitálových výdajů a odpisů,D340.23/D340.27,H,
340,340.4,Zadluženost celkem v tis. Kč,(D340.31+D340.32+D340.33)/1000,H,
340,340.4.1,Zadluženost celkem v Kč na obyvatele,(D340.31+D340.32+D340.33)/D1.1,H,
340,340.4.2,Dluhová služba města v tis. Kč,(D340.9+D340.10+D340.15+D340.16)/1000,H,
340,340.4.3,Dluhová služba města v Kč na obyvatele,(D340.9+D340.10+D340.15+D340.16)/D1.1,H,
340,340.4.4,Ukazatel krytí dluhové služby,D340.14/D340.17,H,
340,340.4.5,% dluhové služby na čistém přebytku běžného rozpočtu,D340.14*100/D340.17,H,
341,341.0.1,Hodnota komplexního ukazatele finančního zdraví,D343.3,H,"Hodnota ukazatele Finančního zdraví (1=A - vynikající finanční zdraví, 2=B - velmi dobré finanční zdraví, 3=C - dobré finanční zdraví, 4=D - uspokojivé finanční zdraví, 5=E - rizikové finanční zdraví, 6=F - neuspokojivé finanční zdraví)"
341,341.1,Hrubá bilance (saldo) běžného rozpočtu v tis. Kč,D340.13/1000,H,
341,341.2,Podíl přebytku běžného rozpočtu na běžných příjmech v %,D340.14*100/D340.1,H,
341,341.3,Ukazatel krytí dluhové služby,D340.14/D340.17,H,
341,341.4,Zadluženost celkem v Kč na obyvatele,(D340.31+D340.32+D340.33)/D1.1,H,
341,341.5,Kapacita samofinancování kap. výdajů,(D340.13+D340.20)/D340.23,H,
341,341.6,Bilance kapitálového rozpočtu v tis. Kč,(D340.20-D340.23)/1000,H,
341,341.7,Ukazatel investiční aktivity,D340.23*100/(D340.8+D340.23),H,
341,341.8,Podíl kapitálových výdajů a odpisů,D340.23/D340.27,H,
341,341.9,"Podíl výdajů na opravy a udržování, kapitálových výdajů a odpisů",(D340.23+D310.10)/D340.27,H,
342,342.1,Příjmy na obyvatele,D342.2/D342.1,H,
342,342.2,Výdaje na obyvatele,D342.3/D342.1,H,
342,342.3,Saldo rozpočtu na obyvatele,D342.4/D342.1,H,
342,342.4,Přijaté půjčené prostředky na obyvatele,D342.5/D342.1,H,
342,342.5,Uhrazené úroky na obyvatele,D342.6/D342.1,H,
342,342.6,Uhrazené splátky jistin půjčených prostředků na obavytele,D342.7/D342.1,H,
342,342.7,Dluhová služba celkem na obyvatele,D342.8/D342.1,H,
342,342.8,Majetek na obyvatele,D342.9/D342.1,H,
342,342.9,Dlouhodobý hmotný majetek na obyvatele,D342.10/D342.1,H,
342,342.10,Pohledávky na obyvatele,D342.11/D342.1,H,
342,342.11,Krátkodobé pohledávky na obyvatele (očištěné),D342.13/D342.1,H,
342,342.12,Krátkodobý finanční majetek na obyvatele,D342.14/D342.1,H,
342,342.13,Cizí zdroje celkem na obyvatele,D342.15/D342.1,H,
342,342.14,Dlouhodobé závazky na obyvatele,D342.16/D342.1,H,
342,342.15,Krátkodobé závazky na obyvatele,D342.17/D342.1,H,
342,342.16,Účetní výsledek hospodaření na obyvatele,D342.20/D342.1,H,
342,342.17,stav na bankovních účtech na obyvatele,D342.21/D342.1,H,
342,342.18,Stav na bankovních účtech a pokladně (město + zřízení PO) na obyvatele,(D342.21+D342.22)/D342.1,H,
343,343.1,Jak velkou část rozpočtu jsme uspořili?,(D340.1-D340.8)/(D340.2+D340.3+D340.4.1+D340.4.0)*100,H,Podíl salda na příjmech v %
343,343.2,Jaká část výdajů je určena na rozvoj obce?,(D340.23)/(D340.8+D340.23)*100,H,Podíl kapitálových výdajů na celkových v %
343,343.3,V jaké míře jsou investice financovány dotacemi?,D340.5/D340.23*100,H,Podíl investičních dotací na kapitálových výdajích v %
343,343.4,Kolik vyděláme vlastní činností na obyvatele?,D340.3/D342.1,H,Podíl nedaňových příjmů na obyvatele
343,343.5,Využíváme rozumně dluhové nástroje? Zadluženost na 1 obyvatele.,D320.112/D342.1,H,Dlouhodobé závazky v korunách na jednoho obyvatele
343,343.6,Jak obec zatěžuje splácení úvěru?,D342.8/(D340.2+D340.3+D340.4.1)*100,H,Dluhová služba (podíl splátek na běžných příjmech v %). Ukazatel dluhové služby ovlivňuje posuzování žádostí o přidělení dotací nebo úvěrů. Ukazatel nesmí přesáhnout 30%.
343,343.7,Máme dostatek peněz?,D343.1/D342.1,H,Stav na bankovních účtech na obyvatele
343,343.8,Jsme soběstační na opakujících se příjmech?,D340.1/(D340.1+D340.21),H,
343,343.9,Jaký je podíl neinvestičních výdajů na celkových výdajích?,D340.8/(D340.8+D340.23),H,
343,343.10,Index provozních úspor,D340.13/D340.1,H,
343,343.10.1,Index finančních toků,(D340.2+D340.3+D340.4.1+D340.21)/(D340.8+D340.23),H,
343,343.10.2,Daňová výtěžnost,(D340.2.1+D340.2.2-D340.2.2.1+D340.2.3+D340.2.4+D340.2.5)/D1.1,H,"Výnos ze sdílených daní (bez daně z příjmů za obec), včetně daně z hazardu, na 1 obyvatele města"
343,343.11,Míra samofinancování investic,D340.13/D340.23,H,
343,343.12,Spotřeba běžných příjmů celkovými výdaji,D340.1/(D340.8+D340.23),H,
343,343.13,Spotřeba kapitálových příjmů investičními výdaji,D340.21/D340.23,H,
343,343.14,Za jak dlouho splatíme úvěr z provozních přebytků?,D340.34/D340.13,H,
343,343.15,Procento běžných příjmů potřebných na splácení dluhu,D342.8/D340.1,H,
343,343.16,Index dluhové služby (kolik % příjmů se spotřebuje na splácení úvěrů),D342.8/(D340.2+D340.3+D340.4.1+D340.21),H,
343,343.17,Finanční nezávislost,(D340.2+D340.3)/(D340.1+D340.21),H,"Vyjadřuje, do jaké míry je obec finančně nezávislá na dotacích. Spočítá se jako podíl vlastních příjmů a celkových příjmů. Minimální hodnota má být 20%."
343,343.17.1,Finanční soběstačnost,(D340.2+D340.3)/D340.8,H,"Finanční soběstačnost nám ukazuje, do jaké míry je obec schopna pokrýt běžné výdaje vlastními příjmy. Vyšší hodnota ukazuje soběstačnost obce ve financování běžné činnosti. Procento finanční soběstačnosti by mělo být vyšší než 70% a spočítá se jako podíl vlastních příjmů a běžných výdajů."
343,343.18,Objem prostředků z prodeje majetku k celkovým příjmům,D340.21/(D340.1+D340.21),H,
343,343.18.1,Zadlužení k celkovému majetku obce,D320.109/D320.1,H,Tento ukazatel sleduje i ministerstvo financí a je součástí zveřejnění monitoringu hospodaření obcí. Spočítá se jako podíl cizích zdrojů k celkovým aktivům. Za rizikovou hodnotu je považován ukazatel vyšší než 25%.
343,343.19,"Hodnota ukazatele dle zákona o rozpočtové odpovědnosti ""fiskální pravidlo""",D343.2,H,
343,343.20,"Hodnota ukazatele Finančního zdraví (1=A - vynikající finanční zdraví, 2=B - velmi dobré finanční zdraví, 3=C - dobré finanční zdraví, 4=D - uspokojivé finanční zdraví, 5=E - rizikové finanční zdraví, 6=F - neuspokojivé finanční zdraví)",D343.3,H,
343,343.21,Podíl cizích zdrojů k celkovým aktivům (v %),D343.4,H,
343,343.22,Celková likvidita,D343.5,H,
344,344.1,Běžná likvidita,D320.40/D320.121,H,"Vyjadřuje schopnost obce dostát svým krátkodobým závazkům ze svých likvidních zdrojů. Vyjadřuje schopnost subjektu přeměnit svůj krátkodobý majetek na prostředky, které lze použít k úhradě krátkodobých závazků. BL = oběžná aktiva / krátkodobé závazky"
344,344.2,Oběžná likvidita,D320.82/D320.121,H,Poměr krátkodobého finančního majetku a krátkodobých závazků obce
344,344.3,Finanční zásoba,D320.82/(D320.112+D320.121),H,"Ukazatel je vypočítán jako podíl krátkodobého finančního majetku a celkových závazků. Ukazatel vyjadřuje, do jaké míry je obec schopna pokrýt veškeré své závazky ze svého krátkodobého finančního majetku, tedy zejména z prostředků na bankovních účtech obce."
344,344.4,Podíl dluhové služby a dluhové kapacity,(D340.9+D340.10+D340.15-D340.16)/(D340.13-D340.9),H,"Ukazatel vyjadřuje, jak je obec schopna hradit své závazky ze salda běžného rozpočtu. Výpočet salda BR je mírně modifikovaný, do běžných výdajů nejsou zahrnuty placené úroky, protože ty tvoří součást dluhové služby a úkolem ukazatele je zjistit, zda a jak dokáže obec zajistit prostředky právě také na jejich úhradu."
344,344.5,Podíl placených úroků a dluhové kapacity,D340.9/(D340.13-D340.9),H,"Ukazatel vyjadřuje, jak je obec schopna hradit úrokové náklady ze svého provozního salda; výpočet provozního salda byl modifikován stejným způsobem jako D344.4"
344,344.6,Podíl celkového dluhu na saldu běžného rozpočtu,D340.34/D340.13,H,"Ukazatel vyjadřuje, za kolik let je obec schopna při dané úrovni salda BR své dluhy splatit právě z tohoto salda."
344,344.7,Podíl cizích zdrojů a celkových aktiv,D320.109/D320.1,H,"Ukazatel vyjadřuje míru krytí závazků celkovým majetkem, celkovými aktivy."
344,344.8,Rentabilita aktiv,D310.85/D320.1,H,
344,344.9,Rentabilita nákladů,D310.85/D310.1,H,
345,345.0.1,Hodnota komplexního ukazatele finančního zdraví,D345.0,H,"Hodnota ukazatele Finančního zdraví (1=A - vynikající finanční zdraví, 2=B - velmi dobré finanční zdraví, 3=C - dobré finanční zdraví, 4=D - uspokojivé finanční zdraví, 5=E - rizikové finanční zdraví, 6=F - neuspokojivé finanční zdraví)"
345,345.1,Hrubá bilance (saldo) běžného rozpočtu v tis. Kč,D42.8.1-D42.9.0,H,
345,345.2,Podíl přebytku běžného rozpočtu na běžných příjmech v %,(D42.8.1-D42.9.0+D42.12+D42.14)*100/D42.8.1,H,
345,345.3,Ukazatel krytí dluhové služby,(D42.8.1-D42.9.0+D42.12+D42.14)/(D42.12+D42.13+D42.13.1+D42.14),H,
345,345.4,Zadluženost celkem v Kč na obyvatele,(D345.1+D345.2+D345.3)/D1.1,H,
345,345.5,Kapacita samofinancování kap. výdajů,(D42.8.1+D42.9.0+D42.8.2)/D42.9.2,H,
345,345.6,Bilance kapitálového rozpočtu v tis. Kč,(D42.3+D42.7-D42.9.2)/1000,H,
345,345.7,Ukazatel investiční aktivity,D42.9.2*100/(D42.9.0+D42.9.2),H,
345,345.8,Podíl kapitálových výdajů a odpisů,D42.9.2/D345.4,H,
345,345.9,"Podíl výdajů na opravy a udržování, kapitálových výdajů a odpisů",(D429.2+D310.10)/D345.4,H,
346,346.1.1,Rozpočtové saldo (RS) v %,((D340.2+D340.3+D340.21+D340.4.0)-(D340.8+D340.23))/(D340.2+D340.3+D340.21+D340.4.0)*100,H,"Ukazatel hodnotí rovnováhu municipalitních financí. Hodnota ukazatele je vyjádřena v procentech. Může nabývat kladných i záporných hodnot. V případě že hodnota RS je větší než nula jedná se o přebytek rozpočtu, v případě nulové hodnoty RS hospodaří obec vyrovnaně a v případě záporné hodnoty RS vykazuje obec deficitní hospodaření. Deficit může být kryt úvěrem či uspořenými finančními prostředky minulých let. **RS = (Celkové konsolidované příjmy – Celkové konsolidované výdaje) / Celkové konsolidované příjmy**"
346,346.1.2,Podíl salda běžného rozpočtu na běžných příjmech (SBR) v %,(D340.1-D340.8)/D340.1*100,H,"Ukazatel hodnotí základní předpoklad dlouhodobého úspěšného hospodaření obcí. Hodnota ukazatele je vyjádřena v procentech. Může nabývat kladných i záporných hodnot. V případě že hodnota SBR je větší než nula, jedná se o přebytek na běžném účtu. V případě nulové hodnoty SBR hospodaří obec na běžném účtu vyrovnaně a v případě záporné hodnoty SBR se jedná o hospodaření deficitní. **SBR = (Běžné příjmy – Konsolidované běžné výdaje) / Běžné příjmy**"
346,346.1.3,Podíl finančních zůstatků na účtech a pokladně k běžným výdajům (BUKBV) /ABS/,(D320.82+D320.29)/(D340.8)*12,H,"Ukazatel vyjadřuje, jak dlouho je municipalita schopna financovat své běžné výdaje svými úsporami z minulých let (krátkodobým finančním majetkem a dlouhodobými terminovanými vklady). Hodnota ukazatele je vyjádřena v měsících. **BUKBV = (Krátkodobý finanční majetek + Dlouhodobé termínované vklady) / Konsolidované běžné výdaje *12**"
346,346.1.4,Podíl finančních zůstatků na účtech a pokladně k běžným příjmům (BUKBP) v %,(D320.82+D320.29)/D340.1*100,H,"Ukazatel vyjadřuje, jakou část běžných ročních příjmů je municipalita pokrýt svými úsporami (krátkodobým finančním majetkem a dlouhodobými termínovanými vklady). Hodnota ukazatele je vyjádřena v procentech. **BUKBP = (Krátkodobý finanční majetek + Dlouhodobé termínované vklady) / Běžné příjmy**"
346,346.1.5,Celkové konsolidované výdaje na běžných příjmech (KVBP) /ABS/,(D340.8+D340.23)/D340.1,H,"Ukazatel vypovídá o míře závislosti municipality na kapitálových příjmech a investičních transferech. Ukazatel může nabývat kladných hodnot, přičemž čím více přesáhne daný ukazatel hodnotu jedna, tím větší je míra závislosti municipality na poskytovaných investičních dotacích či kapitálových výnosech. **KVBP = Celkové konsolidované výdaje / Běžné příjmy**"
346,346.1.6,Přijaté transfery na kapitálových výdajích (TRKV) v %,D340.4.0/D340.23*100,H,"Ukazatel vyjadřuje, jakou část kapitálových výdajů municipalita hradí prostřednictvím přijatých transferů. Hodnota ukazatele je vyjádřena v procentech. Ukazatel může nabývat kladných hodnot, přičemž čím nižší je jeho hodnota, tím větší část kapitálových výdajů je schopna municipalita uhradit vlastními příjmy. **TRKV = Přijaté transfery / Kapitálové výdaje**"
346,346.1.7,Podíl vlastních příjmů na celkových příjmech (VPCP) v %,(D340.2+D340.3+D340.21)/(D340.2+D340.3+D340.21+D340.4.0)*100,H,"Ukazatel vypovídá o finanční soběstačnosti obce a její nezávislosti na transferových příjmech. VPCP vyjadřuje, jakou část příjmů pokrývá municipalita vlastními příjmy. Ukazatel může nabývat kladných hodnot a je vyjádřen v procentech. Čím větší je hodnota tohoto indikátoru, tím je obec více finančně soběstačná. **VPCP = Vlastní příjmy / Celkové konsolidované příjmy**"
346,346.1.8,Ukazatel rozpočtové odpovědnosti v %,D343.2,H,"Výpočet pravidla pro hospodaření ÚSC dle § 17 zákona č. 23/2017 Sb., o pravidlech rozpočtové odpovědnosti. Překročí-li dluh územního samosprávného celku k rozvahovému dni 60 % průměru jeho příjmů za poslední 4 rozpočtové roky, územní samosprávný celek je povinen jej v následujícím kalendářním roce snížit nejméně o 5 % z rozdílu mezi výší svého dluhu a 60 % průměru svých příjmů za poslední 4 rozpočtové roky."
346,346.2.1,Podíl celkového dluhu na saldu běžného rozpočtu (CDSBR) /ABS/,(D320.122+D320.123+D320.124+D320.125+D320.127+D320.130+D320.142+D320.113+D320.114+D320.115+D320.117+D320.119)/(D340.1-D340.8+D360.5141)*12,H,"Ukazatel vyjadřuje, za kolik měsíců je obec schopna při dané úrovni salda běžného rozpočtu své dluhy splatit z tohoto salda. Hodnota ukazatele je vyjádřena v měsících. Ukazatel vypovídá o vlastní aktivitě a přístupu municipality k plánování svých závazků a jejich možnému splácení. I když municipalita nemůže ovlivnit podstatnou část svých běžných příjmů i běžných výdajů, musí brát jejich výši v úvahu při rozhodování o dalším zatížení municipalitního rozpočtu v případě zadlužení municipality, musí brát ohled na fakt, zda a v jakém časovém horizontu je municipalita schopna splatit své dluhy. **CDSBR = (Celkový dluh / (Běžné příjmy – Konsolidované běžné výdaje + Placené úroky) )*12**"
346,346.2.2,Podíl dluhové služby a dluhové kapacity (DSSBR) v %,(D360.5141+(D300.3+D300.10+D300.17+D300.24)+(D346.2)+(D346.3))/(D340.2+D340.3+D360.4111+D360.4112+D360.4116+D360.4119+D360.4121+D360.4122+D360.4123+D360.4129+D360.4151+D360.4152+D360.4153+D360.4155+D360.4156+D360.4159+D360.4160-D340.8+D360.5141)*100,H,"Ukazatel vyjadřuje, jak je municipalita schopna hradit své závazky ze salda běžného rozpočtu. Ukazatel vypovídá o tom, zda a jak dokáže obec zajistit prostředky na úhradu pravidelných splátek svých úvěrů různého typu. Hodnota ukazatele je vyjádřena v procentech. **DSSBR = (Placené úroky + Splátky emitovaných dluhopisů + Případný kladný výsledek rozdílu splátek krátkodobých přijatých půjčených prostředků a krátkodobých přijatých půjčených prostředků + Případný kladný výsledek rozdílu splátek dlouhodobých přijatých půjčených prostředků a dlouhodobých přijatých půjčených prostředků) / (Běžné příjmy – konsolidované běžné výdaje + Placené úroky)**"
346,346.2.3,Podíl placených úroků a dluhové kapacity (PUSBR) v %,D360.5141/(D340.1-D340.8+D360.5141)*100,H,"Ukazatel vyjadřuje, jak je municipalita schopna hradit úrokové náklady ze svého provozního salda. Jedná se o doplňkový ukazatel k ukazateli DSSBR. Hodnota ukazatele vyjádřena v procentech. **PUSBR = Placené úroky / (Běžné příjmy – Konsolidované běžné výdaje + Placené úroky)**"
346,346.2.4,Podíl cizích zdrojů a celkových aktiv (CZCA) v %,D320.109/D346.1*100,H,Ukazatel vyjadřuje míru krytí závazků celkovým majetkem (celkovými aktivy). Jeden ze stěžejních ukazatelů zahrnutých v Monitoringu hospodaření obcí MF ČR (hodnota by neměla v tomto monitoringu přesáhnout 25 %). Hodnota ukazatele je vyjádřena v procentech. **CZCA = Cizí zdroje / Celková aktiva (brutto)**
346,346.2.5,Podíl cizích zdrojů bez dotačních záloh a celkových aktiv (CZCA1) v %,(D320.109-D320.120)/D346.1*100,H,"Ukazatel vyjadřuje míru krytí závazků, které v sobě nezahrnují dotační zálohy, celkovým majetkem (celkovými aktivy). Modifikace předcházejícího ukazatele, kdy cizí zdroje jsou očištěny o dotační zálohy, které mohou v rámci cizích zdrojů sehrávat významnou roli (pokud se jedná o dotace na velké investiční akce). Hodnota ukazatele je vyjádřena v procentech. **CZCA1 = (Cizí zdroje – Dlouhodobé přijaté zálohy na transfery) / Celková aktiva (brutto)**"
346,346.2.6,Podíl celkového dluhu na cizích zdrojích (DCZ) v %,(D320.122+D320.123+D320.124+D320.125+D320.127+D320.130+D320.142+D320.113+D320.114+D320.115+D320.117+D320.119)/D320.109*100,H,"Ukazatel vyjadřuje, jakým procentem se na cizích zdrojích podílí celkové zadlužení obce. Jedná se doplňkovým indikátorem k ukazateli podílu cizích zdrojů a celkových aktiv (CZCA) a ukazateli podílu cizích zdrojů bez dotačních záloh a celkových aktiv. Je součástí ukazatelů zahrnutých v Monitoringu hospodaření obcí MF ČR. Hodnota ukazatele je vyjádřena v procentech. **DCZ = Celkový dluh / Cizí zdroje**"
346,346.2.7,Dluhová služba celkem (DSC) v %,(D360.5141+(D300.3+D300.10+D300.17+D300.24)-(D300.5+D300.12+D300.19+D300.26))/(D340.2+D340.3+D340.21+D340.4.0)*100,H,Ukazatel vyjadřuje míru krytí všech plateb představujících splátky dluhu (jistiny) a úroků konsolidovanými příjmy v daném roce. Je součástí ukazatelů zahrnutých v Monitoringu hospodaření obcí MF ČR (hodnota by neměla v tomto monitoringu přesáhnout 30 %). Hodnota ukazatele vyjádřena v procentech. **DSC = Dluhová služba / Celkové konsolidované příjmy**
346,346.2.8,Podíl celkového dluhu na běžných příjmech (DBP) v %,(D320.122+D320.123+D320.124+D320.125+D320.127+D320.130+D320.142+D320.113+D320.114+D320.115+D320.117+D320.119)/D340.1*100,H,Ukazatel vyjadřuje míru krytí celkového dluhu municipality jejími běžnými příjmy v daném roce. Je doplňkovým indikátorem k ukazateli dluhová služby celkem (DSC). Hodnota ukazatele je vyjádřena v procentech. **DBP = Celkový dluh / Běžné příjmy**
346,346.3.1,Celková (běžná) likvidita (CL) /ABS/,D320.40/D320.121,H,Ukazatel vyjadřuje schopnost municipality dostát svým krátkodobým závazkům ze svých likvidních zdrojů. Je součástí ukazatelů zahrnutých v Monitoringu hospodaření obcí MF ČR (hodnota by neměla v tomto monitoringu být nižší než 1). Hodnota ukazatele je vyjádřena v absolutních číslech **CL = Oběžná aktiva / Krátkodobé závazky**
346,346.3.2,Okamžitá likvidita (OL) /ABS/,D320.82/D320.121,H,Ukazatel vyjadřuje schopnost municipality hradit své krátkodobé závazky s využitím finančního majetku obce (především zůstatků na běžných účtech municipality). Je tedy ve svém pojetí přísnější než ukazatel celkové likvidity (CL). Hodnota ukazatele je vyjádřena v absolutních číslech. **OL = Krátkodobý finanční majetek / Krátkodobé závazky**
346,346.3.3,Finanční zásoba (FZ),(D320.82+D320.29)/(D320.121+D320.112),H,Ukazatel vyjadřuje schopnost municipality pokrýt veškeré své závazky ze svého krátkodobého finančního majetku obce (především zůstatků na běžných účtech municipality) a dlouhodobých termínovaných vkladů. Hodnota ukazatele je vyjádřena v absolutních číslech. **FZ = (Krátkodobý finanční majetek + Dlouhodobé termínované vklady) / (Krátkodobé závazky + Dlouhodobé závazky)**
347,347.0,NÁKLADY CELKEM na 1 obyvatele města,D310.1/D1.1,H,
347,347.1,Struktura nákladů,D347.1+D347.2+D347.3+D347.4+D347.5+D347.6+D347.7+D347.8+D347.9,H,
347,347.2,50. Spotřebované nákupy na 1 obyvatele města,D347.1/D1.1,H,
347,347.3,51. Služby na 1 obyvatele města,D347.2/D1.1,H,
347,347.4,52. Osobní náklady na 1 obyvatele města,D347.3/D1.1,H,
347,347.5,53. Daně a poplatky na 1 obyvatele města,D347.4/D1.1,H,
347,347.6,54. Ostatní náklady na 1 obyvatele města,D347.5/D1.1,H,
347,347.7,"55. Odpisy, rezervy a opravné položky na 1 obyvatele města",D347.6/D1.1,H,
347,347.8,56. Finanční náklady na 1 obyvatele města,D347.7/D1.1,H,
347,347.9,57. Náklady na transfery na 1 obyvatele města,D347.8/D1.1,H,
347,347.10,59. Daň z příjmů na 1 obyvatele města,D347.9/D1.1,H,
347,347.20,VÝNOSY CELKEM na 1 obyvatele města,D310.49/D1.1,H,
347,347.21,Struktura výnosů,D347.10+D347.11+D347.12+D347.13+D347.14,H,
347,347.22,61. Výnosy z vlastních výkonů a zboží na 1 obyvatele města,D347.10/D1.1,H,
347,347.23,64. Ostatní výnosy na 1 ovybatele města,D347.11/D1.1,H,
347,347.24,66. Finanční výnosy na 1 obyvatele města,D347.12/D1.1,H,
347,347.25,67. Výnosy z transferů na 1 obyvatele města,D347.13/D1.1,H,
347,347.26,68. Výnosy ze sdílených daní na 1 obyvatele města,D347.14/D1.1,H,
347,347.30,VÝSLEDKE HOSPODAŘENÍ PŘED ZDANĚNÍM na 1 obyvatele města,D347.15/D1.1,H,
347,347.31,VÝSLEDEK HOSPODAŘENÍ PO ZDANĚNÍ na 1 obyvatele,D347.16/D1.1,H,
348,348.1,Struktura aktiv,D348.2+D348.7,H,
348,348.2,Struktura aktiv - podrobná,D348.3+D348.4+D348.5+D348.6+D348.8+D348.9+D348.10,H,
348,348.3,AKTIVA CELKEM na 1 obyvatele města,D348.1/D1.1,H,
348,348.4,A. Stálá aktiva na 1 obyvatele města,D348.2/D1.1,H,
348,348.5,Struktura stálých aktiv,D348.3+D348.4+D348.5+D348.6,H,
348,348.6,I. Dlouhodobý nehmotný majetek na 1 obyvatele města,D348.3/D1.1,H,
348,348.7,II. Dlouhodobý hmotný majetek na 1 obyvatele města,D348.4/D1.1,H,
348,348.8,III. Dlouhodobý finanční majetek na 1 obyvatele města,D348.5/D1.1,H,
348,348.9,IV. Dlouhodobé pohledávky na 1 obyvatele města,D348.6/D1.1,H,
348,348.10,B. Oběžná aktiva na 1 obyvatele města,D348.7/D1.1,H,
348,348.11,Struktura oběžných aktiv,D348.8+D348.9+D348.10,H,
348,348.12,I. Zásoby na 1 obyvatele města,D348.8/D1.1,H,
348,348.13,II. Krátkodobé pohledávky na 1 obyvatele města,D348.9/D1.1,H,
348,348.14,III. Krátkodobý finanční majetek na 1 obyvatele města,D348.10/D1.1,H,
348,348.15,Struktura pasiv,D348.12+D348.16,H,
348,348.16,Struktura pasiv podrobná,D348.13+D348.14+D348.15+D348.17+D348.18+D348.19,H,
348,348.17,PASIVA CELKEM na 1 obyvatele města,D348.11/D1.1,H,
348,348.18,C. Struktura vlastního kapitálu,D348.13+D348.14+D348.15,H,
348,348.19,C. Vlastní kapitál na 1 obyvatele města,D348.12/D1.1,H,
348,348.20,I. Jmění účetní jednotky a upravující položky na 1 obyvatele města,D348.13/D1.1,H,
348,348.21,II. Fondy účetní jednotky na 1 obyvatele města,D348.14/D1.1,H,
348,348.22,III. Výsledek hospodaření na 1 obyvatele města,D348.15/D1.1,H,
348,348.23,D. Cizí zdroje na 1 obyvatele města,D348.16/D1.1,H,
348,348.24,D. Struktura cizích zdrojů,D348.17+D348.18+D348.19,H,
348,348.25,I. Rezervy na 1 obyvatele města,D348.17/D1.1,H,
348,348.26,II. Dlouhodobé závazky na 1 obyvatele města,D348.18/D1.1,H,
348,348.27,III. Krátkodobé závazky na 1 obyvatele města,D348.19/D1.1,H,
350,350.1,Struktura příjmů rozpočtu města - třídy položek,D350.0+D350.11+D340.21+D340.4.0,H,
350,350.2,Struktura příjmů rozpočtu - druh příjmů,D350.51+D340.21+D350.23,H,
350,350.3,Daňové příjmy na obyvatele,D350.0/D1.1,H,
350,350.4,Nedaňové příjmy na obyvatele,D350.11/D1.1,H,
350,350.5,Kapitálové příjmy na obyvatele,D340.21/D1.1,H,
350,350.6,Kapitálové příjmy a investiční transfery na obyvatele,(D340.21+D350.23)/D1.1,H,
350,350.7,Přijaté dotace na obyvatele,D340.4.0/D1.1,H,
350,350.8,Struktura daňových příjmů,D350.1+D350.2+D350.3+D350.4+D350.5+D350.6+D350.7+D350.8+D350.9+D350.10,H,
350,350.9,Struktura nedaňových příjmů,D350.12+D350.13+D350.14+D350.15+D350.16+D350.17,H,
350,350.9.1,Sdílené daně na obyvatele (bez daně z nemovitých věcí),(D350.1+D350.2+D350.3+D350.4+D350.6)/D1.1,H,
350,350.9.2,Daň z nemovitých věcí na obyvatele,D350.9/D1.1,H,
350,350.9.3,Správní poplatky na obyvatele,D350.8/D1.1,V,
350,350.9.4,Místní poplatky na obyvatele,(D360.1340+D360.1341+D360.1342+D360.1343+D360.1344+D360.1345+D360.1346+D360.1347+D360.1348+D360.1349)/D1.1,H,
350,350.10,Struktura transferů,D350.50+D350.20+D350.23,H,
350,350.11,Příjmy z nájemného na obyvatele,D350.13/D1.1,H,
350,350.12,Příjmy z vlastní činnosti na obyvatele,D350.12/D1.1,H,
350,350.13,Výnosy z finančního majetku na obyvatele,D350.14/D1.1,H,
350,350.14,"Příjmy z pokut, odvodů a vratek na obyvatele",D350.15/D1.1,H,
351,351.0,Struktura rozpočtu města,D351.1+D351.2+D351.3+D351.4+D351.5+D351.6+D351.7+D351.8+D351.9+D351.10+D351.11+D351.12+D351.13+D351.14,H,
351,351.1,Výdaje na BEZPEČNOST A VEŘEJNÝ POŘÁDEK na 1 obyvatele města,D351.1/D1.1,H,
351,351.2,Výdaje na BYDLENÍ na 1 obyvatele města,D351.2/D1.1,H,
351,351.3,Výdaje na DOPRAVU na 1 obyvatele města,D351.3/D1.1,H,
351,351.4,Výdaje na KOMUNÁLNÍ SLUŽBY na 1 obyvatele města,D351.4/D1.1,H,
351,351.5,Výdaje na KULTURU na 1 obyvatele města,D351.5/D1.1,H,
351,351.6,Výdaje na PRŮMYSL A STAVEBNICTVÍ na 1 obyvatele města,D351.6/D1.1,H,
351,351.7,Výdaje na SOCIÁLNÍ SLUŽBY na 1 obyvatele města,D351.7/D1.1,H,
351,351.8,Výdaje na ŠKOLSTVÍ na 1 obyvatele města,D351.8/D1.1,H,
351,351.9,Výdaje na TĚLOVÝCHOVU A ZÁJMOVOU ČINNOST na 1 obyvatele města,D351.9/D1.1,H,
351,351.10,Výdaje na VEŘEJNOU SPRÁVU na 1 obyvatele města,D351.10/D1.1,H,
351,351.11,Výdaje na ZDRAVOTNICTVÍ na 1 obyvatele města,D351.11/D1.1,H,
351,351.12,Výdaje na ZEMEDĚLSTVÍ na 1 obyvatele města,D351.12/D1.1,H,
351,351.13,Výdaje na ŽIVOTNÍ PROSTŘEDÍ na 1 obyvatele města,D351.13/D1.1,H,
351,351.14,OSTATNÍ VÝDAJE na 1 obyvatele města,D351.14/D1.1,H,
351,351.15,Struktura kapitálových výdajů,D351.50+D351.51+D351.52+D351.53+D351.54+D351.55+D351.56+D351.57+D351.58+D351.59+D351.60+D351.61+D351.62+D351.63+D351.64+D351.65+D351.66+D351.67+D351.68+D351.69+D351.70+D351.71+D351.72+D351.73+D351.74+D351.75+D351.76+D351.77+D351.78+D351.79+D351.80+D351.81+D351.82+D351.83+D351.84+D351.85+D351.86+D351.87+D351.88+D351.89+D351.90+D351.91+D351.92+D351.93+D351.94+D351.95+D351.96+D351.97+D351.98+D351.99+D351.100+D351.101+D351.102+D351.103+D351.104+D351.105+D351.106+D351.107+D351.108+D351.109+D351.110,H,
351,351.16,Běžné výdaje na obyvatele,D42.9.0*1000/D1.1,H,
351,351.17,Kapitálové výdaje na obyvatele,D351.29/D1.1,H,
351,351.18,Struktura výdajů rozpočtu - položkově,D351.16+D351.17+D351.18+D351.19+D351.20+D351.21+D351.22+D351.23+D351.24+D351.25+D351.26+D351.27,H,
351,351.19,"Platy zaměstnanců, vč. odvodu, na obyvatele",D351.16/D1.1,H,
351,351.20,"Nákupy DHM, materiálu, ostatní na obyvatele",D351.17/D1.1,H,
351,351.21,"Úroky, leasing a ostatní finanční výdaje na obyvatele",D351.18/D1.1,H,
351,351.22,Nákup energií na obyvatele,D351.19/D1.1,H,
351,351.23,Nákup služeb na obyvatele,D351.20/D1.1,H,
351,351.24,Opravy a udržování na obyvatele,D351.21/D1.1,H,
351,351.25,"Ostatní nákupy, příspěvky, náhrady a věcné dary na obyvatele",D351.22/D1.1,H,
351,351.26,Neinv.transfery podnikatel.sub. a nezisk.org. na obyvatele,D351.23/D1.1,H,
351,351.27,Neinvestiční příspěvky PO na obyvatele,D351.24/D1.1,H,
351,351.28,Neinvestiční příspěvky ostatním rozpočtům na obyvatele,D351.25/D1.1,H,
351,351.29,Neinvestiční transfery obyvatelstvu na obyvatele,D351.26/D1.1,H,
351,351.30,Ostatní neinvestiční výdaje a transfery na obyvatele,D351.27/D1.1,H,
351,351.31,CELKOVÉ VÝDAJE na obyvatele,D42.9*1000/D1.1,H,
351,351.32,Investice dle odvětví,D351.111+D351.112+D351.113+D351.114+D351.115+D351.116+D351.117+D351.118+D351.119+D351.120+D351.121+D351.122+D351.123+D351.124,H,
777,777.1,Produkce komunálních odpadů celkem na obyvatele,D777.3/D777.1,H,
777,777.1.1,Počet podnikatelů zapojených do odpadového systému obce na 10 000 obyvatel,D777.2/(D777.1/10000),H,
777,777.2,Výdaje v oblasti odpadového hospodářství celkem na obyvatele,D777.16.10/D777.1,H,
777,777.3,Příjmy v oblasti odpadového hospodářství celkem na obyvatele,D777.17.10/D777.1,H,
777,777.4,Množství komunálních odpadů odstraněných skládkováním na obyvatele,D777.15/D777.1,H,
777,777.5.1,Hřbitovní odpad na obyvatele,D777.3.1/D777.1,H,
777,777.5.2,Uliční smetky na obyvatele,D777.3.2/D777.1,H,
777,777.5.3,Produkce komunálního odpadu na obyvatele,D777.4/D777.1,H,
777,777.5.4,Produkce směsného komunálního odpadu celkem na obyvatele,D777.5/D777.1,H,
777,777.5.5,Produkce objemného odpadu na obyvatele,D777.6/D777.1,H,
777,777.5.6,Produkce textilních odpadů na obyvatele,D777.7/D777.1,H,
777,777.5.7,Množství odděleně soustředěných odpadů nebezpečných odpadů na obyvatele,D777.8/D777.1,H,
777,777.5.8,Množství odděleně soustředěných odpadů stavebních odpadů na obyvatele,D777.9/D777.1,H,
777,777.6.1,"Množství odděleně soustředěných odpadů papíru, plastu, skla, kovů a nápojových kartónů na obyvatele",D777.10/D777.1,H,
777,777.6.2,Množství odděleně soustředěných biologických odpadů na obyvatele,D777.11/D777.1,H,
777,777.6.4,Množství recyklovatelných složek odpadu odděleně soustředěných občany obce mimo systém obce do zařízení pro nakládání s odpady na obyvatele,D777.13/D777.1,H,
777,777.6.5,Množství odebraných výrobků s ukončenou životností v tunách na obyvatele,D777.14/D777.1,H,
1013,1013.1,Počet rozhodnutí na jednoho pracovníka,D1013.1/D1013.8,H,
1013,1013.2,Počet kolaudačních souhlasů na jednoho pracovníka,D1013.1.0/D1013.8,H,
1013,1013.3,Počet sledovaných úkonů na jednoho pracovníka,D1013.5/D1013.8,H,Počet sledovaných úkonů celkem na jednoho pracovníka
1013,1013.4.1,Počet stavebních povolení z celkového počtu všech rozhodnutí (%),(D1013.1.1/D1013.1)*100,H,
1013,1013.4.2,Počet rozhodnutí vydaných ve společném řízení z celkového počtu všech rozhodnutí (%),(D1013.1.2/D1013.1)*100,H,
1013,1013.4.3,Počet veřejnoprávních smluv nahrazujících stavební povolení z celkového počtu všech rozhodnutí (%),(D1013.1.3/D1013.1)*100,H,
1013,1013.5,Provozní výdaje na jedno rozhodnutí v Kč,((D31.9)/D31.1)/(D1013.1/D1013.8)*1000,H,"Kč na jedno rozhodnutí. Bez investičních výdajů souvisejících s činností úřadu (§ 6171). Vycházíme z údajů vyplněných v agendě 31. Výdaje na výkon státní správy a samosprávy. Provozní náklady odpovídají součtu níže uvedených položek, které jsou přepočteny na jednoho zaměstnance: Výdaje na platy, ostatní platby za provedenou práci a pojistné + Výdaje na činnost místní správy §6171 celkem bez mezd a odvodů + Ostatní výdaje v tis. Kč, které bezprostředně souvisí s výkonem státní správy a o nichž obec z analytických či jiných důvodů účtuje na jiných paragrafech než je §6171."
1013,1013.6,Provozní výdaje na jeden sledovaný úkon v Kč,((D31.9)/D31.1)/(D1013.5/D1013.8)*1000,H,"Kč na jeden sledovaný úkon. Bez investičních výdajů souvisejících s činností úřadu (§ 6171). Vycházíme z údajů vyplněných v agendě 31. Výdaje na výkon státní správy a samosprávy. Provozní náklady odpovídají součtu níže uvedených položek, které jsou přepočteny na jednoho zaměstnance: Výdaje na platy, ostatní platby za provedenou práci a pojistné + Výdaje na činnost místní správy §6171 celkem bez mezd a odvodů + Ostatní výdaje v tis. Kč, které bezprostředně souvisí s výkonem státní správy a o nichž obec z analytických či jiných důvodů účtuje na jiných paragrafech než je §6171."
1013,1013.8,Počet zaměstnanců - pracovních úvazků v agendě speciální stavební úřad celkem,D1013.8,H,
1016,1016.1,Počet obcí v působnosti stavebního úřadu,D1.11,H,"Počet obcí ve správním obvodu, pro který obec (vyplňující) zajišťuje výkon přenesené působnosti v oblasti stavebního úřadu; k 31.12. sledovaného roku; nezapočítává se obec, za niž jsou data vyplňována"
1016,1016.2,Celkový počet vydaných rozhodnutí,D1016.9.1,H,"Součet polí počtu vydaných rozhodnutí ""Územní řízení"" + ""Povolení stavby"" + ""Užívání stavby"" + ""Odstraňování staveb"" + ""Jiná řízení a opatření""."
1016,1016.3,"Celkový počet správních úkonů, které nejsou rozhodnutím",D1016.9.2,H,"Součet polí počtu správních úkonů, které nejsou rozhodnutím ""Územní řízení"" + ""Povolení stavby"" + ""Užívání stavby"" + ""Odstraňování staveb"" + ""Jiná řízení a opatření""."
1016,1016.4,Celkový počet ostatních sledovaných úkonů,D1016.9.3,H,"Součet polí ""Jiná řízení a opatření - ostatní""."
1016,1016.5,Dohled,D1016.6.1,H,"K 31.12. sledovaného roku. Součet polí ""Státní dozor"" + ""Kontrolní prohlídky""."
1016,1016.6,Celkový počet vydaných rozhodnutí na pracovníka (agendy),D1016.9.1/D1016.10.1,H,"Počet rozhodnutí celkem je součtem vstupních polí počtu vydaných rozhodnutí ""Územní řízení"" + ""Povolení stavby"" + ""Užívání stavby"" + ""Odstraňování staveb"" + ""Jiná řízení a opatření""."
1016,1016.7,"Celkový počet správních úkonů, které nejsou rozhodnutím na pracovníka (agendy)",D1016.9.2/D1016.10.1,H,"Součet polí počtu správních úkonů, které nejsou rozhodnutím ""Územní řízení"" + ""Povolení stavby"" + ""Užívání stavby"" + ""Odstraňování staveb"" + ""Jiná řízení a opatření""."
1016,1016.8,Celkový počet ostatních sledovaných úkonů na pracovníka (agendy),D1016.9.3/D1016.10.1,H,"Součet polí ""Jiná řízení a opatření - ostatní""."
1016,1016.9,Celkový počet kontrol na pracovníka (agendy),D1016.6.1/D1016.10.1,H,"K 31.12. sledovaného roku. Součet polí ""Státní dozor"" + ""Kontrolní prohlídky""."
1016,1016.10,Odvolacím orgánem zrušená rozhodnutí k počtu všech odvolání (v %),(D1016.8.1.2/D1016.8.1)*100,H,
1016,1016.11,Odvolacím orgánem zrušená rozhodnutí k počtu všech vydaných rozhodnutí (v %),(D1016.8.1.2/D1016.9.1)*100,H,
1016,1016.12,Počet pracovníků na 1000 obyvatel správního obvodu obce s působností stavebního úřadu,D1016.10.1/(D1.5/1000),H,
1016,1016.12.1,Počet km čtverečních správního obvodu obce s působností stavebního úřadu na pracovníka (agendy),D1016.11/D1016.10.1,H,
1016,1016.13,"Provozní výdaje na jedno rozhodnutí, správní úkon, který není rozhodnutím a ostatní sledované úkony v Kč",((D31.9+D31.13)/D31.1)/((D1016.9.1+D1016.9.2+D1016.9.3)/D1016.10.1)*1000,V,"V Kč na jeden sledovaný úkon. Bez investičních výdajů souvisejících s činností úřadu (§ 6171). Vycházíme z údajů vyplněných v agendě 31. Výdaje na výkon státní správy a samosprávy. Provozní náklady odpovídají součtu níže uvedených položek, které jsou přepočteny na jednoho zaměstnance: Výdaje na platy, ostatní platby za provedenou práci a pojistné + Výdaje na činnost místní správy §6171 celkem bez mezd a odvodů + Ostatní výdaje v tis. Kč, které bezprostředně souvisí s výkonem státní správy a o nichž obec z analytických či jiných důvodů účtuje na jiných paragrafech než je §6171."
1016,1016.14,Celkový počet úkonů na pracovníka (agendy),(D1016.9.1+D1016.9.2+D1016.6.1)/D1016.10.1,H,"Počet úkonů je součtem vydaných rozhodnutí, správních úkonů, které nejsou rozhodnutím, a dohledu."
1016,1016.15,Celkový počet úkonů k na 1000 obyvatel správního obvodu obce s působností stavebního úřadu,(D1016.9.1+D1016.9.2+D1016.6.1)/(D1.5/1000),H,"Počet úkonů je součtem vydaných rozhodnutí, správních úkonů, které nejsou rozhodnutím, a dohledu."
1016,1016.16,Struktura úkonů,D1016.9.1+D1016.9.2+D1016.6.1,H,"Úkony se rozumí vydaná rozhodnutí, správní úkony, které nejsou rozhodnutím, a dohled."
1016,1016.17,Struktura sledovaných úkonů v územním řízení,D1016.1.1+D1016.1.2,V,
1016,1016.18,Struktura sledovaných úkonů v povolení stavby,D1016.2.1+D1016.2.2,V,
1016,1016.19,Struktura sledovaných úkonů v užívání stavby,D1016.3.1+D1016.3.2,V,
1016,1016.20,Počet zaměstnanců - pracovních úvazků v agendě stavební úřad obecný celkem (BEZ ÚVAZKŮ K RUIAN),D1016.10.1,H,
1016,1016.21,Procento reálně obsazených pracovních úvazků SÚ (BEZ ÚVAZKŮ K RUIAN),D1016.10.2*100/D1016.10.1,H,Procento reálně obsazených pracovních úvazků k celkovému počtu zaměstnanců - pracovních úvazků v agendě stavební úřad (BEZ ÚVAZKŮ K RUIAN)
1020,1020.1.1,Počet pravomocně vydaných rozhodnutí na jednoho zaměstnance,D1020.1/D1020.12,H,
1020,1020.1.2,Struktura vybraných rozhodnutí / povolení v %,D1020.1.2 + D1020.1.3 + D1020.1.4 + D1020.1.5 + D1020.1.7 + D1020.1.8,H,
1020,1020.2.1,Počet všech sledovaných úkonů na zaměstnance,(D1020.1 + D1020.2 + D1020.3 + D1020.4 + D1020.5 + D1020.6 + D1020.7 + D1020.9 + D1020.10+D1020.11)/D1020.12,H,
1020,1020.2.2,Struktura úkonů zahrnutých v ukazateli 20.2.1 v %,D1020.1 + D1020.2 + D1020.3 + D1020.4 + D1020.5 + D1020.6 + D1020.7 + D1020.9 + D1020.10 + D1020.11,H,
1020,1020.2.3,Počet všech sledovaných úkonů na zaměstnance včetně vyjádření/stanovisek vydaných v rámci koordinovaných,(D1020.1 + D1020.2 + D1020.3 + D1020.4 + D1020.5 + D1020.6 + D1020.7 + D1020.9 + D1020.10+D1020.11 + D1020.11.1)/D1020.12,H,
1020,1020.3,Orientační hodnota povolených vodních děl v tis. Kč na jednoho zaměstnance,D1020.1.1/D1020.12,H,
1020,1020.4,Počet vybraných rozhodnutí / povolení na jednoho zaměstnance,(D1020.1.2 + D1020.1.3 + D1020.1.4 + D1020.1.5 + D1020.1.6 + D1020.1.7 + D1020.1.8)/D1020.12,H,
1020,1020.5,Počet provedených kontrol (dozorů) se zápisem na jednoho zaměstnance,D1020.9/D1020.12,H,
1020,1020.6.1,% úspěšných odvolání z počtu odvolání celkem,(D1020.8 - D1020.8.1)*100/D1020.8,H,
1020,1020.6.2,Počet odvolání celkem,D1020.8,H,
1020,1020.6.3,Počet úspěšných odvolání,D1020.8-D1020.8.1,H,
1020,1020.7,Počet řešených havarijních situací,D1020.7,H,
1020,1020.8,"Celkový počet přestupků řešených rozhodnutím, příkazem, příkazem na místě nebo blokovou pokutou na zaměstnance",D1020.1.0/D1020.12,H,
1020,1020.9,Provozní výdaje v Kč na jeden sledovaný úkon,(D31.9/D31.1)/((D1020.1 + D1020.2 + D1020.3 + D1020.4 + D1020.5 + D1020.6 + D1020.7 + D1020.9 + D1020.10 + D1020.11)/D1020.12)*1000,H,
1021,1021.1.1,Počet vydaných správních rozhodnutí na jednoho zaměstnance,D1021.4/D1021.1,H,
1021,1021.1.2,Vydaná správní rozhodnutí z moci úřední na jednoho zaměstnance,D1021.4.1/D1021.1,H,
1021,1021.1.3,Vydaná správní rozhodnutí z moci úřední k počtu vydaných správních rozhodnutí celkem v %,D1021.4.1*100/D1021.4,H,
1021,1021.2.1,"Počet vydaných závazných stanovisek, vyjádření apod. mimo správní řízení na jednoho zaměstnance",D1021.6/D1021.1,V,
1021,1021.2.2,"Počet vydaných závazných stanovisek, vyjádření apod. mimo správní řízení včetně vyjádření/stanovisek vydaných v rámci koordinovaných na jednoho zaměstnance",(D1021.6+D1021.6.1)/D1021.1,H,
1021,1021.4,"Počet nezamítnutých odvolání, vč. autoremedury k počtu vydaných správních rozhodnutí v %",D1021.7*100/D1021.4,H,
1021,1021.5,Výměra pozemků určených k plnění funkce lesa ve správním obvodu v hektarech,D1021.13,H,
1021,1021.6,Počet předaných separátů z lesní hospodářské osnovy v ks,D1021.14,H,
1021,1021.7,Počet lesních hospodářských plánů v ks,D1021.15,H,
1021,1021.8,"Celkový počet přestupků řešených rozhodnutím, příkazem, příkazem na místě nebo blokovou pokutou na zaměstnance",D1021.4.2/D1021.1,H,
1021,1021.9,Počet provedených kontrol se zápisem na jednoho zaměstnance,D1021.5/D1021.1,H,
1021,1021.10.1,Provozní výdaje v Kč na počet vydaných správních rozhodnutí,(D31.9/D31.1)/(D1021.4/D1021.1)*1000,H,
1021,1021.10.2,Provozní výdaje v Kč na jeden sledovaný úkon,(D31.9/D31.1)/((D1021.4+D1021.6)/D1021.1)*1000,H,
1022,1022.1.1,Počet vydaných správních rozhodnutí na jednoho zaměstnance,D1022.4/D1022.1,H,Pouze meritorní rozhodnutí a zastavení řízení. Za celé období sledovaného roku.
1022,1022.1.2,Vydaná správní rozhodnutí z moci úřední na jednoho zaměstnance,D1022.4.1/D1022.1,H,
1022,1022.1.3,Vydaná správní rozhodnutí z moci úřední k počtu vydaných správních rozhodnutí celkem v %,D1022.4.1*100/D1022.4,H,
1022,1022.1.4,Vydaná rozhodnutí formou příkazu k počtu vydaných správních rozhodnutí celkem v %,D1022.4.2*100/D1022.4,H,
1022,1022.2.1,"Počet vydaných závazných stanovisek, vyjádření apod. mimo správní řízení a hlášení evidence odpadů na jednoho zaměstnance",(D1022.6+D1022.11)/D1022.1,H,
1022,1022.2.2,"Počet vydaných závazných stanovisek, vyjádření apod. mimo správní řízení a hlášení evidence odpadů včetně vyjádření/stanovisek vydaných v rámci koordinovaných na jednoho zaměstnance",(D1022.6 + D1022.11 + D1022.6.1)/D1022.1,H,
1022,1022.3,Počet provedených kontrol se zápisem na jednoho zaměstnance,D1022.5/D1022.1,H,
1022,1022.4,"Celkový počet přestupků řešených rozhodnutím, příkazem, příkazem na místě nebo blokovou pokutou na zaměstnance",D1022.4.2/D1022.1,H,
1022,1022.5,"Počet nezamítnutých odvolání, vč. autoremedury k počtu vydaných správních rozhodnutí v %",D1022.7*100/D1022.4,H,
1022,1022.6.1,Provozní výdaje v Kč na počet vydaných správních rozhodnutí,(D31.9/D31.1)/(D1022.4/D1022.1)*1000,H,
1022,1022.6.2,Provozní výdaje v Kč na jeden sledovaný úkon,(D31.9/D31.1)/((D1022.4+D1022.5+D1022.6)/D1022.1)*1000,H,
1023,1023.1,Počet vydaných správních rozhodnutí na jednoho zaměstnance,D1023.4/D1023.1,H,
1023,1023.2.1,Počet vydaných závazných stanovisek a vyjádření na jednoho zaměstnance,D1023.6/D1023.1,H,
1023,1023.2.2,Počet vydaných závazných stanovisek a vyjádření včetně vyjádření/stanovisek vydaných v rámci koordinovaných na jednoho zaměstnance,(D1023.6 + D1023.6.1)/D1023.1,H,
1023,1023.3,Počet provedených kontrol se zápisem na jednoho zaměstnance,D1023.5/D1023.1,H,
1023,1023.4,"Celkový počet přestupků řešených rozhodnutím, příkazem, příkazem na místě nebo blokovou pokutou na zaměstnance",D1023.4.1/D1023.1,H,
1023,1023.5,"Počet nezamítnutých odvolání, vč. autoremedury k počtu vydaných správních rozhodnutí v %",D1023.7*100/D1023.4,H,
1023,1023.6.1,Provozní výdaje v Kč na jedno vydané správní rozhodnutí,(D31.9/D31.1)/(D1023.4/D1023.1)*1000,H,
1023,1023.6.2,Provozní výdaje v Kč na jeden sledovaný úkon,(D31.9/D31.1)/((D1023.4+D1023.5+D1023.6)/D1023.1)*1000,H,
1024,1024.1.1,Počet vydaných správních rozhodnutí a souhlasů s vynětím ze ZPF na jednoho zaměstnance,D1024.4/D1024.1,H,
1024,1024.1.2,Vydaná správní rozhodnutí z moci úřední na jednoho zaměstnance,D1024.4.1/D1024.1,H,
1024,1024.1.3,Počet vydaných souhlasů s vynětím ze ZPF na jednoho zaměstnance,D1024.4.2/D1024.1,H,
1024,1024.1.4,Počet vydaných souhlasů s vynětím ze ZPF FORMOU ROZHODNUTÍ na jednoho zaměstnance,D1024.4.2.1/D1024.1,H,
1024,1024.1.5,Vydané souhlasy s vynětím ze ZPF FORMOU ROZHODNUTÍ v %,D1024.4.2.1*100/D1024.4,H,
1024,1024.2.1,"Počet vydaných závazných stanovisek, vyjádření apod. mimo správní řízení (bez souhlasů s vynětím ze ZPF) na jednoho zaměstnance",D1024.6/D1024.1,H,
1024,1024.2.2,"Počet vydaných závazných stanovisek, vyjádření apod. mimo správní řízení (bez souhlasů s vynětím ze ZPF) včetně vyjádření/stanovisek vydaných v rámci koordinovaných na jednoho zaměstnance",(D1024.6 + D1024.6.1)/D1024.1,H,
1024,1024.3,"Celkový počet přestupků řešených rozhodnutím, příkazem, příkazem na místě nebo blokovou pokutou na zaměstnance",D1024.4.3/D1024.1,H,
1024,1024.4,Počet provedených kontrol se zápisem na jednoho zaměstnance,D1024.5/D1024.1,H,
1024,1024.5,"Počet nezamítnutých odvolání, vč. autoremedury k počtu vydaných správních rozhodnutí a souhlasů s vynětím se ZPF v %",D1024.7*100/D1024.4,H,
1024,1024.6.1,Provozní výdaje v Kč na počet vydaných správních rozhodnutí a souhlasů s vynětím ze ZPF,(D31.9/D31.1)/(D1024.4/D1024.1)*1000,H,
1024,1024.6.2,Provozní výdaje v Kč na jeden sledovaný úkon,(D31.9/D31.1)/((D1024.4+D1024.5+D1024.6)/D1024.1)*1000,H,
1025,1025.1.1,Počet vydaných správních rozhodnutí na jednoho zaměstnance,D1025.4/D1025.1,H,Pouze meritorní rozhodnutí a zastavení řízení. Za celé období sledovaného roku.
1025,1025.1.2,Vydaná správní rozhodnutí z moci úřední na jednoho zaměstnance,D1025.4.1/D1025.1,H,
1025,1025.1.3,Vydaná správní rozhodnutí z moci úřední k počtu vydaných správních rozhodnutí celkem v %,D1025.4.1*100/D1025.4,V,
1025,1025.1.4,Počet uložených nápravných opatření na zaměstnance,D1025.4.3/D1025.1,H,
1025,1025.2,"Počet vydaných závazných stanovisek, vyjádření apod. mimo správní řízení na jednoho zaměstnance",D1025.6/D1025.1,H,
1025,1025.3,"Celkový počet přestupků řešených rozhodnutím, příkazem, příkazem na místě nebo blokovou pokutou na zaměstnance",D1025.4.2/D1025.1,H,
1025,1025.4,Počet provedených kontrol se zápisem na jednoho zaměstnance,D1025.5/D1025.1,H,
1025,1025.5,"Počet nezamítnutých odvolání, vč. autoremedury k počtu vydaných správních rozhodnutí v %",D1025.7*100/D1025.4,H,
1025,1025.6.1,Provozní výdaje v Kč na počet vydaných správních rozhodnutí,(D31.9/D31.1)/(D1025.4/D1025.1)*1000,H,
1025,1025.6.2,Provozní výdaje v Kč na jeden sledovaný úkon,(D31.9/D31.1)/((D1025.4+D1025.5+D1025.6)/D1025.1)*1000,H,
1026,1026.1.1,Počet vydaných správních rozhodnutí na jednoho zaměstnance,D1026.4/D1026.1,H,
1026,1026.1.2,Vydaná správní rozhodnutí z moci úřední na jednoho zaměstnance,D1026.4.1/D1026.1,H,
1026,1026.1.3,Vydaná správní rozhodnutí z moci úřední k počtu vydaných správních rozhodnutí v %,D1026.4.1*100/D1026.4,H,
1026,1026.2,"Počet vydaných závazných stanovisek, vyjádření apod. mimo správní řízení na jednoho zaměstnance",D1026.6/D1026.1,V,
1026,1026.3,Počet oznámení o kácení dřevin na jednoho zaměstnance,D1026.5/D1026.1,H,
1026,1026.4,"Celkový počet přestupků řešených rozhodnutím, příkazem, příkazem na místě nebo blokovou pokutou na jednoho zaměstnance",D1026.4.2/D1026.1,H,
1026,1026.5,"Počet provedených kontrol (dozorů) se zápisem (podle § 85 zákona č. 114/1992 Sb., o ochraně přírody a krajiny) na jednoho zaměstnance",D1026.50/D1026.1,H,
1026,1026.6,"Počet nezamítnutých odvolání, vč. autoremedury k počtu vydaných správních rozhodnutí v %",D1026.7*100/D1026.4,H,
1026,1026.7.1,Provozní výdaje v Kč na počet vydaných správních rozhodnutí,(D31.9/D31.1)/(D1026.4/D1026.1)*1000,H,
1026,1026.7.2,Provozní výdaje v Kč na jeden sledovaný úkon,(D31.9/D31.1)/((D1026.4+D1026.5+D1026.6)/D1026.1)*1000,H,
1027,1027.1.1,Počet vydaných správních rozhodnutí na jednoho zaměstnance,D1027.4/D1027.1,H,
1027,1027.1.2,Vydaná správní rozhodnutí z moci úřední na jednoho zaměstnance,D1027.4.1/D1027.1,H,
1027,1027.1.3,Vydaná správní rozhodnutí z moci úřední k počtu vydaných správních rozhodnutí v %,D1027.4.1*100/D1027.4,H,
1027,1027.2,"Počet vydaných závazných stanovisek, vyjádření apod. mimo správní řízení vč. vydaných loveckých lístků",D1027.6/D1027.1,H,
1027,1027.3,Počet vydaných loveckých lístků na jednoho zaměstnance,D1027.6.1/D1027.1,H,
1027,1027.4,"Celkový počet přestupků řešených rozhodnutím, příkazem, příkazem na místě nebo blokovou pokutou na zaměstnance",D1027.4.2/D1027.1,H,
1027,1027.5,Počet provedených kontrol (dozorů) se zápisem na pracovníka agendy,D1027.5/D1027.1,H,
1027,1027.6,"Počet nezamítnutých odvolání, vč. autoremedury k počtu vydaných správních rozhodnutí (%)",D1027.7*100/D1027.4,H,
1027,1027.7,Počet honiteb ve správním obvodu,D1027.11,H,
1027,1027.8.1,Provozní výdaje v Kč na počet vydaných správních rozhodnutí,(D31.9/D31.1)/(D1027.4/D1027.1)*1000,H,
1027,1027.8.2,Provozní výdaje v Kč na jeden sledovaný úkon včetně vydaných loveckých lístků,(D31.9/D31.1)/((D1027.6.+D1027.4+D1027.5)/D1027.1)*1000,H,
1028,1028.1.1,Počet vydaných správních rozhodnutí na jednoho zaměstnance,D1028.4/D1028.1,H,
1028,1028.1.2,Vydaná správní rozhodnutí z moci úřední na jednoho zaměstnance,D1028.4.1/D1028.1,H,
1028,1028.1.3,Vydaná správní rozhodnutí z moci úřední k počtu vydaných správních rozhodnutí v %,D1028.4.1*100/D1028.4,V,
1028,1028.2,"Počet vydaných závazných stanovisek, vyjádření apod. mimo správní řízení vč. rybářských lístků na jednoho zaměstnance",D1028.6/D1028.1,H,
1028,1028.3,"Celkový počet přestupků řešených rozhodnutím, příkazem, příkazem na místě nebo blokovou pokutou na zaměstnance",D1028.4.2/D1028.1,H,
1028,1028.4,"Počet nezamítnutých odvolání, vč. autoremedury k počtu vydaných správních rozhodnutí v %",D1028.7*100/D1028.4,H,
1028,1028.5.1,Provozní výdaje v Kč na počet vydaných správních rozhodnutí,(D31.9/D31.1)/(D1028.4/D1028.1)*1000,H,
1028,1028.5.2,Provozní výdaje v Kč na počet vydaných rybářských lístků a dalších sledovaných úkonů,(D31.9/D31.1)/((D1028.6+D1028.4)/D1028.1)*1000,H,
1030,1030.1,Počet vydaných správních rozhodnutí na jednoho zaměstnance,(D1020.1+D1021.4+D1022.4+D1023.4+D1024.4+D1025.4+D1026.4+D1027.4+D1028.4)/(D1020.12+D1021.1+D1022.1+D1023.1+D1024.1+D1025.1+D1026.1+D1027.1+D1028.1),H,
1030,1030.2,"Počet vydaných závazných stanovisek, vyjádření apod. mimo správní řízení na jednoho zaměstnance",(D1020.11+D1021.6+D1022.6+D1023.6+D1024.6+D1025.6+D1026.6+D1027.6+D1028.6)/(D1020.12+D1021.1+D1022.1+D1023.1+D1024.1+D1025.1+D1026.1+D1027.1+D1028.1),H,
1030,1030.3,Počet souhrnných vyjádření za všechny sledované agendy v oblasti životního prostředí,D1030.1,H,
1030,1030.4,Počet souhrnných vyjádření/stanovisek za odbor životního prostředí celkem a koordinovaných stanovisek vydaných za úřad na 1 000 obyvatel správního obvodu,D1030.1/(D1.3/1000),H,
1030,1030.5,Počet provedených kontrol (dozorů) se zápisem na zaměstnance,(D1020.9+21.5+D1022.5+D1023.5+D1024.5+D1025.5+D1027.5)/(D1020.12+D1021.1+D1022.1+D1023.1+D1024.1+D1025.1+D1027.1),H,
1030,1030.6,Počet zrušených a vrácených rozhodnutí včetně autoremedury k počtu vydaných správních rozhodnutí v %,(D1020.8-D1020.8.1+D1021.7+D1022.7+D1023.7+D1024.7+D1025.7+D1026.7+D1027.7+D1028.7)*100/(D1020.1+D1021.4+D1022.4+D1023.4+D1024.4+D1025.4+D1026.4+D1027.4+D1028.4),H,
1030,1030.7,Provozní výdaje na jedno rozhodnutí v Kč,((D31.9)/D31.1)/((D1020.1+D1021.4+D1022.4+D1023.4+D1024.4+D1025.4+D1026.4+D1027.4+D1028.4)/(D1020.12+D1021.1+D1022.1+D1023.1+D1024.1+D1025.1+D1026.1+D1027.1+D1028.1))*1000,H,
1037,1037.1,Poplatky celkem - počet evidovaných poplatníků na jednoho zaměstnance,(D37.1+D37.7+D37.13+D37.19+D37.25+D37.31+D37.43+D37.49)/(D37.6+D37.12+D37.18+D37.24+D37.30+D37.36+D37.48+D37.54),H,V tomto ukazateli jsou sloučeny výsledky za všechny druhy místních poplatků.
1037,1037.1.0,Provozní výdaje v Kč na jednoho poplatníka,(D31.9/D31.1)/((D37.1+D37.7+D37.13+D37.19+D37.25+D37.31+D37.43+D37.49)/(D37.6+D37.12+D37.18+D37.24+D37.30+D37.36+D37.48+D37.54))*1000,H,
1037,1037.1.1,Provozní výdaje na jednu vybranou Kč místních poplatků,(D31.9/D31.1*1000)/(((D37.3+D37.9+D37.15+D37.21+D37.27+D37.33+D37.45+D37.51)/(D37.6+D37.12+D37.18+D37.24+D37.30+D37.36+D37.48+D37.54))*1000),H,
1037,1037.2,Poplatky celkem - procento úspěšnosti výběru k předpisu VČETNĚ nedoplatků z minulých let,(D37.3+D37.9+D37.15+D37.21+D37.27+D37.33+D37.45+D37.51)*100/(D37.2+D37.8+D37.14+D37.20+D37.26+D37.32+D37.44+D37.50),H,V tomto ukazateli jsou sloučeny výsledky za všechny druhy místních poplatků.
1037,1037.2.1,Poplatky celkem - procento úspěšnosti výběru k předpisu BEZ nedoplatků z minulých let,(D37.3+D37.9+D37.15+D37.21+D37.27+D37.33+D37.45+D37.51)*100 / (D37.2.1+D37.8.1+D37.14.1+D37.20.1+D37.26.1+D37.32.1+D37.44.1+D37.50.1),H,
1037,1037.3,Poplatky celkem - průměrné % dlužníků z celkového počtu evidovaných poplatníků,(D37.5+D37.11+D37.17+D37.23+D37.29+D37.35+D37.47+D37.53)/8,H,V tomto ukazateli jsou sloučeny výsledky za všechny druhy místních poplatků.
1037,1037.4,Výběr poplatků celkem na jednoho obyvatele obce v Kč,(D37.3+D37.9+D37.15+D37.21+D37.27+D37.33+D37.45+D37.51)*1000/D1.1,H,V tomto ukazateli jsou sloučeny výsledky za všechny druhy místních poplatků.
1037,1037.4.1,Výběr poplatků placených přímo obyvateli obce celkem v Kč na jednoho obyvatele obce,(D1037.3+D1037.45)*1000/D1.1,H,V tomto ukazateli jsou sloučeny výsledky za místní poplatky placené přímo obyvateli (Poplatek ze psů - roční plnění + Poplatek za komunální odpad - roční plnění).
1037,1037.4.2,% struktura výběru místních poplatků,D37.3+D37.9+D37.15 + D37.21+D37.27+D37.33+D37.39 + D37.45+D37.51,H,
1037,1037.5,Poplatek ze psů - počet evidovaných poplatníků na jednoho zaměstnance,D1037.1/D1037.6,H,
1037,1037.5.1,Poplatek ze psů - roční plnění v Kč na jednoho poplatníka,D1037.3*1000/D1037.1,H,
1037,1037.6,Poplatek ze psů - procento úspěšnosti výběru k předpisu VČETNĚ nedoplatků z minulých let,D1037.3*100/D1037.2,H,
1037,1037.6.1,Poplatek ze psů - procento úspěšnosti výběru k předpisu BEZ nedoplatků z minulých let,D1037.3*100/D1037.2.1,H,
1037,1037.7,Poplatek ze psů - % dlužníků z celkového počtu evidovaných poplatníků,D1037.5,H,
1037,1037.8,Poplatek za lázeňský pobyt - počet evidovaných poplatníků na jednoho zaměstnance,D1037.7/D1037.12,H,
1037,1037.8.1,Poplatek za lázeňský pobyt - roční plnění v Kč na jednoho poplatníka,D1037.9*1000/D1037.7,H,
1037,1037.9,Poplatek za lázeňský pobyt - procento úspěšnosti výběru k předpisu VČETNĚ nedoplatků z minulých let,D1037.9*100/D1037.8,H,
1037,1037.9.1,Poplatek za lázeňský pobyt - procento úspěšnosti výběru k předpisu BEZ nedoplatků z minulých let,D1037.9*100/D1037.8.1,H,
1037,1037.10,Poplatek za lázeňský pobyt - % dlužníků z celkového počtu evidovaných poplatníků,D1037.11,H,
1037,1037.11,Poplatek za užívání veřejného prostranství - procento úspěšnosti výběru k předpisu VČETNĚ nedoplatků z minulých let,D1037.15*100/D1037.14,H,
1037,1037.11.1,Poplatek za užívání veřejného prostranství - procento úspěšnosti výběru k předpisu BEZ nedoplatků z minulých let,D1037.15*100/D1037.14.1,H,
1037,1037.12,Poplatek za užívání veřejného prostranství - počet evidovaných poplatníků na jednoho zaměstnance,D1037.13/D1037.18,H,
1037,1037.12.1,Poplatek za užívání veřejného prostranství - roční plnění v Kč na jednoho poplatníka,D1037.15*1000/D1037.13,H,
1037,1037.13,Poplatek za užívání veřejného prostranství - % dlužníků z celkového počtu evidovaných poplatníků,D1037.17,H,
1037,1037.14,Poplatek ze vstupného - počet evidovaných poplatníků na jednoho zaměstnance,D1037.19/D1037.24,H,
1037,1037.14.1,Poplatek ze vstupného - roční plnění v Kč na jednoho poplatníka,D1037.21*1000/D1037.19,H,
1037,1037.15,Poplatek ze vstupného - procento úspěšnosti výběru k předpisu VČETNĚ nedoplatků z minulých let,D1037.21*100/D1037.20,H,
1037,1037.15.1,Poplatek ze vstupného - procento úspěšnosti výběru k předpisu BEZ nedoplatků z minulých let,D1037.21*100/D1037.20.1,H,
1037,1037.16,Poplatek ze vstupného - % dlužníků z celkového počtu evidovaných poplatníků,D1037.23,H,
1037,1037.17,Poplatek z ubytovací kapacity - počet evidovaných poplatníků na jednoho zaměstnance,D1037.25/D1037.30,H,
1037,1037.17.1,Poplatek z ubytovací kapacity - roční plnění v Kč na jednoho poplatníka,D1037.27*1000/D1037.25,H,
1037,1037.18,Poplatek z ubytovací kapacity - procento úspěšnosti výběru k předpisu VČETNĚ nedoplatků z minulých let,D1037.27*100/D1037.26,H,
1037,1037.18.1,Poplatek z ubytovací kapacity - procento úspěšnosti výběru k předpisu BEZ nedoplatků z minulých let,D1037.27*100/D1037.26.1,H,
1037,1037.19,Poplatek z ubytovací kapacity - % dlužníků z celkového počtu evidovaných poplatníků,D1037.29,H,
1037,1037.20,Poplatek za povolení vjezdu - počet evidovaných poplatníků na jednoho zaměstnance,D1037.31/D1037.36,H,
1037,1037.20.1,Poplatek za povolení vjezdu - roční plnění v Kč na jednoho poplatníka,D1037.33*1000/D1037.31,H,
1037,1037.21,Poplatek za povolení vjezdu - procento úspěšnosti výběru k předpisu VČETNĚ nedoplatků z minulých let,D1037.33*100/D1037.32,H,
1037,1037.21.1,Poplatek za povolení vjezdu - procento úspěšnosti výběru k předpisu BEZ nedoplatků z minulých let,D1037.33*100/D1037.32.1,H,
1037,1037.22,Poplatek za povolení vjezdu - % dlužníků z celkového počtu evidovaných poplatníků,D1037.35,H,
1037,1037.26,Poplatek za komunální odpad - počet evidovaných poplatníků na jednoho zaměstnance,D1037.43/D1037.48,H,
1037,1037.26.1,Poplatek za komunální odpad - roční plnění v Kč na jednoho obyvatele,D1037.45*1000/D1.1,H,
1037,1037.27,Poplatek za komunální odpad - % úspěšnosti výběru k předpisu VČETNĚ nedoplatků z minulých let,D1037.45*100/D1037.44,H,
1037,1037.27.1,Poplatek za komunální odpad - % úspěšnosti výběru k předpisu BEZ nedoplatků z minulých let,D1037.45*100/D1037.44.1,H,
1037,1037.28,Poplatek za komunální odpad - % dlužníků z celkového počtu evidovaných poplatníků,D1037.47,H,
1037,1037.29,Poplatek za zhodnocení pozemku - počet evidovaných poplatníků na jednoho zaměstnance,D1037.49/D1037.54,H,
1037,1037.29.1,Poplatek za zhodnocení pozemku - roční plnění v Kč na jednoho poplatníka,D1037.51*1000/D1037.49,H,
1037,1037.30,Poplatek za zhodnocení pozemku - % úspěšnosti výběru k předpisu VČETNĚ nedoplatků z minulých let,D1037.51*100/D1037.50,H,
1037,1037.30.1,Poplatek za zhodnocení pozemku - % úspěšnosti výběru k předpisu BEZ nedoplatků z minulých let,D1037.51*100/D1037.50.1,H,
1037,1037.31,Poplatek za zhodnocení pozemku - % dlužníků z celkového počtu evidovaných poplatníků,D1037.53,H,
1037,1037.33,Poplatek za lázeňský pobyt - roční plnění v Kč na jednoho plátce,D1037.59*1000/D1037.56,H,
1041,1041.0.1,Příjmy ze správních poplatků celkem v tis. Kč na 1 obyvatele ORP (v Kč),D1041.1.1/D1.3*1000,H,
1041,1041.0.2,Příjmy ze sankčních plateb celkem v tis. Kč na 1 obyvatele ORP (v Kč),(D1041.1.2-D61.5.1)/D1.3*1000,H,bez pokut ukládaných obecní policií
1041,1041.0.3,Příjmy z veřejnoprávních smluv na zajištění výkonu přenesené správy v tis. Kč na 1 obyvatele ORP (v Kč),D1041.1.3/D1.3*1000,H,
1041,1041.0.5,Celkové příjmy ze správních úkonů vybírané přímo obcí nebo placené obci v tis. Kč na 1 obyvatele ORP (v Kč),(D1041.0-D61.5.1)/D1.3*1000,H,bez pokut ukládaných obecní policií
1041,1041.2.0,Vlastní příjmy - evidence obyvatel (v Kč),(D1041.2.1+D1041.2.2+D1041.2.3)*1000,H,
1041,1041.2.1,Průměrný příjem na 1 úkon evidence obyvatel (v Kč),(D1041.2.1+D1041.2.2+D1041.2.3)/(D2.0.1+D2.0.2+D2.0.5+D2.1.2+D2.1.3+D2.1.4+D2.1.5)*1000,H,
1041,1041.2.2,Průměrný příjem z evidence obyvatel na obyvatele města (v Kč),(D1041.2.1+D1041.2.2+D1041.2.3)/D1.1*1000,H,
1041,1041.3.0,Vlastní příjmy - matrika (v Kč),(D1041.3.1+D1041.3.2+D1041.3.3)*1000,H,
1041,1041.3.1,Průměrný příjem na 1 matriční úkon (v Kč),(D1041.3.1+D1041.3.2+D1041.3.3)/(D3.2+D3.5+D3.6+D3.7+D3.8+D3.9+D3.10+D3.11+D3.12+D3.13+D3.14+D3.15+D3.17+D3.18)*1000,H,
1041,1041.3.2.2,Průměrný příjem z matriky na 1 obyvatele matričního obvodu (v Kč),(D1041.3.1+D1041.3.2+D1041.3.3)/D1.4*1000,H,
1041,1041.4.0,Vlastní příjmy - občanské průkazy (v Kč),(D1041.4.1+D1041.4.2+D1041.4.3)*1000,H,
1041,1041.4.1,Průměrný příjem na 1 úkon na úseku občanských průkazů (v Kč),(D1041.4.1+D1041.4.2+D1041.4.3)/(D4.2+D4.3+D4.4+D4.5)*1000,H,
1041,1041.4.2,Průměrný příjem z agendy opbčanských průkazu na 1 obyvatele ORP (v Kč),(D1041.4.1+D1041.4.2+D1041.4.3)/D1.3*1000,H,
1041,1041.5.0,Vlastní příjmy - cestovní doklady (v Kč),(D1041.5.1+D1041.5.2+D1041.5.3)*1000,H,
1041,1041.5.1,Průměrný příjem na 1 úkon na úseku cestovních dokladů (v Kč),(D1041.5.1+D1041.5.2+D1041.5.3)/(D5.1+D5.2+D5.3)*1000,H,
1041,1041.5.2,Průměrný příjem z agendy cestovních průkazů na 1 obyvatele ORP (v Kč),(D1041.5.1+D1041.5.2+D1041.5.3)/D1.3*1000,H,
1041,1041.7.0,Vlastní příjmy - registr řidičů (v Kč),(D1041.7.1+D1041.7.2+D1041.7.3)*1000,H,
1041,1041.7.1,Průměrný příjem na 1 úkon na úseku registru řidičů (v Kč),(D1041.7.1+D1041.7.2+D1041.7.3)/D7.1*1000,H,
1041,1041.7.2,Půměrný příjem z agendy registr řidičů na 1 obyvatele ORP (v Kč),(D1041.7.1+D1041.7.2+D1041.7.3)/D1.3*1000,H,
1041,1041.8.0,Vlastní příjmy - registr vozidel (v Kč),(D1041.8.1+D1041.8.2+D1041.8.3)*1000,H,
1041,1041.8.1,Průměrný příjem na 1 úkon na úseku registru vozidel (v Kč),(D1041.8.1+D1041.8.2+D1041.8.3)/(D8.1+D8.3+D8.4)*1000,H,
1041,1041.8.2,Průměrné příjmy z registrů vozidel na 1 obyvatele ORP (v Kč),(D1041.8.1+D1041.8.2+D1041.8.3)/D1.3*1000,H,
1041,1041.9.0,Vlastní příjmy na úseku zkušebních komisařů (v Kč),(D1041.9.1+D1041.9.2+D1041.9.3+D1041.9.4)*1000,H,
1041,1041.9.1,Průměrný příjem na 1 úkon na úseku zkušebních komisařů (v Kč),(D1041.9.1+D1041.9.2+D1041.9.3+D1041.9.4)/(D9.1)*1000,H,
1041,1041.9.2,Průměrný příjem z agendy zkušebních komisařů na 1 obyvatele ORP (v Kč),(D1041.9.1+D1041.9.2+D1041.9.3+D1041.9.4)/D1.3*1000,H,
1041,1041.10.0,Vlastní příjmy na úseku dopravních přestupků (v Kč),(D1041.10.1+D1041.10.2+D1041.10.3)*1000,H,
1041,1041.10.1,Průměrný příjem na 1 úkon na úseku dopravních přestupků (v Kč),(D1041.10.1+D1041.10.2+D1041.10.3)/(D10.1.4+D10.2.4+D10.3.4)*1000,H,
1041,1041.10.2,Průměrný příjem z dopravních přestupků na 1 obyvatele ORP (v Kč),(D1041.10.1+D1041.10.2+D1041.10.3)/D1.3*1000,H,
1041,1041.11.0,Vlastní příjmy na úseku silničního úřadu správního (v Kč),(D1041.11.1+D1041.11.2+D1041.11.3)*1000,H,
1041,1041.11.1,Průměrný příjem na 1 úkon na úseku silničního úřadu správního (v Kč),(D1041.11.1+D1041.11.2+D1041.11.3)/(D11.7)*1000,H,
1041,1041.11.2,Průměrný příjem ze silničního úřadu správního na 1 obyvatele ORP (v Kč),(D1041.11.1+D1041.11.2+D1041.11.3)/D1.3*1000,H,
1041,1041.12.0,Vlastní příjmy - dopravní a správní úřad dohromady (v Kč),(D1041.12.1+D1041.12.2+D1041.12.3)*1000,H,
1041,1041.12.1,Průměrný příjem na 1 úkon na úseku dopravího úřadu a drážního úřadu dohromady (v Kč),(D1041.12.1+D1041.12.2+D1041.12.3)/(D12.26)*1000,H,
1041,1041.12.2,Průmarný příjem z dopravního a drážního úřadu na 1 obyvatele ORP (v Kč),(D1041.12.1+D1041.12.2+D1041.12.3)/D1.3*1000,H,
1041,1041.13.0,Vlastní příjmy - speciální stavební úřad (v Kč),(D1041.13.1+D1041.13.2+D1041.13.3)*1000,H,
1041,1041.13.1,Průměrný příjem na 1 úkon na úseku speciálního stavebního úřadu (v Kč),(D1041.13.1+D1041.13.2+D1041.13.3)/(D1013.5)*1000,H,
1041,1041.13.2,Průměrný příjem ze speciálního stavebního úřadu na 1 obyvatele ORP (v Kč),(D1041.13.1+D1041.13.2+D1041.13.3)/D1.3*1000,H,
1041,1041.14.0,Vlastní příjmy - úsek územního plánování (v Kč),(D1041.14.1+D1041.14.2+D1041.14.3)*1000,H,
1041,1041.14.1,Průměrný příjem na 1 úkon na úseku územního plánování (v Kč),(D1041.14.1+D1041.14.2+D1041.14.3)/(D14.9+D14.11+D14.12+D14.14)*1000,H,
1041,1041.14.2,Průměrný příjem z úseku územního plánování na 1 obyvatele ORP (v Kč),(D1041.14.1+D1041.14.2+D1041.14.3)/D1.3*1000,H,
1041,1041.15.0,Vlastní příjmy - památková péče (v Kč),(D1041.15.1+D1041.15.2+D1041.15.3)*1000,H,
1041,1041.15.1,Průměrný příjem na 1 úkon na úseku památkové péče (v Kč),(D1041.15.1+D1041.15.2+D1041.15.3)/(D15.3)*1000,H,
1041,1041.15.2,Průměrný příjem z agendy památková péče na 1 obyvatele ORP (v Kč),(D1041.15.1+D1041.15.2+D1041.15.3)/D1.3*1000,H,
1041,1041.16.0,Vlastní příjmy - obecný stavební úřad (v Kč),(D1041.16.1+D1041.16.2+D1041.16.3)*1000,H,
1041,1041.16.1,Průměrný příjem na 1 úkon na úseku obecného stavebního úřadu (v Kč),(D1041.16.1+D1041.16.2+D1041.16.3)/(D1016.9.2)*1000,H,
1041,1041.16.2,Průměrný příjem z obecního stavebního úřadu na 1 obyvatele obvodu stavebního úřadu (v Kč),(D1041.16.1+D1041.16.2+D1041.16.3)/D1.5*1000,H,
1041,1041.17.0,Vlastní příjmy - přestupky podle z. 251/2016 Sb. (v Kč),(D1041.17.1+D1041.17.2+D1041.17.3)*1000,H,
1041,1041.17.1,Průměrný příjem na 1 úkon na úseku přestupků podle z. 251/2016 Sb. (v Kč),(D1041.17.1+D1041.17.2+D1041.17.3)/(D17.2.1+D17.3.1)*1000,H,
1041,1041.17.2,Průměrný příjem z agendy přestupků podle z. 251/2016 Sb. na 1 obyvatele ORP (v Kč),(D1041.17.1+D1041.17.2+D1041.17.3)/D1.3*1000,H,
1041,1041.18.0,Vlastní příjmy - živnostenský úřad (v Kč),(D1041.18.1+D1041.18.2+D1041.18.3)*1000,H,
1041,1041.18.1,Průměrný příjem na 1 úkon živnostenského úřadu (v Kč),(D1041.18.1+D1041.18.2+D1041.18.3)/(D18.3.1 + D18.3.2 + D18.3.3 + D18.3.4 + D18.3.5 + D18.3.6 + D18.3.7 + D18.3.9 + D18.3.10)*1000,H,
1041,1041.18.2,Průměrný příjem ze živnostenského úřadu na 1 obyvatele ORP (v Kč),(D1041.18.1+D1041.18.2+D1041.18.3)/D1.3*1000,H,
1041,1041.18.3,Průměrný příjem z agendy živnostenského podnikání na 1 držitele živnostenského oprávnění (v Kč),(D1041.18.1+D1041.18.2+D1041.18.3)/D18.1*1000,H,
1041,1041.29.0,Vlastní příjmy - životní prostředí CELKEM (v Kč),(D1041.20.1+D1041.20.2+D1041.20.3+D1041.21.1+D1041.21.2+D1041.21.3+D1041.22.1+D1041.22.2+D1041.22.3+D1041.23.1+D1041.23.2+D1041.23.3+D1041.24.1+D1041.24.2+D1041.24.3+D1041.25.1+D1041.25.2+D1041.25.3+D1041.26.1+D1041.26.2+D1041.26.3+D1041.27.1+D1041.27.2+D1041.27.3+D1041.28.1+D1041.28.2+D1041.28.3)*1000,H,
1041,1041.29.2,Průměrný příjem z agend životní prostředí - celkem na 1 obyvatele ORP (v Kč),((D1041.20.1+D1041.20.2+D1041.20.3+D1041.21.1+D1041.21.2+D1041.21.3+D1041.22.1+D1041.22.2+D1041.22.3+D1041.23.1+D1041.23.2+D1041.23.3+D1041.24.1+D1041.24.2+D1041.24.3+D1041.25.1+D1041.25.2+D1041.25.3+D1041.26.1+D1041.26.2+D1041.26.3+D1041.27.1+D1041.27.2+D1041.27.3+D1041.28.1+D1041.28.2+D1041.28.3)/D1.3)*1000,H,
1041,1041.30.1,správní poplatky ŽP (v Kč),(D1041.20.1+D1041.21.1+D1041.22.1+D1041.23.1+D1041.24.1+D1041.25.1+D1041.26.1+D1041.27.1+D1041.28.1)*1000,H,
1041,1041.30.2,sankční platby ŽP (v Kč),(D1041.20.2+D1041.21.2+D1041.22.2+D1041.23.2+D1041.24.2+D1041.25.2+D1041.26.2+D1041.27.2+D1041.28.2)*1000,H,
1041,1041.30.3,veřejnoprávní smlouvy ŽP (v Kč),(D1041.20.3+D1041.21.3+D1041.22.3+D1041.23.3+D1041.24.3+D1041.25.3+D1041.26.3+D1041.27.3+D1041.28.3)*1000,H,
1041,1041.36.0,Vlastní příjmy z agendy loterií (v Kč),(D1041.36.1+D1041.36.2+D1041.36.3)*1000,H,
1041,1041.36.1,Průměrný příjem na 1 úkon agendy loterií (v Kč),(D1041.36.1+D1041.36.2+D1041.36.3)/(D36.6.1)*1000,H,
1041,1041.36.2,Průměrné příjmy z loterií na 1 obyvatele ORP (v Kč),(D1041.36.1+D1041.36.2+D1041.36.3)/D1.3*1000,H,
1050,1050.1,Počet realizovaných akcí v daném kalendářním roce na pracovníka,D1050.2/D1050.10,H,
1050,1050.2,Finanční objem realizovaných investičních akcí v daném kalendářním roce v tis. Kč na pracovníka,D1050.4/D1050.10,H,
1050,1050.3,Finanční objem realizovaných investičních akcí v daném kalendářním roce v Kč na 1 občana obce,D1050.4*1000/D1.1,H,
1050,1050.4,Náklady na realizaci investičních akcí k finančnímu objemu realizovaných investičních akcí v daném kalendářním roce v Kč,D1050.11/D1050.4,H,
1050,1050.5,Počet projektových příprav investic v daném kalendářním roce na pracovníka,D1050.5/D1050.10,H,
1060,1060.1,Poměr celkových nákladů (výdajů) k celkovým výnosům (příjmům),D1060.27/D1060.15,H,"Základní ukazatel, který poměřuje výdaje (náklady) k příjmům (výnosům)"
1060,1060.2,Poměr nákladů (výdajů) správy k celkovým výnosům (příjmům),(D1060.21+D1060.22)/D1060.15,H,Poměr jednotlivých nákladů (výdajů) na správu k celkovým výnosům (příjmům)
1060,1060.3,Struktura příjmů (výnosů),D1060.11+D1060.12+D1060.14,H,Složený graf ukazující na jednotlivé druhy příjmů (výnosů)
1060,1060.4,"Poměr nákladů (výdajů) na správu ""cizími"" správci k nájemnému z bytů",D1060.21/D1060.11,H,"Ukazuje na poměr mezi výdaji (náklady) ""cizích"" správců k nájemnému z bytů"
1060,1060.5,"Poměr nákladů (výdajů) na správu ""vlastními"" zaměstnanci k nájemnému z bytů",D1060.22/D1060.11,H,"Ukazuje na poměr mezi výdaji (náklady) ""vlastních"" správců k nájemnému z bytů"
1060,1060.6,"Poměr nákladů (výdajů) na údržbu, opravy k bytovým jednotkám",D1060.23/D1060.3*1000,H,Ukazuje na hodnotu nákladů (výdajů) na údržbu a opravy na jednu bytovou jednotku v korunách
1060,1060.7,Poměr investic k bytovým jednotkám,D1060.31/D1060.3,H,Ukazuje na hodnotu investic připadající na jednu bytovou jednotku
1060,1060.8,Struktura celkových výdajů (nákladů),D1060.21+D1060.22+D1060.23+D1060.24+D1060.25+D1060.26,H,složený graf ukazuje na podíl jednotlivých druhů výdajů (nákladů) na celkových výdajích (nákladech)
1060,1060.9,Pohledávky na bytovou jednotku,D1060.41/D1060.3,H,Ukazuje na hodnotu pohledávky připadající na jednu bytovou jednotku
1060,1060.10,Poměr mezi výdaji (náklady) správci a vlastními zaměstnanci k bytům celkem,(D1060.21+D1060.22)/D1060.3,V,Ukazuje na celkové náklady (výdaje) připadající na jeden byt
1060,1060.11,Poměr mezi náklady připadající na byt ošetřovaný správcem a vlastními zaměstnanci,(D1060.21/D1060.3)+(D1060.22/D1060.3),V,Ukazuje na poměr nákladů (výdajů) na byt zajišťovaný správci a zajišťovaný vlastními zaměstnanci.
1111,1111.0.1,Celkem: Počet všech úkonů v agendách výkonu státní správy (součet dle jednotlivých agend) na 1000 obyvatel správního obvodu,((D2.0.1+D2.0.2+D2.0.5+D2.1.1+D2.1.2+D2.1.3+D2.1.4+ D2.1.5)/(D1.3/1000))+ ((D3.2+D3.5+D3.7+D3.8+D3.9+D3.10+D3.11+D3.12+ D3.13+D3.14+D3.15+D3.16+D3.17+D3.18)/(D1.4/1000))+ ((D4.2+D4.3+D4.4)/(D1.3/1000))+((D5.1+D5.2+D5.4)/(D1.3/1000))+ (D7.1/(D1.3/1000))+((D8.1+D8.3+D8.4)/(D1.3/1000))+(D9.1/(D1.3/1000))+ ((D1.10.5+D1.10.14+D1.10.19)/(D1.3/1000))+(D11.7/(D1.3/1000))+ (D12.26/(D1.3/1000))+(D1013.1/(D1.3/1000))+((D14.9+D14.11+D14.12+D14.14)/(D1.3/1000)) +(D15.3/(D1.3/1000))+((D1016.9.1+D1016.9.2+D1016.6.1)/(D1.5/1000))+ (D1.17.1/(D1.3/1000))+ ((D18.3.1+D18.3.2+D18.3.3+D18.3.4+D18.3.5+D18.3.6+D18.3.7+D18.3.9 +D18.5.1+D18.5.2)/(D1.3/1000))+((D19.3+D19.4+D19.6+D19.7.1+D19.11+D19.12.1+D19.12.2+D19.16.1+D19.17.3+D19.17.4+D19.18.1+D19.18.3+D19.19.1+D19.19.3+D19.20+D19.21+D19.22)/(D1.3/1000))+ ((D1020.1+D1020.2+D1020.3+D1020.4+D1020.5+D1020.6+D1020.7+D1020.9+D1020.10+D1020.11+D1020.11.1 +D1021.4+D1021.5+D1021.6+D1021.6.1+D1022.4+D1022.5+D1022.6+D1022.11+D1022.6.1+D1023.4+D1023.5 +D1023.6+D1023.6.1+D1024.4+D1024.5+D1024.6+D1024.6.1+D1025.4+D1025.5+D1025.6+D1026.4+D1026.5 +D1026.6+D1026.6.1+D1026.50+D1027.4+D1027.5+D1027.6+D1027.6.1+D1028.4+D1028.5 +D1028.6+D1030.1)/(D1.3/1000)) +(D33.6/(D1.3/1000))+ ((D36.8+D36.6+D36.6.1)/(D1.3/1000))+ ((D37.1+D37.7+D37.13+D37.19+D37.25+D37.31+D37.37+ D37.43+D37.49)/(D1.1/1000))+(D60.3/(D1.1/1000)),H,
1111,1111.0.2,Celkem: Počet všech úkonů v agendách výkonu státní správy (součet dle jednotlivých agend) na pracovníka,D1111.2+D1111.3+D1111.4+D1111.5+D1111.7+D1111.8+D1111.9+D1111.10+D1111.11+D1111.12+D1111.13+D1111.14+D1111.15+D1111.16+D1111.17+D1111.18+D1111.19+D1111.30+D1111.33+D1111.36+D1111.37+D1111.60,H,
1111,1111.0.3,Celkem: Počet všech úkonů v agendách výkonu státní správy (součet dle jednotlivých agend) na pracovníka DVOJKA,(((D2.0.1+D2.0.2+D2.0.5+D2.1.2+D2.1.3+D2.1.4+D2.1.5)/D2.3)+ ((D3.2+D3.5+D3.7+D3.8+D3.9+D3.10+D3.11+D3.12+D3.13+D3.14+D3.15+D3.16+D3.17+D3.18)/(D3.1+D3.1.1))+((D4.2+D4.4+D4.5)/D4.1)+((D5.1+D5.2+D5.3)/D5.6)+(D7.1/D7.12)+((D8.1+D8.3+D8.4)/D8.8)+(D9.1/D9.8)+((D10.1.1+D10.2.1+D10.3.1)/D10.6)+(D11.7/D11.8)+(D12.26/D12.27)+((D1013.1+D1013.1.0+D1013.2+D1013.4)/D1013.8)+((D14.9+D14.11+D14.12+D14.14+D14.14.1+D14.14.2)/(D14.16+D14.16.1))+(D15.3/D15.9)+((D1016.9.1+D1016.9.2+D1016.6.1)/D1016.10.1)+((D17.2.1+D17.3.1)/D17.6)+((D18.3.1+D18.3.2+D18.3.3+D18.3.4+D18.3.5+D18.3.6+D18.3.7+D18.3.9+D18.3.10+D18.5.1+D18.5.2)/(D18.6+D18.7+D18.8+D18.9+D18.10))+((D19.3+D19.4+D19.6+D19.7.1+D19.11+D19.12.1+D19.12.2+D19.16.1+D19.17.3+D19.17.4+D19.18.1+D19.18.3+D19.19.1+D19.19.3+D19.20+D19.21+D19.22)/D19.24)+((D1020.1+D1020.2+D1020.3+D1020.4+D1020.5+D1020.6+D1020.7+D1020.9+D1020.10+D1020.11+D1020.11.1 +D1021.4+D1021.5+D1021.6+D1021.6.1+D1022.4+D1022.5+D1022.6+D1022.11+D1022.6.1+D1023.4+D1023.5 +D1023.6+D1023.6.1+D1024.4+D1024.5+D1024.6+D1024.6.1+D1025.4+D1025.5+D1025.6+D1026.4+D1026.5 +D1026.6+D1026.6.1+D1026.50+D1027.4+D1027.5+D1027.6+D1027.6.1+D1028.4+D1028.5 +D1028.6+D1030.1)/(D1020.12+D1021.1+D1022.1+D1023.1+D1024.1+D1025.1+D1026.1+D1027.1+D1028.1+D1030.2))+(D33.6/D33.7)+((D36.0+D36.8+D36.6+D36.6.1)/D36.7)+((D37.1+D37.13+D37.19+D37.31+D37.37+D37.43.1+D37.48.1+D37.49+D37.56)/(D37.6+D37.18+D37.24+D37.36+D37.42+D37.48+D37.48.8+D37.54+D37.61))+(D60.3/D60.7)),H,
1111,1111.2,Počet sledovaných úkonů na pracovníka evidence obyvatel,(D2.0.1+D2.0.2+D2.0.5+D2.1.2+D2.1.3+D2.1.4+D2.1.5)/D2.3,H,
1111,1111.2.1,Počet sledovaných úkonů na 1000 obyvatel správního obvodu,(D2.0.1+D2.0.2+D2.0.5+D2.1.1+D2.1.2+D2.1.3+D2.1.4+D2.1.5)/(D1.3/1000),H,
1111,1111.3,Počet sledovaných úkonů na pracovníka (včetně vidimací a legalizací),(D3.2+D3.5+D3.6+D3.7+D3.8+D3.9+D3.10+D3.11+D3.12+D3.13+D3.14+D3.15+D3.16+D3.17+D3.18)/(D3.1+D3.1.1),H,
1111,1111.3.1,Počet sledovaných úkonů (včetně vidimací a legalizací) na 1000 obyvatel správního obvodu s působností matričního úřadu,(D3.2+D3.5+D3.6+D3.7+D3.8+D3.9+D3.10+D3.11+D3.12+D3.13+D3.14+D3.15+D3.16+D3.17+D3.18)/(D1.4/1000),H,
1111,1111.3.2,Počet sledovaných úkonů na pracovníka matriky (bez vidimací a legalizací),(D3.2+D3.5+D3.6+D3.7+D3.8+D3.9+D3.10+D3.11+D3.12+D3.13+D3.14+D3.15+D3.17+D3.18)/D3.1,H,
1111,1111.4,Počet sledovaných úkonů na pracovníka,(D4.2+D4.4+D4.5)/D4.1,H,
1111,1111.4.1,Počet sledovaných úkonů na 1000 obyvatel správního obvodu,(D4.2+D4.3+D4.4)/(D1.3/1000),H,
1111,1111.5,Počet sledovaných úkonů na pracovníka,(D5.1+D5.2+D5.4)/D5.6,H,
1111,1111.5.1,Počet sledovaných úkonů na 1000 obyvatel správního obvodu,(D5.1+D5.2+D5.3)/(D1.3/1000),H,
1111,1111.7,Počet sledovaných úkonů na jednoho pracovníka registru řidičů,D7.1/D7.12,H,
1111,1111.7.1,Počet sledovaných úkonů na 1000 obyvatel správního obvodu,D7.1/(D1.3/1000),H,
1111,1111.8,Počet sledovaných úkonů na jednoho pracovníka registru vozidel,(D8.1+D8.3+D8.4)/D8.8,H,
1111,1111.8.1,Počet sledovaných úkonů na 1000 obyvatel správního obvodu,(D8.1+D8.3+D8.4)/(D1.3/1000),H,
1111,1111.9,Počet zkoušek celkem na jednoho zkušebního komisaře,D9.1/D9.8,H,
1111,1111.9.1,Počet zkoušek celkem na 1000 obyvatel správního obvodu,D9.1/(D1.3/1000),H,
1111,1111.10,Počet oznámených skutkových podstat celkem na jednoho pracovníka,(D10.1.1+D10.2.1+D10.3.1)/D10.6,H,
1111,1111.10.1,Počet vyřízených přestupků celkem na 1000 obyvatel správního obvodu,(D10.1.1+D10.2.1+D10.3.1)/(D1.3/1000),H,
1111,1111.10.2,"Počet oznámených skutkových podstat na pracovníka (BEZ oznámených skutkových podstat dle §125f, odst. 2, písm. a) zákona 361/2000 Sb.)",((D10.1.1-D10.1.1.1)+D10.2.1+D10.3.1)/(D10.6-D10.6.1),H,
1111,1111.10.3,"Počet oznámených skutkových podstat na pracovníka dle §125f, odst. 2, písm. a) zákona 361/2000 Sb.",D10.1.1.1/D10.6.1,H,
1111,1111.11,Počet sledovaných úkonů na pracovníka,D11.7/D11.8,H,
1111,1111.11.1,Počet sledovaných úkonů na 1000 obyvatel správního obvodu,D11.7/(D1.3/1000),H,
1111,1111.12,Počet sledovaných úkonů celkem na jednoho pracovníka,D12.26/D12.27,H,
1111,1111.12.1,Počet sledovaných úkonů celkem na 1000 obyvatel správního obvodu,D12.26/(D1.3/1000),H,
1111,1111.13,Počet rozhodnutí na jednoho pracovníka,(D1013.1+D1013.1.0+D1013.2+D1013.4)/D1013.8,H,
1111,1111.13.1,Počet rozhodnutí na 1000 obyvatel správního obvodu,D1013.1/(D1.3/1000),H,
1111,1111.14,"Počet sledovaných úkonů (včetně ÚPI a stanovisek, vyjádření, sdělení) celkem na jednoho pracovníka",(D14.9+D14.11+D14.12+D14.14+D14.14.1+D14.14.2)/(D14.16+D14.16.1),H,
1111,1111.14.1,"Počet sledovaných úkonů (včetně ÚPI a stanovisek, vyjádření, sdělení) celkem na 1000 obyvatel správního obvodu",(D14.9+D14.11+D14.12+D14.14+D14.14.1+D14.14.2)/(D1.3/1000),H,
1111,1111.15,Počet sledovaných úkonů na 1 pracovníka,D15.3/D15.9,H,
1111,1111.15.1,Počet sledovaných úkonů na 1000 obyvatel správního obvodu,D15.3/(D1.3/1000),H,
1111,1111.16,"Celkový úkonů (rozhodnutí, ohlášení správních úkonů a dohledy) k počtu pracovníků agendy",(D1016.9.1+D1016.9.2+D1016.6.1)/D1016.10.1,H,
1111,1111.16.1,"Celkový úkonů (rozhodnutí, ohlášení správních úkonů a dohledy) na 1000 obyvatel správního obvodu s působností stavebního úřadu",(D1016.9.1+D1016.9.2+D1016.6.1)/(D1.5/1000),H,
1111,1111.17,Počet oznámených skutkových podstat na jednoho pracovníka agendy,(D17.2.1+D17.3.1)/D17.6,H,
1111,1111.17.1,Počet oznámených skutkových podstat na 1000 obyvatel obce,(D17.2.1+D17.3.1)/(D1.1/1000),H,
1111,1111.18,Počet úkonů v registraci a kontrole na jednoho pracovníka ŽÚ,(D18.3.1 + D18.3.2 + D18.3.3 + D18.3.4 + D18.3.5 + D18.3.6 + D18.3.7 + D18.3.9 + D18.3.10 + D18.5.1 + D18.5.2)/(D18.6 + D18.7 + D18.8 + D18.9 + D18.10),H,
1111,1111.18.1,Počet úkonů v registraci a kontrole na 1000 obyvatel správního obvodu,(D18.3.1 + D18.3.2 + D18.3.3 + D18.3.4 + D18.3.5 + D18.3.6 + D18.3.7 + D18.3.9 + D18.3.10 + D18.5.1 + D18.5.2)/(D1.3/1000),H,
1111,1111.19,"Celkový počet sledovaných úkonů agendy SPOD, opatrovnictví, sociální práce na jednoho pracovníka",(D19.3+D19.4+D19.6+D19.7.1+D19.11+D19.12.1+D19.12.2+D19.16.1+D19.17.3+D19.17.4+D19.18.1+D19.18.3+D19.19.1+D19.19.3+D19.20+D19.21+D19.22)/D19.24,H,
1111,1111.19.1,"Celkový počet sledovaných úkonů agendy SPOD, opatrovnictví, sociální práce na 1000 obyvatel správního obvodu",(D19.3+D19.4+D19.6+D19.7.1+D19.11+D19.12.1+D19.12.2+D19.16.1+D19.17.3+D19.17.4+D19.18.1+D19.18.3+D19.19.1+D19.19.3+D19.20+D19.21+D19.22)/(D1.3/1000),H,
1111,1111.19.2,Celkový počet sledovaných úkonů agendy SPOD na pracovníka,(D19.3+D19.4+D19.6+D19.7.1+D19.11+D19.12.1+D19.12.2)/D19.14,H,
1111,1111.19.3,Celkový počet sledovaných úkonů agendy opatrovnictví na pracovníka,(D19.17.3+D19.17.4)/D19.17.5,H,
1111,1111.19.4,Celkový počet sledovaných úkonů agendy ohrožených a vyloučených osob na pracovníka,(D19.18.1+D19.18.3)/D19.18.4,H,
1111,1111.30,"Počet úkonů v agendách ŽP (vydaná správní rozhodnutí, závazná stanoviska, koordinovaná stanoviska, vyjádření, souhrnná vyjádření, kontroly) na pracovníka agend ŽP",(D1020.1+D1020.2+D1020.3+D1020.4+D1020.5+D1020.6+D1020.7+D1020.9+D1020.10+D1020.11+D1020.11.1 +D1021.4+D1021.5+D1021.6+D1021.6.1+D1022.4+D1022.5+D1022.6+D1022.11+D1022.6.1+D1023.4+D1023.5 +D1023.6+D1023.6.1+D1024.4+D1024.5+D1024.6+D1024.6.1+D1025.4+D1025.5+D1025.6+D1026.4+D1026.5 +D1026.6+D1026.6.1+D1026.50+D1027.4+D1027.5+D1027.6+D1027.6.1+D1028.4+D1028.5 +D1028.6+D1030.1)/(D1020.12+D1021.1+D1022.1+D1023.1+D1024.1+D1025.1+D1026.1+D1027.1+D1028.1+D1030.2),H,
1111,1111.30.1,"Počet úkonů v agendách ŽP (vydaná správní rozhodnutí, závazná stanoviska, koordinovaná stanoviska, vyjádření, souhrnná vyjádření, kontroly) na 1000 obyvatel správního obvodu",(D1020.1+D1020.2+D1020.3+D1020.4+D1020.5+D1020.6+D1020.7+D1020.9+D1020.10+D1020.11+D1020.11.1 +D1021.4+D1021.5+D1021.6+D1021.6.1+D1022.4+D1022.5+D1022.6+D1022.11+D1022.6.1+D1023.4+D1023.5 +D1023.6+D1023.6.1+D1024.4+D1024.5+D1024.6+D1024.6.1+D1025.4+D1025.5+D1025.6+D1026.4+D1026.5 +D1026.6+D1026.6.1+D1026.50+D1027.4+D1027.5+D1027.6+D1027.6.1+D1028.4+D1028.5 +D1028.6+D1030.1)/(D1.3/1000),H,
1111,1111.30.2,Počet úkonů v agendách ŽP Vodoprávní řízení na pracovníka,(D1020.1+D1020.2+D1020.3+D1020.4+D1020.5+D1020.6+D1020.7+D1020.9+D1020.10+D1020.11+D1020.11.1)/D1020.12,H,
1111,1111.33,Počet všech zpracovaných statistických výkazů připadajících na pracovníka,D33.6/D33.7,H,
1111,1111.33.1,Počet všech zpracovaných statistických výkazů připadajících na 1000 obyvatel správního obvodu,D33.6/(D1.3/1000),H,
1111,1111.36,Počet úkonů na pracovníka - agenda VHP a JTHZ,(D36.0+D36.8+D36.6+D36.6.1)/D36.7,H,
1111,1111.36.1,Počet úkonů v agendě VHP a JTHZ na 1000 obyvatel obce,(D36.0+D36.8+D36.6+D36.6.1)/(D1.1/1000),H,
1111,1111.37,Počet poplatků (poplatníků) celkem na pracovníka agendy,(D37.1+D37.13+D37.19+D37.31+D37.37+D37.43.1+D37.48.1+D37.49+D37.56)/(D37.6+D37.18+D37.24+D37.36+D37.42+D37.48+D37.48.8+D37.54+D37.61),H,
1111,1111.37.1,Počet poplatků (poplatníků) celkem na 1000 obyvatel obce,(D37.1+D37.13+D37.19+D37.31+D37.37+D37.43.1+D37.48.1+D37.49+D37.56)/(D1.1/1000),H,
1111,1111.60,Počet vydaných ověřených výstupů (výpisů) na pracovníka CP,D60.3/D60.7,H,
1111,1111.60.1,Počet vydaných ověřených výstupů (výpisů) na 1000 obyvatel obce,D60.3/(D1.1/1000),H,
1222,1222.1,Průměrný přepočtený počet zaměstnanců obce zařazených v obecním úřadě,D1.19,H,
1222,1222.1.1,Počet zaměstnanců - úvazků zajišťujících výkon státní správy dle agendy 31,D31.1*D31.2/100,H,
1222,1222.1.2,Počet zaměstnanců - úvazků zajišťujících výkon státní správy součet dle jednotlivých agend SI,D2.3 + D3.1 + D3.1.1 + D4.1 + D5.6 + D7.12 + D8.8 + D9.8 + D1010.20 + D11.8 + D12.27 + D1013.8 + D14.16 + D14.16.1 + D15.9 + D1016.10.1 + D1017.13 + D18.6 + D18.7 + D10019.4.9 + D10019.6.3 + D10019.8.3 + D10019.9.3 + D10019.20 + D2000.1 + D1021.1 + D1022.1 + D1023.1 + D1024.1 + D1025.1 + D1026.1 + D1027.1 + D1028.1 + D33.7 + D36.7 + D37.55 + D60.7,H,
1222,1222.1.2.1,Počet zaměstnanců - úvazků zajišťujících výkon státní správy (součet dle jednotlivých agend) na 1000 obyvatel správního obvodu,(D2.3+D3.1+D3.1.1+D4.1+D5.6+D7.12+D8.8+D9.8+D1010.20+D11.8+D12.27+D1013.8+D14.16+D14.16.1+D15.9+D1016.10.1+D1017.13+D18.6+D18.7+D10019.4.9+D10019.6.3+D10019.8.3+D10019.9.3+D10019.20+D2000.1+D1021.1+D1022.1+D1023.1+D1024.1+D1025.1+D1026.1+D1027.1+D1028.1+D33.7+D36.7+D37.55+D60.7)/(D1.3/1000),H,
1222,1222.1.2.2,Počet zaměstnanců - úvazků zajišťujících výkon státní správy (součet dle jednotlivých agend) na 1000 obyvatel správního obvodu 2,(D2.3+D3.1+D3.1.1+D4.1+D5.6+D7.12+D8.8+D9.8+D1010.20+D11.8+D12.27+D1013.8+D14.16+D14.16.1+D15.9+D1016.10.1+D1017.13+D18.6+D18.7+D10019.4.9+D10019.6.3+D10019.8.3+D10019.9.3+D10019.20+D2000.1+D1021.1+D1022.1+D1023.1+D1024.1+D1025.1+D1026.1+D1027.1+D1028.1+D33.7+D36.7+D37.55+D60.7)*1000/D1.3,H,
1222,1222.2,Počet zaměstnanců - úvazků Evidence obyvatel,D2.3,H,
1222,1222.2.1,Počet zaměstnanců - úvazků Evidence obyvatel na 1000 obyvatel správního obvodu,D2.3/(D1.3/1000),H,
1222,1222.3,Počet zaměstnanců - úvazků Matrika (včetně vidimací a legalizací),D3.1+D3.1.1,H,
1222,1222.3.1,Počet zaměstnanců - úvazků Matrika (včetně vidimací a legalizací) na 1000 obyvatel správního obvodu s působností matričního úřadu,(D3.1+D3.1.1) /(D1.4/1000),H,
1222,1222.4,Počet zaměstnanců - úvazků Občanské průkazy,D4.1,H,
1222,1222.4.1,Počet zaměstnanců - úvazků Občanské průkazy na 1000 obyvatel správního obvodu,D4.1/(D1.3/1000),H,
1222,1222.5,Počet zaměstnanců - úvazků Cestovní doklady,D5.6,H,
1222,1222.5.1,Počet zaměstnanců - úvazků Cestovní doklady na 1000 obyvatel správního obvodu,D5.6/(D1.3/1000),H,
1222,1222.7,Počet zaměstnanců - úvazků Registr řidičů,D7.12,H,
1222,1222.7.1,Počet zaměstnanců - úvazků Registr řidičů na 1000 obyvatel správního obvodu,D7.12/(D1.3/1000),H,
1222,1222.8,Počet zaměstnanců - úvazků Registr vozidel,D8.8,H,
1222,1222.8.1,Počet zaměstnanců - úvazků Registr vozidel na 1000 obyvatel správního obvodu,D8.8/(D1.3/1000),H,
1222,1222.9,Počet zaměstnanců - úvazků Zkušební komisaři,D9.8,H,
1222,1222.9.1,Počet zaměstnanců - úvazků Zkušební komisaři na 1000 obyvatel správního obvodu,D9.8/(D1.3/1000),H,
1222,1222.10,Počet zaměstnanců - úvazků Dopravní přestupky,D1010.20,H,
1222,1222.10.1,Počet zaměstnanců - úvazků Dopravní přestupky na 1000 obyvatel správního obvodu,D1010.20/(D1.3/1000),H,
1222,1222.11,Počet zaměstnanců - úvazků Silniční správní úřad,D11.8,H,
1222,1222.11.1,Počet zaměstnanců - úvazků Silniční správní úřad na 1000 obyvatel správního obvodu,D11.8/(D1.3/1000),H,
1222,1222.12,Počet zaměstnanců - úvazků Dopravní úřad,D12.27,H,
1222,1222.12.1,Počet zaměstnanců - úvazků Dopravní úřad na 1000 obyvatel správního obvodu,D12.27/(D1.3/1000),H,
1222,1222.13,Počet zaměstnanců - úvazků Speciální stavební úřad,D1013.8,H,
1222,1222.13.1,Počet zaměstnanců - úvazků Speciální stavební úřad na 1000 obyvatel správního obvodu,D1013.8/(D1.3/1000),H,
1222,1222.14,Počet zaměstnanců - úvazků Územní plánování,D14.16+D14.16.1,H,
1222,1222.14.1,Počet zaměstnanců - úvazků Územní plánování na 1000 obyvatel správního obvodu,(D14.16+D14.16.1) /(D1.3/1000),H,
1222,1222.15,Počet zaměstnanců - úvazků Památková péče,D15.9,H,
1222,1222.15.1,Počet zaměstnanců - úvazků Památková péče na 1000 obyvatel správního obvodu,D15.9/(D1.3/1000),H,
1222,1222.16,Počet zaměstnanců - úvazků Stavební úřad,D1016.10.1,H,
1222,1222.16.1,Počet zaměstnanců - úvazků Stavební úřad na 1000 obyvatel správního obvodu s působností stavebního úřadu,D1016.10.1/(D1.5/1000),H,
1222,1222.17,Počet zaměstnanců - úvazků Přestupky,D1017.13,H,
1222,1222.17.1,Počet zaměstnanců - úvazků Přestupky na 1000 obyvatel správního obvodu,D1017.13/(D1.3/1000),H,
1222,1222.18,Počet zaměstnanců - úvazků ŽÚ,D18.6+D18.7,H,
1222,1222.18.1,Počet zaměstnanců - úvazků ŽÚ na 1000 obyvatel správního obvodu,(D18.6+D18.7) /(D1.3/1000),H,
1222,1222.19,"Počet zaměstnanců - úvazků SPOD, opatrovnictví, sociální práce",D10019.4.9+D10019.6.3+D10019.8.3+D10019.9.3+D10019.20,H,
1222,1222.19.1,"Počet zaměstnanců - úvazků SPOD, opatrovnictví, sociální práce na 1000 obyvatel správního obvodu",(D10019.4.9+D10019.6.3+D10019.8.3+D10019.9.3+D10019.20) /(D1.3/1000),H,
1222,1222.30,Počet zaměstnanců - úvazků ŽP,D1020.11+D1021.1+D1022.1+D1023.1+D1024.1+D1025.1+D1026.1+D1027.1+D1028.1,H,
1222,1222.30.1,Počet zaměstnanců - úvazků ŽP na 1000 obyvatel správního obvodu,(D1020.11+D1021.1+D1022.1+D1023.1+D1024.1+D1025.1+D1026.1+D1027.1+D1028.1) /(D1.3/1000),H,
1222,1222.33,Počet zaměstnanců - úvazků Státní správa ve školství,D33.7,H,
1222,1222.33.1,Počet zaměstnanců - úvazků Státní správa ve školství na 1000 obyvatel správního obvodu,D33.7/(D1.3/1000),H,
1222,1222.36,Počet zaměstnanců - úvazků VHP a JTHZ,D36.7,H,
1222,1222.36.1,Počet zaměstnanců - úvazků VHP a JTHZ na 1000 obyvatel správního obvodu,D36.7/(D1.3/1000),H,
1222,1222.37,Počet zaměstnanců - úvazků Místní poplatky,D37.55,H,
1222,1222.37.1,Počet zaměstnanců - úvazků Místní poplatky na 1000 obyvatel obce,D37.55/(D1.1/1000),H,
1222,1222.60,Počet zaměstnanců - úvazků Czech POINT,D60.7,H,
1222,1222.60.1,Počet zaměstnanců - úvazků Czech POINT na 1000 obyvatel obce,D60.7/(D1.1/1000),H,
7777,7777.2,Evidence obyvatel,((D2.1+D2.2+D2.3+D2.4+D2.5+D2.6+D2.7+D2.8)/D2.9)*(D2.9/D1.19),H,
7777,7777.7,Registr řidičů,(D7.1/D7.12)*(D7.12/D1.19),H,
7777,7777.21,Evidence obyvatel 1,2.3*(D2.9/D1.19),H,
7777,7777.71,Registr řidičů,7.3*(D7.12/D1.19),H,
8888,8888.1,Produkce komunálních odpadů celkem na obyvatele (kg/obyv.),(D8888.3/D1.1)*1000,H,
8888,8888.1.1,Produkce komunálních odpadů celkem na obyvatele bez hřbitovních odpadů a uličních smetků (kg/obyv.),(D8888.3-D8888.3.1-D8888.3.2)/D1.1*1000,H,
8888,8888.1.2,Produkce komunálních odpadů celkem na uživatele obecního systému nakládání s odpady (kg/uživatele),(D8888.3/(D1.1+D8888.2))*1000,H,
8888,8888.1.3,Počet podnikatelů zapojených do odpadového systému obce na 1 000 obyvatel,D8888.2/(D1.1/1000),H,
8888,8888.2,"Plnění cíle třídění (cílová hodnota 60 % v roce 2025, 65% v roce 2030 a 70% v roce 2035)",((D8888.13+D8888.4.1)/D8888.4)*100,H,
8888,8888.3,Produkce směsného komunálního odpadu celkem na obyvatele (v kg/obyv.),(D8888.5/D1.1)*1000,H,
8888,8888.4,"Množství komunálních odpadů odstraněných skládkováním na obyvatele (v kg/obyv.) Snížená sazba poplatku při produkci v roce 2023 do 180 kg, 2024 do 170 kg, 2025 do 160 kg a každý další rok -10 kg až do roku 2029, kdy je finančně zvýhodněna produkce do",(D8888.15/D8888.0)*1000,H,
8888,8888.5,"Množství odděleně soustředěných odpadů papíru, plastu, skla, kovů a nápojových kartónů na obyvatele (v kg/obyv.)",(D8888.10/D1.1)*1000,H,
8888,8888.6,"Účinnost separace papíru, plastu, skla a kovů. Cílová hodnota 99%.",D8888.10*100/(D8888.10+(D8888.1*D8888.5)),H,
8888,8888.7,Množství odděleně soustředěných biologických odpadů na obyvatele (v kg/obyv.),(D8888.11/D1.1)*1000,H,
8888,8888.8,Produkce objemného odpadu na obyvatele (v kg/obyv.),(D8888.6/D1.1)*1000,H,
8888,8888.9,Množství odděleně soustředěných textilních odpadů na obyvatele (v kg/obyv.),(D8888.7/D1.1)*1000,H,
8888,8888.10,Množství odděleně soustředěných nebezpečných odpadů na obyvatele (v kg/obyv.),(D8888.8/D1.1)*1000,H,
8888,8888.11,Množství odděleně soustředěných stavebních odpadů na obyvatele (v kg/obyv.),(D8888.9/D1.1)*1000,H,
8888,8888.12,Množství odebraných výrobků s ukončenou životností (v kg/obyv.),(D8888.14/D1.1)*1000,H,
8888,8888.13,Celkové náklady na obyvatele (v Kč/obyv.),(D8888.16)/D1.1,H,
8888,8888.13.1,Celkové náklady na obyvatele (v Kč/obyv.) BEZ INVESTIC,(D8888.16-D8888.16.10)/D1.1,H,
8888,8888.14,Struktura výdajů v oblasti odpadového hospodářství v %,D8888.16.1 + D8888.16.2 + D8888.16.3 + D8888.16.4 + D8888.16.5 + D8888.16.6 + D8888.16.7 + D8888.16.8 +D8888.16.9 + D8888.16.10 + D8888.16.11,H,
8888,8888.15,Náklady na 1 t komunálního odpadu celkem bez hřbitovních odpadů a uličních smetků (v Kč/1 tunu),(D8888.16)/(D8888.3- D8888.3.1-D8888.3.2),H,
8888,8888.15.1,z toho náklady na 1t směsného komunálního odpadu (v Kč/1 tunu),(D8888.16.2+D8888.16.5.1)/D8888.5,H,
8888,8888.15.2,"z toho náklady na 1t využitelných složek odpadu (papír, plast, nápojový karton, sklo, textil, jedlý olej a tuk (v Kč/1 tunu))",D8888.16.1/(D8888.10+D8888.7+D8888.11.2),H,
8888,8888.15.3,z toho náklady na 1t biologicky rozložitelného odpadu (v Kč/1 tunu),D8888.16.9/(D8888.11-D8888.11.1),H,
8888,8888.16,"Náklady na systém odpadového hospodářství - bez nákladů na vývoz odpadkových košů, úklid veřejných prostranství (litteringu) a černých skládek na obyvatele (v Kč/obyv.)",(D8888.16-D8888.16.5-D8888.16.6)/D1.1,H,
8888,8888.16.1,"z toho náklady na třídění využitelných složek odpadů - papíru, plastů, skla, kovů, textilu a jedlých olejů na obyvatele (v Kč/obyv.)",D8888.16.1/D1.1,H,
8888,8888.16.2,z toho náklady na třídění bioodpadů na obyvatele (v Kč/obyv.),D8888.16.9/D1.1,H,
8888,8888.17,Náklady na čistotu veřejných prostranství a úklid černých skládek na obyvatele (v Kč/obyv.),(D8888.16.5+D8888.16.6)/D1.1,H,
8888,8888.18,"Příjmy související s nakládáním s odpady, obaly a výrobky s ukončenou životností na obyvatele celkem (v Kč/obyv.)",D8888.17/D1.1,H,
8888,8888.19,Příjmy od kolektivních systémů na obyvatele (v Kč/obyv.),D8888.17.4/D1.1,H,
8888,8888.20,Struktura příjmů v oblasti odpadového hospodářství v %,D8888.17.1 + D8888.17.2 + D8888.17.3 + D8888.17.4 + D8888.17.5 + D8888.17.6 + D8888.17.7 + D8888.17.8,H,
8888,8888.21,"Rozdíl mezi příjmy a výdaji na odpadový systém města na obyvatele (v Kč/obyv.) Kladná hodnota - obec vydělává, záporná hodnota - obec na systém doplácí.",(D8888.17-(D8888.16-D8888.16.5-D8888.16.6))/D1.1,H,
8888,8888.22,"Rozdíl mezi příjmy a výdaji na odpadový systém města na obyvatele (v Kč/obyv.). BEZ INVESTIC. Kladná hodnota - obec vydělává, záporná hodnota - obec na systém doplácí.",(D8888.17-(D8888.16-D8888.16.5-D8888.16.6-D8888.16.10))/D1.1,H,
161320,161320.1,Celkový počet vydaných (vybraných) rozhodnutí na pracovníka,(D1016.9.1 + D1013.1.1 + D161320.3)/(D1016.10.1 + D1013.8 + D1020.12),H,
161320,161320.2,Celkový počet vydaných (vybraných) rozhodnutí struktura (%),D1016.9.1 + D1013.1.1 + D161320.3,H,
161320,161320.3,"Počet zaměstnanců - pracovních úvazků SÚ, SSÚ, VŘ",D1016.10.1 + D1013.8 + D1020.12,H,
161320,161320.4,"Počet zaměstnanců - pracovních úvazků SÚ, SSÚ, VŘ struktura (%)",D1016.10.1 + D1013.8 + D1020.12,H,
161320,161320.5,Celkový počet kontrol na pracovníka (Agenda 16 a 20),(D1016.6.1 + D1020.9)/(D1016.10.1 + D1020.12),H,
