city_id,year,code,name,kind,value
115,2010,D1.1,Počet obyvatel obce VČETNĚ cizinců,dkod,23287
115,2011,D1.1,Počet obyvatel obce VČETNĚ cizinců,dkod,23232
115,2012,D1.1,Počet obyvatel obce VČETNĚ cizinců,dkod,22998
115,2013,D1.1,Počet obyvatel obce VČETNĚ cizinců,dkod,22951
115,2014,D1.1,Počet obyvatel obce VČETNĚ cizinců,dkod,22829
115,2015,D1.1,Počet obyvatel obce VČETNĚ cizinců,dkod,22697
115,2016,D1.1,Počet obyvatel obce VČETNĚ cizinců,dkod,22666
115,2017,D1.1,Počet obyvatel obce VČETNĚ cizinců,dkod,22572
115,2018,D1.1,Počet obyvatel obce VČETNĚ cizinců,dkod,22432
115,2019,D1.1,Počet obyvatel obce VČETNĚ cizinců,dkod,22290
115,2020,D1.1,Počet obyvatel obce VČETNĚ cizinců,dkod,22108
115,2021,D1.1,Počet obyvatel obce VČETNĚ cizinců,dkod,22011
115,2022,D1.1,Počet obyvatel obce VČETNĚ cizinců,dkod,22377
115,2023,D1.1,Počet obyvatel obce VČETNĚ cizinců,dkod,22219
115,2024,D1.1,Počet obyvatel obce VČETNĚ cizinců,dkod,22012
115,2025,D1.1,Počet obyvatel obce VČETNĚ cizinců,dkod,21886
115,2010,D1.1.1,Z TOHO počet cizinců s trvalým a přechodným pobytem v obci,dkod,
115,2011,D1.1.1,Z TOHO počet cizinců s trvalým a přechodným pobytem v obci,dkod,
115,2012,D1.1.1,Z TOHO počet cizinců s trvalým a přechodným pobytem v obci,dkod,
115,2013,D1.1.1,Z TOHO počet cizinců s trvalým a přechodným pobytem v obci,dkod,
115,2014,D1.1.1,Z TOHO počet cizinců s trvalým a přechodným pobytem v obci,dkod,
115,2015,D1.1.1,Z TOHO počet cizinců s trvalým a přechodným pobytem v obci,dkod,
115,2016,D1.1.1,Z TOHO počet cizinců s trvalým a přechodným pobytem v obci,dkod,440
115,2017,D1.1.1,Z TOHO počet cizinců s trvalým a přechodným pobytem v obci,dkod,454
115,2018,D1.1.1,Z TOHO počet cizinců s trvalým a přechodným pobytem v obci,dkod,482
115,2019,D1.1.1,Z TOHO počet cizinců s trvalým a přechodným pobytem v obci,dkod,525
115,2020,D1.1.1,Z TOHO počet cizinců s trvalým a přechodným pobytem v obci,dkod,524
115,2021,D1.1.1,Z TOHO počet cizinců s trvalým a přechodným pobytem v obci,dkod,572
115,2022,D1.1.1,Z TOHO počet cizinců s trvalým a přechodným pobytem v obci,dkod,1183
115,2023,D1.1.1,Z TOHO počet cizinců s trvalým a přechodným pobytem v obci,dkod,1277
115,2024,D1.1.1,Z TOHO počet cizinců s trvalým a přechodným pobytem v obci,dkod,1308
115,2025,D1.1.1,Z TOHO počet cizinců s trvalým a přechodným pobytem v obci,dkod,1427
115,2010,D1.2,Počet obyvatel správního obvodu obce s pověřeným obecním úřadem VČETNĚ cizinců,dkod,28648
115,2011,D1.2,Počet obyvatel správního obvodu obce s pověřeným obecním úřadem VČETNĚ cizinců,dkod,28644
115,2012,D1.2,Počet obyvatel správního obvodu obce s pověřeným obecním úřadem VČETNĚ cizinců,dkod,28496
115,2013,D1.2,Počet obyvatel správního obvodu obce s pověřeným obecním úřadem VČETNĚ cizinců,dkod,28450
115,2014,D1.2,Počet obyvatel správního obvodu obce s pověřeným obecním úřadem VČETNĚ cizinců,dkod,28379
115,2015,D1.2,Počet obyvatel správního obvodu obce s pověřeným obecním úřadem VČETNĚ cizinců,dkod,28312
115,2016,D1.2,Počet obyvatel správního obvodu obce s pověřeným obecním úřadem VČETNĚ cizinců,dkod,28270
115,2017,D1.2,Počet obyvatel správního obvodu obce s pověřeným obecním úřadem VČETNĚ cizinců,dkod,27734
115,2018,D1.2,Počet obyvatel správního obvodu obce s pověřeným obecním úřadem VČETNĚ cizinců,dkod,27531
115,2019,D1.2,Počet obyvatel správního obvodu obce s pověřeným obecním úřadem VČETNĚ cizinců,dkod,27451
115,2020,D1.2,Počet obyvatel správního obvodu obce s pověřeným obecním úřadem VČETNĚ cizinců,dkod,27264
115,2021,D1.2,Počet obyvatel správního obvodu obce s pověřeným obecním úřadem VČETNĚ cizinců,dkod,23679
115,2022,D1.2,Počet obyvatel správního obvodu obce s pověřeným obecním úřadem VČETNĚ cizinců,dkod,28254
115,2023,D1.2,Počet obyvatel správního obvodu obce s pověřeným obecním úřadem VČETNĚ cizinců,dkod,28223
115,2024,D1.2,Počet obyvatel správního obvodu obce s pověřeným obecním úřadem VČETNĚ cizinců,dkod,27922
115,2025,D1.2,Počet obyvatel správního obvodu obce s pověřeným obecním úřadem VČETNĚ cizinců,dkod,27780
115,2010,D1.3,Počet obyvatel správního obvodu obce s rozšířenou působností VČETNĚ cizinců,dkod,41924
115,2011,D1.3,Počet obyvatel správního obvodu obce s rozšířenou působností VČETNĚ cizinců,dkod,42008
115,2012,D1.3,Počet obyvatel správního obvodu obce s rozšířenou působností VČETNĚ cizinců,dkod,41860
115,2013,D1.3,Počet obyvatel správního obvodu obce s rozšířenou působností VČETNĚ cizinců,dkod,41782
115,2014,D1.3,Počet obyvatel správního obvodu obce s rozšířenou působností VČETNĚ cizinců,dkod,41706
115,2015,D1.3,Počet obyvatel správního obvodu obce s rozšířenou působností VČETNĚ cizinců,dkod,41556
115,2016,D1.3,Počet obyvatel správního obvodu obce s rozšířenou působností VČETNĚ cizinců,dkod,42246
115,2017,D1.3,Počet obyvatel správního obvodu obce s rozšířenou působností VČETNĚ cizinců,dkod,41552
115,2018,D1.3,Počet obyvatel správního obvodu obce s rozšířenou působností VČETNĚ cizinců,dkod,41426
115,2019,D1.3,Počet obyvatel správního obvodu obce s rozšířenou působností VČETNĚ cizinců,dkod,41436
115,2020,D1.3,Počet obyvatel správního obvodu obce s rozšířenou působností VČETNĚ cizinců,dkod,41261
115,2021,D1.3,Počet obyvatel správního obvodu obce s rozšířenou působností VČETNĚ cizinců,dkod,41162
115,2022,D1.3,Počet obyvatel správního obvodu obce s rozšířenou působností VČETNĚ cizinců,dkod,41820
115,2023,D1.3,Počet obyvatel správního obvodu obce s rozšířenou působností VČETNĚ cizinců,dkod,41770
115,2024,D1.3,Počet obyvatel správního obvodu obce s rozšířenou působností VČETNĚ cizinců,dkod,41407
115,2025,D1.3,Počet obyvatel správního obvodu obce s rozšířenou působností VČETNĚ cizinců,dkod,41268
115,2010,D1.3.1,Z TOHO počet cizinců ve správním obvodu obce s rozšířenou působností,dkod,
115,2011,D1.3.1,Z TOHO počet cizinců ve správním obvodu obce s rozšířenou působností,dkod,
115,2012,D1.3.1,Z TOHO počet cizinců ve správním obvodu obce s rozšířenou působností,dkod,
115,2013,D1.3.1,Z TOHO počet cizinců ve správním obvodu obce s rozšířenou působností,dkod,
115,2014,D1.3.1,Z TOHO počet cizinců ve správním obvodu obce s rozšířenou působností,dkod,
115,2015,D1.3.1,Z TOHO počet cizinců ve správním obvodu obce s rozšířenou působností,dkod,
115,2016,D1.3.1,Z TOHO počet cizinců ve správním obvodu obce s rozšířenou působností,dkod,603
115,2017,D1.3.1,Z TOHO počet cizinců ve správním obvodu obce s rozšířenou působností,dkod,628
115,2018,D1.3.1,Z TOHO počet cizinců ve správním obvodu obce s rozšířenou působností,dkod,653
115,2019,D1.3.1,Z TOHO počet cizinců ve správním obvodu obce s rozšířenou působností,dkod,724
115,2020,D1.3.1,Z TOHO počet cizinců ve správním obvodu obce s rozšířenou působností,dkod,741
115,2021,D1.3.1,Z TOHO počet cizinců ve správním obvodu obce s rozšířenou působností,dkod,834
115,2022,D1.3.1,Z TOHO počet cizinců ve správním obvodu obce s rozšířenou působností,dkod,1680
115,2023,D1.3.1,Z TOHO počet cizinců ve správním obvodu obce s rozšířenou působností,dkod,1811
115,2024,D1.3.1,Z TOHO počet cizinců ve správním obvodu obce s rozšířenou působností,dkod,1767
115,2025,D1.3.1,Z TOHO počet cizinců ve správním obvodu obce s rozšířenou působností,dkod,1893
115,2010,D1.4,Počet obyvatel správního obvodu obce s působností matričního úřadu VČETNĚ cizinců,dkod,24199
115,2011,D1.4,Počet obyvatel správního obvodu obce s působností matričního úřadu VČETNĚ cizinců,dkod,24170
115,2012,D1.4,Počet obyvatel správního obvodu obce s působností matričního úřadu VČETNĚ cizinců,dkod,23961
115,2013,D1.4,Počet obyvatel správního obvodu obce s působností matričního úřadu VČETNĚ cizinců,dkod,23928
115,2014,D1.4,Počet obyvatel správního obvodu obce s působností matričního úřadu VČETNĚ cizinců,dkod,23826
115,2015,D1.4,Počet obyvatel správního obvodu obce s působností matričního úřadu VČETNĚ cizinců,dkod,23716
115,2016,D1.4,Počet obyvatel správního obvodu obce s působností matričního úřadu VČETNĚ cizinců,dkod,24132
115,2017,D1.4,Počet obyvatel správního obvodu obce s působností matričního úřadu VČETNĚ cizinců,dkod,23622
115,2018,D1.4,Počet obyvatel správního obvodu obce s působností matričního úřadu VČETNĚ cizinců,dkod,23444
115,2019,D1.4,Počet obyvatel správního obvodu obce s působností matričního úřadu VČETNĚ cizinců,dkod,23376
115,2020,D1.4,Počet obyvatel správního obvodu obce s působností matričního úřadu VČETNĚ cizinců,dkod,23198
115,2021,D1.4,Počet obyvatel správního obvodu obce s působností matričního úřadu VČETNĚ cizinců,dkod,23102
115,2022,D1.4,Počet obyvatel správního obvodu obce s působností matričního úřadu VČETNĚ cizinců,dkod,23487
115,2023,D1.4,Počet obyvatel správního obvodu obce s působností matričního úřadu VČETNĚ cizinců,dkod,23364
115,2024,D1.4,Počet obyvatel správního obvodu obce s působností matričního úřadu VČETNĚ cizinců,dkod,23187
115,2025,D1.4,Počet obyvatel správního obvodu obce s působností matričního úřadu VČETNĚ cizinců,dkod,23056
115,2010,D1.5,Počet obyvatel správního obvodu obce s působností stavebního úřadu VČETNĚ cizinců,dkod,24199
115,2011,D1.5,Počet obyvatel správního obvodu obce s působností stavebního úřadu VČETNĚ cizinců,dkod,24170
115,2012,D1.5,Počet obyvatel správního obvodu obce s působností stavebního úřadu VČETNĚ cizinců,dkod,23961
115,2013,D1.5,Počet obyvatel správního obvodu obce s působností stavebního úřadu VČETNĚ cizinců,dkod,23928
115,2014,D1.5,Počet obyvatel správního obvodu obce s působností stavebního úřadu VČETNĚ cizinců,dkod,23826
115,2015,D1.5,Počet obyvatel správního obvodu obce s působností stavebního úřadu VČETNĚ cizinců,dkod,23716
115,2016,D1.5,Počet obyvatel správního obvodu obce s působností stavebního úřadu VČETNĚ cizinců,dkod,24132
115,2017,D1.5,Počet obyvatel správního obvodu obce s působností stavebního úřadu VČETNĚ cizinců,dkod,23622
115,2018,D1.5,Počet obyvatel správního obvodu obce s působností stavebního úřadu VČETNĚ cizinců,dkod,23444
115,2019,D1.5,Počet obyvatel správního obvodu obce s působností stavebního úřadu VČETNĚ cizinců,dkod,23376
115,2020,D1.5,Počet obyvatel správního obvodu obce s působností stavebního úřadu VČETNĚ cizinců,dkod,23198
115,2021,D1.5,Počet obyvatel správního obvodu obce s působností stavebního úřadu VČETNĚ cizinců,dkod,23102
115,2022,D1.5,Počet obyvatel správního obvodu obce s působností stavebního úřadu VČETNĚ cizinců,dkod,23487
115,2023,D1.5,Počet obyvatel správního obvodu obce s působností stavebního úřadu VČETNĚ cizinců,dkod,23364
115,2024,D1.5,Počet obyvatel správního obvodu obce s působností stavebního úřadu VČETNĚ cizinců,dkod,23187
115,2025,D1.5,Počet obyvatel správního obvodu obce s působností stavebního úřadu VČETNĚ cizinců,dkod,23056
115,2010,D1.8,Počet obcí ve správním obvodu obce s rozšířenou působností,dkod,9
115,2011,D1.8,Počet obcí ve správním obvodu obce s rozšířenou působností,dkod,9
115,2012,D1.8,Počet obcí ve správním obvodu obce s rozšířenou působností,dkod,9
115,2013,D1.8,Počet obcí ve správním obvodu obce s rozšířenou působností,dkod,9
115,2014,D1.8,Počet obcí ve správním obvodu obce s rozšířenou působností,dkod,9
115,2015,D1.8,Počet obcí ve správním obvodu obce s rozšířenou působností,dkod,9
115,2016,D1.8,Počet obcí ve správním obvodu obce s rozšířenou působností,dkod,9
115,2017,D1.8,Počet obcí ve správním obvodu obce s rozšířenou působností,dkod,9
115,2018,D1.8,Počet obcí ve správním obvodu obce s rozšířenou působností,dkod,9
115,2019,D1.8,Počet obcí ve správním obvodu obce s rozšířenou působností,dkod,9
115,2020,D1.8,Počet obcí ve správním obvodu obce s rozšířenou působností,dkod,9
115,2021,D1.8,Počet obcí ve správním obvodu obce s rozšířenou působností,dkod,9
115,2022,D1.8,Počet obcí ve správním obvodu obce s rozšířenou působností,dkod,9
115,2023,D1.8,Počet obcí ve správním obvodu obce s rozšířenou působností,dkod,9
115,2024,D1.8,Počet obcí ve správním obvodu obce s rozšířenou působností,dkod,9
115,2025,D1.8,Počet obcí ve správním obvodu obce s rozšířenou působností,dkod,9
115,2010,D1.9,Počet obcí v působnosti matričního úřadu pro něž obec (vyplňující) zajišťuje působnost matričního úřadu,dkod,1
115,2011,D1.9,Počet obcí v působnosti matričního úřadu pro něž obec (vyplňující) zajišťuje působnost matričního úřadu,dkod,1
115,2012,D1.9,Počet obcí v působnosti matričního úřadu pro něž obec (vyplňující) zajišťuje působnost matričního úřadu,dkod,1
115,2013,D1.9,Počet obcí v působnosti matričního úřadu pro něž obec (vyplňující) zajišťuje působnost matričního úřadu,dkod,1
115,2014,D1.9,Počet obcí v působnosti matričního úřadu pro něž obec (vyplňující) zajišťuje působnost matričního úřadu,dkod,1
115,2015,D1.9,Počet obcí v působnosti matričního úřadu pro něž obec (vyplňující) zajišťuje působnost matričního úřadu,dkod,1
115,2016,D1.9,Počet obcí v působnosti matričního úřadu pro něž obec (vyplňující) zajišťuje působnost matričního úřadu,dkod,1
115,2017,D1.9,Počet obcí v působnosti matričního úřadu pro něž obec (vyplňující) zajišťuje působnost matričního úřadu,dkod,1
115,2018,D1.9,Počet obcí v působnosti matričního úřadu pro něž obec (vyplňující) zajišťuje působnost matričního úřadu,dkod,1
115,2019,D1.9,Počet obcí v působnosti matričního úřadu pro něž obec (vyplňující) zajišťuje působnost matričního úřadu,dkod,1
115,2020,D1.9,Počet obcí v působnosti matričního úřadu pro něž obec (vyplňující) zajišťuje působnost matričního úřadu,dkod,1
115,2021,D1.9,Počet obcí v působnosti matričního úřadu pro něž obec (vyplňující) zajišťuje působnost matričního úřadu,dkod,1
115,2022,D1.9,Počet obcí v působnosti matričního úřadu pro něž obec (vyplňující) zajišťuje působnost matričního úřadu,dkod,1
115,2023,D1.9,Počet obcí v působnosti matričního úřadu pro něž obec (vyplňující) zajišťuje působnost matričního úřadu,dkod,1
115,2024,D1.9,Počet obcí v působnosti matričního úřadu pro něž obec (vyplňující) zajišťuje působnost matričního úřadu,dkod,1
115,2025,D1.9,Počet obcí v působnosti matričního úřadu pro něž obec (vyplňující) zajišťuje působnost matričního úřadu,dkod,1
115,2010,D1.10,Počet matričních úřadů ve správním obvodu,dkod,3
115,2011,D1.10,Počet matričních úřadů ve správním obvodu,dkod,3
115,2012,D1.10,Počet matričních úřadů ve správním obvodu,dkod,3
115,2013,D1.10,Počet matričních úřadů ve správním obvodu,dkod,3
115,2014,D1.10,Počet matričních úřadů ve správním obvodu,dkod,3
115,2015,D1.10,Počet matričních úřadů ve správním obvodu,dkod,3
115,2016,D1.10,Počet matričních úřadů ve správním obvodu,dkod,3
115,2017,D1.10,Počet matričních úřadů ve správním obvodu,dkod,3
115,2018,D1.10,Počet matričních úřadů ve správním obvodu,dkod,3
115,2019,D1.10,Počet matričních úřadů ve správním obvodu,dkod,3
115,2020,D1.10,Počet matričních úřadů ve správním obvodu,dkod,3
115,2021,D1.10,Počet matričních úřadů ve správním obvodu,dkod,3
115,2022,D1.10,Počet matričních úřadů ve správním obvodu,dkod,3
115,2023,D1.10,Počet matričních úřadů ve správním obvodu,dkod,3
115,2024,D1.10,Počet matričních úřadů ve správním obvodu,dkod,3
115,2025,D1.10,Počet matričních úřadů ve správním obvodu,dkod,3
115,2010,D1.13,Počet km čtverečních obce,dkod,27
115,2011,D1.13,Počet km čtverečních obce,dkod,27
115,2012,D1.13,Počet km čtverečních obce,dkod,27
115,2013,D1.13,Počet km čtverečních obce,dkod,27.48
115,2014,D1.13,Počet km čtverečních obce,dkod,27.48
115,2015,D1.13,Počet km čtverečních obce,dkod,27.48
115,2016,D1.13,Počet km čtverečních obce,dkod,27.48
115,2017,D1.13,Počet km čtverečních obce,dkod,27.48
115,2018,D1.13,Počet km čtverečních obce,dkod,27.48
115,2019,D1.13,Počet km čtverečních obce,dkod,27.48
115,2020,D1.13,Počet km čtverečních obce,dkod,27.48
115,2021,D1.13,Počet km čtverečních obce,dkod,27.48
115,2022,D1.13,Počet km čtverečních obce,dkod,27.48
115,2023,D1.13,Počet km čtverečních obce,dkod,27.48
115,2024,D1.13,Počet km čtverečních obce,dkod,27.48
115,2025,D1.13,Počet km čtverečních obce,dkod,27.48
115,2010,D1.15,Počet km čtverečních správního obvodu obce s rozšířenou působností,dkod,122
115,2011,D1.15,Počet km čtverečních správního obvodu obce s rozšířenou působností,dkod,122
115,2012,D1.15,Počet km čtverečních správního obvodu obce s rozšířenou působností,dkod,122
115,2013,D1.15,Počet km čtverečních správního obvodu obce s rozšířenou působností,dkod,121.26
115,2014,D1.15,Počet km čtverečních správního obvodu obce s rozšířenou působností,dkod,121.26
115,2015,D1.15,Počet km čtverečních správního obvodu obce s rozšířenou působností,dkod,121.25
115,2016,D1.15,Počet km čtverečních správního obvodu obce s rozšířenou působností,dkod,121.24
115,2017,D1.15,Počet km čtverečních správního obvodu obce s rozšířenou působností,dkod,121.23
115,2018,D1.15,Počet km čtverečních správního obvodu obce s rozšířenou působností,dkod,121.23
115,2019,D1.15,Počet km čtverečních správního obvodu obce s rozšířenou působností,dkod,121.23
115,2020,D1.15,Počet km čtverečních správního obvodu obce s rozšířenou působností,dkod,121.23
115,2021,D1.15,Počet km čtverečních správního obvodu obce s rozšířenou působností,dkod,121.23
115,2022,D1.15,Počet km čtverečních správního obvodu obce s rozšířenou působností,dkod,121.23
115,2023,D1.15,Počet km čtverečních správního obvodu obce s rozšířenou působností,dkod,121.23
115,2024,D1.15,Počet km čtverečních správního obvodu obce s rozšířenou působností,dkod,121.23
115,2025,D1.15,Počet km čtverečních správního obvodu obce s rozšířenou působností,dkod,121.23
115,2010,D1.16,Podíl nezaměstnaných na obyvatelstvu v % v obci (nebo v okrese),dkod,10.92
115,2011,D1.16,Podíl nezaměstnaných na obyvatelstvu v % v obci (nebo v okrese),dkod,8.29
115,2012,D1.16,Podíl nezaměstnaných na obyvatelstvu v % v obci (nebo v okrese),dkod,9.38
115,2013,D1.16,Podíl nezaměstnaných na obyvatelstvu v % v obci (nebo v okrese),dkod,8.15
115,2014,D1.16,Podíl nezaměstnaných na obyvatelstvu v % v obci (nebo v okrese),dkod,7.4
115,2015,D1.16,Podíl nezaměstnaných na obyvatelstvu v % v obci (nebo v okrese),dkod,5.6
115,2016,D1.16,Podíl nezaměstnaných na obyvatelstvu v % v obci (nebo v okrese),dkod,4.9
115,2017,D1.16,Podíl nezaměstnaných na obyvatelstvu v % v obci (nebo v okrese),dkod,4.4
115,2018,D1.16,Podíl nezaměstnaných na obyvatelstvu v % v obci (nebo v okrese),dkod,3.5
115,2019,D1.16,Podíl nezaměstnaných na obyvatelstvu v % v obci (nebo v okrese),dkod,3.7
115,2020,D1.16,Podíl nezaměstnaných na obyvatelstvu v % v obci (nebo v okrese),dkod,4.6
115,2021,D1.16,Podíl nezaměstnaných na obyvatelstvu v % v obci (nebo v okrese),dkod,3.7
115,2022,D1.16,Podíl nezaměstnaných na obyvatelstvu v % v obci (nebo v okrese),dkod,3.7
115,2023,D1.16,Podíl nezaměstnaných na obyvatelstvu v % v obci (nebo v okrese),dkod,4.5
115,2024,D1.16,Podíl nezaměstnaných na obyvatelstvu v % v obci (nebo v okrese),dkod,5
115,2025,D1.16,Podíl nezaměstnaných na obyvatelstvu v % v obci (nebo v okrese),dkod,5.585
115,2010,D1.17,Podíl nezaměstnaných na obyvatelstvu v % ve správním obvodu obce s rozšířenou působností (nebo v okrese),dkod,10.83
115,2011,D1.17,Podíl nezaměstnaných na obyvatelstvu v % ve správním obvodu obce s rozšířenou působností (nebo v okrese),dkod,8.28
115,2012,D1.17,Podíl nezaměstnaných na obyvatelstvu v % ve správním obvodu obce s rozšířenou působností (nebo v okrese),dkod,9.38
115,2013,D1.17,Podíl nezaměstnaných na obyvatelstvu v % ve správním obvodu obce s rozšířenou působností (nebo v okrese),dkod,7.41
115,2014,D1.17,Podíl nezaměstnaných na obyvatelstvu v % ve správním obvodu obce s rozšířenou působností (nebo v okrese),dkod,7
115,2015,D1.17,Podíl nezaměstnaných na obyvatelstvu v % ve správním obvodu obce s rozšířenou působností (nebo v okrese),dkod,5.1
115,2016,D1.17,Podíl nezaměstnaných na obyvatelstvu v % ve správním obvodu obce s rozšířenou působností (nebo v okrese),dkod,4.5
115,2017,D1.17,Podíl nezaměstnaných na obyvatelstvu v % ve správním obvodu obce s rozšířenou působností (nebo v okrese),dkod,3.8
115,2018,D1.17,Podíl nezaměstnaných na obyvatelstvu v % ve správním obvodu obce s rozšířenou působností (nebo v okrese),dkod,3.2
115,2019,D1.17,Podíl nezaměstnaných na obyvatelstvu v % ve správním obvodu obce s rozšířenou působností (nebo v okrese),dkod,3.4
115,2020,D1.17,Podíl nezaměstnaných na obyvatelstvu v % ve správním obvodu obce s rozšířenou působností (nebo v okrese),dkod,3.99
115,2021,D1.17,Podíl nezaměstnaných na obyvatelstvu v % ve správním obvodu obce s rozšířenou působností (nebo v okrese),dkod,2.46
115,2022,D1.17,Podíl nezaměstnaných na obyvatelstvu v % ve správním obvodu obce s rozšířenou působností (nebo v okrese),dkod,3.4
115,2023,D1.17,Podíl nezaměstnaných na obyvatelstvu v % ve správním obvodu obce s rozšířenou působností (nebo v okrese),dkod,3.9
115,2024,D1.17,Podíl nezaměstnaných na obyvatelstvu v % ve správním obvodu obce s rozšířenou působností (nebo v okrese),dkod,4.5
115,2025,D1.17,Podíl nezaměstnaných na obyvatelstvu v % ve správním obvodu obce s rozšířenou působností (nebo v okrese),dkod,5.15
115,2010,D1.18,PRŮMĚRNÝ fyzický počet zaměstnanců obce zařazených v obecním úřadě,dkod,183
115,2011,D1.18,PRŮMĚRNÝ fyzický počet zaměstnanců obce zařazených v obecním úřadě,dkod,185
115,2012,D1.18,PRŮMĚRNÝ fyzický počet zaměstnanců obce zařazených v obecním úřadě,dkod,173
115,2013,D1.18,PRŮMĚRNÝ fyzický počet zaměstnanců obce zařazených v obecním úřadě,dkod,175
115,2014,D1.18,PRŮMĚRNÝ fyzický počet zaměstnanců obce zařazených v obecním úřadě,dkod,175
115,2015,D1.18,PRŮMĚRNÝ fyzický počet zaměstnanců obce zařazených v obecním úřadě,dkod,174
115,2016,D1.18,PRŮMĚRNÝ fyzický počet zaměstnanců obce zařazených v obecním úřadě,dkod,173.4
115,2017,D1.18,PRŮMĚRNÝ fyzický počet zaměstnanců obce zařazených v obecním úřadě,dkod,176
115,2018,D1.18,PRŮMĚRNÝ fyzický počet zaměstnanců obce zařazených v obecním úřadě,dkod,180.5
115,2019,D1.18,PRŮMĚRNÝ fyzický počet zaměstnanců obce zařazených v obecním úřadě,dkod,184.1
115,2020,D1.18,PRŮMĚRNÝ fyzický počet zaměstnanců obce zařazených v obecním úřadě,dkod,187
115,2021,D1.18,PRŮMĚRNÝ fyzický počet zaměstnanců obce zařazených v obecním úřadě,dkod,189
115,2022,D1.18,PRŮMĚRNÝ fyzický počet zaměstnanců obce zařazených v obecním úřadě,dkod,193
115,2023,D1.18,PRŮMĚRNÝ fyzický počet zaměstnanců obce zařazených v obecním úřadě,dkod,195
115,2024,D1.18,PRŮMĚRNÝ fyzický počet zaměstnanců obce zařazených v obecním úřadě,dkod,200
115,2025,D1.18,PRŮMĚRNÝ fyzický počet zaměstnanců obce zařazených v obecním úřadě,dkod,198
115,2010,D1.19,Průměrný evidenční přepočtený počet zaměstnanců obce zařazených v obecním úřadě,dkod,181.8
115,2011,D1.19,Průměrný evidenční přepočtený počet zaměstnanců obce zařazených v obecním úřadě,dkod,185.5
115,2012,D1.19,Průměrný evidenční přepočtený počet zaměstnanců obce zařazených v obecním úřadě,dkod,173.4
115,2013,D1.19,Průměrný evidenční přepočtený počet zaměstnanců obce zařazených v obecním úřadě,dkod,176.4
115,2014,D1.19,Průměrný evidenční přepočtený počet zaměstnanců obce zařazených v obecním úřadě,dkod,158
115,2015,D1.19,Průměrný evidenční přepočtený počet zaměstnanců obce zařazených v obecním úřadě,dkod,173.66
115,2016,D1.19,Průměrný evidenční přepočtený počet zaměstnanců obce zařazených v obecním úřadě,dkod,175.1
115,2017,D1.19,Průměrný evidenční přepočtený počet zaměstnanců obce zařazených v obecním úřadě,dkod,175.42
115,2018,D1.19,Průměrný evidenční přepočtený počet zaměstnanců obce zařazených v obecním úřadě,dkod,178.1
115,2019,D1.19,Průměrný evidenční přepočtený počet zaměstnanců obce zařazených v obecním úřadě,dkod,178.9
115,2020,D1.19,Průměrný evidenční přepočtený počet zaměstnanců obce zařazených v obecním úřadě,dkod,184.9
115,2021,D1.19,Průměrný evidenční přepočtený počet zaměstnanců obce zařazených v obecním úřadě,dkod,186.82
115,2022,D1.19,Průměrný evidenční přepočtený počet zaměstnanců obce zařazených v obecním úřadě,dkod,184.27
115,2023,D1.19,Průměrný evidenční přepočtený počet zaměstnanců obce zařazených v obecním úřadě,dkod,189
115,2024,D1.19,Průměrný evidenční přepočtený počet zaměstnanců obce zařazených v obecním úřadě,dkod,191
115,2025,D1.19,Průměrný evidenční přepočtený počet zaměstnanců obce zařazených v obecním úřadě,dkod,191
115,2010,D2.0.1,Počet přihlášení k trvalému pobytu z jiného správního obvodu obce III. typu,dkod,457
115,2011,D2.0.1,Počet přihlášení k trvalému pobytu z jiného správního obvodu obce III. typu,dkod,466
115,2012,D2.0.1,Počet přihlášení k trvalému pobytu z jiného správního obvodu obce III. typu,dkod,410
115,2013,D2.0.1,Počet přihlášení k trvalému pobytu z jiného správního obvodu obce III. typu,dkod,459
115,2014,D2.0.1,Počet přihlášení k trvalému pobytu z jiného správního obvodu obce III. typu,dkod,496
115,2015,D2.0.1,Počet přihlášení k trvalému pobytu z jiného správního obvodu obce III. typu,dkod,494
115,2016,D2.0.1,Počet přihlášení k trvalému pobytu z jiného správního obvodu obce III. typu,dkod,482
115,2017,D2.0.1,Počet přihlášení k trvalému pobytu z jiného správního obvodu obce III. typu,dkod,492
115,2018,D2.0.1,Počet přihlášení k trvalému pobytu z jiného správního obvodu obce III. typu,dkod,467
115,2019,D2.0.1,Počet přihlášení k trvalému pobytu z jiného správního obvodu obce III. typu,dkod,475
115,2020,D2.0.1,Počet přihlášení k trvalému pobytu z jiného správního obvodu obce III. typu,dkod,428
115,2021,D2.0.1,Počet přihlášení k trvalému pobytu z jiného správního obvodu obce III. typu,dkod,433
115,2022,D2.0.1,Počet přihlášení k trvalému pobytu z jiného správního obvodu obce III. typu,dkod,441
115,2023,D2.0.1,Počet přihlášení k trvalému pobytu z jiného správního obvodu obce III. typu,dkod,403
115,2024,D2.0.1,Počet přihlášení k trvalému pobytu z jiného správního obvodu obce III. typu,dkod,427
115,2025,D2.0.1,Počet přihlášení k trvalému pobytu z jiného správního obvodu obce III. typu,dkod,446
115,2010,D2.0.2,Počet odhlášení z trvalého pobytu ze správního obvodu obce III. typu,dkod,601
115,2011,D2.0.2,Počet odhlášení z trvalého pobytu ze správního obvodu obce III. typu,dkod,579
115,2012,D2.0.2,Počet odhlášení z trvalého pobytu ze správního obvodu obce III. typu,dkod,635
115,2013,D2.0.2,Počet odhlášení z trvalého pobytu ze správního obvodu obce III. typu,dkod,546
115,2014,D2.0.2,Počet odhlášení z trvalého pobytu ze správního obvodu obce III. typu,dkod,612
115,2015,D2.0.2,Počet odhlášení z trvalého pobytu ze správního obvodu obce III. typu,dkod,581
115,2016,D2.0.2,Počet odhlášení z trvalého pobytu ze správního obvodu obce III. typu,dkod,611
115,2017,D2.0.2,Počet odhlášení z trvalého pobytu ze správního obvodu obce III. typu,dkod,630
115,2018,D2.0.2,Počet odhlášení z trvalého pobytu ze správního obvodu obce III. typu,dkod,585
115,2019,D2.0.2,Počet odhlášení z trvalého pobytu ze správního obvodu obce III. typu,dkod,601
115,2020,D2.0.2,Počet odhlášení z trvalého pobytu ze správního obvodu obce III. typu,dkod,533
115,2021,D2.0.2,Počet odhlášení z trvalého pobytu ze správního obvodu obce III. typu,dkod,496
115,2022,D2.0.2,Počet odhlášení z trvalého pobytu ze správního obvodu obce III. typu,dkod,580
115,2023,D2.0.2,Počet odhlášení z trvalého pobytu ze správního obvodu obce III. typu,dkod,547
115,2024,D2.0.2,Počet odhlášení z trvalého pobytu ze správního obvodu obce III. typu,dkod,580
115,2025,D2.0.2,Počet odhlášení z trvalého pobytu ze správního obvodu obce III. typu,dkod,548
115,2010,D2.0.4,Změna počtu osob přihlášených k trvalému pobytu (hlášení vlastníkům),dkod,
115,2011,D2.0.4,Změna počtu osob přihlášených k trvalému pobytu (hlášení vlastníkům),dkod,
115,2012,D2.0.4,Změna počtu osob přihlášených k trvalému pobytu (hlášení vlastníkům),dkod,
115,2013,D2.0.4,Změna počtu osob přihlášených k trvalému pobytu (hlášení vlastníkům),dkod,125
115,2014,D2.0.4,Změna počtu osob přihlášených k trvalému pobytu (hlášení vlastníkům),dkod,224
115,2015,D2.0.4,Změna počtu osob přihlášených k trvalému pobytu (hlášení vlastníkům),dkod,226
115,2016,D2.0.4,Změna počtu osob přihlášených k trvalému pobytu (hlášení vlastníkům),dkod,179
115,2017,D2.0.4,Změna počtu osob přihlášených k trvalému pobytu (hlášení vlastníkům),dkod,194
115,2018,D2.0.4,Změna počtu osob přihlášených k trvalému pobytu (hlášení vlastníkům),dkod,165
115,2019,D2.0.4,Změna počtu osob přihlášených k trvalému pobytu (hlášení vlastníkům),dkod,180
115,2020,D2.0.4,Změna počtu osob přihlášených k trvalému pobytu (hlášení vlastníkům),dkod,153
115,2021,D2.0.4,Změna počtu osob přihlášených k trvalému pobytu (hlášení vlastníkům),dkod,155
115,2022,D2.0.4,Změna počtu osob přihlášených k trvalému pobytu (hlášení vlastníkům),dkod,164
115,2023,D2.0.4,Změna počtu osob přihlášených k trvalému pobytu (hlášení vlastníkům),dkod,140
115,2024,D2.0.4,Změna počtu osob přihlášených k trvalému pobytu (hlášení vlastníkům),dkod,142
115,2025,D2.0.4,Změna počtu osob přihlášených k trvalému pobytu (hlášení vlastníkům),dkod,153
115,2010,D2.0.5,Počet odhlášení z trvalého pobytu v obci,dkod,
115,2011,D2.0.5,Počet odhlášení z trvalého pobytu v obci,dkod,
115,2012,D2.0.5,Počet odhlášení z trvalého pobytu v obci,dkod,
115,2013,D2.0.5,Počet odhlášení z trvalého pobytu v obci,dkod,462
115,2014,D2.0.5,Počet odhlášení z trvalého pobytu v obci,dkod,513
115,2015,D2.0.5,Počet odhlášení z trvalého pobytu v obci,dkod,538
115,2016,D2.0.5,Počet odhlášení z trvalého pobytu v obci,dkod,475
115,2017,D2.0.5,Počet odhlášení z trvalého pobytu v obci,dkod,504
115,2018,D2.0.5,Počet odhlášení z trvalého pobytu v obci,dkod,489
115,2019,D2.0.5,Počet odhlášení z trvalého pobytu v obci,dkod,459
115,2020,D2.0.5,Počet odhlášení z trvalého pobytu v obci,dkod,404
115,2021,D2.0.5,Počet odhlášení z trvalého pobytu v obci,dkod,375
115,2022,D2.0.5,Počet odhlášení z trvalého pobytu v obci,dkod,452
115,2023,D2.0.5,Počet odhlášení z trvalého pobytu v obci,dkod,439
115,2024,D2.0.5,Počet odhlášení z trvalého pobytu v obci,dkod,414
115,2025,D2.0.5,Počet odhlášení z trvalého pobytu v obci,dkod,399
115,2010,D2.0.6,Počet osob přihlášených k trvalému pobytu na ohlašovně obce,dkod,
115,2011,D2.0.6,Počet osob přihlášených k trvalému pobytu na ohlašovně obce,dkod,
115,2012,D2.0.6,Počet osob přihlášených k trvalému pobytu na ohlašovně obce,dkod,
115,2013,D2.0.6,Počet osob přihlášených k trvalému pobytu na ohlašovně obce,dkod,
115,2014,D2.0.6,Počet osob přihlášených k trvalému pobytu na ohlašovně obce,dkod,1375
115,2015,D2.0.6,Počet osob přihlášených k trvalému pobytu na ohlašovně obce,dkod,1404
115,2016,D2.0.6,Počet osob přihlášených k trvalému pobytu na ohlašovně obce,dkod,1423
115,2017,D2.0.6,Počet osob přihlášených k trvalému pobytu na ohlašovně obce,dkod,1385
115,2018,D2.0.6,Počet osob přihlášených k trvalému pobytu na ohlašovně obce,dkod,1363
115,2019,D2.0.6,Počet osob přihlášených k trvalému pobytu na ohlašovně obce,dkod,1317
115,2020,D2.0.6,Počet osob přihlášených k trvalému pobytu na ohlašovně obce,dkod,1294
115,2021,D2.0.6,Počet osob přihlášených k trvalému pobytu na ohlašovně obce,dkod,1248
115,2022,D2.0.6,Počet osob přihlášených k trvalému pobytu na ohlašovně obce,dkod,1185
115,2023,D2.0.6,Počet osob přihlášených k trvalému pobytu na ohlašovně obce,dkod,1174
115,2024,D2.0.6,Počet osob přihlášených k trvalému pobytu na ohlašovně obce,dkod,1158
115,2025,D2.0.6,Počet osob přihlášených k trvalému pobytu na ohlašovně obce,dkod,1122
115,2010,D2.1.2,Počet zahájených správních řízení o zrušení trvalého pobytu,dkod,0
115,2011,D2.1.2,Počet zahájených správních řízení o zrušení trvalého pobytu,dkod,0
115,2012,D2.1.2,Počet zahájených správních řízení o zrušení trvalého pobytu,dkod,208
115,2013,D2.1.2,Počet zahájených správních řízení o zrušení trvalého pobytu,dkod,184
115,2014,D2.1.2,Počet zahájených správních řízení o zrušení trvalého pobytu,dkod,248
115,2015,D2.1.2,Počet zahájených správních řízení o zrušení trvalého pobytu,dkod,147
115,2016,D2.1.2,Počet zahájených správních řízení o zrušení trvalého pobytu,dkod,131
115,2017,D2.1.2,Počet zahájených správních řízení o zrušení trvalého pobytu,dkod,69
115,2018,D2.1.2,Počet zahájených správních řízení o zrušení trvalého pobytu,dkod,72
115,2019,D2.1.2,Počet zahájených správních řízení o zrušení trvalého pobytu,dkod,49
115,2020,D2.1.2,Počet zahájených správních řízení o zrušení trvalého pobytu,dkod,38
115,2021,D2.1.2,Počet zahájených správních řízení o zrušení trvalého pobytu,dkod,39
115,2022,D2.1.2,Počet zahájených správních řízení o zrušení trvalého pobytu,dkod,30
115,2023,D2.1.2,Počet zahájených správních řízení o zrušení trvalého pobytu,dkod,46
115,2024,D2.1.2,Počet zahájených správních řízení o zrušení trvalého pobytu,dkod,41
115,2025,D2.1.2,Počet zahájených správních řízení o zrušení trvalého pobytu,dkod,22
115,2010,D2.1.3,Počet nahlášení ukončení trvalého pobytu na území ČR,dkod,0
115,2011,D2.1.3,Počet nahlášení ukončení trvalého pobytu na území ČR,dkod,0
115,2012,D2.1.3,Počet nahlášení ukončení trvalého pobytu na území ČR,dkod,24
115,2013,D2.1.3,Počet nahlášení ukončení trvalého pobytu na území ČR,dkod,13
115,2014,D2.1.3,Počet nahlášení ukončení trvalého pobytu na území ČR,dkod,31
115,2015,D2.1.3,Počet nahlášení ukončení trvalého pobytu na území ČR,dkod,16
115,2016,D2.1.3,Počet nahlášení ukončení trvalého pobytu na území ČR,dkod,12
115,2017,D2.1.3,Počet nahlášení ukončení trvalého pobytu na území ČR,dkod,15
115,2018,D2.1.3,Počet nahlášení ukončení trvalého pobytu na území ČR,dkod,14
115,2019,D2.1.3,Počet nahlášení ukončení trvalého pobytu na území ČR,dkod,28
115,2020,D2.1.3,Počet nahlášení ukončení trvalého pobytu na území ČR,dkod,14
115,2021,D2.1.3,Počet nahlášení ukončení trvalého pobytu na území ČR,dkod,14
115,2022,D2.1.3,Počet nahlášení ukončení trvalého pobytu na území ČR,dkod,21
115,2023,D2.1.3,Počet nahlášení ukončení trvalého pobytu na území ČR,dkod,13
115,2024,D2.1.3,Počet nahlášení ukončení trvalého pobytu na území ČR,dkod,1
115,2025,D2.1.3,Počet nahlášení ukončení trvalého pobytu na území ČR,dkod,11
115,2010,D2.1.4,Počet nahlášení doručovacích adres dle § 10b zák. 133/2000 Sb.,dkod,0
115,2011,D2.1.4,Počet nahlášení doručovacích adres dle § 10b zák. 133/2000 Sb.,dkod,0
115,2012,D2.1.4,Počet nahlášení doručovacích adres dle § 10b zák. 133/2000 Sb.,dkod,29
115,2013,D2.1.4,Počet nahlášení doručovacích adres dle § 10b zák. 133/2000 Sb.,dkod,66
115,2014,D2.1.4,Počet nahlášení doručovacích adres dle § 10b zák. 133/2000 Sb.,dkod,85
115,2015,D2.1.4,Počet nahlášení doručovacích adres dle § 10b zák. 133/2000 Sb.,dkod,78
115,2016,D2.1.4,Počet nahlášení doručovacích adres dle § 10b zák. 133/2000 Sb.,dkod,76
115,2017,D2.1.4,Počet nahlášení doručovacích adres dle § 10b zák. 133/2000 Sb.,dkod,53
115,2018,D2.1.4,Počet nahlášení doručovacích adres dle § 10b zák. 133/2000 Sb.,dkod,62
115,2019,D2.1.4,Počet nahlášení doručovacích adres dle § 10b zák. 133/2000 Sb.,dkod,72
115,2020,D2.1.4,Počet nahlášení doručovacích adres dle § 10b zák. 133/2000 Sb.,dkod,49
115,2021,D2.1.4,Počet nahlášení doručovacích adres dle § 10b zák. 133/2000 Sb.,dkod,48
115,2022,D2.1.4,Počet nahlášení doručovacích adres dle § 10b zák. 133/2000 Sb.,dkod,43
115,2023,D2.1.4,Počet nahlášení doručovacích adres dle § 10b zák. 133/2000 Sb.,dkod,48
115,2024,D2.1.4,Počet nahlášení doručovacích adres dle § 10b zák. 133/2000 Sb.,dkod,47
115,2025,D2.1.4,Počet nahlášení doručovacích adres dle § 10b zák. 133/2000 Sb.,dkod,43
115,2010,D2.1.5,Počet výpisů z informačního systému dle § 8 zák. 133/2000 Sb.,dkod,0
115,2011,D2.1.5,Počet výpisů z informačního systému dle § 8 zák. 133/2000 Sb.,dkod,0
115,2012,D2.1.5,Počet výpisů z informačního systému dle § 8 zák. 133/2000 Sb.,dkod,16
115,2013,D2.1.5,Počet výpisů z informačního systému dle § 8 zák. 133/2000 Sb.,dkod,24
115,2014,D2.1.5,Počet výpisů z informačního systému dle § 8 zák. 133/2000 Sb.,dkod,54
115,2015,D2.1.5,Počet výpisů z informačního systému dle § 8 zák. 133/2000 Sb.,dkod,46
115,2016,D2.1.5,Počet výpisů z informačního systému dle § 8 zák. 133/2000 Sb.,dkod,72
115,2017,D2.1.5,Počet výpisů z informačního systému dle § 8 zák. 133/2000 Sb.,dkod,75
115,2018,D2.1.5,Počet výpisů z informačního systému dle § 8 zák. 133/2000 Sb.,dkod,62
115,2019,D2.1.5,Počet výpisů z informačního systému dle § 8 zák. 133/2000 Sb.,dkod,54
115,2020,D2.1.5,Počet výpisů z informačního systému dle § 8 zák. 133/2000 Sb.,dkod,42
115,2021,D2.1.5,Počet výpisů z informačního systému dle § 8 zák. 133/2000 Sb.,dkod,44
115,2022,D2.1.5,Počet výpisů z informačního systému dle § 8 zák. 133/2000 Sb.,dkod,24
115,2023,D2.1.5,Počet výpisů z informačního systému dle § 8 zák. 133/2000 Sb.,dkod,25
115,2024,D2.1.5,Počet výpisů z informačního systému dle § 8 zák. 133/2000 Sb.,dkod,12
115,2025,D2.1.5,Počet výpisů z informačního systému dle § 8 zák. 133/2000 Sb.,dkod,12
115,2010,D2.3,Počet zaměstnanců - pracovních úvazků v agendě evidence obyvatel celkem,dkod,
115,2011,D2.3,Počet zaměstnanců - pracovních úvazků v agendě evidence obyvatel celkem,dkod,
115,2012,D2.3,Počet zaměstnanců - pracovních úvazků v agendě evidence obyvatel celkem,dkod,1.99
115,2013,D2.3,Počet zaměstnanců - pracovních úvazků v agendě evidence obyvatel celkem,dkod,1.99
115,2014,D2.3,Počet zaměstnanců - pracovních úvazků v agendě evidence obyvatel celkem,dkod,1.99
115,2015,D2.3,Počet zaměstnanců - pracovních úvazků v agendě evidence obyvatel celkem,dkod,1.99
115,2016,D2.3,Počet zaměstnanců - pracovních úvazků v agendě evidence obyvatel celkem,dkod,1.99
115,2017,D2.3,Počet zaměstnanců - pracovních úvazků v agendě evidence obyvatel celkem,dkod,1.99
115,2018,D2.3,Počet zaměstnanců - pracovních úvazků v agendě evidence obyvatel celkem,dkod,1.99
115,2019,D2.3,Počet zaměstnanců - pracovních úvazků v agendě evidence obyvatel celkem,dkod,1.99
115,2020,D2.3,Počet zaměstnanců - pracovních úvazků v agendě evidence obyvatel celkem,dkod,1.99
115,2021,D2.3,Počet zaměstnanců - pracovních úvazků v agendě evidence obyvatel celkem,dkod,1.19
115,2022,D2.3,Počet zaměstnanců - pracovních úvazků v agendě evidence obyvatel celkem,dkod,1.19
115,2023,D2.3,Počet zaměstnanců - pracovních úvazků v agendě evidence obyvatel celkem,dkod,1.19
115,2024,D2.3,Počet zaměstnanců - pracovních úvazků v agendě evidence obyvatel celkem,dkod,1.19
115,2025,D2.3,Počet zaměstnanců - pracovních úvazků v agendě evidence obyvatel celkem,dkod,1.19
115,2010,D2.10,Počet úředních hodin v týdnu,dkod,26
115,2011,D2.10,Počet úředních hodin v týdnu,dkod,26
115,2012,D2.10,Počet úředních hodin v týdnu,dkod,26
115,2013,D2.10,Počet úředních hodin v týdnu,dkod,26
115,2014,D2.10,Počet úředních hodin v týdnu,dkod,26
115,2015,D2.10,Počet úředních hodin v týdnu,dkod,26
115,2016,D2.10,Počet úředních hodin v týdnu,dkod,26
115,2017,D2.10,Počet úředních hodin v týdnu,dkod,26
115,2018,D2.10,Počet úředních hodin v týdnu,dkod,26
115,2019,D2.10,Počet úředních hodin v týdnu,dkod,26
115,2020,D2.10,Počet úředních hodin v týdnu,dkod,26
115,2021,D2.10,Počet úředních hodin v týdnu,dkod,26
115,2022,D2.10,Počet úředních hodin v týdnu,dkod,26
115,2023,D2.10,Počet úředních hodin v týdnu,dkod,26
115,2024,D2.10,Počet úředních hodin v týdnu,dkod,26
115,2025,D2.10,Počet úředních hodin v týdnu,dkod,26
115,2010,D2.11,Průměrná čekací doba (v minutách),dkod,2.08
115,2011,D2.11,Průměrná čekací doba (v minutách),dkod,3.19
115,2012,D2.11,Průměrná čekací doba (v minutách),dkod,3.35
115,2013,D2.11,Průměrná čekací doba (v minutách),dkod,2.46
115,2014,D2.11,Průměrná čekací doba (v minutách),dkod,2.5
115,2015,D2.11,Průměrná čekací doba (v minutách),dkod,3.03
115,2016,D2.11,Průměrná čekací doba (v minutách),dkod,0.57
115,2017,D2.11,Průměrná čekací doba (v minutách),dkod,2.4
115,2018,D2.11,Průměrná čekací doba (v minutách),dkod,4.28
115,2019,D2.11,Průměrná čekací doba (v minutách),dkod,2.07
115,2020,D2.11,Průměrná čekací doba (v minutách),dkod,2.9
115,2021,D2.11,Průměrná čekací doba (v minutách),dkod,3.05
115,2022,D2.11,Průměrná čekací doba (v minutách),dkod,3.13
115,2023,D2.11,Průměrná čekací doba (v minutách),dkod,2.35
115,2024,D2.11,Průměrná čekací doba (v minutách),dkod,3.4
115,2025,D2.11,Průměrná čekací doba (v minutách),dkod,3.23
115,2010,D3.1,Počet zaměstnanců - pracovních úvazků v agendě matrika celkem POZOR!!! POUZE ZA MATRIKU NE VIDIMACE A LEGALIZACE!!!,dkod,3.15
115,2011,D3.1,Počet zaměstnanců - pracovních úvazků v agendě matrika celkem POZOR!!! POUZE ZA MATRIKU NE VIDIMACE A LEGALIZACE!!!,dkod,2.825
115,2012,D3.1,Počet zaměstnanců - pracovních úvazků v agendě matrika celkem POZOR!!! POUZE ZA MATRIKU NE VIDIMACE A LEGALIZACE!!!,dkod,2.825
115,2013,D3.1,Počet zaměstnanců - pracovních úvazků v agendě matrika celkem POZOR!!! POUZE ZA MATRIKU NE VIDIMACE A LEGALIZACE!!!,dkod,1.63
115,2014,D3.1,Počet zaměstnanců - pracovních úvazků v agendě matrika celkem POZOR!!! POUZE ZA MATRIKU NE VIDIMACE A LEGALIZACE!!!,dkod,1.63
115,2015,D3.1,Počet zaměstnanců - pracovních úvazků v agendě matrika celkem POZOR!!! POUZE ZA MATRIKU NE VIDIMACE A LEGALIZACE!!!,dkod,1.63
115,2016,D3.1,Počet zaměstnanců - pracovních úvazků v agendě matrika celkem POZOR!!! POUZE ZA MATRIKU NE VIDIMACE A LEGALIZACE!!!,dkod,1.63
115,2017,D3.1,Počet zaměstnanců - pracovních úvazků v agendě matrika celkem POZOR!!! POUZE ZA MATRIKU NE VIDIMACE A LEGALIZACE!!!,dkod,1.63
115,2018,D3.1,Počet zaměstnanců - pracovních úvazků v agendě matrika celkem POZOR!!! POUZE ZA MATRIKU NE VIDIMACE A LEGALIZACE!!!,dkod,1.63
115,2019,D3.1,Počet zaměstnanců - pracovních úvazků v agendě matrika celkem POZOR!!! POUZE ZA MATRIKU NE VIDIMACE A LEGALIZACE!!!,dkod,1.68
115,2020,D3.1,Počet zaměstnanců - pracovních úvazků v agendě matrika celkem POZOR!!! POUZE ZA MATRIKU NE VIDIMACE A LEGALIZACE!!!,dkod,1.68
115,2021,D3.1,Počet zaměstnanců - pracovních úvazků v agendě matrika celkem POZOR!!! POUZE ZA MATRIKU NE VIDIMACE A LEGALIZACE!!!,dkod,1.68
115,2022,D3.1,Počet zaměstnanců - pracovních úvazků v agendě matrika celkem POZOR!!! POUZE ZA MATRIKU NE VIDIMACE A LEGALIZACE!!!,dkod,1.68
115,2023,D3.1,Počet zaměstnanců - pracovních úvazků v agendě matrika celkem POZOR!!! POUZE ZA MATRIKU NE VIDIMACE A LEGALIZACE!!!,dkod,1.68
115,2024,D3.1,Počet zaměstnanců - pracovních úvazků v agendě matrika celkem POZOR!!! POUZE ZA MATRIKU NE VIDIMACE A LEGALIZACE!!!,dkod,1.68
115,2025,D3.1,Počet zaměstnanců - pracovních úvazků v agendě matrika celkem POZOR!!! POUZE ZA MATRIKU NE VIDIMACE A LEGALIZACE!!!,dkod,1.68
115,2010,D3.1.1,Úvazky pracovníků zajišťujících vidimaci a legalizaci ZA ÚŘAD/MAGISTRÁT CELKEM,dkod,1.3
115,2011,D3.1.1,Úvazky pracovníků zajišťujících vidimaci a legalizaci ZA ÚŘAD/MAGISTRÁT CELKEM,dkod,1.195
115,2012,D3.1.1,Úvazky pracovníků zajišťujících vidimaci a legalizaci ZA ÚŘAD/MAGISTRÁT CELKEM,dkod,1.195
115,2013,D3.1.1,Úvazky pracovníků zajišťujících vidimaci a legalizaci ZA ÚŘAD/MAGISTRÁT CELKEM,dkod,1.17
115,2014,D3.1.1,Úvazky pracovníků zajišťujících vidimaci a legalizaci ZA ÚŘAD/MAGISTRÁT CELKEM,dkod,1.17
115,2015,D3.1.1,Úvazky pracovníků zajišťujících vidimaci a legalizaci ZA ÚŘAD/MAGISTRÁT CELKEM,dkod,1.17
115,2016,D3.1.1,Úvazky pracovníků zajišťujících vidimaci a legalizaci ZA ÚŘAD/MAGISTRÁT CELKEM,dkod,0.74
115,2017,D3.1.1,Úvazky pracovníků zajišťujících vidimaci a legalizaci ZA ÚŘAD/MAGISTRÁT CELKEM,dkod,0.74
115,2018,D3.1.1,Úvazky pracovníků zajišťujících vidimaci a legalizaci ZA ÚŘAD/MAGISTRÁT CELKEM,dkod,0.72
115,2019,D3.1.1,Úvazky pracovníků zajišťujících vidimaci a legalizaci ZA ÚŘAD/MAGISTRÁT CELKEM,dkod,0.72
115,2020,D3.1.1,Úvazky pracovníků zajišťujících vidimaci a legalizaci ZA ÚŘAD/MAGISTRÁT CELKEM,dkod,0.72
115,2021,D3.1.1,Úvazky pracovníků zajišťujících vidimaci a legalizaci ZA ÚŘAD/MAGISTRÁT CELKEM,dkod,0.72
115,2022,D3.1.1,Úvazky pracovníků zajišťujících vidimaci a legalizaci ZA ÚŘAD/MAGISTRÁT CELKEM,dkod,0.72
115,2023,D3.1.1,Úvazky pracovníků zajišťujících vidimaci a legalizaci ZA ÚŘAD/MAGISTRÁT CELKEM,dkod,0.72
115,2024,D3.1.1,Úvazky pracovníků zajišťujících vidimaci a legalizaci ZA ÚŘAD/MAGISTRÁT CELKEM,dkod,0.62
115,2025,D3.1.1,Úvazky pracovníků zajišťujících vidimaci a legalizaci ZA ÚŘAD/MAGISTRÁT CELKEM,dkod,0.62
115,2010,D3.2,Vystavení vysvědčení o právní způsobilosti k uzavření manželství či registraci partnerství s cizincem,dkod,8
115,2011,D3.2,Vystavení vysvědčení o právní způsobilosti k uzavření manželství či registraci partnerství s cizincem,dkod,7
115,2012,D3.2,Vystavení vysvědčení o právní způsobilosti k uzavření manželství či registraci partnerství s cizincem,dkod,3
115,2013,D3.2,Vystavení vysvědčení o právní způsobilosti k uzavření manželství či registraci partnerství s cizincem,dkod,12
115,2014,D3.2,Vystavení vysvědčení o právní způsobilosti k uzavření manželství či registraci partnerství s cizincem,dkod,8
115,2015,D3.2,Vystavení vysvědčení o právní způsobilosti k uzavření manželství či registraci partnerství s cizincem,dkod,10
115,2016,D3.2,Vystavení vysvědčení o právní způsobilosti k uzavření manželství či registraci partnerství s cizincem,dkod,6
115,2017,D3.2,Vystavení vysvědčení o právní způsobilosti k uzavření manželství či registraci partnerství s cizincem,dkod,6
115,2018,D3.2,Vystavení vysvědčení o právní způsobilosti k uzavření manželství či registraci partnerství s cizincem,dkod,6
115,2019,D3.2,Vystavení vysvědčení o právní způsobilosti k uzavření manželství či registraci partnerství s cizincem,dkod,12
115,2020,D3.2,Vystavení vysvědčení o právní způsobilosti k uzavření manželství či registraci partnerství s cizincem,dkod,6
115,2021,D3.2,Vystavení vysvědčení o právní způsobilosti k uzavření manželství či registraci partnerství s cizincem,dkod,8
115,2022,D3.2,Vystavení vysvědčení o právní způsobilosti k uzavření manželství či registraci partnerství s cizincem,dkod,5
115,2023,D3.2,Vystavení vysvědčení o právní způsobilosti k uzavření manželství či registraci partnerství s cizincem,dkod,7
115,2024,D3.2,Vystavení vysvědčení o právní způsobilosti k uzavření manželství či registraci partnerství s cizincem,dkod,5
115,2025,D3.2,Vystavení vysvědčení o právní způsobilosti k uzavření manželství či registraci partnerství s cizincem,dkod,10
115,2010,D3.5,Změna jména a příjmení,dkod,9
115,2011,D3.5,Změna jména a příjmení,dkod,16
115,2012,D3.5,Změna jména a příjmení,dkod,12
115,2013,D3.5,Změna jména a příjmení,dkod,10
115,2014,D3.5,Změna jména a příjmení,dkod,9
115,2015,D3.5,Změna jména a příjmení,dkod,14
115,2016,D3.5,Změna jména a příjmení,dkod,9
115,2017,D3.5,Změna jména a příjmení,dkod,14
115,2018,D3.5,Změna jména a příjmení,dkod,9
115,2019,D3.5,Změna jména a příjmení,dkod,12
115,2020,D3.5,Změna jména a příjmení,dkod,11
115,2021,D3.5,Změna jména a příjmení,dkod,10
115,2022,D3.5,Změna jména a příjmení,dkod,15
115,2023,D3.5,Změna jména a příjmení,dkod,16
115,2024,D3.5,Změna jména a příjmení,dkod,5
115,2025,D3.5,Změna jména a příjmení,dkod,5
115,2010,D3.6,Vystavení vícejazyčných standardních formulářů,dkod,
115,2011,D3.6,Vystavení vícejazyčných standardních formulářů,dkod,
115,2012,D3.6,Vystavení vícejazyčných standardních formulářů,dkod,
115,2013,D3.6,Vystavení vícejazyčných standardních formulářů,dkod,
115,2014,D3.6,Vystavení vícejazyčných standardních formulářů,dkod,
115,2015,D3.6,Vystavení vícejazyčných standardních formulářů,dkod,
115,2016,D3.6,Vystavení vícejazyčných standardních formulářů,dkod,
115,2017,D3.6,Vystavení vícejazyčných standardních formulářů,dkod,
115,2018,D3.6,Vystavení vícejazyčných standardních formulářů,dkod,
115,2019,D3.6,Vystavení vícejazyčných standardních formulářů,dkod,4
115,2020,D3.6,Vystavení vícejazyčných standardních formulářů,dkod,7
115,2021,D3.6,Vystavení vícejazyčných standardních formulářů,dkod,11
115,2022,D3.6,Vystavení vícejazyčných standardních formulářů,dkod,6
115,2023,D3.6,Vystavení vícejazyčných standardních formulářů,dkod,8
115,2024,D3.6,Vystavení vícejazyčných standardních formulářů,dkod,3
115,2025,D3.6,Vystavení vícejazyčných standardních formulářů,dkod,9
115,2010,D3.7,"Zpětvzetí příjmení, dopsání druhého jména a příjmení v mužském tvaru",dkod,9
115,2011,D3.7,"Zpětvzetí příjmení, dopsání druhého jména a příjmení v mužském tvaru",dkod,20
115,2012,D3.7,"Zpětvzetí příjmení, dopsání druhého jména a příjmení v mužském tvaru",dkod,11
115,2013,D3.7,"Zpětvzetí příjmení, dopsání druhého jména a příjmení v mužském tvaru",dkod,11
115,2014,D3.7,"Zpětvzetí příjmení, dopsání druhého jména a příjmení v mužském tvaru",dkod,19
115,2015,D3.7,"Zpětvzetí příjmení, dopsání druhého jména a příjmení v mužském tvaru",dkod,10
115,2016,D3.7,"Zpětvzetí příjmení, dopsání druhého jména a příjmení v mužském tvaru",dkod,17
115,2017,D3.7,"Zpětvzetí příjmení, dopsání druhého jména a příjmení v mužském tvaru",dkod,19
115,2018,D3.7,"Zpětvzetí příjmení, dopsání druhého jména a příjmení v mužském tvaru",dkod,14
115,2019,D3.7,"Zpětvzetí příjmení, dopsání druhého jména a příjmení v mužském tvaru",dkod,13
115,2020,D3.7,"Zpětvzetí příjmení, dopsání druhého jména a příjmení v mužském tvaru",dkod,11
115,2021,D3.7,"Zpětvzetí příjmení, dopsání druhého jména a příjmení v mužském tvaru",dkod,8
115,2022,D3.7,"Zpětvzetí příjmení, dopsání druhého jména a příjmení v mužském tvaru",dkod,10
115,2023,D3.7,"Zpětvzetí příjmení, dopsání druhého jména a příjmení v mužském tvaru",dkod,13
115,2024,D3.7,"Zpětvzetí příjmení, dopsání druhého jména a příjmení v mužském tvaru",dkod,17
115,2025,D3.7,"Zpětvzetí příjmení, dopsání druhého jména a příjmení v mužském tvaru",dkod,13
115,2010,D3.8,Žádosti o vystavení dokladů ze Zvláštní matriky Brno,dkod,13
115,2011,D3.8,Žádosti o vystavení dokladů ze Zvláštní matriky Brno,dkod,8
115,2012,D3.8,Žádosti o vystavení dokladů ze Zvláštní matriky Brno,dkod,8
115,2013,D3.8,Žádosti o vystavení dokladů ze Zvláštní matriky Brno,dkod,11
115,2014,D3.8,Žádosti o vystavení dokladů ze Zvláštní matriky Brno,dkod,14
115,2015,D3.8,Žádosti o vystavení dokladů ze Zvláštní matriky Brno,dkod,13
115,2016,D3.8,Žádosti o vystavení dokladů ze Zvláštní matriky Brno,dkod,15
115,2017,D3.8,Žádosti o vystavení dokladů ze Zvláštní matriky Brno,dkod,17
115,2018,D3.8,Žádosti o vystavení dokladů ze Zvláštní matriky Brno,dkod,10
115,2019,D3.8,Žádosti o vystavení dokladů ze Zvláštní matriky Brno,dkod,9
115,2020,D3.8,Žádosti o vystavení dokladů ze Zvláštní matriky Brno,dkod,19
115,2021,D3.8,Žádosti o vystavení dokladů ze Zvláštní matriky Brno,dkod,12
115,2022,D3.8,Žádosti o vystavení dokladů ze Zvláštní matriky Brno,dkod,8
115,2023,D3.8,Žádosti o vystavení dokladů ze Zvláštní matriky Brno,dkod,12
115,2024,D3.8,Žádosti o vystavení dokladů ze Zvláštní matriky Brno,dkod,9
115,2025,D3.8,Žádosti o vystavení dokladů ze Zvláštní matriky Brno,dkod,15
115,2010,D3.9,Vystavení osvědčení pro uzavření sňatku před orgánem církve,dkod,9
115,2011,D3.9,Vystavení osvědčení pro uzavření sňatku před orgánem církve,dkod,8
115,2012,D3.9,Vystavení osvědčení pro uzavření sňatku před orgánem církve,dkod,10
115,2013,D3.9,Vystavení osvědčení pro uzavření sňatku před orgánem církve,dkod,11
115,2014,D3.9,Vystavení osvědčení pro uzavření sňatku před orgánem církve,dkod,7
115,2015,D3.9,Vystavení osvědčení pro uzavření sňatku před orgánem církve,dkod,13
115,2016,D3.9,Vystavení osvědčení pro uzavření sňatku před orgánem církve,dkod,6
115,2017,D3.9,Vystavení osvědčení pro uzavření sňatku před orgánem církve,dkod,12
115,2018,D3.9,Vystavení osvědčení pro uzavření sňatku před orgánem církve,dkod,9
115,2019,D3.9,Vystavení osvědčení pro uzavření sňatku před orgánem církve,dkod,8
115,2020,D3.9,Vystavení osvědčení pro uzavření sňatku před orgánem církve,dkod,4
115,2021,D3.9,Vystavení osvědčení pro uzavření sňatku před orgánem církve,dkod,6
115,2022,D3.9,Vystavení osvědčení pro uzavření sňatku před orgánem církve,dkod,6
115,2023,D3.9,Vystavení osvědčení pro uzavření sňatku před orgánem církve,dkod,7
115,2024,D3.9,Vystavení osvědčení pro uzavření sňatku před orgánem církve,dkod,3
115,2025,D3.9,Vystavení osvědčení pro uzavření sňatku před orgánem církve,dkod,1
115,2010,D3.10,Počet zápisů v knize narození - počet narození,dkod,0
115,2011,D3.10,Počet zápisů v knize narození - počet narození,dkod,0
115,2012,D3.10,Počet zápisů v knize narození - počet narození,dkod,0
115,2013,D3.10,Počet zápisů v knize narození - počet narození,dkod,1
115,2014,D3.10,Počet zápisů v knize narození - počet narození,dkod,0
115,2015,D3.10,Počet zápisů v knize narození - počet narození,dkod,0
115,2016,D3.10,Počet zápisů v knize narození - počet narození,dkod,3
115,2017,D3.10,Počet zápisů v knize narození - počet narození,dkod,3
115,2018,D3.10,Počet zápisů v knize narození - počet narození,dkod,3
115,2019,D3.10,Počet zápisů v knize narození - počet narození,dkod,0
115,2020,D3.10,Počet zápisů v knize narození - počet narození,dkod,2
115,2021,D3.10,Počet zápisů v knize narození - počet narození,dkod,2
115,2022,D3.10,Počet zápisů v knize narození - počet narození,dkod,1
115,2023,D3.10,Počet zápisů v knize narození - počet narození,dkod,0
115,2024,D3.10,Počet zápisů v knize narození - počet narození,dkod,0
115,2025,D3.10,Počet zápisů v knize narození - počet narození,dkod,1
115,2010,D3.11,Počet zápisů v knize manželství,dkod,55
115,2011,D3.11,Počet zápisů v knize manželství,dkod,60
115,2012,D3.11,Počet zápisů v knize manželství,dkod,53
115,2013,D3.11,Počet zápisů v knize manželství,dkod,61
115,2014,D3.11,Počet zápisů v knize manželství,dkod,54
115,2015,D3.11,Počet zápisů v knize manželství,dkod,52
115,2016,D3.11,Počet zápisů v knize manželství,dkod,54
115,2017,D3.11,Počet zápisů v knize manželství,dkod,50
115,2018,D3.11,Počet zápisů v knize manželství,dkod,63
115,2019,D3.11,Počet zápisů v knize manželství,dkod,61
115,2020,D3.11,Počet zápisů v knize manželství,dkod,61
115,2021,D3.11,Počet zápisů v knize manželství,dkod,53
115,2022,D3.11,Počet zápisů v knize manželství,dkod,65
115,2023,D3.11,Počet zápisů v knize manželství,dkod,86
115,2024,D3.11,Počet zápisů v knize manželství,dkod,60
115,2025,D3.11,Počet zápisů v knize manželství,dkod,60
115,2010,D3.11.2,Celkový počet žádostí o uzavření manželství a partnerství mimo stanovenou dobu a místo,dkod,
115,2011,D3.11.2,Celkový počet žádostí o uzavření manželství a partnerství mimo stanovenou dobu a místo,dkod,
115,2012,D3.11.2,Celkový počet žádostí o uzavření manželství a partnerství mimo stanovenou dobu a místo,dkod,
115,2013,D3.11.2,Celkový počet žádostí o uzavření manželství a partnerství mimo stanovenou dobu a místo,dkod,
115,2014,D3.11.2,Celkový počet žádostí o uzavření manželství a partnerství mimo stanovenou dobu a místo,dkod,
115,2015,D3.11.2,Celkový počet žádostí o uzavření manželství a partnerství mimo stanovenou dobu a místo,dkod,
115,2016,D3.11.2,Celkový počet žádostí o uzavření manželství a partnerství mimo stanovenou dobu a místo,dkod,
115,2017,D3.11.2,Celkový počet žádostí o uzavření manželství a partnerství mimo stanovenou dobu a místo,dkod,
115,2018,D3.11.2,Celkový počet žádostí o uzavření manželství a partnerství mimo stanovenou dobu a místo,dkod,
115,2019,D3.11.2,Celkový počet žádostí o uzavření manželství a partnerství mimo stanovenou dobu a místo,dkod,40
115,2020,D3.11.2,Celkový počet žádostí o uzavření manželství a partnerství mimo stanovenou dobu a místo,dkod,32
115,2021,D3.11.2,Celkový počet žádostí o uzavření manželství a partnerství mimo stanovenou dobu a místo,dkod,29
115,2022,D3.11.2,Celkový počet žádostí o uzavření manželství a partnerství mimo stanovenou dobu a místo,dkod,40
115,2023,D3.11.2,Celkový počet žádostí o uzavření manželství a partnerství mimo stanovenou dobu a místo,dkod,52
115,2024,D3.11.2,Celkový počet žádostí o uzavření manželství a partnerství mimo stanovenou dobu a místo,dkod,28
115,2025,D3.11.2,Celkový počet žádostí o uzavření manželství a partnerství mimo stanovenou dobu a místo,dkod,27
115,2010,D3.12,Počet zápisů v knize úmrtí - počet úmrtí,dkod,104
115,2011,D3.12,Počet zápisů v knize úmrtí - počet úmrtí,dkod,80
115,2012,D3.12,Počet zápisů v knize úmrtí - počet úmrtí,dkod,120
115,2013,D3.12,Počet zápisů v knize úmrtí - počet úmrtí,dkod,105
115,2014,D3.12,Počet zápisů v knize úmrtí - počet úmrtí,dkod,120
115,2015,D3.12,Počet zápisů v knize úmrtí - počet úmrtí,dkod,128
115,2016,D3.12,Počet zápisů v knize úmrtí - počet úmrtí,dkod,146
115,2017,D3.12,Počet zápisů v knize úmrtí - počet úmrtí,dkod,131
115,2018,D3.12,Počet zápisů v knize úmrtí - počet úmrtí,dkod,117
115,2019,D3.12,Počet zápisů v knize úmrtí - počet úmrtí,dkod,161
115,2020,D3.12,Počet zápisů v knize úmrtí - počet úmrtí,dkod,168
115,2021,D3.12,Počet zápisů v knize úmrtí - počet úmrtí,dkod,169
115,2022,D3.12,Počet zápisů v knize úmrtí - počet úmrtí,dkod,155
115,2023,D3.12,Počet zápisů v knize úmrtí - počet úmrtí,dkod,144
115,2024,D3.12,Počet zápisů v knize úmrtí - počet úmrtí,dkod,133
115,2025,D3.12,Počet zápisů v knize úmrtí - počet úmrtí,dkod,134
115,2010,D3.13,Počet vyhotovených duplikátů matričních dokladů,dkod,54
115,2011,D3.13,Počet vyhotovených duplikátů matričních dokladů,dkod,49
115,2012,D3.13,Počet vyhotovených duplikátů matričních dokladů,dkod,51
115,2013,D3.13,Počet vyhotovených duplikátů matričních dokladů,dkod,28
115,2014,D3.13,Počet vyhotovených duplikátů matričních dokladů,dkod,40
115,2015,D3.13,Počet vyhotovených duplikátů matričních dokladů,dkod,47
115,2016,D3.13,Počet vyhotovených duplikátů matričních dokladů,dkod,64
115,2017,D3.13,Počet vyhotovených duplikátů matričních dokladů,dkod,48
115,2018,D3.13,Počet vyhotovených duplikátů matričních dokladů,dkod,50
115,2019,D3.13,Počet vyhotovených duplikátů matričních dokladů,dkod,31
115,2020,D3.13,Počet vyhotovených duplikátů matričních dokladů,dkod,37
115,2021,D3.13,Počet vyhotovených duplikátů matričních dokladů,dkod,53
115,2022,D3.13,Počet vyhotovených duplikátů matričních dokladů,dkod,38
115,2023,D3.13,Počet vyhotovených duplikátů matričních dokladů,dkod,43
115,2024,D3.13,Počet vyhotovených duplikátů matričních dokladů,dkod,36
115,2025,D3.13,Počet vyhotovených duplikátů matričních dokladů,dkod,43
115,2010,D3.14,Počet změn v matričních zápisech celkem,dkod,71
115,2011,D3.14,Počet změn v matričních zápisech celkem,dkod,49
115,2012,D3.14,Počet změn v matričních zápisech celkem,dkod,52
115,2013,D3.14,Počet změn v matričních zápisech celkem,dkod,60
115,2014,D3.14,Počet změn v matričních zápisech celkem,dkod,49
115,2015,D3.14,Počet změn v matričních zápisech celkem,dkod,47
115,2016,D3.14,Počet změn v matričních zápisech celkem,dkod,66
115,2017,D3.14,Počet změn v matričních zápisech celkem,dkod,54
115,2018,D3.14,Počet změn v matričních zápisech celkem,dkod,39
115,2019,D3.14,Počet změn v matričních zápisech celkem,dkod,46
115,2020,D3.14,Počet změn v matričních zápisech celkem,dkod,40
115,2021,D3.14,Počet změn v matričních zápisech celkem,dkod,29
115,2022,D3.14,Počet změn v matričních zápisech celkem,dkod,27
115,2023,D3.14,Počet změn v matričních zápisech celkem,dkod,36
115,2024,D3.14,Počet změn v matričních zápisech celkem,dkod,48
115,2025,D3.14,Počet změn v matričních zápisech celkem,dkod,45
115,2010,D3.15,"Počet konzultací a přezkoušení dle Zákona č. 21/2006 Sb., o ověřování",dkod,4
115,2011,D3.15,"Počet konzultací a přezkoušení dle Zákona č. 21/2006 Sb., o ověřování",dkod,0
115,2012,D3.15,"Počet konzultací a přezkoušení dle Zákona č. 21/2006 Sb., o ověřování",dkod,1
115,2013,D3.15,"Počet konzultací a přezkoušení dle Zákona č. 21/2006 Sb., o ověřování",dkod,5
115,2014,D3.15,"Počet konzultací a přezkoušení dle Zákona č. 21/2006 Sb., o ověřování",dkod,0
115,2015,D3.15,"Počet konzultací a přezkoušení dle Zákona č. 21/2006 Sb., o ověřování",dkod,0
115,2016,D3.15,"Počet konzultací a přezkoušení dle Zákona č. 21/2006 Sb., o ověřování",dkod,2
115,2017,D3.15,"Počet konzultací a přezkoušení dle Zákona č. 21/2006 Sb., o ověřování",dkod,4
115,2018,D3.15,"Počet konzultací a přezkoušení dle Zákona č. 21/2006 Sb., o ověřování",dkod,7
115,2019,D3.15,"Počet konzultací a přezkoušení dle Zákona č. 21/2006 Sb., o ověřování",dkod,1
115,2020,D3.15,"Počet konzultací a přezkoušení dle Zákona č. 21/2006 Sb., o ověřování",dkod,3
115,2021,D3.15,"Počet konzultací a přezkoušení dle Zákona č. 21/2006 Sb., o ověřování",dkod,1
115,2022,D3.15,"Počet konzultací a přezkoušení dle Zákona č. 21/2006 Sb., o ověřování",dkod,1
115,2023,D3.15,"Počet konzultací a přezkoušení dle Zákona č. 21/2006 Sb., o ověřování",dkod,4
115,2024,D3.15,"Počet konzultací a přezkoušení dle Zákona č. 21/2006 Sb., o ověřování",dkod,0
115,2025,D3.15,"Počet konzultací a přezkoušení dle Zákona č. 21/2006 Sb., o ověřování",dkod,1
115,2010,D3.16,Vidimace a legalizace - počet případů,dkod,9808
115,2011,D3.16,Vidimace a legalizace - počet případů,dkod,8283
115,2012,D3.16,Vidimace a legalizace - počet případů,dkod,7499
115,2013,D3.16,Vidimace a legalizace - počet případů,dkod,7471
115,2014,D3.16,Vidimace a legalizace - počet případů,dkod,7227
115,2015,D3.16,Vidimace a legalizace - počet případů,dkod,7683
115,2016,D3.16,Vidimace a legalizace - počet případů,dkod,7873
115,2017,D3.16,Vidimace a legalizace - počet případů,dkod,7244
115,2018,D3.16,Vidimace a legalizace - počet případů,dkod,6566
115,2019,D3.16,Vidimace a legalizace - počet případů,dkod,6311
115,2020,D3.16,Vidimace a legalizace - počet případů,dkod,4465
115,2021,D3.16,Vidimace a legalizace - počet případů,dkod,4390
115,2022,D3.16,Vidimace a legalizace - počet případů,dkod,4021
115,2023,D3.16,Vidimace a legalizace - počet případů,dkod,4012
115,2024,D3.16,Vidimace a legalizace - počet případů,dkod,3563
115,2025,D3.16,Vidimace a legalizace - počet případů,dkod,3369
115,2010,D3.17,Počet prominutí předložení stanoveného dokladu,dkod,0
115,2011,D3.17,Počet prominutí předložení stanoveného dokladu,dkod,0
115,2012,D3.17,Počet prominutí předložení stanoveného dokladu,dkod,0
115,2013,D3.17,Počet prominutí předložení stanoveného dokladu,dkod,1
115,2014,D3.17,Počet prominutí předložení stanoveného dokladu,dkod,4
115,2015,D3.17,Počet prominutí předložení stanoveného dokladu,dkod,2
115,2016,D3.17,Počet prominutí předložení stanoveného dokladu,dkod,1
115,2017,D3.17,Počet prominutí předložení stanoveného dokladu,dkod,4
115,2018,D3.17,Počet prominutí předložení stanoveného dokladu,dkod,3
115,2019,D3.17,Počet prominutí předložení stanoveného dokladu,dkod,9
115,2020,D3.17,Počet prominutí předložení stanoveného dokladu,dkod,0
115,2021,D3.17,Počet prominutí předložení stanoveného dokladu,dkod,3
115,2022,D3.17,Počet prominutí předložení stanoveného dokladu,dkod,6
115,2023,D3.17,Počet prominutí předložení stanoveného dokladu,dkod,6
115,2024,D3.17,Počet prominutí předložení stanoveného dokladu,dkod,5
115,2025,D3.17,Počet prominutí předložení stanoveného dokladu,dkod,0
115,2010,D3.18,Počet zápisů o určení otcovství před i po narození dítěte,dkod,0
115,2011,D3.18,Počet zápisů o určení otcovství před i po narození dítěte,dkod,0
115,2012,D3.18,Počet zápisů o určení otcovství před i po narození dítěte,dkod,88
115,2013,D3.18,Počet zápisů o určení otcovství před i po narození dítěte,dkod,105
115,2014,D3.18,Počet zápisů o určení otcovství před i po narození dítěte,dkod,135
115,2015,D3.18,Počet zápisů o určení otcovství před i po narození dítěte,dkod,139
115,2016,D3.18,Počet zápisů o určení otcovství před i po narození dítěte,dkod,129
115,2017,D3.18,Počet zápisů o určení otcovství před i po narození dítěte,dkod,143
115,2018,D3.18,Počet zápisů o určení otcovství před i po narození dítěte,dkod,154
115,2019,D3.18,Počet zápisů o určení otcovství před i po narození dítěte,dkod,130
115,2020,D3.18,Počet zápisů o určení otcovství před i po narození dítěte,dkod,139
115,2021,D3.18,Počet zápisů o určení otcovství před i po narození dítěte,dkod,121
115,2022,D3.18,Počet zápisů o určení otcovství před i po narození dítěte,dkod,122
115,2023,D3.18,Počet zápisů o určení otcovství před i po narození dítěte,dkod,95
115,2024,D3.18,Počet zápisů o určení otcovství před i po narození dítěte,dkod,84
115,2025,D3.18,Počet zápisů o určení otcovství před i po narození dítěte,dkod,90
115,2010,D3.19,Počet tranzicí,dkod,
115,2011,D3.19,Počet tranzicí,dkod,
115,2012,D3.19,Počet tranzicí,dkod,
115,2013,D3.19,Počet tranzicí,dkod,
115,2014,D3.19,Počet tranzicí,dkod,
115,2015,D3.19,Počet tranzicí,dkod,
115,2016,D3.19,Počet tranzicí,dkod,
115,2017,D3.19,Počet tranzicí,dkod,
115,2018,D3.19,Počet tranzicí,dkod,
115,2019,D3.19,Počet tranzicí,dkod,
115,2020,D3.19,Počet tranzicí,dkod,
115,2021,D3.19,Počet tranzicí,dkod,
115,2022,D3.19,Počet tranzicí,dkod,
115,2023,D3.19,Počet tranzicí,dkod,
115,2024,D3.19,Počet tranzicí,dkod,
115,2025,D3.19,Počet tranzicí,dkod,2
115,2010,D3.20,Počet úředních hodin v týdnu,dkod,26
115,2011,D3.20,Počet úředních hodin v týdnu,dkod,29.5
115,2012,D3.20,Počet úředních hodin v týdnu,dkod,26
115,2013,D3.20,Počet úředních hodin v týdnu,dkod,26
115,2014,D3.20,Počet úředních hodin v týdnu,dkod,26
115,2015,D3.20,Počet úředních hodin v týdnu,dkod,26
115,2016,D3.20,Počet úředních hodin v týdnu,dkod,26
115,2017,D3.20,Počet úředních hodin v týdnu,dkod,26
115,2018,D3.20,Počet úředních hodin v týdnu,dkod,26
115,2019,D3.20,Počet úředních hodin v týdnu,dkod,26
115,2020,D3.20,Počet úředních hodin v týdnu,dkod,26
115,2021,D3.20,Počet úředních hodin v týdnu,dkod,26
115,2022,D3.20,Počet úředních hodin v týdnu,dkod,26
115,2023,D3.20,Počet úředních hodin v týdnu,dkod,26
115,2024,D3.20,Počet úředních hodin v týdnu,dkod,26
115,2025,D3.20,Počet úředních hodin v týdnu,dkod,26
115,2010,D3.21,Průměrná čekací doba (v minutách),dkod,6.5
115,2011,D3.21,Průměrná čekací doba (v minutách),dkod,3.58
115,2012,D3.21,Průměrná čekací doba (v minutách),dkod,2.47
115,2013,D3.21,Průměrná čekací doba (v minutách),dkod,2.5
115,2014,D3.21,Průměrná čekací doba (v minutách),dkod,2.57
115,2015,D3.21,Průměrná čekací doba (v minutách),dkod,2.54
115,2016,D3.21,Průměrná čekací doba (v minutách),dkod,2.26
115,2017,D3.21,Průměrná čekací doba (v minutách),dkod,4.16
115,2018,D3.21,Průměrná čekací doba (v minutách),dkod,4.42
115,2019,D3.21,Průměrná čekací doba (v minutách),dkod,4.24
115,2020,D3.21,Průměrná čekací doba (v minutách),dkod,4.5
115,2021,D3.21,Průměrná čekací doba (v minutách),dkod,5.06
115,2022,D3.21,Průměrná čekací doba (v minutách),dkod,5.4
115,2023,D3.21,Průměrná čekací doba (v minutách),dkod,5.13
115,2024,D3.21,Průměrná čekací doba (v minutách),dkod,3.47
115,2025,D3.21,Průměrná čekací doba (v minutách),dkod,3.48
115,2010,D4.1,Počet zaměstnanců - pracovních úvazků v agendě občanské průkazy celkem,dkod,2
115,2011,D4.1,Počet zaměstnanců - pracovních úvazků v agendě občanské průkazy celkem,dkod,2.1
115,2012,D4.1,Počet zaměstnanců - pracovních úvazků v agendě občanské průkazy celkem,dkod,1.95
115,2013,D4.1,Počet zaměstnanců - pracovních úvazků v agendě občanské průkazy celkem,dkod,1.95
115,2014,D4.1,Počet zaměstnanců - pracovních úvazků v agendě občanské průkazy celkem,dkod,1.95
115,2015,D4.1,Počet zaměstnanců - pracovních úvazků v agendě občanské průkazy celkem,dkod,1.95
115,2016,D4.1,Počet zaměstnanců - pracovních úvazků v agendě občanské průkazy celkem,dkod,1.95
115,2017,D4.1,Počet zaměstnanců - pracovních úvazků v agendě občanské průkazy celkem,dkod,1.95
115,2018,D4.1,Počet zaměstnanců - pracovních úvazků v agendě občanské průkazy celkem,dkod,2
115,2019,D4.1,Počet zaměstnanců - pracovních úvazků v agendě občanské průkazy celkem,dkod,2.075
115,2020,D4.1,Počet zaměstnanců - pracovních úvazků v agendě občanské průkazy celkem,dkod,2.075
115,2021,D4.1,Počet zaměstnanců - pracovních úvazků v agendě občanské průkazy celkem,dkod,1.975
115,2022,D4.1,Počet zaměstnanců - pracovních úvazků v agendě občanské průkazy celkem,dkod,1.975
115,2023,D4.1,Počet zaměstnanců - pracovních úvazků v agendě občanské průkazy celkem,dkod,1.975
115,2024,D4.1,Počet zaměstnanců - pracovních úvazků v agendě občanské průkazy celkem,dkod,1.975
115,2025,D4.1,Počet zaměstnanců - pracovních úvazků v agendě občanské průkazy celkem,dkod,1.975
115,2010,D4.2,Počet žádostí o vydání OP,dkod,4430
115,2011,D4.2,Počet žádostí o vydání OP,dkod,5119
115,2012,D4.2,Počet žádostí o vydání OP,dkod,6086
115,2013,D4.2,Počet žádostí o vydání OP,dkod,5500
115,2014,D4.2,Počet žádostí o vydání OP,dkod,5987
115,2015,D4.2,Počet žádostí o vydání OP,dkod,7472
115,2016,D4.2,Počet žádostí o vydání OP,dkod,6332
115,2017,D4.2,Počet žádostí o vydání OP,dkod,6212
115,2018,D4.2,Počet žádostí o vydání OP,dkod,5326
115,2019,D4.2,Počet žádostí o vydání OP,dkod,4325
115,2020,D4.2,Počet žádostí o vydání OP,dkod,3954
115,2021,D4.2,Počet žádostí o vydání OP,dkod,4784
115,2022,D4.2,Počet žádostí o vydání OP,dkod,5883
115,2023,D4.2,Počet žádostí o vydání OP,dkod,5900
115,2024,D4.2,Počet žádostí o vydání OP,dkod,5821
115,2025,D4.2,Počet žádostí o vydání OP,dkod,6299
115,2010,D4.2.1,z toho počet žádostí off line (žádosti nabrané v terénu - imobilní občané),dkod,
115,2011,D4.2.1,z toho počet žádostí off line (žádosti nabrané v terénu - imobilní občané),dkod,
115,2012,D4.2.1,z toho počet žádostí off line (žádosti nabrané v terénu - imobilní občané),dkod,
115,2013,D4.2.1,z toho počet žádostí off line (žádosti nabrané v terénu - imobilní občané),dkod,32
115,2014,D4.2.1,z toho počet žádostí off line (žádosti nabrané v terénu - imobilní občané),dkod,94
115,2015,D4.2.1,z toho počet žádostí off line (žádosti nabrané v terénu - imobilní občané),dkod,195
115,2016,D4.2.1,z toho počet žádostí off line (žádosti nabrané v terénu - imobilní občané),dkod,115
115,2017,D4.2.1,z toho počet žádostí off line (žádosti nabrané v terénu - imobilní občané),dkod,61
115,2018,D4.2.1,z toho počet žádostí off line (žádosti nabrané v terénu - imobilní občané),dkod,53
115,2019,D4.2.1,z toho počet žádostí off line (žádosti nabrané v terénu - imobilní občané),dkod,38
115,2020,D4.2.1,z toho počet žádostí off line (žádosti nabrané v terénu - imobilní občané),dkod,44
115,2021,D4.2.1,z toho počet žádostí off line (žádosti nabrané v terénu - imobilní občané),dkod,62
115,2022,D4.2.1,z toho počet žádostí off line (žádosti nabrané v terénu - imobilní občané),dkod,54
115,2023,D4.2.1,z toho počet žádostí off line (žádosti nabrané v terénu - imobilní občané),dkod,63
115,2024,D4.2.1,z toho počet žádostí off line (žádosti nabrané v terénu - imobilní občané),dkod,99
115,2025,D4.2.1,z toho počet žádostí off line (žádosti nabrané v terénu - imobilní občané),dkod,145
115,2010,D4.4,Počet všech vydaných OP,dkod,4516
115,2011,D4.4,Počet všech vydaných OP,dkod,5394
115,2012,D4.4,Počet všech vydaných OP,dkod,5709
115,2013,D4.4,Počet všech vydaných OP,dkod,5542
115,2014,D4.4,Počet všech vydaných OP,dkod,6382
115,2015,D4.4,Počet všech vydaných OP,dkod,7508
115,2016,D4.4,Počet všech vydaných OP,dkod,6370
115,2017,D4.4,Počet všech vydaných OP,dkod,6369
115,2018,D4.4,Počet všech vydaných OP,dkod,5521
115,2019,D4.4,Počet všech vydaných OP,dkod,4327
115,2020,D4.4,Počet všech vydaných OP,dkod,3892
115,2021,D4.4,Počet všech vydaných OP,dkod,4813
115,2022,D4.4,Počet všech vydaných OP,dkod,5842
115,2023,D4.4,Počet všech vydaných OP,dkod,5845
115,2024,D4.4,Počet všech vydaných OP,dkod,5452
115,2025,D4.4,Počet všech vydaných OP,dkod,6321
115,2010,D4.5,Počet VŠECH řešených přestupků DLE ZÁKONA 269/2021 Sb.,dkod,
115,2011,D4.5,Počet VŠECH řešených přestupků DLE ZÁKONA 269/2021 Sb.,dkod,
115,2012,D4.5,Počet VŠECH řešených přestupků DLE ZÁKONA 269/2021 Sb.,dkod,
115,2013,D4.5,Počet VŠECH řešených přestupků DLE ZÁKONA 269/2021 Sb.,dkod,
115,2014,D4.5,Počet VŠECH řešených přestupků DLE ZÁKONA 269/2021 Sb.,dkod,
115,2015,D4.5,Počet VŠECH řešených přestupků DLE ZÁKONA 269/2021 Sb.,dkod,
115,2016,D4.5,Počet VŠECH řešených přestupků DLE ZÁKONA 269/2021 Sb.,dkod,
115,2017,D4.5,Počet VŠECH řešených přestupků DLE ZÁKONA 269/2021 Sb.,dkod,
115,2018,D4.5,Počet VŠECH řešených přestupků DLE ZÁKONA 269/2021 Sb.,dkod,519
115,2019,D4.5,Počet VŠECH řešených přestupků DLE ZÁKONA 269/2021 Sb.,dkod,468
115,2020,D4.5,Počet VŠECH řešených přestupků DLE ZÁKONA 269/2021 Sb.,dkod,142
115,2021,D4.5,Počet VŠECH řešených přestupků DLE ZÁKONA 269/2021 Sb.,dkod,106
115,2022,D4.5,Počet VŠECH řešených přestupků DLE ZÁKONA 269/2021 Sb.,dkod,114
115,2023,D4.5,Počet VŠECH řešených přestupků DLE ZÁKONA 269/2021 Sb.,dkod,138
115,2024,D4.5,Počet VŠECH řešených přestupků DLE ZÁKONA 269/2021 Sb.,dkod,156
115,2025,D4.5,Počet VŠECH řešených přestupků DLE ZÁKONA 269/2021 Sb.,dkod,153
115,2010,D4.6,z toho počet přestupků vyřízených v PŘÍKAZNÍM řízení na místě DLE ZÁKONA 269/2021 Sb.,dkod,
115,2011,D4.6,z toho počet přestupků vyřízených v PŘÍKAZNÍM řízení na místě DLE ZÁKONA 269/2021 Sb.,dkod,
115,2012,D4.6,z toho počet přestupků vyřízených v PŘÍKAZNÍM řízení na místě DLE ZÁKONA 269/2021 Sb.,dkod,
115,2013,D4.6,z toho počet přestupků vyřízených v PŘÍKAZNÍM řízení na místě DLE ZÁKONA 269/2021 Sb.,dkod,
115,2014,D4.6,z toho počet přestupků vyřízených v PŘÍKAZNÍM řízení na místě DLE ZÁKONA 269/2021 Sb.,dkod,
115,2015,D4.6,z toho počet přestupků vyřízených v PŘÍKAZNÍM řízení na místě DLE ZÁKONA 269/2021 Sb.,dkod,
115,2016,D4.6,z toho počet přestupků vyřízených v PŘÍKAZNÍM řízení na místě DLE ZÁKONA 269/2021 Sb.,dkod,
115,2017,D4.6,z toho počet přestupků vyřízených v PŘÍKAZNÍM řízení na místě DLE ZÁKONA 269/2021 Sb.,dkod,364
115,2018,D4.6,z toho počet přestupků vyřízených v PŘÍKAZNÍM řízení na místě DLE ZÁKONA 269/2021 Sb.,dkod,331
115,2019,D4.6,z toho počet přestupků vyřízených v PŘÍKAZNÍM řízení na místě DLE ZÁKONA 269/2021 Sb.,dkod,270
115,2020,D4.6,z toho počet přestupků vyřízených v PŘÍKAZNÍM řízení na místě DLE ZÁKONA 269/2021 Sb.,dkod,134
115,2021,D4.6,z toho počet přestupků vyřízených v PŘÍKAZNÍM řízení na místě DLE ZÁKONA 269/2021 Sb.,dkod,101
115,2022,D4.6,z toho počet přestupků vyřízených v PŘÍKAZNÍM řízení na místě DLE ZÁKONA 269/2021 Sb.,dkod,113
115,2023,D4.6,z toho počet přestupků vyřízených v PŘÍKAZNÍM řízení na místě DLE ZÁKONA 269/2021 Sb.,dkod,138
115,2024,D4.6,z toho počet přestupků vyřízených v PŘÍKAZNÍM řízení na místě DLE ZÁKONA 269/2021 Sb.,dkod,155
115,2025,D4.6,z toho počet přestupků vyřízených v PŘÍKAZNÍM řízení na místě DLE ZÁKONA 269/2021 Sb.,dkod,152
115,2010,D4.6.1,Objem uložených pokut v tis. Kč,dkod,
115,2011,D4.6.1,Objem uložených pokut v tis. Kč,dkod,
115,2012,D4.6.1,Objem uložených pokut v tis. Kč,dkod,
115,2013,D4.6.1,Objem uložených pokut v tis. Kč,dkod,
115,2014,D4.6.1,Objem uložených pokut v tis. Kč,dkod,
115,2015,D4.6.1,Objem uložených pokut v tis. Kč,dkod,
115,2016,D4.6.1,Objem uložených pokut v tis. Kč,dkod,
115,2017,D4.6.1,Objem uložených pokut v tis. Kč,dkod,51
115,2018,D4.6.1,Objem uložených pokut v tis. Kč,dkod,47.7
115,2019,D4.6.1,Objem uložených pokut v tis. Kč,dkod,40
115,2020,D4.6.1,Objem uložených pokut v tis. Kč,dkod,21.3
115,2021,D4.6.1,Objem uložených pokut v tis. Kč,dkod,13.5
115,2022,D4.6.1,Objem uložených pokut v tis. Kč,dkod,14.1
115,2023,D4.6.1,Objem uložených pokut v tis. Kč,dkod,16.1
115,2024,D4.6.1,Objem uložených pokut v tis. Kč,dkod,16.8
115,2025,D4.6.1,Objem uložených pokut v tis. Kč,dkod,16.1
115,2010,D4.7,Průměrná čekací doba (v minutách),dkod,3.46
115,2011,D4.7,Průměrná čekací doba (v minutách),dkod,4.41
115,2012,D4.7,Průměrná čekací doba (v minutách),dkod,10.55
115,2013,D4.7,Průměrná čekací doba (v minutách),dkod,7.28
115,2014,D4.7,Průměrná čekací doba (v minutách),dkod,5.29
115,2015,D4.7,Průměrná čekací doba (v minutách),dkod,7.51
115,2016,D4.7,Průměrná čekací doba (v minutách),dkod,5.3
115,2017,D4.7,Průměrná čekací doba (v minutách),dkod,7.31
115,2018,D4.7,Průměrná čekací doba (v minutách),dkod,4.59
115,2019,D4.7,Průměrná čekací doba (v minutách),dkod,3.41
115,2020,D4.7,Průměrná čekací doba (v minutách),dkod,2.5
115,2021,D4.7,Průměrná čekací doba (v minutách),dkod,2.21
115,2022,D4.7,Průměrná čekací doba (v minutách),dkod,4.22
115,2023,D4.7,Průměrná čekací doba (v minutách),dkod,3.46
115,2024,D4.7,Průměrná čekací doba (v minutách),dkod,2.57
115,2025,D4.7,Průměrná čekací doba (v minutách),dkod,2.31
115,2010,D4.8,Počet úředních hodin v týdnu,dkod,26
115,2011,D4.8,Počet úředních hodin v týdnu,dkod,26
115,2012,D4.8,Počet úředních hodin v týdnu,dkod,26
115,2013,D4.8,Počet úředních hodin v týdnu,dkod,26
115,2014,D4.8,Počet úředních hodin v týdnu,dkod,26
115,2015,D4.8,Počet úředních hodin v týdnu,dkod,26
115,2016,D4.8,Počet úředních hodin v týdnu,dkod,26
115,2017,D4.8,Počet úředních hodin v týdnu,dkod,26
115,2018,D4.8,Počet úředních hodin v týdnu,dkod,26
115,2019,D4.8,Počet úředních hodin v týdnu,dkod,26
115,2020,D4.8,Počet úředních hodin v týdnu,dkod,26
115,2021,D4.8,Počet úředních hodin v týdnu,dkod,26
115,2022,D4.8,Počet úředních hodin v týdnu,dkod,26
115,2023,D4.8,Počet úředních hodin v týdnu,dkod,26
115,2024,D4.8,Počet úředních hodin v týdnu,dkod,26
115,2025,D4.8,Počet úředních hodin v týdnu,dkod,26
115,2010,D4.9,Příjmy ze správních poplatků v tis. Kč,dkod,
115,2011,D4.9,Příjmy ze správních poplatků v tis. Kč,dkod,
115,2012,D4.9,Příjmy ze správních poplatků v tis. Kč,dkod,
115,2013,D4.9,Příjmy ze správních poplatků v tis. Kč,dkod,
115,2014,D4.9,Příjmy ze správních poplatků v tis. Kč,dkod,
115,2015,D4.9,Příjmy ze správních poplatků v tis. Kč,dkod,
115,2016,D4.9,Příjmy ze správních poplatků v tis. Kč,dkod,
115,2017,D4.9,Příjmy ze správních poplatků v tis. Kč,dkod,20
115,2018,D4.9,Příjmy ze správních poplatků v tis. Kč,dkod,20
115,2019,D4.9,Příjmy ze správních poplatků v tis. Kč,dkod,150
115,2020,D4.9,Příjmy ze správních poplatků v tis. Kč,dkod,120
115,2021,D4.9,Příjmy ze správních poplatků v tis. Kč,dkod,213.5
115,2022,D4.9,Příjmy ze správních poplatků v tis. Kč,dkod,328
115,2023,D4.9,Příjmy ze správních poplatků v tis. Kč,dkod,390.5
115,2024,D4.9,Příjmy ze správních poplatků v tis. Kč,dkod,330
115,2025,D4.9,Příjmy ze správních poplatků v tis. Kč,dkod,259.3
115,2010,D5.1,Počet žádostí celkem,dkod,1416
115,2011,D5.1,Počet žádostí celkem,dkod,2436
115,2012,D5.1,Počet žádostí celkem,dkod,3094
115,2013,D5.1,Počet žádostí celkem,dkod,2052
115,2014,D5.1,Počet žádostí celkem,dkod,2547
115,2015,D5.1,Počet žádostí celkem,dkod,2703
115,2016,D5.1,Počet žádostí celkem,dkod,2627
115,2017,D5.1,Počet žádostí celkem,dkod,3332
115,2018,D5.1,Počet žádostí celkem,dkod,2673
115,2019,D5.1,Počet žádostí celkem,dkod,2154
115,2020,D5.1,Počet žádostí celkem,dkod,996
115,2021,D5.1,Počet žádostí celkem,dkod,1415
115,2022,D5.1,Počet žádostí celkem,dkod,4079
115,2023,D5.1,Počet žádostí celkem,dkod,3385
115,2024,D5.1,Počet žádostí celkem,dkod,3428
115,2025,D5.1,Počet žádostí celkem,dkod,3008
115,2010,D5.2,Počet vydaných pasů,dkod,1430
115,2011,D5.2,Počet vydaných pasů,dkod,2390
115,2012,D5.2,Počet vydaných pasů,dkod,3084
115,2013,D5.2,Počet vydaných pasů,dkod,2052
115,2014,D5.2,Počet vydaných pasů,dkod,2575
115,2015,D5.2,Počet vydaných pasů,dkod,2800
115,2016,D5.2,Počet vydaných pasů,dkod,2662
115,2017,D5.2,Počet vydaných pasů,dkod,3453
115,2018,D5.2,Počet vydaných pasů,dkod,2661
115,2019,D5.2,Počet vydaných pasů,dkod,2173
115,2020,D5.2,Počet vydaných pasů,dkod,979
115,2021,D5.2,Počet vydaných pasů,dkod,1402
115,2022,D5.2,Počet vydaných pasů,dkod,3908
115,2023,D5.2,Počet vydaných pasů,dkod,3130
115,2024,D5.2,Počet vydaných pasů,dkod,3332
115,2025,D5.2,Počet vydaných pasů,dkod,3005
115,2010,D5.3,Počet VŠECH řešených přestupků DLE ZÁKONA 329/1999 Sb.,dkod,
115,2011,D5.3,Počet VŠECH řešených přestupků DLE ZÁKONA 329/1999 Sb.,dkod,
115,2012,D5.3,Počet VŠECH řešených přestupků DLE ZÁKONA 329/1999 Sb.,dkod,
115,2013,D5.3,Počet VŠECH řešených přestupků DLE ZÁKONA 329/1999 Sb.,dkod,
115,2014,D5.3,Počet VŠECH řešených přestupků DLE ZÁKONA 329/1999 Sb.,dkod,
115,2015,D5.3,Počet VŠECH řešených přestupků DLE ZÁKONA 329/1999 Sb.,dkod,
115,2016,D5.3,Počet VŠECH řešených přestupků DLE ZÁKONA 329/1999 Sb.,dkod,
115,2017,D5.3,Počet VŠECH řešených přestupků DLE ZÁKONA 329/1999 Sb.,dkod,
115,2018,D5.3,Počet VŠECH řešených přestupků DLE ZÁKONA 329/1999 Sb.,dkod,27
115,2019,D5.3,Počet VŠECH řešených přestupků DLE ZÁKONA 329/1999 Sb.,dkod,27
115,2020,D5.3,Počet VŠECH řešených přestupků DLE ZÁKONA 329/1999 Sb.,dkod,17
115,2021,D5.3,Počet VŠECH řešených přestupků DLE ZÁKONA 329/1999 Sb.,dkod,8
115,2022,D5.3,Počet VŠECH řešených přestupků DLE ZÁKONA 329/1999 Sb.,dkod,17
115,2023,D5.3,Počet VŠECH řešených přestupků DLE ZÁKONA 329/1999 Sb.,dkod,23
115,2024,D5.3,Počet VŠECH řešených přestupků DLE ZÁKONA 329/1999 Sb.,dkod,21
115,2025,D5.3,Počet VŠECH řešených přestupků DLE ZÁKONA 329/1999 Sb.,dkod,13
115,2010,D5.3.1,z toho počet přestupků vyřízených v PŘÍKAZNÍM řízení na místě DLE ZÁKONA 329/1999 Sb.,dkod,
115,2011,D5.3.1,z toho počet přestupků vyřízených v PŘÍKAZNÍM řízení na místě DLE ZÁKONA 329/1999 Sb.,dkod,
115,2012,D5.3.1,z toho počet přestupků vyřízených v PŘÍKAZNÍM řízení na místě DLE ZÁKONA 329/1999 Sb.,dkod,
115,2013,D5.3.1,z toho počet přestupků vyřízených v PŘÍKAZNÍM řízení na místě DLE ZÁKONA 329/1999 Sb.,dkod,
115,2014,D5.3.1,z toho počet přestupků vyřízených v PŘÍKAZNÍM řízení na místě DLE ZÁKONA 329/1999 Sb.,dkod,
115,2015,D5.3.1,z toho počet přestupků vyřízených v PŘÍKAZNÍM řízení na místě DLE ZÁKONA 329/1999 Sb.,dkod,
115,2016,D5.3.1,z toho počet přestupků vyřízených v PŘÍKAZNÍM řízení na místě DLE ZÁKONA 329/1999 Sb.,dkod,
115,2017,D5.3.1,z toho počet přestupků vyřízených v PŘÍKAZNÍM řízení na místě DLE ZÁKONA 329/1999 Sb.,dkod,26
115,2018,D5.3.1,z toho počet přestupků vyřízených v PŘÍKAZNÍM řízení na místě DLE ZÁKONA 329/1999 Sb.,dkod,25
115,2019,D5.3.1,z toho počet přestupků vyřízených v PŘÍKAZNÍM řízení na místě DLE ZÁKONA 329/1999 Sb.,dkod,26
115,2020,D5.3.1,z toho počet přestupků vyřízených v PŘÍKAZNÍM řízení na místě DLE ZÁKONA 329/1999 Sb.,dkod,17
115,2021,D5.3.1,z toho počet přestupků vyřízených v PŘÍKAZNÍM řízení na místě DLE ZÁKONA 329/1999 Sb.,dkod,8
115,2022,D5.3.1,z toho počet přestupků vyřízených v PŘÍKAZNÍM řízení na místě DLE ZÁKONA 329/1999 Sb.,dkod,17
115,2023,D5.3.1,z toho počet přestupků vyřízených v PŘÍKAZNÍM řízení na místě DLE ZÁKONA 329/1999 Sb.,dkod,22
115,2024,D5.3.1,z toho počet přestupků vyřízených v PŘÍKAZNÍM řízení na místě DLE ZÁKONA 329/1999 Sb.,dkod,21
115,2025,D5.3.1,z toho počet přestupků vyřízených v PŘÍKAZNÍM řízení na místě DLE ZÁKONA 329/1999 Sb.,dkod,12
115,2010,D5.4,Objem uložených pokut v tis. Kč,dkod,
115,2011,D5.4,Objem uložených pokut v tis. Kč,dkod,
115,2012,D5.4,Objem uložených pokut v tis. Kč,dkod,
115,2013,D5.4,Objem uložených pokut v tis. Kč,dkod,
115,2014,D5.4,Objem uložených pokut v tis. Kč,dkod,
115,2015,D5.4,Objem uložených pokut v tis. Kč,dkod,
115,2016,D5.4,Objem uložených pokut v tis. Kč,dkod,
115,2017,D5.4,Objem uložených pokut v tis. Kč,dkod,2.6
115,2018,D5.4,Objem uložených pokut v tis. Kč,dkod,2.5
115,2019,D5.4,Objem uložených pokut v tis. Kč,dkod,2.6
115,2020,D5.4,Objem uložených pokut v tis. Kč,dkod,1.7
115,2021,D5.4,Objem uložených pokut v tis. Kč,dkod,0.8
115,2022,D5.4,Objem uložených pokut v tis. Kč,dkod,1.9
115,2023,D5.4,Objem uložených pokut v tis. Kč,dkod,2.4
115,2024,D5.4,Objem uložených pokut v tis. Kč,dkod,2
115,2025,D5.4,Objem uložených pokut v tis. Kč,dkod,1200
115,2010,D5.5,Průměrná čekací doba (v minutách),dkod,5.06
115,2011,D5.5,Průměrná čekací doba (v minutách),dkod,4.41
115,2012,D5.5,Průměrná čekací doba (v minutách),dkod,10.55
115,2013,D5.5,Průměrná čekací doba (v minutách),dkod,7.28
115,2014,D5.5,Průměrná čekací doba (v minutách),dkod,5.37
115,2015,D5.5,Průměrná čekací doba (v minutách),dkod,7.54
115,2016,D5.5,Průměrná čekací doba (v minutách),dkod,5.56
115,2017,D5.5,Průměrná čekací doba (v minutách),dkod,8.33
115,2018,D5.5,Průměrná čekací doba (v minutách),dkod,4.59
115,2019,D5.5,Průměrná čekací doba (v minutách),dkod,3.41
115,2020,D5.5,Průměrná čekací doba (v minutách),dkod,2.5
115,2021,D5.5,Průměrná čekací doba (v minutách),dkod,2.29
115,2022,D5.5,Průměrná čekací doba (v minutách),dkod,5.1
115,2023,D5.5,Průměrná čekací doba (v minutách),dkod,3.46
115,2024,D5.5,Průměrná čekací doba (v minutách),dkod,2.57
115,2025,D5.5,Průměrná čekací doba (v minutách),dkod,2.31
115,2010,D5.6,Počet zaměstnanců - pracovních úvazků v agendě cestovní doklady celkem,dkod,2
115,2011,D5.6,Počet zaměstnanců - pracovních úvazků v agendě cestovní doklady celkem,dkod,2.05
115,2012,D5.6,Počet zaměstnanců - pracovních úvazků v agendě cestovní doklady celkem,dkod,1.95
115,2013,D5.6,Počet zaměstnanců - pracovních úvazků v agendě cestovní doklady celkem,dkod,1.95
115,2014,D5.6,Počet zaměstnanců - pracovních úvazků v agendě cestovní doklady celkem,dkod,1.95
115,2015,D5.6,Počet zaměstnanců - pracovních úvazků v agendě cestovní doklady celkem,dkod,1.95
115,2016,D5.6,Počet zaměstnanců - pracovních úvazků v agendě cestovní doklady celkem,dkod,1.95
115,2017,D5.6,Počet zaměstnanců - pracovních úvazků v agendě cestovní doklady celkem,dkod,1.95
115,2018,D5.6,Počet zaměstnanců - pracovních úvazků v agendě cestovní doklady celkem,dkod,2
115,2019,D5.6,Počet zaměstnanců - pracovních úvazků v agendě cestovní doklady celkem,dkod,2.05
115,2020,D5.6,Počet zaměstnanců - pracovních úvazků v agendě cestovní doklady celkem,dkod,2.05
115,2021,D5.6,Počet zaměstnanců - pracovních úvazků v agendě cestovní doklady celkem,dkod,1.95
115,2022,D5.6,Počet zaměstnanců - pracovních úvazků v agendě cestovní doklady celkem,dkod,1.95
115,2023,D5.6,Počet zaměstnanců - pracovních úvazků v agendě cestovní doklady celkem,dkod,1.95
115,2024,D5.6,Počet zaměstnanců - pracovních úvazků v agendě cestovní doklady celkem,dkod,1.95
115,2025,D5.6,Počet zaměstnanců - pracovních úvazků v agendě cestovní doklady celkem,dkod,1.95
115,2010,D5.7,Počet úředních hodin v týdnu,dkod,26
115,2011,D5.7,Počet úředních hodin v týdnu,dkod,26
115,2012,D5.7,Počet úředních hodin v týdnu,dkod,26
115,2013,D5.7,Počet úředních hodin v týdnu,dkod,26
115,2014,D5.7,Počet úředních hodin v týdnu,dkod,26
115,2015,D5.7,Počet úředních hodin v týdnu,dkod,26
115,2016,D5.7,Počet úředních hodin v týdnu,dkod,26
115,2017,D5.7,Počet úředních hodin v týdnu,dkod,26
115,2018,D5.7,Počet úředních hodin v týdnu,dkod,26
115,2019,D5.7,Počet úředních hodin v týdnu,dkod,26
115,2020,D5.7,Počet úředních hodin v týdnu,dkod,26
115,2021,D5.7,Počet úředních hodin v týdnu,dkod,26
115,2022,D5.7,Počet úředních hodin v týdnu,dkod,26
115,2023,D5.7,Počet úředních hodin v týdnu,dkod,26
115,2024,D5.7,Počet úředních hodin v týdnu,dkod,26
115,2025,D5.7,Počet úředních hodin v týdnu,dkod,26
115,2010,D5.8,Příjmy ze správních poplatků v tis. Kč,dkod,
115,2011,D5.8,Příjmy ze správních poplatků v tis. Kč,dkod,
115,2012,D5.8,Příjmy ze správních poplatků v tis. Kč,dkod,
115,2013,D5.8,Příjmy ze správních poplatků v tis. Kč,dkod,
115,2014,D5.8,Příjmy ze správních poplatků v tis. Kč,dkod,
115,2015,D5.8,Příjmy ze správních poplatků v tis. Kč,dkod,
115,2016,D5.8,Příjmy ze správních poplatků v tis. Kč,dkod,
115,2017,D5.8,Příjmy ze správních poplatků v tis. Kč,dkod,1655
115,2018,D5.8,Příjmy ze správních poplatků v tis. Kč,dkod,1403.7
115,2019,D5.8,Příjmy ze správních poplatků v tis. Kč,dkod,1101.4
115,2020,D5.8,Příjmy ze správních poplatků v tis. Kč,dkod,431.5
115,2021,D5.8,Příjmy ze správních poplatků v tis. Kč,dkod,673.3
115,2022,D5.8,Příjmy ze správních poplatků v tis. Kč,dkod,1948
115,2023,D5.8,Příjmy ze správních poplatků v tis. Kč,dkod,1590.7
115,2024,D5.8,Příjmy ze správních poplatků v tis. Kč,dkod,1783
115,2025,D5.8,Příjmy ze správních poplatků v tis. Kč,dkod,1607
115,2010,D6.1,Fyzický počet zaměstnanců obce zařazených v obecním úřadě,dkod,183
115,2011,D6.1,Fyzický počet zaměstnanců obce zařazených v obecním úřadě,dkod,185
115,2012,D6.1,Fyzický počet zaměstnanců obce zařazených v obecním úřadě,dkod,173
115,2013,D6.1,Fyzický počet zaměstnanců obce zařazených v obecním úřadě,dkod,175
115,2014,D6.1,Fyzický počet zaměstnanců obce zařazených v obecním úřadě,dkod,175
115,2015,D6.1,Fyzický počet zaměstnanců obce zařazených v obecním úřadě,dkod,174
115,2016,D6.1,Fyzický počet zaměstnanců obce zařazených v obecním úřadě,dkod,174
115,2017,D6.1,Fyzický počet zaměstnanců obce zařazených v obecním úřadě,dkod,177
115,2018,D6.1,Fyzický počet zaměstnanců obce zařazených v obecním úřadě,dkod,181
115,2019,D6.1,Fyzický počet zaměstnanců obce zařazených v obecním úřadě,dkod,191
115,2020,D6.1,Fyzický počet zaměstnanců obce zařazených v obecním úřadě,dkod,190
115,2021,D6.1,Fyzický počet zaměstnanců obce zařazených v obecním úřadě,dkod,190
115,2022,D6.1,Fyzický počet zaměstnanců obce zařazených v obecním úřadě,dkod,191
115,2023,D6.1,Fyzický počet zaměstnanců obce zařazených v obecním úřadě,dkod,191
115,2024,D6.1,Fyzický počet zaměstnanců obce zařazených v obecním úřadě,dkod,192
115,2025,D6.1,Fyzický počet zaměstnanců obce zařazených v obecním úřadě,dkod,199
115,2010,D6.1.1,Počet žen,dkod,135
115,2011,D6.1.1,Počet žen,dkod,136
115,2012,D6.1.1,Počet žen,dkod,125
115,2013,D6.1.1,Počet žen,dkod,126
115,2014,D6.1.1,Počet žen,dkod,126
115,2015,D6.1.1,Počet žen,dkod,126
115,2016,D6.1.1,Počet žen,dkod,126
115,2017,D6.1.1,Počet žen,dkod,127
115,2018,D6.1.1,Počet žen,dkod,132
115,2019,D6.1.1,Počet žen,dkod,149
115,2020,D6.1.1,Počet žen,dkod,146
115,2021,D6.1.1,Počet žen,dkod,150
115,2022,D6.1.1,Počet žen,dkod,149
115,2023,D6.1.1,Počet žen,dkod,150
115,2024,D6.1.1,Počet žen,dkod,150
115,2025,D6.1.1,Počet žen,dkod,156
115,2010,D6.1.2,Počet mužů,dkod,48
115,2011,D6.1.2,Počet mužů,dkod,49
115,2012,D6.1.2,Počet mužů,dkod,48
115,2013,D6.1.2,Počet mužů,dkod,49
115,2014,D6.1.2,Počet mužů,dkod,49
115,2015,D6.1.2,Počet mužů,dkod,48
115,2016,D6.1.2,Počet mužů,dkod,48
115,2017,D6.1.2,Počet mužů,dkod,50
115,2018,D6.1.2,Počet mužů,dkod,49
115,2019,D6.1.2,Počet mužů,dkod,42
115,2020,D6.1.2,Počet mužů,dkod,44
115,2021,D6.1.2,Počet mužů,dkod,40
115,2022,D6.1.2,Počet mužů,dkod,42
115,2023,D6.1.2,Počet mužů,dkod,41
115,2024,D6.1.2,Počet mužů,dkod,42
115,2025,D6.1.2,Počet mužů,dkod,43
115,2010,D6.1.3.1,Počet zaměstnanců ve věku do 30 let,dkod,24
115,2011,D6.1.3.1,Počet zaměstnanců ve věku do 30 let,dkod,25
115,2012,D6.1.3.1,Počet zaměstnanců ve věku do 30 let,dkod,16
115,2013,D6.1.3.1,Počet zaměstnanců ve věku do 30 let,dkod,16
115,2014,D6.1.3.1,Počet zaměstnanců ve věku do 30 let,dkod,18
115,2015,D6.1.3.1,Počet zaměstnanců ve věku do 30 let,dkod,15
115,2016,D6.1.3.1,Počet zaměstnanců ve věku do 30 let,dkod,18
115,2017,D6.1.3.1,Počet zaměstnanců ve věku do 30 let,dkod,11
115,2018,D6.1.3.1,Počet zaměstnanců ve věku do 30 let,dkod,13
115,2019,D6.1.3.1,Počet zaměstnanců ve věku do 30 let,dkod,10
115,2020,D6.1.3.1,Počet zaměstnanců ve věku do 30 let,dkod,10
115,2021,D6.1.3.1,Počet zaměstnanců ve věku do 30 let,dkod,8
115,2022,D6.1.3.1,Počet zaměstnanců ve věku do 30 let,dkod,5
115,2023,D6.1.3.1,Počet zaměstnanců ve věku do 30 let,dkod,3
115,2024,D6.1.3.1,Počet zaměstnanců ve věku do 30 let,dkod,2
115,2025,D6.1.3.1,Počet zaměstnanců ve věku do 30 let,dkod,3
115,2010,D6.1.3.2,Počet zaměstnanců ve věku 31 - 50 let,dkod,119
115,2011,D6.1.3.2,Počet zaměstnanců ve věku 31 - 50 let,dkod,120
115,2012,D6.1.3.2,Počet zaměstnanců ve věku 31 - 50 let,dkod,112
115,2013,D6.1.3.2,Počet zaměstnanců ve věku 31 - 50 let,dkod,114
115,2014,D6.1.3.2,Počet zaměstnanců ve věku 31 - 50 let,dkod,115
115,2015,D6.1.3.2,Počet zaměstnanců ve věku 31 - 50 let,dkod,117
115,2016,D6.1.3.2,Počet zaměstnanců ve věku 31 - 50 let,dkod,114
115,2017,D6.1.3.2,Počet zaměstnanců ve věku 31 - 50 let,dkod,93
115,2018,D6.1.3.2,Počet zaměstnanců ve věku 31 - 50 let,dkod,101
115,2019,D6.1.3.2,Počet zaměstnanců ve věku 31 - 50 let,dkod,100
115,2020,D6.1.3.2,Počet zaměstnanců ve věku 31 - 50 let,dkod,95
115,2021,D6.1.3.2,Počet zaměstnanců ve věku 31 - 50 let,dkod,97
115,2022,D6.1.3.2,Počet zaměstnanců ve věku 31 - 50 let,dkod,99
115,2023,D6.1.3.2,Počet zaměstnanců ve věku 31 - 50 let,dkod,99
115,2024,D6.1.3.2,Počet zaměstnanců ve věku 31 - 50 let,dkod,99
115,2025,D6.1.3.2,Počet zaměstnanců ve věku 31 - 50 let,dkod,106
115,2010,D6.1.3.3,Počet zaměstnanců ve věku 51-60 let,dkod,37
115,2011,D6.1.3.3,Počet zaměstnanců ve věku 51-60 let,dkod,37
115,2012,D6.1.3.3,Počet zaměstnanců ve věku 51-60 let,dkod,42
115,2013,D6.1.3.3,Počet zaměstnanců ve věku 51-60 let,dkod,44
115,2014,D6.1.3.3,Počet zaměstnanců ve věku 51-60 let,dkod,41
115,2015,D6.1.3.3,Počet zaměstnanců ve věku 51-60 let,dkod,39
115,2016,D6.1.3.3,Počet zaměstnanců ve věku 51-60 let,dkod,37
115,2017,D6.1.3.3,Počet zaměstnanců ve věku 51-60 let,dkod,56
115,2018,D6.1.3.3,Počet zaměstnanců ve věku 51-60 let,dkod,51
115,2019,D6.1.3.3,Počet zaměstnanců ve věku 51-60 let,dkod,64
115,2020,D6.1.3.3,Počet zaměstnanců ve věku 51-60 let,dkod,67
115,2021,D6.1.3.3,Počet zaměstnanců ve věku 51-60 let,dkod,68
115,2022,D6.1.3.3,Počet zaměstnanců ve věku 51-60 let,dkod,67
115,2023,D6.1.3.3,Počet zaměstnanců ve věku 51-60 let,dkod,65
115,2024,D6.1.3.3,Počet zaměstnanců ve věku 51-60 let,dkod,63
115,2025,D6.1.3.3,Počet zaměstnanců ve věku 51-60 let,dkod,64
115,2010,D6.1.3.4,Počet zaměstnanců ve věku 61 let a výše,dkod,3
115,2011,D6.1.3.4,Počet zaměstnanců ve věku 61 let a výše,dkod,3
115,2012,D6.1.3.4,Počet zaměstnanců ve věku 61 let a výše,dkod,3
115,2013,D6.1.3.4,Počet zaměstnanců ve věku 61 let a výše,dkod,1
115,2014,D6.1.3.4,Počet zaměstnanců ve věku 61 let a výše,dkod,1
115,2015,D6.1.3.4,Počet zaměstnanců ve věku 61 let a výše,dkod,3
115,2016,D6.1.3.4,Počet zaměstnanců ve věku 61 let a výše,dkod,5
115,2017,D6.1.3.4,Počet zaměstnanců ve věku 61 let a výše,dkod,17
115,2018,D6.1.3.4,Počet zaměstnanců ve věku 61 let a výše,dkod,16
115,2019,D6.1.3.4,Počet zaměstnanců ve věku 61 let a výše,dkod,17
115,2020,D6.1.3.4,Počet zaměstnanců ve věku 61 let a výše,dkod,18
115,2021,D6.1.3.4,Počet zaměstnanců ve věku 61 let a výše,dkod,17
115,2022,D6.1.3.4,Počet zaměstnanců ve věku 61 let a výše,dkod,20
115,2023,D6.1.3.4,Počet zaměstnanců ve věku 61 let a výše,dkod,24
115,2024,D6.1.3.4,Počet zaměstnanců ve věku 61 let a výše,dkod,28
115,2025,D6.1.3.4,Počet zaměstnanců ve věku 61 let a výše,dkod,26
115,2010,D6.1.3.5,Fyzický počet zaměstnanců s nárokem na starobní důchod,dkod,
115,2011,D6.1.3.5,Fyzický počet zaměstnanců s nárokem na starobní důchod,dkod,
115,2012,D6.1.3.5,Fyzický počet zaměstnanců s nárokem na starobní důchod,dkod,
115,2013,D6.1.3.5,Fyzický počet zaměstnanců s nárokem na starobní důchod,dkod,
115,2014,D6.1.3.5,Fyzický počet zaměstnanců s nárokem na starobní důchod,dkod,
115,2015,D6.1.3.5,Fyzický počet zaměstnanců s nárokem na starobní důchod,dkod,3
115,2016,D6.1.3.5,Fyzický počet zaměstnanců s nárokem na starobní důchod,dkod,7
115,2017,D6.1.3.5,Fyzický počet zaměstnanců s nárokem na starobní důchod,dkod,8
115,2018,D6.1.3.5,Fyzický počet zaměstnanců s nárokem na starobní důchod,dkod,8
115,2019,D6.1.3.5,Fyzický počet zaměstnanců s nárokem na starobní důchod,dkod,13
115,2020,D6.1.3.5,Fyzický počet zaměstnanců s nárokem na starobní důchod,dkod,11
115,2021,D6.1.3.5,Fyzický počet zaměstnanců s nárokem na starobní důchod,dkod,9
115,2022,D6.1.3.5,Fyzický počet zaměstnanců s nárokem na starobní důchod,dkod,9
115,2023,D6.1.3.5,Fyzický počet zaměstnanců s nárokem na starobní důchod,dkod,9
115,2024,D6.1.3.5,Fyzický počet zaměstnanců s nárokem na starobní důchod,dkod,8
115,2025,D6.1.3.5,Fyzický počet zaměstnanců s nárokem na starobní důchod,dkod,11
115,2010,D6.1.9,Počet zaměstnanců se základním vzděláním,dkod,0
115,2011,D6.1.9,Počet zaměstnanců se základním vzděláním,dkod,0
115,2012,D6.1.9,Počet zaměstnanců se základním vzděláním,dkod,0
115,2013,D6.1.9,Počet zaměstnanců se základním vzděláním,dkod,2
115,2014,D6.1.9,Počet zaměstnanců se základním vzděláním,dkod,1
115,2015,D6.1.9,Počet zaměstnanců se základním vzděláním,dkod,1
115,2016,D6.1.9,Počet zaměstnanců se základním vzděláním,dkod,1
115,2017,D6.1.9,Počet zaměstnanců se základním vzděláním,dkod,1
115,2018,D6.1.9,Počet zaměstnanců se základním vzděláním,dkod,1
115,2019,D6.1.9,Počet zaměstnanců se základním vzděláním,dkod,1
115,2020,D6.1.9,Počet zaměstnanců se základním vzděláním,dkod,1
115,2021,D6.1.9,Počet zaměstnanců se základním vzděláním,dkod,0
115,2022,D6.1.9,Počet zaměstnanců se základním vzděláním,dkod,1
115,2023,D6.1.9,Počet zaměstnanců se základním vzděláním,dkod,1
115,2024,D6.1.9,Počet zaměstnanců se základním vzděláním,dkod,0
115,2025,D6.1.9,Počet zaměstnanců se základním vzděláním,dkod,2
115,2010,D6.1.10,Počet zaměstnanců se středním odborným vzděláním (bez maturitní zkoušky),dkod,6
115,2011,D6.1.10,Počet zaměstnanců se středním odborným vzděláním (bez maturitní zkoušky),dkod,6
115,2012,D6.1.10,Počet zaměstnanců se středním odborným vzděláním (bez maturitní zkoušky),dkod,3
115,2013,D6.1.10,Počet zaměstnanců se středním odborným vzděláním (bez maturitní zkoušky),dkod,3
115,2014,D6.1.10,Počet zaměstnanců se středním odborným vzděláním (bez maturitní zkoušky),dkod,3
115,2015,D6.1.10,Počet zaměstnanců se středním odborným vzděláním (bez maturitní zkoušky),dkod,2
115,2016,D6.1.10,Počet zaměstnanců se středním odborným vzděláním (bez maturitní zkoušky),dkod,2
115,2017,D6.1.10,Počet zaměstnanců se středním odborným vzděláním (bez maturitní zkoušky),dkod,3
115,2018,D6.1.10,Počet zaměstnanců se středním odborným vzděláním (bez maturitní zkoušky),dkod,3
115,2019,D6.1.10,Počet zaměstnanců se středním odborným vzděláním (bez maturitní zkoušky),dkod,10
115,2020,D6.1.10,Počet zaměstnanců se středním odborným vzděláním (bez maturitní zkoušky),dkod,10
115,2021,D6.1.10,Počet zaměstnanců se středním odborným vzděláním (bez maturitní zkoušky),dkod,12
115,2022,D6.1.10,Počet zaměstnanců se středním odborným vzděláním (bez maturitní zkoušky),dkod,13
115,2023,D6.1.10,Počet zaměstnanců se středním odborným vzděláním (bez maturitní zkoušky),dkod,12
115,2024,D6.1.10,Počet zaměstnanců se středním odborným vzděláním (bez maturitní zkoušky),dkod,15
115,2025,D6.1.10,Počet zaměstnanců se středním odborným vzděláním (bez maturitní zkoušky),dkod,15
115,2010,D6.1.11,Počet zaměstnanců s úplným středním odborným vzděláním (s maturitní zkouškou),dkod,73
115,2011,D6.1.11,Počet zaměstnanců s úplným středním odborným vzděláním (s maturitní zkouškou),dkod,73
115,2012,D6.1.11,Počet zaměstnanců s úplným středním odborným vzděláním (s maturitní zkouškou),dkod,79
115,2013,D6.1.11,Počet zaměstnanců s úplným středním odborným vzděláním (s maturitní zkouškou),dkod,77
115,2014,D6.1.11,Počet zaměstnanců s úplným středním odborným vzděláním (s maturitní zkouškou),dkod,78
115,2015,D6.1.11,Počet zaměstnanců s úplným středním odborným vzděláním (s maturitní zkouškou),dkod,78
115,2016,D6.1.11,Počet zaměstnanců s úplným středním odborným vzděláním (s maturitní zkouškou),dkod,78
115,2017,D6.1.11,Počet zaměstnanců s úplným středním odborným vzděláním (s maturitní zkouškou),dkod,81
115,2018,D6.1.11,Počet zaměstnanců s úplným středním odborným vzděláním (s maturitní zkouškou),dkod,81
115,2019,D6.1.11,Počet zaměstnanců s úplným středním odborným vzděláním (s maturitní zkouškou),dkod,82
115,2020,D6.1.11,Počet zaměstnanců s úplným středním odborným vzděláním (s maturitní zkouškou),dkod,80
115,2021,D6.1.11,Počet zaměstnanců s úplným středním odborným vzděláním (s maturitní zkouškou),dkod,77
115,2022,D6.1.11,Počet zaměstnanců s úplným středním odborným vzděláním (s maturitní zkouškou),dkod,70
115,2023,D6.1.11,Počet zaměstnanců s úplným středním odborným vzděláním (s maturitní zkouškou),dkod,66
115,2024,D6.1.11,Počet zaměstnanců s úplným středním odborným vzděláním (s maturitní zkouškou),dkod,66
115,2025,D6.1.11,Počet zaměstnanců s úplným středním odborným vzděláním (s maturitní zkouškou),dkod,65
115,2010,D6.1.12,Počet zaměstnanců s vyšším odborným vzděláním,dkod,21
115,2011,D6.1.12,Počet zaměstnanců s vyšším odborným vzděláním,dkod,21
115,2012,D6.1.12,Počet zaměstnanců s vyšším odborným vzděláním,dkod,10
115,2013,D6.1.12,Počet zaměstnanců s vyšším odborným vzděláním,dkod,10
115,2014,D6.1.12,Počet zaměstnanců s vyšším odborným vzděláním,dkod,10
115,2015,D6.1.12,Počet zaměstnanců s vyšším odborným vzděláním,dkod,12
115,2016,D6.1.12,Počet zaměstnanců s vyšším odborným vzděláním,dkod,12
115,2017,D6.1.12,Počet zaměstnanců s vyšším odborným vzděláním,dkod,14
115,2018,D6.1.12,Počet zaměstnanců s vyšším odborným vzděláním,dkod,15
115,2019,D6.1.12,Počet zaměstnanců s vyšším odborným vzděláním,dkod,15
115,2020,D6.1.12,Počet zaměstnanců s vyšším odborným vzděláním,dkod,9
115,2021,D6.1.12,Počet zaměstnanců s vyšším odborným vzděláním,dkod,8
115,2022,D6.1.12,Počet zaměstnanců s vyšším odborným vzděláním,dkod,9
115,2023,D6.1.12,Počet zaměstnanců s vyšším odborným vzděláním,dkod,10
115,2024,D6.1.12,Počet zaměstnanců s vyšším odborným vzděláním,dkod,9
115,2025,D6.1.12,Počet zaměstnanců s vyšším odborným vzděláním,dkod,9
115,2010,D6.1.13,Počet zaměstnanců s vysokoškolským vzděláním,dkod,83
115,2011,D6.1.13,Počet zaměstnanců s vysokoškolským vzděláním,dkod,85
115,2012,D6.1.13,Počet zaměstnanců s vysokoškolským vzděláním,dkod,81
115,2013,D6.1.13,Počet zaměstnanců s vysokoškolským vzděláním,dkod,83
115,2014,D6.1.13,Počet zaměstnanců s vysokoškolským vzděláním,dkod,83
115,2015,D6.1.13,Počet zaměstnanců s vysokoškolským vzděláním,dkod,81
115,2016,D6.1.13,Počet zaměstnanců s vysokoškolským vzděláním,dkod,81
115,2017,D6.1.13,Počet zaměstnanců s vysokoškolským vzděláním,dkod,78
115,2018,D6.1.13,Počet zaměstnanců s vysokoškolským vzděláním,dkod,81
115,2019,D6.1.13,Počet zaměstnanců s vysokoškolským vzděláním,dkod,83
115,2020,D6.1.13,Počet zaměstnanců s vysokoškolským vzděláním,dkod,90
115,2021,D6.1.13,Počet zaměstnanců s vysokoškolským vzděláním,dkod,93
115,2022,D6.1.13,Počet zaměstnanců s vysokoškolským vzděláním,dkod,98
115,2023,D6.1.13,Počet zaměstnanců s vysokoškolským vzděláním,dkod,102
115,2024,D6.1.13,Počet zaměstnanců s vysokoškolským vzděláním,dkod,102
115,2025,D6.1.13,Počet zaměstnanců s vysokoškolským vzděláním,dkod,108
115,2010,D6.2.1,Počet úředníků (bez vedoucích úředníků),dkod,113
115,2011,D6.2.1,Počet úředníků (bez vedoucích úředníků),dkod,113
115,2012,D6.2.1,Počet úředníků (bez vedoucích úředníků),dkod,104
115,2013,D6.2.1,Počet úředníků (bez vedoucích úředníků),dkod,106
115,2014,D6.2.1,Počet úředníků (bez vedoucích úředníků),dkod,106
115,2015,D6.2.1,Počet úředníků (bez vedoucích úředníků),dkod,106
115,2016,D6.2.1,Počet úředníků (bez vedoucích úředníků),dkod,106
115,2017,D6.2.1,Počet úředníků (bez vedoucích úředníků),dkod,106
115,2018,D6.2.1,Počet úředníků (bez vedoucích úředníků),dkod,108
115,2019,D6.2.1,Počet úředníků (bez vedoucích úředníků),dkod,109
115,2020,D6.2.1,Počet úředníků (bez vedoucích úředníků),dkod,109
115,2021,D6.2.1,Počet úředníků (bez vedoucích úředníků),dkod,108
115,2022,D6.2.1,Počet úředníků (bez vedoucích úředníků),dkod,109
115,2023,D6.2.1,Počet úředníků (bez vedoucích úředníků),dkod,106
115,2024,D6.2.1,Počet úředníků (bez vedoucích úředníků),dkod,106
115,2025,D6.2.1,Počet úředníků (bez vedoucích úředníků),dkod,110
115,2010,D6.2.2,Počet vedoucích úředníků,dkod,31
115,2011,D6.2.2,Počet vedoucích úředníků,dkod,31
115,2012,D6.2.2,Počet vedoucích úředníků,dkod,29
115,2013,D6.2.2,Počet vedoucích úředníků,dkod,29
115,2014,D6.2.2,Počet vedoucích úředníků,dkod,29
115,2015,D6.2.2,Počet vedoucích úředníků,dkod,28
115,2016,D6.2.2,Počet vedoucích úředníků,dkod,28
115,2017,D6.2.2,Počet vedoucích úředníků,dkod,28
115,2018,D6.2.2,Počet vedoucích úředníků,dkod,28
115,2019,D6.2.2,Počet vedoucích úředníků,dkod,28
115,2020,D6.2.2,Počet vedoucích úředníků,dkod,28
115,2021,D6.2.2,Počet vedoucích úředníků,dkod,30
115,2022,D6.2.2,Počet vedoucích úředníků,dkod,30
115,2023,D6.2.2,Počet vedoucích úředníků,dkod,33
115,2024,D6.2.2,Počet vedoucích úředníků,dkod,32
115,2025,D6.2.2,Počet vedoucích úředníků,dkod,32
115,2010,D6.2.2.1,Počet vedoucích úředníků - žen,dkod,19
115,2011,D6.2.2.1,Počet vedoucích úředníků - žen,dkod,19
115,2012,D6.2.2.1,Počet vedoucích úředníků - žen,dkod,17
115,2013,D6.2.2.1,Počet vedoucích úředníků - žen,dkod,17
115,2014,D6.2.2.1,Počet vedoucích úředníků - žen,dkod,17
115,2015,D6.2.2.1,Počet vedoucích úředníků - žen,dkod,16
115,2016,D6.2.2.1,Počet vedoucích úředníků - žen,dkod,16
115,2017,D6.2.2.1,Počet vedoucích úředníků - žen,dkod,16
115,2018,D6.2.2.1,Počet vedoucích úředníků - žen,dkod,16
115,2019,D6.2.2.1,Počet vedoucích úředníků - žen,dkod,17
115,2020,D6.2.2.1,Počet vedoucích úředníků - žen,dkod,16
115,2021,D6.2.2.1,Počet vedoucích úředníků - žen,dkod,23
115,2022,D6.2.2.1,Počet vedoucích úředníků - žen,dkod,23
115,2023,D6.2.2.1,Počet vedoucích úředníků - žen,dkod,25
115,2024,D6.2.2.1,Počet vedoucích úředníků - žen,dkod,24
115,2025,D6.2.2.1,Počet vedoucích úředníků - žen,dkod,24
115,2010,D6.2.2.2,Počet vedoucích úředníků - mužů,dkod,12
115,2011,D6.2.2.2,Počet vedoucích úředníků - mužů,dkod,12
115,2012,D6.2.2.2,Počet vedoucích úředníků - mužů,dkod,12
115,2013,D6.2.2.2,Počet vedoucích úředníků - mužů,dkod,12
115,2014,D6.2.2.2,Počet vedoucích úředníků - mužů,dkod,12
115,2015,D6.2.2.2,Počet vedoucích úředníků - mužů,dkod,12
115,2016,D6.2.2.2,Počet vedoucích úředníků - mužů,dkod,12
115,2017,D6.2.2.2,Počet vedoucích úředníků - mužů,dkod,12
115,2018,D6.2.2.2,Počet vedoucích úředníků - mužů,dkod,12
115,2019,D6.2.2.2,Počet vedoucích úředníků - mužů,dkod,11
115,2020,D6.2.2.2,Počet vedoucích úředníků - mužů,dkod,12
115,2021,D6.2.2.2,Počet vedoucích úředníků - mužů,dkod,7
115,2022,D6.2.2.2,Počet vedoucích úředníků - mužů,dkod,7
115,2023,D6.2.2.2,Počet vedoucích úředníků - mužů,dkod,8
115,2024,D6.2.2.2,Počet vedoucích úředníků - mužů,dkod,8
115,2025,D6.2.2.2,Počet vedoucích úředníků - mužů,dkod,8
115,2010,D6.2.2.2.1,Počet vedoucích úředníků ve věku do 30 let,dkod,1
115,2011,D6.2.2.2.1,Počet vedoucích úředníků ve věku do 30 let,dkod,0
115,2012,D6.2.2.2.1,Počet vedoucích úředníků ve věku do 30 let,dkod,0
115,2013,D6.2.2.2.1,Počet vedoucích úředníků ve věku do 30 let,dkod,0
115,2014,D6.2.2.2.1,Počet vedoucích úředníků ve věku do 30 let,dkod,0
115,2015,D6.2.2.2.1,Počet vedoucích úředníků ve věku do 30 let,dkod,0
115,2016,D6.2.2.2.1,Počet vedoucích úředníků ve věku do 30 let,dkod,0
115,2017,D6.2.2.2.1,Počet vedoucích úředníků ve věku do 30 let,dkod,0
115,2018,D6.2.2.2.1,Počet vedoucích úředníků ve věku do 30 let,dkod,0
115,2019,D6.2.2.2.1,Počet vedoucích úředníků ve věku do 30 let,dkod,0
115,2020,D6.2.2.2.1,Počet vedoucích úředníků ve věku do 30 let,dkod,0
115,2021,D6.2.2.2.1,Počet vedoucích úředníků ve věku do 30 let,dkod,0
115,2022,D6.2.2.2.1,Počet vedoucích úředníků ve věku do 30 let,dkod,0
115,2023,D6.2.2.2.1,Počet vedoucích úředníků ve věku do 30 let,dkod,0
115,2024,D6.2.2.2.1,Počet vedoucích úředníků ve věku do 30 let,dkod,0
115,2025,D6.2.2.2.1,Počet vedoucích úředníků ve věku do 30 let,dkod,0
115,2010,D6.2.2.2.2,Počet vedoucích úředníků ve věku 31 - 50 let,dkod,23
115,2011,D6.2.2.2.2,Počet vedoucích úředníků ve věku 31 - 50 let,dkod,24
115,2012,D6.2.2.2.2,Počet vedoucích úředníků ve věku 31 - 50 let,dkod,24
115,2013,D6.2.2.2.2,Počet vedoucích úředníků ve věku 31 - 50 let,dkod,24
115,2014,D6.2.2.2.2,Počet vedoucích úředníků ve věku 31 - 50 let,dkod,25
115,2015,D6.2.2.2.2,Počet vedoucích úředníků ve věku 31 - 50 let,dkod,25
115,2016,D6.2.2.2.2,Počet vedoucích úředníků ve věku 31 - 50 let,dkod,25
115,2017,D6.2.2.2.2,Počet vedoucích úředníků ve věku 31 - 50 let,dkod,23
115,2018,D6.2.2.2.2,Počet vedoucích úředníků ve věku 31 - 50 let,dkod,23
115,2019,D6.2.2.2.2,Počet vedoucích úředníků ve věku 31 - 50 let,dkod,24
115,2020,D6.2.2.2.2,Počet vedoucích úředníků ve věku 31 - 50 let,dkod,24
115,2021,D6.2.2.2.2,Počet vedoucích úředníků ve věku 31 - 50 let,dkod,16
115,2022,D6.2.2.2.2,Počet vedoucích úředníků ve věku 31 - 50 let,dkod,16
115,2023,D6.2.2.2.2,Počet vedoucích úředníků ve věku 31 - 50 let,dkod,18
115,2024,D6.2.2.2.2,Počet vedoucích úředníků ve věku 31 - 50 let,dkod,17
115,2025,D6.2.2.2.2,Počet vedoucích úředníků ve věku 31 - 50 let,dkod,17
115,2010,D6.2.2.2.3,Počet vedoucích úředníků ve věku 51-60 let,dkod,6
115,2011,D6.2.2.2.3,Počet vedoucích úředníků ve věku 51-60 let,dkod,6
115,2012,D6.2.2.2.3,Počet vedoucích úředníků ve věku 51-60 let,dkod,5
115,2013,D6.2.2.2.3,Počet vedoucích úředníků ve věku 51-60 let,dkod,5
115,2014,D6.2.2.2.3,Počet vedoucích úředníků ve věku 51-60 let,dkod,4
115,2015,D6.2.2.2.3,Počet vedoucích úředníků ve věku 51-60 let,dkod,3
115,2016,D6.2.2.2.3,Počet vedoucích úředníků ve věku 51-60 let,dkod,2
115,2017,D6.2.2.2.3,Počet vedoucích úředníků ve věku 51-60 let,dkod,3
115,2018,D6.2.2.2.3,Počet vedoucích úředníků ve věku 51-60 let,dkod,3
115,2019,D6.2.2.2.3,Počet vedoucích úředníků ve věku 51-60 let,dkod,2
115,2020,D6.2.2.2.3,Počet vedoucích úředníků ve věku 51-60 let,dkod,2
115,2021,D6.2.2.2.3,Počet vedoucích úředníků ve věku 51-60 let,dkod,13
115,2022,D6.2.2.2.3,Počet vedoucích úředníků ve věku 51-60 let,dkod,13
115,2023,D6.2.2.2.3,Počet vedoucích úředníků ve věku 51-60 let,dkod,14
115,2024,D6.2.2.2.3,Počet vedoucích úředníků ve věku 51-60 let,dkod,13
115,2025,D6.2.2.2.3,Počet vedoucích úředníků ve věku 51-60 let,dkod,12
115,2010,D6.2.2.2.4,Počet vedoucích úředníků ve věku 61 let a výše,dkod,1
115,2011,D6.2.2.2.4,Počet vedoucích úředníků ve věku 61 let a výše,dkod,1
115,2012,D6.2.2.2.4,Počet vedoucích úředníků ve věku 61 let a výše,dkod,0
115,2013,D6.2.2.2.4,Počet vedoucích úředníků ve věku 61 let a výše,dkod,0
115,2014,D6.2.2.2.4,Počet vedoucích úředníků ve věku 61 let a výše,dkod,0
115,2015,D6.2.2.2.4,Počet vedoucích úředníků ve věku 61 let a výše,dkod,0
115,2016,D6.2.2.2.4,Počet vedoucích úředníků ve věku 61 let a výše,dkod,1
115,2017,D6.2.2.2.4,Počet vedoucích úředníků ve věku 61 let a výše,dkod,2
115,2018,D6.2.2.2.4,Počet vedoucích úředníků ve věku 61 let a výše,dkod,2
115,2019,D6.2.2.2.4,Počet vedoucích úředníků ve věku 61 let a výše,dkod,2
115,2020,D6.2.2.2.4,Počet vedoucích úředníků ve věku 61 let a výše,dkod,2
115,2021,D6.2.2.2.4,Počet vedoucích úředníků ve věku 61 let a výše,dkod,1
115,2022,D6.2.2.2.4,Počet vedoucích úředníků ve věku 61 let a výše,dkod,1
115,2023,D6.2.2.2.4,Počet vedoucích úředníků ve věku 61 let a výše,dkod,1
115,2024,D6.2.2.2.4,Počet vedoucích úředníků ve věku 61 let a výše,dkod,2
115,2025,D6.2.2.2.4,Počet vedoucích úředníků ve věku 61 let a výše,dkod,3
115,2010,D6.2.2.12,Počet vedoucích úředníků s vyšším odborným vzděláním,dkod,2
115,2011,D6.2.2.12,Počet vedoucích úředníků s vyšším odborným vzděláním,dkod,2
115,2012,D6.2.2.12,Počet vedoucích úředníků s vyšším odborným vzděláním,dkod,2
115,2013,D6.2.2.12,Počet vedoucích úředníků s vyšším odborným vzděláním,dkod,2
115,2014,D6.2.2.12,Počet vedoucích úředníků s vyšším odborným vzděláním,dkod,2
115,2015,D6.2.2.12,Počet vedoucích úředníků s vyšším odborným vzděláním,dkod,2
115,2016,D6.2.2.12,Počet vedoucích úředníků s vyšším odborným vzděláním,dkod,2
115,2017,D6.2.2.12,Počet vedoucích úředníků s vyšším odborným vzděláním,dkod,2
115,2018,D6.2.2.12,Počet vedoucích úředníků s vyšším odborným vzděláním,dkod,1
115,2019,D6.2.2.12,Počet vedoucích úředníků s vyšším odborným vzděláním,dkod,1
115,2020,D6.2.2.12,Počet vedoucích úředníků s vyšším odborným vzděláním,dkod,1
115,2021,D6.2.2.12,Počet vedoucích úředníků s vyšším odborným vzděláním,dkod,2
115,2022,D6.2.2.12,Počet vedoucích úředníků s vyšším odborným vzděláním,dkod,2
115,2023,D6.2.2.12,Počet vedoucích úředníků s vyšším odborným vzděláním,dkod,3
115,2024,D6.2.2.12,Počet vedoucích úředníků s vyšším odborným vzděláním,dkod,2
115,2025,D6.2.2.12,Počet vedoucích úředníků s vyšším odborným vzděláním,dkod,2
115,2010,D6.2.2.13,Počet vedoucích úředníků s vysokoškolským vzděláním,dkod,25
115,2011,D6.2.2.13,Počet vedoucích úředníků s vysokoškolským vzděláním,dkod,25
115,2012,D6.2.2.13,Počet vedoucích úředníků s vysokoškolským vzděláním,dkod,27
115,2013,D6.2.2.13,Počet vedoucích úředníků s vysokoškolským vzděláním,dkod,27
115,2014,D6.2.2.13,Počet vedoucích úředníků s vysokoškolským vzděláním,dkod,27
115,2015,D6.2.2.13,Počet vedoucích úředníků s vysokoškolským vzděláním,dkod,25
115,2016,D6.2.2.13,Počet vedoucích úředníků s vysokoškolským vzděláním,dkod,25
115,2017,D6.2.2.13,Počet vedoucích úředníků s vysokoškolským vzděláním,dkod,25
115,2018,D6.2.2.13,Počet vedoucích úředníků s vysokoškolským vzděláním,dkod,27
115,2019,D6.2.2.13,Počet vedoucích úředníků s vysokoškolským vzděláním,dkod,27
115,2020,D6.2.2.13,Počet vedoucích úředníků s vysokoškolským vzděláním,dkod,27
115,2021,D6.2.2.13,Počet vedoucích úředníků s vysokoškolským vzděláním,dkod,24
115,2022,D6.2.2.13,Počet vedoucích úředníků s vysokoškolským vzděláním,dkod,24
115,2023,D6.2.2.13,Počet vedoucích úředníků s vysokoškolským vzděláním,dkod,25
115,2024,D6.2.2.13,Počet vedoucích úředníků s vysokoškolským vzděláním,dkod,24
115,2025,D6.2.2.13,Počet vedoucích úředníků s vysokoškolským vzděláním,dkod,24
115,2010,D6.2.3,Počet ostatních zaměstnanců (neúředníků zařazených do úřadu),dkod,39
115,2011,D6.2.3,Počet ostatních zaměstnanců (neúředníků zařazených do úřadu),dkod,41
115,2012,D6.2.3,Počet ostatních zaměstnanců (neúředníků zařazených do úřadu),dkod,40
115,2013,D6.2.3,Počet ostatních zaměstnanců (neúředníků zařazených do úřadu),dkod,40
115,2014,D6.2.3,Počet ostatních zaměstnanců (neúředníků zařazených do úřadu),dkod,40
115,2015,D6.2.3,Počet ostatních zaměstnanců (neúředníků zařazených do úřadu),dkod,40
115,2016,D6.2.3,Počet ostatních zaměstnanců (neúředníků zařazených do úřadu),dkod,40
115,2017,D6.2.3,Počet ostatních zaměstnanců (neúředníků zařazených do úřadu),dkod,43
115,2018,D6.2.3,Počet ostatních zaměstnanců (neúředníků zařazených do úřadu),dkod,45
115,2019,D6.2.3,Počet ostatních zaměstnanců (neúředníků zařazených do úřadu),dkod,54
115,2020,D6.2.3,Počet ostatních zaměstnanců (neúředníků zařazených do úřadu),dkod,53
115,2021,D6.2.3,Počet ostatních zaměstnanců (neúředníků zařazených do úřadu),dkod,52
115,2022,D6.2.3,Počet ostatních zaměstnanců (neúředníků zařazených do úřadu),dkod,52
115,2023,D6.2.3,Počet ostatních zaměstnanců (neúředníků zařazených do úřadu),dkod,52
115,2024,D6.2.3,Počet ostatních zaměstnanců (neúředníků zařazených do úřadu),dkod,54
115,2025,D6.2.3,Počet ostatních zaměstnanců (neúředníků zařazených do úřadu),dkod,57
115,2010,D6.3,Náklady na vzdělávání celkem (včetně ZOZ) v tis. Kč,dkod,951
115,2011,D6.3,Náklady na vzdělávání celkem (včetně ZOZ) v tis. Kč,dkod,951
115,2012,D6.3,Náklady na vzdělávání celkem (včetně ZOZ) v tis. Kč,dkod,940
115,2013,D6.3,Náklady na vzdělávání celkem (včetně ZOZ) v tis. Kč,dkod,940
115,2014,D6.3,Náklady na vzdělávání celkem (včetně ZOZ) v tis. Kč,dkod,970
115,2015,D6.3,Náklady na vzdělávání celkem (včetně ZOZ) v tis. Kč,dkod,970
115,2016,D6.3,Náklady na vzdělávání celkem (včetně ZOZ) v tis. Kč,dkod,965
115,2017,D6.3,Náklady na vzdělávání celkem (včetně ZOZ) v tis. Kč,dkod,760
115,2018,D6.3,Náklady na vzdělávání celkem (včetně ZOZ) v tis. Kč,dkod,835
115,2019,D6.3,Náklady na vzdělávání celkem (včetně ZOZ) v tis. Kč,dkod,987
115,2020,D6.3,Náklady na vzdělávání celkem (včetně ZOZ) v tis. Kč,dkod,601
115,2021,D6.3,Náklady na vzdělávání celkem (včetně ZOZ) v tis. Kč,dkod,922
115,2022,D6.3,Náklady na vzdělávání celkem (včetně ZOZ) v tis. Kč,dkod,1261
115,2023,D6.3,Náklady na vzdělávání celkem (včetně ZOZ) v tis. Kč,dkod,1120
115,2024,D6.3,Náklady na vzdělávání celkem (včetně ZOZ) v tis. Kč,dkod,1218
115,2025,D6.3,Náklady na vzdělávání celkem (včetně ZOZ) v tis. Kč,dkod,1174
115,2010,D6.4,Počet absolventů vzdělávacích akcí,dkod,1057
115,2011,D6.4,Počet absolventů vzdělávacích akcí,dkod,1057
115,2012,D6.4,Počet absolventů vzdělávacích akcí,dkod,1003
115,2013,D6.4,Počet absolventů vzdělávacích akcí,dkod,1126
115,2014,D6.4,Počet absolventů vzdělávacích akcí,dkod,1140
115,2015,D6.4,Počet absolventů vzdělávacích akcí,dkod,1035
115,2016,D6.4,Počet absolventů vzdělávacích akcí,dkod,1127
115,2017,D6.4,Počet absolventů vzdělávacích akcí,dkod,834
115,2018,D6.4,Počet absolventů vzdělávacích akcí,dkod,720
115,2019,D6.4,Počet absolventů vzdělávacích akcí,dkod,599
115,2020,D6.4,Počet absolventů vzdělávacích akcí,dkod,535
115,2021,D6.4,Počet absolventů vzdělávacích akcí,dkod,977
115,2022,D6.4,Počet absolventů vzdělávacích akcí,dkod,1102
115,2023,D6.4,Počet absolventů vzdělávacích akcí,dkod,1005
115,2024,D6.4,Počet absolventů vzdělávacích akcí,dkod,1137
115,2025,D6.4,Počet absolventů vzdělávacích akcí,dkod,977
115,2010,D6.4.1,Z toho počet absolventů vzdělávacích akcí E-LEARNING,dkod,
115,2011,D6.4.1,Z toho počet absolventů vzdělávacích akcí E-LEARNING,dkod,
115,2012,D6.4.1,Z toho počet absolventů vzdělávacích akcí E-LEARNING,dkod,
115,2013,D6.4.1,Z toho počet absolventů vzdělávacích akcí E-LEARNING,dkod,
115,2014,D6.4.1,Z toho počet absolventů vzdělávacích akcí E-LEARNING,dkod,0
115,2015,D6.4.1,Z toho počet absolventů vzdělávacích akcí E-LEARNING,dkod,0
115,2016,D6.4.1,Z toho počet absolventů vzdělávacích akcí E-LEARNING,dkod,14
115,2017,D6.4.1,Z toho počet absolventů vzdělávacích akcí E-LEARNING,dkod,15
115,2018,D6.4.1,Z toho počet absolventů vzdělávacích akcí E-LEARNING,dkod,38
115,2019,D6.4.1,Z toho počet absolventů vzdělávacích akcí E-LEARNING,dkod,57
115,2020,D6.4.1,Z toho počet absolventů vzdělávacích akcí E-LEARNING,dkod,79
115,2021,D6.4.1,Z toho počet absolventů vzdělávacích akcí E-LEARNING,dkod,81
115,2022,D6.4.1,Z toho počet absolventů vzdělávacích akcí E-LEARNING,dkod,27
115,2023,D6.4.1,Z toho počet absolventů vzdělávacích akcí E-LEARNING,dkod,32
115,2024,D6.4.1,Z toho počet absolventů vzdělávacích akcí E-LEARNING,dkod,8
115,2025,D6.4.1,Z toho počet absolventů vzdělávacích akcí E-LEARNING,dkod,10
115,2010,D6.4.3,Z toho počet absolventů on-line kurzů,dkod,
115,2011,D6.4.3,Z toho počet absolventů on-line kurzů,dkod,
115,2012,D6.4.3,Z toho počet absolventů on-line kurzů,dkod,
115,2013,D6.4.3,Z toho počet absolventů on-line kurzů,dkod,
115,2014,D6.4.3,Z toho počet absolventů on-line kurzů,dkod,
115,2015,D6.4.3,Z toho počet absolventů on-line kurzů,dkod,
115,2016,D6.4.3,Z toho počet absolventů on-line kurzů,dkod,
115,2017,D6.4.3,Z toho počet absolventů on-line kurzů,dkod,
115,2018,D6.4.3,Z toho počet absolventů on-line kurzů,dkod,
115,2019,D6.4.3,Z toho počet absolventů on-line kurzů,dkod,
115,2020,D6.4.3,Z toho počet absolventů on-line kurzů,dkod,426
115,2021,D6.4.3,Z toho počet absolventů on-line kurzů,dkod,787
115,2022,D6.4.3,Z toho počet absolventů on-line kurzů,dkod,680
115,2023,D6.4.3,Z toho počet absolventů on-line kurzů,dkod,520
115,2024,D6.4.3,Z toho počet absolventů on-line kurzů,dkod,514
115,2025,D6.4.3,Z toho počet absolventů on-line kurzů,dkod,168
115,2010,D7.1,Počet sledovaných úkonů celkem,dkod,56077
115,2011,D7.1,Počet sledovaných úkonů celkem,dkod,36566
115,2012,D7.1,Počet sledovaných úkonů celkem,dkod,35113
115,2013,D7.1,Počet sledovaných úkonů celkem,dkod,70196
115,2014,D7.1,Počet sledovaných úkonů celkem,dkod,41048
115,2015,D7.1,Počet sledovaných úkonů celkem,dkod,50503
115,2016,D7.1,Počet sledovaných úkonů celkem,dkod,45410
115,2017,D7.1,Počet sledovaných úkonů celkem,dkod,47521
115,2018,D7.1,Počet sledovaných úkonů celkem,dkod,47030
115,2019,D7.1,Počet sledovaných úkonů celkem,dkod,43554
115,2020,D7.1,Počet sledovaných úkonů celkem,dkod,100998
115,2021,D7.1,Počet sledovaných úkonů celkem,dkod,50397
115,2022,D7.1,Počet sledovaných úkonů celkem,dkod,39224
115,2023,D7.1,Počet sledovaných úkonů celkem,dkod,59847
115,2024,D7.1,Počet sledovaných úkonů celkem,dkod,41944
115,2025,D7.1,Počet sledovaných úkonů celkem,dkod,47463
115,2010,D7.1.1,Počet všech vydaných řidičských průkazů (včetně mezinárodních),dkod,
115,2011,D7.1.1,Počet všech vydaných řidičských průkazů (včetně mezinárodních),dkod,
115,2012,D7.1.1,Počet všech vydaných řidičských průkazů (včetně mezinárodních),dkod,2386
115,2013,D7.1.1,Počet všech vydaných řidičských průkazů (včetně mezinárodních),dkod,6046
115,2014,D7.1.1,Počet všech vydaných řidičských průkazů (včetně mezinárodních),dkod,2190
115,2015,D7.1.1,Počet všech vydaných řidičských průkazů (včetně mezinárodních),dkod,3546
115,2016,D7.1.1,Počet všech vydaných řidičských průkazů (včetně mezinárodních),dkod,3173
115,2017,D7.1.1,Počet všech vydaných řidičských průkazů (včetně mezinárodních),dkod,3805
115,2018,D7.1.1,Počet všech vydaných řidičských průkazů (včetně mezinárodních),dkod,3965
115,2019,D7.1.1,Počet všech vydaných řidičských průkazů (včetně mezinárodních),dkod,2733
115,2020,D7.1.1,Počet všech vydaných řidičských průkazů (včetně mezinárodních),dkod,3177
115,2021,D7.1.1,Počet všech vydaných řidičských průkazů (včetně mezinárodních),dkod,2218
115,2022,D7.1.1,Počet všech vydaných řidičských průkazů (včetně mezinárodních),dkod,2616
115,2023,D7.1.1,Počet všech vydaných řidičských průkazů (včetně mezinárodních),dkod,4931
115,2024,D7.1.1,Počet všech vydaných řidičských průkazů (včetně mezinárodních),dkod,2962
115,2025,D7.1.1,Počet všech vydaných řidičských průkazů (včetně mezinárodních),dkod,3357
115,2010,D7.1.2,Počet všech rozhodnutí vydaných ve správních řízeních na úseku registru řidičů,dkod,181
115,2011,D7.1.2,Počet všech rozhodnutí vydaných ve správních řízeních na úseku registru řidičů,dkod,161
115,2012,D7.1.2,Počet všech rozhodnutí vydaných ve správních řízeních na úseku registru řidičů,dkod,234
115,2013,D7.1.2,Počet všech rozhodnutí vydaných ve správních řízeních na úseku registru řidičů,dkod,148
115,2014,D7.1.2,Počet všech rozhodnutí vydaných ve správních řízeních na úseku registru řidičů,dkod,183
115,2015,D7.1.2,Počet všech rozhodnutí vydaných ve správních řízeních na úseku registru řidičů,dkod,185
115,2016,D7.1.2,Počet všech rozhodnutí vydaných ve správních řízeních na úseku registru řidičů,dkod,217
115,2017,D7.1.2,Počet všech rozhodnutí vydaných ve správních řízeních na úseku registru řidičů,dkod,210
115,2018,D7.1.2,Počet všech rozhodnutí vydaných ve správních řízeních na úseku registru řidičů,dkod,365
115,2019,D7.1.2,Počet všech rozhodnutí vydaných ve správních řízeních na úseku registru řidičů,dkod,230
115,2020,D7.1.2,Počet všech rozhodnutí vydaných ve správních řízeních na úseku registru řidičů,dkod,346
115,2021,D7.1.2,Počet všech rozhodnutí vydaných ve správních řízeních na úseku registru řidičů,dkod,237
115,2022,D7.1.2,Počet všech rozhodnutí vydaných ve správních řízeních na úseku registru řidičů,dkod,209
115,2023,D7.1.2,Počet všech rozhodnutí vydaných ve správních řízeních na úseku registru řidičů,dkod,266
115,2024,D7.1.2,Počet všech rozhodnutí vydaných ve správních řízeních na úseku registru řidičů,dkod,247
115,2025,D7.1.2,Počet všech rozhodnutí vydaných ve správních řízeních na úseku registru řidičů,dkod,270
115,2010,D7.10,Příjem správních poplatků v tis. Kč,dkod,172
115,2011,D7.10,Příjem správních poplatků v tis. Kč,dkod,200.7
115,2012,D7.10,Příjem správních poplatků v tis. Kč,dkod,187
115,2013,D7.10,Příjem správních poplatků v tis. Kč,dkod,413.1
115,2014,D7.10,Příjem správních poplatků v tis. Kč,dkod,212.9
115,2015,D7.10,Příjem správních poplatků v tis. Kč,dkod,276.1
115,2016,D7.10,Příjem správních poplatků v tis. Kč,dkod,258.8
115,2017,D7.10,Příjem správních poplatků v tis. Kč,dkod,243
115,2018,D7.10,Příjem správních poplatků v tis. Kč,dkod,530.1
115,2019,D7.10,Příjem správních poplatků v tis. Kč,dkod,332.4
115,2020,D7.10,Příjem správních poplatků v tis. Kč,dkod,229
115,2021,D7.10,Příjem správních poplatků v tis. Kč,dkod,265.7
115,2022,D7.10,Příjem správních poplatků v tis. Kč,dkod,293
115,2023,D7.10,Příjem správních poplatků v tis. Kč,dkod,577.7
115,2024,D7.10,Příjem správních poplatků v tis. Kč,dkod,335.2
115,2025,D7.10,Příjem správních poplatků v tis. Kč,dkod,341.6
115,2010,D7.11,Počet řidičů (stav evidence řidičů),dkod,30480
115,2011,D7.11,Počet řidičů (stav evidence řidičů),dkod,30206
115,2012,D7.11,Počet řidičů (stav evidence řidičů),dkod,30579
115,2013,D7.11,Počet řidičů (stav evidence řidičů),dkod,30970
115,2014,D7.11,Počet řidičů (stav evidence řidičů),dkod,31320
115,2015,D7.11,Počet řidičů (stav evidence řidičů),dkod,31602
115,2016,D7.11,Počet řidičů (stav evidence řidičů),dkod,31854
115,2017,D7.11,Počet řidičů (stav evidence řidičů),dkod,32047
115,2018,D7.11,Počet řidičů (stav evidence řidičů),dkod,32296
115,2019,D7.11,Počet řidičů (stav evidence řidičů),dkod,32547
115,2020,D7.11,Počet řidičů (stav evidence řidičů),dkod,32450
115,2021,D7.11,Počet řidičů (stav evidence řidičů),dkod,32438
115,2022,D7.11,Počet řidičů (stav evidence řidičů),dkod,32472
115,2023,D7.11,Počet řidičů (stav evidence řidičů),dkod,32615
115,2024,D7.11,Počet řidičů (stav evidence řidičů),dkod,32790
115,2025,D7.11,Počet řidičů (stav evidence řidičů),dkod,33164
115,2010,D7.12,Počet zaměstnanců - pracovních úvazků v agendě registr řidičů celkem,dkod,2.1
115,2011,D7.12,Počet zaměstnanců - pracovních úvazků v agendě registr řidičů celkem,dkod,1.9
115,2012,D7.12,Počet zaměstnanců - pracovních úvazků v agendě registr řidičů celkem,dkod,2.05
115,2013,D7.12,Počet zaměstnanců - pracovních úvazků v agendě registr řidičů celkem,dkod,2.05
115,2014,D7.12,Počet zaměstnanců - pracovních úvazků v agendě registr řidičů celkem,dkod,2.05
115,2015,D7.12,Počet zaměstnanců - pracovních úvazků v agendě registr řidičů celkem,dkod,2.05
115,2016,D7.12,Počet zaměstnanců - pracovních úvazků v agendě registr řidičů celkem,dkod,2.05
115,2017,D7.12,Počet zaměstnanců - pracovních úvazků v agendě registr řidičů celkem,dkod,2.05
115,2018,D7.12,Počet zaměstnanců - pracovních úvazků v agendě registr řidičů celkem,dkod,2.7
115,2019,D7.12,Počet zaměstnanců - pracovních úvazků v agendě registr řidičů celkem,dkod,2.75
115,2020,D7.12,Počet zaměstnanců - pracovních úvazků v agendě registr řidičů celkem,dkod,2.75
115,2021,D7.12,Počet zaměstnanců - pracovních úvazků v agendě registr řidičů celkem,dkod,2.75
115,2022,D7.12,Počet zaměstnanců - pracovních úvazků v agendě registr řidičů celkem,dkod,2.75
115,2023,D7.12,Počet zaměstnanců - pracovních úvazků v agendě registr řidičů celkem,dkod,2.75
115,2024,D7.12,Počet zaměstnanců - pracovních úvazků v agendě registr řidičů celkem,dkod,2.75
115,2025,D7.12,Počet zaměstnanců - pracovních úvazků v agendě registr řidičů celkem,dkod,2.75
115,2010,D7.13,Průměrná čekací doba (v minutách),dkod,7.4
115,2011,D7.13,Průměrná čekací doba (v minutách),dkod,4.52
115,2012,D7.13,Průměrná čekací doba (v minutách),dkod,5.49
115,2013,D7.13,Průměrná čekací doba (v minutách),dkod,15.33
115,2014,D7.13,Průměrná čekací doba (v minutách),dkod,5.03
115,2015,D7.13,Průměrná čekací doba (v minutách),dkod,7.04
115,2016,D7.13,Průměrná čekací doba (v minutách),dkod,5.11
115,2017,D7.13,Průměrná čekací doba (v minutách),dkod,9.47
115,2018,D7.13,Průměrná čekací doba (v minutách),dkod,8.31
115,2019,D7.13,Průměrná čekací doba (v minutách),dkod,2.44
115,2020,D7.13,Průměrná čekací doba (v minutách),dkod,2.5
115,2021,D7.13,Průměrná čekací doba (v minutách),dkod,3.38
115,2022,D7.13,Průměrná čekací doba (v minutách),dkod,2.33
115,2023,D7.13,Průměrná čekací doba (v minutách),dkod,2.36
115,2024,D7.13,Průměrná čekací doba (v minutách),dkod,3.09
115,2025,D7.13,Průměrná čekací doba (v minutách),dkod,2.13
115,2010,D8.1,Počet provedených úkonů celkem (údaj z RSV),dkod,9695
115,2011,D8.1,Počet provedených úkonů celkem (údaj z RSV),dkod,10015
115,2012,D8.1,Počet provedených úkonů celkem (údaj z RSV),dkod,8995
115,2013,D8.1,Počet provedených úkonů celkem (údaj z RSV),dkod,17814
115,2014,D8.1,Počet provedených úkonů celkem (údaj z RSV),dkod,20804
115,2015,D8.1,Počet provedených úkonů celkem (údaj z RSV),dkod,18672
115,2016,D8.1,Počet provedených úkonů celkem (údaj z RSV),dkod,15614
115,2017,D8.1,Počet provedených úkonů celkem (údaj z RSV),dkod,13091
115,2018,D8.1,Počet provedených úkonů celkem (údaj z RSV),dkod,16303
115,2019,D8.1,Počet provedených úkonů celkem (údaj z RSV),dkod,32740
115,2020,D8.1,Počet provedených úkonů celkem (údaj z RSV),dkod,28245
115,2021,D8.1,Počet provedených úkonů celkem (údaj z RSV),dkod,33393
115,2022,D8.1,Počet provedených úkonů celkem (údaj z RSV),dkod,35251
115,2023,D8.1,Počet provedených úkonů celkem (údaj z RSV),dkod,33002
115,2024,D8.1,Počet provedených úkonů celkem (údaj z RSV),dkod,49230
115,2025,D8.1,Počet provedených úkonů celkem (údaj z RSV),dkod,40640
115,2010,D8.2,Příjem správních poplatků v tis. Kč,dkod,2654.74
115,2011,D8.2,Příjem správních poplatků v tis. Kč,dkod,2649
115,2012,D8.2,Příjem správních poplatků v tis. Kč,dkod,945.5
115,2013,D8.2,Příjem správních poplatků v tis. Kč,dkod,2588.9
115,2014,D8.2,Příjem správních poplatků v tis. Kč,dkod,2801
115,2015,D8.2,Příjem správních poplatků v tis. Kč,dkod,2783
115,2016,D8.2,Příjem správních poplatků v tis. Kč,dkod,3074
115,2017,D8.2,Příjem správních poplatků v tis. Kč,dkod,2756
115,2018,D8.2,Příjem správních poplatků v tis. Kč,dkod,2978
115,2019,D8.2,Příjem správních poplatků v tis. Kč,dkod,2750
115,2020,D8.2,Příjem správních poplatků v tis. Kč,dkod,2742
115,2021,D8.2,Příjem správních poplatků v tis. Kč,dkod,3230
115,2022,D8.2,Příjem správních poplatků v tis. Kč,dkod,2956
115,2023,D8.2,Příjem správních poplatků v tis. Kč,dkod,3202
115,2024,D8.2,Příjem správních poplatků v tis. Kč,dkod,3441
115,2025,D8.2,Příjem správních poplatků v tis. Kč,dkod,3595
115,2010,D8.3,Počet lustrací (výdej dat z registru),dkod,830
115,2011,D8.3,Počet lustrací (výdej dat z registru),dkod,992
115,2012,D8.3,Počet lustrací (výdej dat z registru),dkod,618
115,2013,D8.3,Počet lustrací (výdej dat z registru),dkod,3737
115,2014,D8.3,Počet lustrací (výdej dat z registru),dkod,479
115,2015,D8.3,Počet lustrací (výdej dat z registru),dkod,395
115,2016,D8.3,Počet lustrací (výdej dat z registru),dkod,546
115,2017,D8.3,Počet lustrací (výdej dat z registru),dkod,469
115,2018,D8.3,Počet lustrací (výdej dat z registru),dkod,492
115,2019,D8.3,Počet lustrací (výdej dat z registru),dkod,196
115,2020,D8.3,Počet lustrací (výdej dat z registru),dkod,448
115,2021,D8.3,Počet lustrací (výdej dat z registru),dkod,416
115,2022,D8.3,Počet lustrací (výdej dat z registru),dkod,359
115,2023,D8.3,Počet lustrací (výdej dat z registru),dkod,370
115,2024,D8.3,Počet lustrací (výdej dat z registru),dkod,484
115,2025,D8.3,Počet lustrací (výdej dat z registru),dkod,538
115,2010,D8.4,Počet všech vydaných správních rozhodnutí na úseku registru vozidel,dkod,251
115,2011,D8.4,Počet všech vydaných správních rozhodnutí na úseku registru vozidel,dkod,229
115,2012,D8.4,Počet všech vydaných správních rozhodnutí na úseku registru vozidel,dkod,104
115,2013,D8.4,Počet všech vydaných správních rozhodnutí na úseku registru vozidel,dkod,301
115,2014,D8.4,Počet všech vydaných správních rozhodnutí na úseku registru vozidel,dkod,234
115,2015,D8.4,Počet všech vydaných správních rozhodnutí na úseku registru vozidel,dkod,448
115,2016,D8.4,Počet všech vydaných správních rozhodnutí na úseku registru vozidel,dkod,694
115,2017,D8.4,Počet všech vydaných správních rozhodnutí na úseku registru vozidel,dkod,135
115,2018,D8.4,Počet všech vydaných správních rozhodnutí na úseku registru vozidel,dkod,184
115,2019,D8.4,Počet všech vydaných správních rozhodnutí na úseku registru vozidel,dkod,126
115,2020,D8.4,Počet všech vydaných správních rozhodnutí na úseku registru vozidel,dkod,180
115,2021,D8.4,Počet všech vydaných správních rozhodnutí na úseku registru vozidel,dkod,141
115,2022,D8.4,Počet všech vydaných správních rozhodnutí na úseku registru vozidel,dkod,165
115,2023,D8.4,Počet všech vydaných správních rozhodnutí na úseku registru vozidel,dkod,96
115,2024,D8.4,Počet všech vydaných správních rozhodnutí na úseku registru vozidel,dkod,56
115,2025,D8.4,Počet všech vydaných správních rozhodnutí na úseku registru vozidel,dkod,115
115,2010,D8.7,Počet vozidel v registru,dkod,36503
115,2011,D8.7,Počet vozidel v registru,dkod,37715
115,2012,D8.7,Počet vozidel v registru,dkod,36171
115,2013,D8.7,Počet vozidel v registru,dkod,37662
115,2014,D8.7,Počet vozidel v registru,dkod,38994
115,2015,D8.7,Počet vozidel v registru,dkod,40263
115,2016,D8.7,Počet vozidel v registru,dkod,41833
115,2017,D8.7,Počet vozidel v registru,dkod,43449
115,2018,D8.7,Počet vozidel v registru,dkod,45070
115,2019,D8.7,Počet vozidel v registru,dkod,46720
115,2020,D8.7,Počet vozidel v registru,dkod,48126
115,2021,D8.7,Počet vozidel v registru,dkod,51808
115,2022,D8.7,Počet vozidel v registru,dkod,54243
115,2023,D8.7,Počet vozidel v registru,dkod,56011
115,2024,D8.7,Počet vozidel v registru,dkod,57512
115,2025,D8.7,Počet vozidel v registru,dkod,58980
115,2010,D8.8,Počet zaměstnanců - pracovních úvazků v agendě registr vozidel celkem,dkod,4.3
115,2011,D8.8,Počet zaměstnanců - pracovních úvazků v agendě registr vozidel celkem,dkod,3.85
115,2012,D8.8,Počet zaměstnanců - pracovních úvazků v agendě registr vozidel celkem,dkod,4.05
115,2013,D8.8,Počet zaměstnanců - pracovních úvazků v agendě registr vozidel celkem,dkod,4.05
115,2014,D8.8,Počet zaměstnanců - pracovních úvazků v agendě registr vozidel celkem,dkod,4.05
115,2015,D8.8,Počet zaměstnanců - pracovních úvazků v agendě registr vozidel celkem,dkod,4.05
115,2016,D8.8,Počet zaměstnanců - pracovních úvazků v agendě registr vozidel celkem,dkod,4.05
115,2017,D8.8,Počet zaměstnanců - pracovních úvazků v agendě registr vozidel celkem,dkod,4.05
115,2018,D8.8,Počet zaměstnanců - pracovních úvazků v agendě registr vozidel celkem,dkod,4.05
115,2019,D8.8,Počet zaměstnanců - pracovních úvazků v agendě registr vozidel celkem,dkod,4.05
115,2020,D8.8,Počet zaměstnanců - pracovních úvazků v agendě registr vozidel celkem,dkod,4.5
115,2021,D8.8,Počet zaměstnanců - pracovních úvazků v agendě registr vozidel celkem,dkod,4
115,2022,D8.8,Počet zaměstnanců - pracovních úvazků v agendě registr vozidel celkem,dkod,4.4
115,2023,D8.8,Počet zaměstnanců - pracovních úvazků v agendě registr vozidel celkem,dkod,4.4
115,2024,D8.8,Počet zaměstnanců - pracovních úvazků v agendě registr vozidel celkem,dkod,4.4
115,2025,D8.8,Počet zaměstnanců - pracovních úvazků v agendě registr vozidel celkem,dkod,4.4
115,2010,D8.10,Průměrná čekací doba (v minutách),dkod,13.51
115,2011,D8.10,Průměrná čekací doba (v minutách),dkod,9.55
115,2012,D8.10,Průměrná čekací doba (v minutách),dkod,15.35
115,2013,D8.10,Průměrná čekací doba (v minutách),dkod,13.36
115,2014,D8.10,Průměrná čekací doba (v minutách),dkod,10.47
115,2015,D8.10,Průměrná čekací doba (v minutách),dkod,13.36
115,2016,D8.10,Průměrná čekací doba (v minutách),dkod,11.05
115,2017,D8.10,Průměrná čekací doba (v minutách),dkod,10.34
115,2018,D8.10,Průměrná čekací doba (v minutách),dkod,9.44
115,2019,D8.10,Průměrná čekací doba (v minutách),dkod,8.52
115,2020,D8.10,Průměrná čekací doba (v minutách),dkod,13.4
115,2021,D8.10,Průměrná čekací doba (v minutách),dkod,15.24
115,2022,D8.10,Průměrná čekací doba (v minutách),dkod,10.15
115,2023,D8.10,Průměrná čekací doba (v minutách),dkod,9.58
115,2024,D8.10,Průměrná čekací doba (v minutách),dkod,10.33
115,2025,D8.10,Průměrná čekací doba (v minutách),dkod,10.1
115,2010,D9.1,Počet zkoušek včetně zkoušek opakovaných,dkod,1101
115,2011,D9.1,Počet zkoušek včetně zkoušek opakovaných,dkod,1054
115,2012,D9.1,Počet zkoušek včetně zkoušek opakovaných,dkod,1039
115,2013,D9.1,Počet zkoušek včetně zkoušek opakovaných,dkod,987
115,2014,D9.1,Počet zkoušek včetně zkoušek opakovaných,dkod,973
115,2015,D9.1,Počet zkoušek včetně zkoušek opakovaných,dkod,884
115,2016,D9.1,Počet zkoušek včetně zkoušek opakovaných,dkod,796
115,2017,D9.1,Počet zkoušek včetně zkoušek opakovaných,dkod,836
115,2018,D9.1,Počet zkoušek včetně zkoušek opakovaných,dkod,712
115,2019,D9.1,Počet zkoušek včetně zkoušek opakovaných,dkod,589
115,2020,D9.1,Počet zkoušek včetně zkoušek opakovaných,dkod,472
115,2021,D9.1,Počet zkoušek včetně zkoušek opakovaných,dkod,489
115,2022,D9.1,Počet zkoušek včetně zkoušek opakovaných,dkod,444
115,2023,D9.1,Počet zkoušek včetně zkoušek opakovaných,dkod,426
115,2024,D9.1,Počet zkoušek včetně zkoušek opakovaných,dkod,445
115,2025,D9.1,Počet zkoušek včetně zkoušek opakovaných,dkod,550
115,2010,D9.2,Procento úspěšných žadatelů o řidičské oprávnění při 1. zkoušce,dkod,56
115,2011,D9.2,Procento úspěšných žadatelů o řidičské oprávnění při 1. zkoušce,dkod,44.4
115,2012,D9.2,Procento úspěšných žadatelů o řidičské oprávnění při 1. zkoušce,dkod,43.54
115,2013,D9.2,Procento úspěšných žadatelů o řidičské oprávnění při 1. zkoušce,dkod,43.56
115,2014,D9.2,Procento úspěšných žadatelů o řidičské oprávnění při 1. zkoušce,dkod,42.6
115,2015,D9.2,Procento úspěšných žadatelů o řidičské oprávnění při 1. zkoušce,dkod,53.6
115,2016,D9.2,Procento úspěšných žadatelů o řidičské oprávnění při 1. zkoušce,dkod,57
115,2017,D9.2,Procento úspěšných žadatelů o řidičské oprávnění při 1. zkoušce,dkod,58.9
115,2018,D9.2,Procento úspěšných žadatelů o řidičské oprávnění při 1. zkoušce,dkod,56.7
115,2019,D9.2,Procento úspěšných žadatelů o řidičské oprávnění při 1. zkoušce,dkod,52.4
115,2020,D9.2,Procento úspěšných žadatelů o řidičské oprávnění při 1. zkoušce,dkod,50.6
115,2021,D9.2,Procento úspěšných žadatelů o řidičské oprávnění při 1. zkoušce,dkod,28
115,2022,D9.2,Procento úspěšných žadatelů o řidičské oprávnění při 1. zkoušce,dkod,31.5
115,2023,D9.2,Procento úspěšných žadatelů o řidičské oprávnění při 1. zkoušce,dkod,31.15
115,2024,D9.2,Procento úspěšných žadatelů o řidičské oprávnění při 1. zkoušce,dkod,25.38
115,2025,D9.2,Procento úspěšných žadatelů o řidičské oprávnění při 1. zkoušce,dkod,27.69
115,2010,D9.3,Počet autoškol ve správním obvodu,dkod,7
115,2011,D9.3,Počet autoškol ve správním obvodu,dkod,9
115,2012,D9.3,Počet autoškol ve správním obvodu,dkod,10
115,2013,D9.3,Počet autoškol ve správním obvodu,dkod,10
115,2014,D9.3,Počet autoškol ve správním obvodu,dkod,11
115,2015,D9.3,Počet autoškol ve správním obvodu,dkod,11
115,2016,D9.3,Počet autoškol ve správním obvodu,dkod,9
115,2017,D9.3,Počet autoškol ve správním obvodu,dkod,9
115,2018,D9.3,Počet autoškol ve správním obvodu,dkod,8
115,2019,D9.3,Počet autoškol ve správním obvodu,dkod,6
115,2020,D9.3,Počet autoškol ve správním obvodu,dkod,6
115,2021,D9.3,Počet autoškol ve správním obvodu,dkod,6
115,2022,D9.3,Počet autoškol ve správním obvodu,dkod,5
115,2023,D9.3,Počet autoškol ve správním obvodu,dkod,7
115,2024,D9.3,Počet autoškol ve správním obvodu,dkod,6
115,2025,D9.3,Počet autoškol ve správním obvodu,dkod,6
115,2010,D9.7,Příjem poplatků v tis. Kč,dkod,476
115,2011,D9.7,Příjem poplatků v tis. Kč,dkod,477
115,2012,D9.7,Příjem poplatků v tis. Kč,dkod,462.6
115,2013,D9.7,Příjem poplatků v tis. Kč,dkod,408.3
115,2014,D9.7,Příjem poplatků v tis. Kč,dkod,445
115,2015,D9.7,Příjem poplatků v tis. Kč,dkod,435
115,2016,D9.7,Příjem poplatků v tis. Kč,dkod,429
115,2017,D9.7,Příjem poplatků v tis. Kč,dkod,432
115,2018,D9.7,Příjem poplatků v tis. Kč,dkod,392
115,2019,D9.7,Příjem poplatků v tis. Kč,dkod,338
115,2020,D9.7,Příjem poplatků v tis. Kč,dkod,233
115,2021,D9.7,Příjem poplatků v tis. Kč,dkod,255
115,2022,D9.7,Příjem poplatků v tis. Kč,dkod,235
115,2023,D9.7,Příjem poplatků v tis. Kč,dkod,228
115,2024,D9.7,Příjem poplatků v tis. Kč,dkod,220
115,2025,D9.7,Příjem poplatků v tis. Kč,dkod,256
115,2010,D9.8,Počet zaměstnanců (zkušebních komisařů) - pracovních úvazků v této agendě celkem,dkod,2.5
115,2011,D9.8,Počet zaměstnanců (zkušebních komisařů) - pracovních úvazků v této agendě celkem,dkod,1.35
115,2012,D9.8,Počet zaměstnanců (zkušebních komisařů) - pracovních úvazků v této agendě celkem,dkod,1.25
115,2013,D9.8,Počet zaměstnanců (zkušebních komisařů) - pracovních úvazků v této agendě celkem,dkod,1.25
115,2014,D9.8,Počet zaměstnanců (zkušebních komisařů) - pracovních úvazků v této agendě celkem,dkod,1.25
115,2015,D9.8,Počet zaměstnanců (zkušebních komisařů) - pracovních úvazků v této agendě celkem,dkod,1.25
115,2016,D9.8,Počet zaměstnanců (zkušebních komisařů) - pracovních úvazků v této agendě celkem,dkod,1.25
115,2017,D9.8,Počet zaměstnanců (zkušebních komisařů) - pracovních úvazků v této agendě celkem,dkod,1.25
115,2018,D9.8,Počet zaměstnanců (zkušebních komisařů) - pracovních úvazků v této agendě celkem,dkod,1.25
115,2019,D9.8,Počet zaměstnanců (zkušebních komisařů) - pracovních úvazků v této agendě celkem,dkod,1.25
115,2020,D9.8,Počet zaměstnanců (zkušebních komisařů) - pracovních úvazků v této agendě celkem,dkod,0.9
115,2021,D9.8,Počet zaměstnanců (zkušebních komisařů) - pracovních úvazků v této agendě celkem,dkod,0.7
115,2022,D9.8,Počet zaměstnanců (zkušebních komisařů) - pracovních úvazků v této agendě celkem,dkod,1.2
115,2023,D9.8,Počet zaměstnanců (zkušebních komisařů) - pracovních úvazků v této agendě celkem,dkod,1.2
115,2024,D9.8,Počet zaměstnanců (zkušebních komisařů) - pracovních úvazků v této agendě celkem,dkod,1.2
115,2025,D9.8,Počet zaměstnanců (zkušebních komisařů) - pracovních úvazků v této agendě celkem,dkod,1.2
115,2010,D10.1.1,Počet oznámených skutkových podstat dle zákona 361/2000 Sb. (Zákon o provozu na pozemních komunikacích),dkod,
115,2011,D10.1.1,Počet oznámených skutkových podstat dle zákona 361/2000 Sb. (Zákon o provozu na pozemních komunikacích),dkod,
115,2012,D10.1.1,Počet oznámených skutkových podstat dle zákona 361/2000 Sb. (Zákon o provozu na pozemních komunikacích),dkod,
115,2013,D10.1.1,Počet oznámených skutkových podstat dle zákona 361/2000 Sb. (Zákon o provozu na pozemních komunikacích),dkod,
115,2014,D10.1.1,Počet oznámených skutkových podstat dle zákona 361/2000 Sb. (Zákon o provozu na pozemních komunikacích),dkod,
115,2015,D10.1.1,Počet oznámených skutkových podstat dle zákona 361/2000 Sb. (Zákon o provozu na pozemních komunikacích),dkod,
115,2016,D10.1.1,Počet oznámených skutkových podstat dle zákona 361/2000 Sb. (Zákon o provozu na pozemních komunikacích),dkod,
115,2017,D10.1.1,Počet oznámených skutkových podstat dle zákona 361/2000 Sb. (Zákon o provozu na pozemních komunikacích),dkod,
115,2018,D10.1.1,Počet oznámených skutkových podstat dle zákona 361/2000 Sb. (Zákon o provozu na pozemních komunikacích),dkod,11067
115,2019,D10.1.1,Počet oznámených skutkových podstat dle zákona 361/2000 Sb. (Zákon o provozu na pozemních komunikacích),dkod,10992
115,2020,D10.1.1,Počet oznámených skutkových podstat dle zákona 361/2000 Sb. (Zákon o provozu na pozemních komunikacích),dkod,19046
115,2021,D10.1.1,Počet oznámených skutkových podstat dle zákona 361/2000 Sb. (Zákon o provozu na pozemních komunikacích),dkod,16442
115,2022,D10.1.1,Počet oznámených skutkových podstat dle zákona 361/2000 Sb. (Zákon o provozu na pozemních komunikacích),dkod,24670
115,2023,D10.1.1,Počet oznámených skutkových podstat dle zákona 361/2000 Sb. (Zákon o provozu na pozemních komunikacích),dkod,23339
115,2024,D10.1.1,Počet oznámených skutkových podstat dle zákona 361/2000 Sb. (Zákon o provozu na pozemních komunikacích),dkod,17101
115,2025,D10.1.1,Počet oznámených skutkových podstat dle zákona 361/2000 Sb. (Zákon o provozu na pozemních komunikacích),dkod,13130
115,2010,D10.1.1.1,"z toho počet VŠECH oznámených skutkových podstat dle §125f, odst. 2, písm. a) zákona 361/2000 Sb.",dkod,
115,2011,D10.1.1.1,"z toho počet VŠECH oznámených skutkových podstat dle §125f, odst. 2, písm. a) zákona 361/2000 Sb.",dkod,
115,2012,D10.1.1.1,"z toho počet VŠECH oznámených skutkových podstat dle §125f, odst. 2, písm. a) zákona 361/2000 Sb.",dkod,
115,2013,D10.1.1.1,"z toho počet VŠECH oznámených skutkových podstat dle §125f, odst. 2, písm. a) zákona 361/2000 Sb.",dkod,
115,2014,D10.1.1.1,"z toho počet VŠECH oznámených skutkových podstat dle §125f, odst. 2, písm. a) zákona 361/2000 Sb.",dkod,
115,2015,D10.1.1.1,"z toho počet VŠECH oznámených skutkových podstat dle §125f, odst. 2, písm. a) zákona 361/2000 Sb.",dkod,
115,2016,D10.1.1.1,"z toho počet VŠECH oznámených skutkových podstat dle §125f, odst. 2, písm. a) zákona 361/2000 Sb.",dkod,
115,2017,D10.1.1.1,"z toho počet VŠECH oznámených skutkových podstat dle §125f, odst. 2, písm. a) zákona 361/2000 Sb.",dkod,
115,2018,D10.1.1.1,"z toho počet VŠECH oznámených skutkových podstat dle §125f, odst. 2, písm. a) zákona 361/2000 Sb.",dkod,9264
115,2019,D10.1.1.1,"z toho počet VŠECH oznámených skutkových podstat dle §125f, odst. 2, písm. a) zákona 361/2000 Sb.",dkod,10382
115,2020,D10.1.1.1,"z toho počet VŠECH oznámených skutkových podstat dle §125f, odst. 2, písm. a) zákona 361/2000 Sb.",dkod,16257
115,2021,D10.1.1.1,"z toho počet VŠECH oznámených skutkových podstat dle §125f, odst. 2, písm. a) zákona 361/2000 Sb.",dkod,12829
115,2022,D10.1.1.1,"z toho počet VŠECH oznámených skutkových podstat dle §125f, odst. 2, písm. a) zákona 361/2000 Sb.",dkod,23561
115,2023,D10.1.1.1,"z toho počet VŠECH oznámených skutkových podstat dle §125f, odst. 2, písm. a) zákona 361/2000 Sb.",dkod,20897
115,2024,D10.1.1.1,"z toho počet VŠECH oznámených skutkových podstat dle §125f, odst. 2, písm. a) zákona 361/2000 Sb.",dkod,14550
115,2025,D10.1.1.1,"z toho počet VŠECH oznámených skutkových podstat dle §125f, odst. 2, písm. a) zákona 361/2000 Sb.",dkod,11608
115,2010,D10.1.1.1.1,Je provozován automatizovaný systém měření rychlosti a generuje výzvy?,dkod,
115,2011,D10.1.1.1.1,Je provozován automatizovaný systém měření rychlosti a generuje výzvy?,dkod,
115,2012,D10.1.1.1.1,Je provozován automatizovaný systém měření rychlosti a generuje výzvy?,dkod,
115,2013,D10.1.1.1.1,Je provozován automatizovaný systém měření rychlosti a generuje výzvy?,dkod,
115,2014,D10.1.1.1.1,Je provozován automatizovaný systém měření rychlosti a generuje výzvy?,dkod,
115,2015,D10.1.1.1.1,Je provozován automatizovaný systém měření rychlosti a generuje výzvy?,dkod,
115,2016,D10.1.1.1.1,Je provozován automatizovaný systém měření rychlosti a generuje výzvy?,dkod,
115,2017,D10.1.1.1.1,Je provozován automatizovaný systém měření rychlosti a generuje výzvy?,dkod,
115,2018,D10.1.1.1.1,Je provozován automatizovaný systém měření rychlosti a generuje výzvy?,dkod,1
115,2019,D10.1.1.1.1,Je provozován automatizovaný systém měření rychlosti a generuje výzvy?,dkod,1
115,2020,D10.1.1.1.1,Je provozován automatizovaný systém měření rychlosti a generuje výzvy?,dkod,1
115,2021,D10.1.1.1.1,Je provozován automatizovaný systém měření rychlosti a generuje výzvy?,dkod,1
115,2022,D10.1.1.1.1,Je provozován automatizovaný systém měření rychlosti a generuje výzvy?,dkod,1
115,2023,D10.1.1.1.1,Je provozován automatizovaný systém měření rychlosti a generuje výzvy?,dkod,12
115,2024,D10.1.1.1.1,Je provozován automatizovaný systém měření rychlosti a generuje výzvy?,dkod,12
115,2025,D10.1.1.1.1,Je provozován automatizovaný systém měření rychlosti a generuje výzvy?,dkod,12
115,2010,D10.1.1.1.2,Je provozován automatizovaný systém parkování a generuje výzvy?,dkod,
115,2011,D10.1.1.1.2,Je provozován automatizovaný systém parkování a generuje výzvy?,dkod,
115,2012,D10.1.1.1.2,Je provozován automatizovaný systém parkování a generuje výzvy?,dkod,
115,2013,D10.1.1.1.2,Je provozován automatizovaný systém parkování a generuje výzvy?,dkod,
115,2014,D10.1.1.1.2,Je provozován automatizovaný systém parkování a generuje výzvy?,dkod,
115,2015,D10.1.1.1.2,Je provozován automatizovaný systém parkování a generuje výzvy?,dkod,
115,2016,D10.1.1.1.2,Je provozován automatizovaný systém parkování a generuje výzvy?,dkod,
115,2017,D10.1.1.1.2,Je provozován automatizovaný systém parkování a generuje výzvy?,dkod,
115,2018,D10.1.1.1.2,Je provozován automatizovaný systém parkování a generuje výzvy?,dkod,0
115,2019,D10.1.1.1.2,Je provozován automatizovaný systém parkování a generuje výzvy?,dkod,2
115,2020,D10.1.1.1.2,Je provozován automatizovaný systém parkování a generuje výzvy?,dkod,0
115,2021,D10.1.1.1.2,Je provozován automatizovaný systém parkování a generuje výzvy?,dkod,0
115,2022,D10.1.1.1.2,Je provozován automatizovaný systém parkování a generuje výzvy?,dkod,0
115,2023,D10.1.1.1.2,Je provozován automatizovaný systém parkování a generuje výzvy?,dkod,0
115,2024,D10.1.1.1.2,Je provozován automatizovaný systém parkování a generuje výzvy?,dkod,0
115,2025,D10.1.1.1.2,Je provozován automatizovaný systém parkování a generuje výzvy?,dkod,0
115,2010,D10.1.1.1.3,Je provozován systém detekce jízdy na červenou a generuje výzvy?,dkod,
115,2011,D10.1.1.1.3,Je provozován systém detekce jízdy na červenou a generuje výzvy?,dkod,
115,2012,D10.1.1.1.3,Je provozován systém detekce jízdy na červenou a generuje výzvy?,dkod,
115,2013,D10.1.1.1.3,Je provozován systém detekce jízdy na červenou a generuje výzvy?,dkod,
115,2014,D10.1.1.1.3,Je provozován systém detekce jízdy na červenou a generuje výzvy?,dkod,
115,2015,D10.1.1.1.3,Je provozován systém detekce jízdy na červenou a generuje výzvy?,dkod,
115,2016,D10.1.1.1.3,Je provozován systém detekce jízdy na červenou a generuje výzvy?,dkod,
115,2017,D10.1.1.1.3,Je provozován systém detekce jízdy na červenou a generuje výzvy?,dkod,
115,2018,D10.1.1.1.3,Je provozován systém detekce jízdy na červenou a generuje výzvy?,dkod,0
115,2019,D10.1.1.1.3,Je provozován systém detekce jízdy na červenou a generuje výzvy?,dkod,2
115,2020,D10.1.1.1.3,Je provozován systém detekce jízdy na červenou a generuje výzvy?,dkod,0
115,2021,D10.1.1.1.3,Je provozován systém detekce jízdy na červenou a generuje výzvy?,dkod,0
115,2022,D10.1.1.1.3,Je provozován systém detekce jízdy na červenou a generuje výzvy?,dkod,0
115,2023,D10.1.1.1.3,Je provozován systém detekce jízdy na červenou a generuje výzvy?,dkod,0
115,2024,D10.1.1.1.3,Je provozován systém detekce jízdy na červenou a generuje výzvy?,dkod,0
115,2025,D10.1.1.1.3,Je provozován systém detekce jízdy na červenou a generuje výzvy?,dkod,0
115,2010,D10.1.2,Počet přestupků vyřízených příkazem na místě dle zákona 361/2000 Sb.,dkod,
115,2011,D10.1.2,Počet přestupků vyřízených příkazem na místě dle zákona 361/2000 Sb.,dkod,
115,2012,D10.1.2,Počet přestupků vyřízených příkazem na místě dle zákona 361/2000 Sb.,dkod,
115,2013,D10.1.2,Počet přestupků vyřízených příkazem na místě dle zákona 361/2000 Sb.,dkod,
115,2014,D10.1.2,Počet přestupků vyřízených příkazem na místě dle zákona 361/2000 Sb.,dkod,
115,2015,D10.1.2,Počet přestupků vyřízených příkazem na místě dle zákona 361/2000 Sb.,dkod,
115,2016,D10.1.2,Počet přestupků vyřízených příkazem na místě dle zákona 361/2000 Sb.,dkod,
115,2017,D10.1.2,Počet přestupků vyřízených příkazem na místě dle zákona 361/2000 Sb.,dkod,
115,2018,D10.1.2,Počet přestupků vyřízených příkazem na místě dle zákona 361/2000 Sb.,dkod,126
115,2019,D10.1.2,Počet přestupků vyřízených příkazem na místě dle zákona 361/2000 Sb.,dkod,144
115,2020,D10.1.2,Počet přestupků vyřízených příkazem na místě dle zákona 361/2000 Sb.,dkod,107
115,2021,D10.1.2,Počet přestupků vyřízených příkazem na místě dle zákona 361/2000 Sb.,dkod,86
115,2022,D10.1.2,Počet přestupků vyřízených příkazem na místě dle zákona 361/2000 Sb.,dkod,101
115,2023,D10.1.2,Počet přestupků vyřízených příkazem na místě dle zákona 361/2000 Sb.,dkod,89
115,2024,D10.1.2,Počet přestupků vyřízených příkazem na místě dle zákona 361/2000 Sb.,dkod,86
115,2025,D10.1.2,Počet přestupků vyřízených příkazem na místě dle zákona 361/2000 Sb.,dkod,75
115,2010,D10.1.3,Počet přestupků vyřízených příkazem dle zákona 361/2000 Sb.,dkod,
115,2011,D10.1.3,Počet přestupků vyřízených příkazem dle zákona 361/2000 Sb.,dkod,
115,2012,D10.1.3,Počet přestupků vyřízených příkazem dle zákona 361/2000 Sb.,dkod,
115,2013,D10.1.3,Počet přestupků vyřízených příkazem dle zákona 361/2000 Sb.,dkod,
115,2014,D10.1.3,Počet přestupků vyřízených příkazem dle zákona 361/2000 Sb.,dkod,
115,2015,D10.1.3,Počet přestupků vyřízených příkazem dle zákona 361/2000 Sb.,dkod,
115,2016,D10.1.3,Počet přestupků vyřízených příkazem dle zákona 361/2000 Sb.,dkod,
115,2017,D10.1.3,Počet přestupků vyřízených příkazem dle zákona 361/2000 Sb.,dkod,
115,2018,D10.1.3,Počet přestupků vyřízených příkazem dle zákona 361/2000 Sb.,dkod,327
115,2019,D10.1.3,Počet přestupků vyřízených příkazem dle zákona 361/2000 Sb.,dkod,1195
115,2020,D10.1.3,Počet přestupků vyřízených příkazem dle zákona 361/2000 Sb.,dkod,1379
115,2021,D10.1.3,Počet přestupků vyřízených příkazem dle zákona 361/2000 Sb.,dkod,1910
115,2022,D10.1.3,Počet přestupků vyřízených příkazem dle zákona 361/2000 Sb.,dkod,3249
115,2023,D10.1.3,Počet přestupků vyřízených příkazem dle zákona 361/2000 Sb.,dkod,2506
115,2024,D10.1.3,Počet přestupků vyřízených příkazem dle zákona 361/2000 Sb.,dkod,1702
115,2025,D10.1.3,Počet přestupků vyřízených příkazem dle zákona 361/2000 Sb.,dkod,1199
115,2010,D10.1.4,Počet přestupků vyřízených rozhodnutím dle zákona 361/2000 Sb.,dkod,
115,2011,D10.1.4,Počet přestupků vyřízených rozhodnutím dle zákona 361/2000 Sb.,dkod,
115,2012,D10.1.4,Počet přestupků vyřízených rozhodnutím dle zákona 361/2000 Sb.,dkod,
115,2013,D10.1.4,Počet přestupků vyřízených rozhodnutím dle zákona 361/2000 Sb.,dkod,
115,2014,D10.1.4,Počet přestupků vyřízených rozhodnutím dle zákona 361/2000 Sb.,dkod,
115,2015,D10.1.4,Počet přestupků vyřízených rozhodnutím dle zákona 361/2000 Sb.,dkod,
115,2016,D10.1.4,Počet přestupků vyřízených rozhodnutím dle zákona 361/2000 Sb.,dkod,
115,2017,D10.1.4,Počet přestupků vyřízených rozhodnutím dle zákona 361/2000 Sb.,dkod,
115,2018,D10.1.4,Počet přestupků vyřízených rozhodnutím dle zákona 361/2000 Sb.,dkod,572
115,2019,D10.1.4,Počet přestupků vyřízených rozhodnutím dle zákona 361/2000 Sb.,dkod,51
115,2020,D10.1.4,Počet přestupků vyřízených rozhodnutím dle zákona 361/2000 Sb.,dkod,387
115,2021,D10.1.4,Počet přestupků vyřízených rozhodnutím dle zákona 361/2000 Sb.,dkod,1046
115,2022,D10.1.4,Počet přestupků vyřízených rozhodnutím dle zákona 361/2000 Sb.,dkod,1673
115,2023,D10.1.4,Počet přestupků vyřízených rozhodnutím dle zákona 361/2000 Sb.,dkod,195
115,2024,D10.1.4,Počet přestupků vyřízených rozhodnutím dle zákona 361/2000 Sb.,dkod,99
115,2025,D10.1.4,Počet přestupků vyřízených rozhodnutím dle zákona 361/2000 Sb.,dkod,91
115,2010,D10.1.5,"Počet odložených přestupků dle zákona 361/2000 Sb. (mimo §125h, odst. 5 zákona 361/2000 Sb. (D1.1.4))",dkod,
115,2011,D10.1.5,"Počet odložených přestupků dle zákona 361/2000 Sb. (mimo §125h, odst. 5 zákona 361/2000 Sb. (D1.1.4))",dkod,
115,2012,D10.1.5,"Počet odložených přestupků dle zákona 361/2000 Sb. (mimo §125h, odst. 5 zákona 361/2000 Sb. (D1.1.4))",dkod,
115,2013,D10.1.5,"Počet odložených přestupků dle zákona 361/2000 Sb. (mimo §125h, odst. 5 zákona 361/2000 Sb. (D1.1.4))",dkod,
115,2014,D10.1.5,"Počet odložených přestupků dle zákona 361/2000 Sb. (mimo §125h, odst. 5 zákona 361/2000 Sb. (D1.1.4))",dkod,
115,2015,D10.1.5,"Počet odložených přestupků dle zákona 361/2000 Sb. (mimo §125h, odst. 5 zákona 361/2000 Sb. (D1.1.4))",dkod,
115,2016,D10.1.5,"Počet odložených přestupků dle zákona 361/2000 Sb. (mimo §125h, odst. 5 zákona 361/2000 Sb. (D1.1.4))",dkod,
115,2017,D10.1.5,"Počet odložených přestupků dle zákona 361/2000 Sb. (mimo §125h, odst. 5 zákona 361/2000 Sb. (D1.1.4))",dkod,
115,2018,D10.1.5,"Počet odložených přestupků dle zákona 361/2000 Sb. (mimo §125h, odst. 5 zákona 361/2000 Sb. (D1.1.4))",dkod,670
115,2019,D10.1.5,"Počet odložených přestupků dle zákona 361/2000 Sb. (mimo §125h, odst. 5 zákona 361/2000 Sb. (D1.1.4))",dkod,42
115,2020,D10.1.5,"Počet odložených přestupků dle zákona 361/2000 Sb. (mimo §125h, odst. 5 zákona 361/2000 Sb. (D1.1.4))",dkod,231
115,2021,D10.1.5,"Počet odložených přestupků dle zákona 361/2000 Sb. (mimo §125h, odst. 5 zákona 361/2000 Sb. (D1.1.4))",dkod,145
115,2022,D10.1.5,"Počet odložených přestupků dle zákona 361/2000 Sb. (mimo §125h, odst. 5 zákona 361/2000 Sb. (D1.1.4))",dkod,131
115,2023,D10.1.5,"Počet odložených přestupků dle zákona 361/2000 Sb. (mimo §125h, odst. 5 zákona 361/2000 Sb. (D1.1.4))",dkod,21
115,2024,D10.1.5,"Počet odložených přestupků dle zákona 361/2000 Sb. (mimo §125h, odst. 5 zákona 361/2000 Sb. (D1.1.4))",dkod,20
115,2025,D10.1.5,"Počet odložených přestupků dle zákona 361/2000 Sb. (mimo §125h, odst. 5 zákona 361/2000 Sb. (D1.1.4))",dkod,176
115,2010,D10.2.1,Počet oznámených skutkových podstat dle zákona 168/1999 Sb. a dle zákona č. 30/2024 Sb.,dkod,
115,2011,D10.2.1,Počet oznámených skutkových podstat dle zákona 168/1999 Sb. a dle zákona č. 30/2024 Sb.,dkod,
115,2012,D10.2.1,Počet oznámených skutkových podstat dle zákona 168/1999 Sb. a dle zákona č. 30/2024 Sb.,dkod,
115,2013,D10.2.1,Počet oznámených skutkových podstat dle zákona 168/1999 Sb. a dle zákona č. 30/2024 Sb.,dkod,
115,2014,D10.2.1,Počet oznámených skutkových podstat dle zákona 168/1999 Sb. a dle zákona č. 30/2024 Sb.,dkod,
115,2015,D10.2.1,Počet oznámených skutkových podstat dle zákona 168/1999 Sb. a dle zákona č. 30/2024 Sb.,dkod,
115,2016,D10.2.1,Počet oznámených skutkových podstat dle zákona 168/1999 Sb. a dle zákona č. 30/2024 Sb.,dkod,
115,2017,D10.2.1,Počet oznámených skutkových podstat dle zákona 168/1999 Sb. a dle zákona č. 30/2024 Sb.,dkod,
115,2018,D10.2.1,Počet oznámených skutkových podstat dle zákona 168/1999 Sb. a dle zákona č. 30/2024 Sb.,dkod,34
115,2019,D10.2.1,Počet oznámených skutkových podstat dle zákona 168/1999 Sb. a dle zákona č. 30/2024 Sb.,dkod,28
115,2020,D10.2.1,Počet oznámených skutkových podstat dle zákona 168/1999 Sb. a dle zákona č. 30/2024 Sb.,dkod,41
115,2021,D10.2.1,Počet oznámených skutkových podstat dle zákona 168/1999 Sb. a dle zákona č. 30/2024 Sb.,dkod,31
115,2022,D10.2.1,Počet oznámených skutkových podstat dle zákona 168/1999 Sb. a dle zákona č. 30/2024 Sb.,dkod,36
115,2023,D10.2.1,Počet oznámených skutkových podstat dle zákona 168/1999 Sb. a dle zákona č. 30/2024 Sb.,dkod,33
115,2024,D10.2.1,Počet oznámených skutkových podstat dle zákona 168/1999 Sb. a dle zákona č. 30/2024 Sb.,dkod,24
115,2025,D10.2.1,Počet oznámených skutkových podstat dle zákona 168/1999 Sb. a dle zákona č. 30/2024 Sb.,dkod,13
115,2010,D10.2.2,Počet přestupků vyřízených příkazem na místě dle zákona 168/1999 Sb. a dle zákona č. 30/2024 Sb.,dkod,
115,2011,D10.2.2,Počet přestupků vyřízených příkazem na místě dle zákona 168/1999 Sb. a dle zákona č. 30/2024 Sb.,dkod,
115,2012,D10.2.2,Počet přestupků vyřízených příkazem na místě dle zákona 168/1999 Sb. a dle zákona č. 30/2024 Sb.,dkod,
115,2013,D10.2.2,Počet přestupků vyřízených příkazem na místě dle zákona 168/1999 Sb. a dle zákona č. 30/2024 Sb.,dkod,
115,2014,D10.2.2,Počet přestupků vyřízených příkazem na místě dle zákona 168/1999 Sb. a dle zákona č. 30/2024 Sb.,dkod,
115,2015,D10.2.2,Počet přestupků vyřízených příkazem na místě dle zákona 168/1999 Sb. a dle zákona č. 30/2024 Sb.,dkod,
115,2016,D10.2.2,Počet přestupků vyřízených příkazem na místě dle zákona 168/1999 Sb. a dle zákona č. 30/2024 Sb.,dkod,
115,2017,D10.2.2,Počet přestupků vyřízených příkazem na místě dle zákona 168/1999 Sb. a dle zákona č. 30/2024 Sb.,dkod,
115,2018,D10.2.2,Počet přestupků vyřízených příkazem na místě dle zákona 168/1999 Sb. a dle zákona č. 30/2024 Sb.,dkod,2
115,2019,D10.2.2,Počet přestupků vyřízených příkazem na místě dle zákona 168/1999 Sb. a dle zákona č. 30/2024 Sb.,dkod,0
115,2020,D10.2.2,Počet přestupků vyřízených příkazem na místě dle zákona 168/1999 Sb. a dle zákona č. 30/2024 Sb.,dkod,1
115,2021,D10.2.2,Počet přestupků vyřízených příkazem na místě dle zákona 168/1999 Sb. a dle zákona č. 30/2024 Sb.,dkod,3
115,2022,D10.2.2,Počet přestupků vyřízených příkazem na místě dle zákona 168/1999 Sb. a dle zákona č. 30/2024 Sb.,dkod,3
115,2023,D10.2.2,Počet přestupků vyřízených příkazem na místě dle zákona 168/1999 Sb. a dle zákona č. 30/2024 Sb.,dkod,2
115,2024,D10.2.2,Počet přestupků vyřízených příkazem na místě dle zákona 168/1999 Sb. a dle zákona č. 30/2024 Sb.,dkod,1
115,2025,D10.2.2,Počet přestupků vyřízených příkazem na místě dle zákona 168/1999 Sb. a dle zákona č. 30/2024 Sb.,dkod,0
115,2010,D10.2.3,Počet přestupků vyřízených příkazem dle zákona 168/1999 Sb. a dle zákona č. 30/2024 Sb.,dkod,
115,2011,D10.2.3,Počet přestupků vyřízených příkazem dle zákona 168/1999 Sb. a dle zákona č. 30/2024 Sb.,dkod,
115,2012,D10.2.3,Počet přestupků vyřízených příkazem dle zákona 168/1999 Sb. a dle zákona č. 30/2024 Sb.,dkod,
115,2013,D10.2.3,Počet přestupků vyřízených příkazem dle zákona 168/1999 Sb. a dle zákona č. 30/2024 Sb.,dkod,
115,2014,D10.2.3,Počet přestupků vyřízených příkazem dle zákona 168/1999 Sb. a dle zákona č. 30/2024 Sb.,dkod,
115,2015,D10.2.3,Počet přestupků vyřízených příkazem dle zákona 168/1999 Sb. a dle zákona č. 30/2024 Sb.,dkod,
115,2016,D10.2.3,Počet přestupků vyřízených příkazem dle zákona 168/1999 Sb. a dle zákona č. 30/2024 Sb.,dkod,
115,2017,D10.2.3,Počet přestupků vyřízených příkazem dle zákona 168/1999 Sb. a dle zákona č. 30/2024 Sb.,dkod,
115,2018,D10.2.3,Počet přestupků vyřízených příkazem dle zákona 168/1999 Sb. a dle zákona č. 30/2024 Sb.,dkod,7
115,2019,D10.2.3,Počet přestupků vyřízených příkazem dle zákona 168/1999 Sb. a dle zákona č. 30/2024 Sb.,dkod,6
115,2020,D10.2.3,Počet přestupků vyřízených příkazem dle zákona 168/1999 Sb. a dle zákona č. 30/2024 Sb.,dkod,13
115,2021,D10.2.3,Počet přestupků vyřízených příkazem dle zákona 168/1999 Sb. a dle zákona č. 30/2024 Sb.,dkod,21
115,2022,D10.2.3,Počet přestupků vyřízených příkazem dle zákona 168/1999 Sb. a dle zákona č. 30/2024 Sb.,dkod,14
115,2023,D10.2.3,Počet přestupků vyřízených příkazem dle zákona 168/1999 Sb. a dle zákona č. 30/2024 Sb.,dkod,16
115,2024,D10.2.3,Počet přestupků vyřízených příkazem dle zákona 168/1999 Sb. a dle zákona č. 30/2024 Sb.,dkod,14
115,2025,D10.2.3,Počet přestupků vyřízených příkazem dle zákona 168/1999 Sb. a dle zákona č. 30/2024 Sb.,dkod,7
115,2010,D10.2.4,Počet přestupků vyřízených rozhodnutím dle zákona 168/1999 Sb. a dle zákona č. 30/2024 Sb.,dkod,
115,2011,D10.2.4,Počet přestupků vyřízených rozhodnutím dle zákona 168/1999 Sb. a dle zákona č. 30/2024 Sb.,dkod,
115,2012,D10.2.4,Počet přestupků vyřízených rozhodnutím dle zákona 168/1999 Sb. a dle zákona č. 30/2024 Sb.,dkod,
115,2013,D10.2.4,Počet přestupků vyřízených rozhodnutím dle zákona 168/1999 Sb. a dle zákona č. 30/2024 Sb.,dkod,
115,2014,D10.2.4,Počet přestupků vyřízených rozhodnutím dle zákona 168/1999 Sb. a dle zákona č. 30/2024 Sb.,dkod,
115,2015,D10.2.4,Počet přestupků vyřízených rozhodnutím dle zákona 168/1999 Sb. a dle zákona č. 30/2024 Sb.,dkod,
115,2016,D10.2.4,Počet přestupků vyřízených rozhodnutím dle zákona 168/1999 Sb. a dle zákona č. 30/2024 Sb.,dkod,
115,2017,D10.2.4,Počet přestupků vyřízených rozhodnutím dle zákona 168/1999 Sb. a dle zákona č. 30/2024 Sb.,dkod,
115,2018,D10.2.4,Počet přestupků vyřízených rozhodnutím dle zákona 168/1999 Sb. a dle zákona č. 30/2024 Sb.,dkod,18
115,2019,D10.2.4,Počet přestupků vyřízených rozhodnutím dle zákona 168/1999 Sb. a dle zákona č. 30/2024 Sb.,dkod,2
115,2020,D10.2.4,Počet přestupků vyřízených rozhodnutím dle zákona 168/1999 Sb. a dle zákona č. 30/2024 Sb.,dkod,1
115,2021,D10.2.4,Počet přestupků vyřízených rozhodnutím dle zákona 168/1999 Sb. a dle zákona č. 30/2024 Sb.,dkod,6
115,2022,D10.2.4,Počet přestupků vyřízených rozhodnutím dle zákona 168/1999 Sb. a dle zákona č. 30/2024 Sb.,dkod,3
115,2023,D10.2.4,Počet přestupků vyřízených rozhodnutím dle zákona 168/1999 Sb. a dle zákona č. 30/2024 Sb.,dkod,0
115,2024,D10.2.4,Počet přestupků vyřízených rozhodnutím dle zákona 168/1999 Sb. a dle zákona č. 30/2024 Sb.,dkod,6
115,2025,D10.2.4,Počet přestupků vyřízených rozhodnutím dle zákona 168/1999 Sb. a dle zákona č. 30/2024 Sb.,dkod,1
115,2010,D10.2.5,Počet odložených přestupků dle zákona 168/1999 Sb. a dle zákona č. 30/2024 Sb.,dkod,
115,2011,D10.2.5,Počet odložených přestupků dle zákona 168/1999 Sb. a dle zákona č. 30/2024 Sb.,dkod,
115,2012,D10.2.5,Počet odložených přestupků dle zákona 168/1999 Sb. a dle zákona č. 30/2024 Sb.,dkod,
115,2013,D10.2.5,Počet odložených přestupků dle zákona 168/1999 Sb. a dle zákona č. 30/2024 Sb.,dkod,
115,2014,D10.2.5,Počet odložených přestupků dle zákona 168/1999 Sb. a dle zákona č. 30/2024 Sb.,dkod,
115,2015,D10.2.5,Počet odložených přestupků dle zákona 168/1999 Sb. a dle zákona č. 30/2024 Sb.,dkod,
115,2016,D10.2.5,Počet odložených přestupků dle zákona 168/1999 Sb. a dle zákona č. 30/2024 Sb.,dkod,
115,2017,D10.2.5,Počet odložených přestupků dle zákona 168/1999 Sb. a dle zákona č. 30/2024 Sb.,dkod,
115,2018,D10.2.5,Počet odložených přestupků dle zákona 168/1999 Sb. a dle zákona č. 30/2024 Sb.,dkod,6
115,2019,D10.2.5,Počet odložených přestupků dle zákona 168/1999 Sb. a dle zákona č. 30/2024 Sb.,dkod,10
115,2020,D10.2.5,Počet odložených přestupků dle zákona 168/1999 Sb. a dle zákona č. 30/2024 Sb.,dkod,7
115,2021,D10.2.5,Počet odložených přestupků dle zákona 168/1999 Sb. a dle zákona č. 30/2024 Sb.,dkod,0
115,2022,D10.2.5,Počet odložených přestupků dle zákona 168/1999 Sb. a dle zákona č. 30/2024 Sb.,dkod,1
115,2023,D10.2.5,Počet odložených přestupků dle zákona 168/1999 Sb. a dle zákona č. 30/2024 Sb.,dkod,3
115,2024,D10.2.5,Počet odložených přestupků dle zákona 168/1999 Sb. a dle zákona č. 30/2024 Sb.,dkod,2
115,2025,D10.2.5,Počet odložených přestupků dle zákona 168/1999 Sb. a dle zákona č. 30/2024 Sb.,dkod,0
115,2010,D10.3.1,Počet oznámených skutkových podstat dle zákona 56/2001 Sb. (Zákon o podmínkách provozu vozidel na pozemních komunikacích),dkod,
115,2011,D10.3.1,Počet oznámených skutkových podstat dle zákona 56/2001 Sb. (Zákon o podmínkách provozu vozidel na pozemních komunikacích),dkod,
115,2012,D10.3.1,Počet oznámených skutkových podstat dle zákona 56/2001 Sb. (Zákon o podmínkách provozu vozidel na pozemních komunikacích),dkod,
115,2013,D10.3.1,Počet oznámených skutkových podstat dle zákona 56/2001 Sb. (Zákon o podmínkách provozu vozidel na pozemních komunikacích),dkod,
115,2014,D10.3.1,Počet oznámených skutkových podstat dle zákona 56/2001 Sb. (Zákon o podmínkách provozu vozidel na pozemních komunikacích),dkod,
115,2015,D10.3.1,Počet oznámených skutkových podstat dle zákona 56/2001 Sb. (Zákon o podmínkách provozu vozidel na pozemních komunikacích),dkod,
115,2016,D10.3.1,Počet oznámených skutkových podstat dle zákona 56/2001 Sb. (Zákon o podmínkách provozu vozidel na pozemních komunikacích),dkod,
115,2017,D10.3.1,Počet oznámených skutkových podstat dle zákona 56/2001 Sb. (Zákon o podmínkách provozu vozidel na pozemních komunikacích),dkod,
115,2018,D10.3.1,Počet oznámených skutkových podstat dle zákona 56/2001 Sb. (Zákon o podmínkách provozu vozidel na pozemních komunikacích),dkod,144
115,2019,D10.3.1,Počet oznámených skutkových podstat dle zákona 56/2001 Sb. (Zákon o podmínkách provozu vozidel na pozemních komunikacích),dkod,81
115,2020,D10.3.1,Počet oznámených skutkových podstat dle zákona 56/2001 Sb. (Zákon o podmínkách provozu vozidel na pozemních komunikacích),dkod,112
115,2021,D10.3.1,Počet oznámených skutkových podstat dle zákona 56/2001 Sb. (Zákon o podmínkách provozu vozidel na pozemních komunikacích),dkod,31
115,2022,D10.3.1,Počet oznámených skutkových podstat dle zákona 56/2001 Sb. (Zákon o podmínkách provozu vozidel na pozemních komunikacích),dkod,48
115,2023,D10.3.1,Počet oznámených skutkových podstat dle zákona 56/2001 Sb. (Zákon o podmínkách provozu vozidel na pozemních komunikacích),dkod,28
115,2024,D10.3.1,Počet oznámených skutkových podstat dle zákona 56/2001 Sb. (Zákon o podmínkách provozu vozidel na pozemních komunikacích),dkod,17
115,2025,D10.3.1,Počet oznámených skutkových podstat dle zákona 56/2001 Sb. (Zákon o podmínkách provozu vozidel na pozemních komunikacích),dkod,28
115,2010,D10.3.2,Počet přestupků vyřízených příkazem na místě dle zákona 56/2001 Sb.,dkod,
115,2011,D10.3.2,Počet přestupků vyřízených příkazem na místě dle zákona 56/2001 Sb.,dkod,
115,2012,D10.3.2,Počet přestupků vyřízených příkazem na místě dle zákona 56/2001 Sb.,dkod,
115,2013,D10.3.2,Počet přestupků vyřízených příkazem na místě dle zákona 56/2001 Sb.,dkod,
115,2014,D10.3.2,Počet přestupků vyřízených příkazem na místě dle zákona 56/2001 Sb.,dkod,
115,2015,D10.3.2,Počet přestupků vyřízených příkazem na místě dle zákona 56/2001 Sb.,dkod,
115,2016,D10.3.2,Počet přestupků vyřízených příkazem na místě dle zákona 56/2001 Sb.,dkod,
115,2017,D10.3.2,Počet přestupků vyřízených příkazem na místě dle zákona 56/2001 Sb.,dkod,
115,2018,D10.3.2,Počet přestupků vyřízených příkazem na místě dle zákona 56/2001 Sb.,dkod,6
115,2019,D10.3.2,Počet přestupků vyřízených příkazem na místě dle zákona 56/2001 Sb.,dkod,9
115,2020,D10.3.2,Počet přestupků vyřízených příkazem na místě dle zákona 56/2001 Sb.,dkod,8
115,2021,D10.3.2,Počet přestupků vyřízených příkazem na místě dle zákona 56/2001 Sb.,dkod,3
115,2022,D10.3.2,Počet přestupků vyřízených příkazem na místě dle zákona 56/2001 Sb.,dkod,2
115,2023,D10.3.2,Počet přestupků vyřízených příkazem na místě dle zákona 56/2001 Sb.,dkod,2
115,2024,D10.3.2,Počet přestupků vyřízených příkazem na místě dle zákona 56/2001 Sb.,dkod,0
115,2025,D10.3.2,Počet přestupků vyřízených příkazem na místě dle zákona 56/2001 Sb.,dkod,0
115,2010,D10.3.3,Počet přestupků vyřízených příkazem dle zákona 56/2001 Sb.,dkod,
115,2011,D10.3.3,Počet přestupků vyřízených příkazem dle zákona 56/2001 Sb.,dkod,
115,2012,D10.3.3,Počet přestupků vyřízených příkazem dle zákona 56/2001 Sb.,dkod,
115,2013,D10.3.3,Počet přestupků vyřízených příkazem dle zákona 56/2001 Sb.,dkod,
115,2014,D10.3.3,Počet přestupků vyřízených příkazem dle zákona 56/2001 Sb.,dkod,
115,2015,D10.3.3,Počet přestupků vyřízených příkazem dle zákona 56/2001 Sb.,dkod,
115,2016,D10.3.3,Počet přestupků vyřízených příkazem dle zákona 56/2001 Sb.,dkod,
115,2017,D10.3.3,Počet přestupků vyřízených příkazem dle zákona 56/2001 Sb.,dkod,
115,2018,D10.3.3,Počet přestupků vyřízených příkazem dle zákona 56/2001 Sb.,dkod,31
115,2019,D10.3.3,Počet přestupků vyřízených příkazem dle zákona 56/2001 Sb.,dkod,40
115,2020,D10.3.3,Počet přestupků vyřízených příkazem dle zákona 56/2001 Sb.,dkod,66
115,2021,D10.3.3,Počet přestupků vyřízených příkazem dle zákona 56/2001 Sb.,dkod,21
115,2022,D10.3.3,Počet přestupků vyřízených příkazem dle zákona 56/2001 Sb.,dkod,36
115,2023,D10.3.3,Počet přestupků vyřízených příkazem dle zákona 56/2001 Sb.,dkod,21
115,2024,D10.3.3,Počet přestupků vyřízených příkazem dle zákona 56/2001 Sb.,dkod,16
115,2025,D10.3.3,Počet přestupků vyřízených příkazem dle zákona 56/2001 Sb.,dkod,24
115,2010,D10.3.4,Počet přestupků vyřízených rozhodnutím dle zákona 56/2001 Sb.,dkod,
115,2011,D10.3.4,Počet přestupků vyřízených rozhodnutím dle zákona 56/2001 Sb.,dkod,
115,2012,D10.3.4,Počet přestupků vyřízených rozhodnutím dle zákona 56/2001 Sb.,dkod,
115,2013,D10.3.4,Počet přestupků vyřízených rozhodnutím dle zákona 56/2001 Sb.,dkod,
115,2014,D10.3.4,Počet přestupků vyřízených rozhodnutím dle zákona 56/2001 Sb.,dkod,
115,2015,D10.3.4,Počet přestupků vyřízených rozhodnutím dle zákona 56/2001 Sb.,dkod,
115,2016,D10.3.4,Počet přestupků vyřízených rozhodnutím dle zákona 56/2001 Sb.,dkod,
115,2017,D10.3.4,Počet přestupků vyřízených rozhodnutím dle zákona 56/2001 Sb.,dkod,
115,2018,D10.3.4,Počet přestupků vyřízených rozhodnutím dle zákona 56/2001 Sb.,dkod,13
115,2019,D10.3.4,Počet přestupků vyřízených rozhodnutím dle zákona 56/2001 Sb.,dkod,10
115,2020,D10.3.4,Počet přestupků vyřízených rozhodnutím dle zákona 56/2001 Sb.,dkod,21
115,2021,D10.3.4,Počet přestupků vyřízených rozhodnutím dle zákona 56/2001 Sb.,dkod,2
115,2022,D10.3.4,Počet přestupků vyřízených rozhodnutím dle zákona 56/2001 Sb.,dkod,5
115,2023,D10.3.4,Počet přestupků vyřízených rozhodnutím dle zákona 56/2001 Sb.,dkod,3
115,2024,D10.3.4,Počet přestupků vyřízených rozhodnutím dle zákona 56/2001 Sb.,dkod,1
115,2025,D10.3.4,Počet přestupků vyřízených rozhodnutím dle zákona 56/2001 Sb.,dkod,0
115,2010,D10.3.5,Počet odložených přestupků dle zákona 56/2001 Sb.,dkod,
115,2011,D10.3.5,Počet odložených přestupků dle zákona 56/2001 Sb.,dkod,
115,2012,D10.3.5,Počet odložených přestupků dle zákona 56/2001 Sb.,dkod,
115,2013,D10.3.5,Počet odložených přestupků dle zákona 56/2001 Sb.,dkod,
115,2014,D10.3.5,Počet odložených přestupků dle zákona 56/2001 Sb.,dkod,
115,2015,D10.3.5,Počet odložených přestupků dle zákona 56/2001 Sb.,dkod,
115,2016,D10.3.5,Počet odložených přestupků dle zákona 56/2001 Sb.,dkod,
115,2017,D10.3.5,Počet odložených přestupků dle zákona 56/2001 Sb.,dkod,
115,2018,D10.3.5,Počet odložených přestupků dle zákona 56/2001 Sb.,dkod,43
115,2019,D10.3.5,Počet odložených přestupků dle zákona 56/2001 Sb.,dkod,5
115,2020,D10.3.5,Počet odložených přestupků dle zákona 56/2001 Sb.,dkod,11
115,2021,D10.3.5,Počet odložených přestupků dle zákona 56/2001 Sb.,dkod,2
115,2022,D10.3.5,Počet odložených přestupků dle zákona 56/2001 Sb.,dkod,1
115,2023,D10.3.5,Počet odložených přestupků dle zákona 56/2001 Sb.,dkod,1
115,2024,D10.3.5,Počet odložených přestupků dle zákona 56/2001 Sb.,dkod,0
115,2025,D10.3.5,Počet odložených přestupků dle zákona 56/2001 Sb.,dkod,2
115,2010,D10.4,"Celkový počet odvolání dle zákonů 361/2000Sb., 168/199 sb. a 56/2001 Sb.",dkod,
115,2011,D10.4,"Celkový počet odvolání dle zákonů 361/2000Sb., 168/199 sb. a 56/2001 Sb.",dkod,
115,2012,D10.4,"Celkový počet odvolání dle zákonů 361/2000Sb., 168/199 sb. a 56/2001 Sb.",dkod,
115,2013,D10.4,"Celkový počet odvolání dle zákonů 361/2000Sb., 168/199 sb. a 56/2001 Sb.",dkod,
115,2014,D10.4,"Celkový počet odvolání dle zákonů 361/2000Sb., 168/199 sb. a 56/2001 Sb.",dkod,
115,2015,D10.4,"Celkový počet odvolání dle zákonů 361/2000Sb., 168/199 sb. a 56/2001 Sb.",dkod,
115,2016,D10.4,"Celkový počet odvolání dle zákonů 361/2000Sb., 168/199 sb. a 56/2001 Sb.",dkod,
115,2017,D10.4,"Celkový počet odvolání dle zákonů 361/2000Sb., 168/199 sb. a 56/2001 Sb.",dkod,
115,2018,D10.4,"Celkový počet odvolání dle zákonů 361/2000Sb., 168/199 sb. a 56/2001 Sb.",dkod,12
115,2019,D10.4,"Celkový počet odvolání dle zákonů 361/2000Sb., 168/199 sb. a 56/2001 Sb.",dkod,12
115,2020,D10.4,"Celkový počet odvolání dle zákonů 361/2000Sb., 168/199 sb. a 56/2001 Sb.",dkod,7
115,2021,D10.4,"Celkový počet odvolání dle zákonů 361/2000Sb., 168/199 sb. a 56/2001 Sb.",dkod,12
115,2022,D10.4,"Celkový počet odvolání dle zákonů 361/2000Sb., 168/199 sb. a 56/2001 Sb.",dkod,4
115,2023,D10.4,"Celkový počet odvolání dle zákonů 361/2000Sb., 168/199 sb. a 56/2001 Sb.",dkod,10
115,2024,D10.4,"Celkový počet odvolání dle zákonů 361/2000Sb., 168/199 sb. a 56/2001 Sb.",dkod,14
115,2025,D10.4,"Celkový počet odvolání dle zákonů 361/2000Sb., 168/199 sb. a 56/2001 Sb.",dkod,25
115,2010,D10.5,"Objem uložených pokut včetně nákladů řízení a uhrazených určených částek na základě výzvy dle zákonů 361/2000 Sb., 168/1999 Sb. a 56/2001 Sb. v tis. Kč.",dkod,
115,2011,D10.5,"Objem uložených pokut včetně nákladů řízení a uhrazených určených částek na základě výzvy dle zákonů 361/2000 Sb., 168/1999 Sb. a 56/2001 Sb. v tis. Kč.",dkod,
115,2012,D10.5,"Objem uložených pokut včetně nákladů řízení a uhrazených určených částek na základě výzvy dle zákonů 361/2000 Sb., 168/1999 Sb. a 56/2001 Sb. v tis. Kč.",dkod,
115,2013,D10.5,"Objem uložených pokut včetně nákladů řízení a uhrazených určených částek na základě výzvy dle zákonů 361/2000 Sb., 168/1999 Sb. a 56/2001 Sb. v tis. Kč.",dkod,
115,2014,D10.5,"Objem uložených pokut včetně nákladů řízení a uhrazených určených částek na základě výzvy dle zákonů 361/2000 Sb., 168/1999 Sb. a 56/2001 Sb. v tis. Kč.",dkod,
115,2015,D10.5,"Objem uložených pokut včetně nákladů řízení a uhrazených určených částek na základě výzvy dle zákonů 361/2000 Sb., 168/1999 Sb. a 56/2001 Sb. v tis. Kč.",dkod,
115,2016,D10.5,"Objem uložených pokut včetně nákladů řízení a uhrazených určených částek na základě výzvy dle zákonů 361/2000 Sb., 168/1999 Sb. a 56/2001 Sb. v tis. Kč.",dkod,
115,2017,D10.5,"Objem uložených pokut včetně nákladů řízení a uhrazených určených částek na základě výzvy dle zákonů 361/2000 Sb., 168/1999 Sb. a 56/2001 Sb. v tis. Kč.",dkod,
115,2018,D10.5,"Objem uložených pokut včetně nákladů řízení a uhrazených určených částek na základě výzvy dle zákonů 361/2000 Sb., 168/1999 Sb. a 56/2001 Sb. v tis. Kč.",dkod,6947
115,2019,D10.5,"Objem uložených pokut včetně nákladů řízení a uhrazených určených částek na základě výzvy dle zákonů 361/2000 Sb., 168/1999 Sb. a 56/2001 Sb. v tis. Kč.",dkod,8425
115,2020,D10.5,"Objem uložených pokut včetně nákladů řízení a uhrazených určených částek na základě výzvy dle zákonů 361/2000 Sb., 168/1999 Sb. a 56/2001 Sb. v tis. Kč.",dkod,12134
115,2021,D10.5,"Objem uložených pokut včetně nákladů řízení a uhrazených určených částek na základě výzvy dle zákonů 361/2000 Sb., 168/1999 Sb. a 56/2001 Sb. v tis. Kč.",dkod,10729.5
115,2022,D10.5,"Objem uložených pokut včetně nákladů řízení a uhrazených určených částek na základě výzvy dle zákonů 361/2000 Sb., 168/1999 Sb. a 56/2001 Sb. v tis. Kč.",dkod,16124
115,2023,D10.5,"Objem uložených pokut včetně nákladů řízení a uhrazených určených částek na základě výzvy dle zákonů 361/2000 Sb., 168/1999 Sb. a 56/2001 Sb. v tis. Kč.",dkod,16056
115,2024,D10.5,"Objem uložených pokut včetně nákladů řízení a uhrazených určených částek na základě výzvy dle zákonů 361/2000 Sb., 168/1999 Sb. a 56/2001 Sb. v tis. Kč.",dkod,16283
115,2025,D10.5,"Objem uložených pokut včetně nákladů řízení a uhrazených určených částek na základě výzvy dle zákonů 361/2000 Sb., 168/1999 Sb. a 56/2001 Sb. v tis. Kč.",dkod,12551.5
115,2010,D10.6,"Počet zaměstnanců - pracovních úvazků celkem; SOUČET ZA PŘESTUPKY dle zákonů 361/2000 Sb., 168/1999 Sb. a 56/2001 Sb.",dkod,
115,2011,D10.6,"Počet zaměstnanců - pracovních úvazků celkem; SOUČET ZA PŘESTUPKY dle zákonů 361/2000 Sb., 168/1999 Sb. a 56/2001 Sb.",dkod,
115,2012,D10.6,"Počet zaměstnanců - pracovních úvazků celkem; SOUČET ZA PŘESTUPKY dle zákonů 361/2000 Sb., 168/1999 Sb. a 56/2001 Sb.",dkod,
115,2013,D10.6,"Počet zaměstnanců - pracovních úvazků celkem; SOUČET ZA PŘESTUPKY dle zákonů 361/2000 Sb., 168/1999 Sb. a 56/2001 Sb.",dkod,
115,2014,D10.6,"Počet zaměstnanců - pracovních úvazků celkem; SOUČET ZA PŘESTUPKY dle zákonů 361/2000 Sb., 168/1999 Sb. a 56/2001 Sb.",dkod,
115,2015,D10.6,"Počet zaměstnanců - pracovních úvazků celkem; SOUČET ZA PŘESTUPKY dle zákonů 361/2000 Sb., 168/1999 Sb. a 56/2001 Sb.",dkod,
115,2016,D10.6,"Počet zaměstnanců - pracovních úvazků celkem; SOUČET ZA PŘESTUPKY dle zákonů 361/2000 Sb., 168/1999 Sb. a 56/2001 Sb.",dkod,
115,2017,D10.6,"Počet zaměstnanců - pracovních úvazků celkem; SOUČET ZA PŘESTUPKY dle zákonů 361/2000 Sb., 168/1999 Sb. a 56/2001 Sb.",dkod,
115,2018,D10.6,"Počet zaměstnanců - pracovních úvazků celkem; SOUČET ZA PŘESTUPKY dle zákonů 361/2000 Sb., 168/1999 Sb. a 56/2001 Sb.",dkod,2.9
115,2019,D10.6,"Počet zaměstnanců - pracovních úvazků celkem; SOUČET ZA PŘESTUPKY dle zákonů 361/2000 Sb., 168/1999 Sb. a 56/2001 Sb.",dkod,2.9
115,2020,D10.6,"Počet zaměstnanců - pracovních úvazků celkem; SOUČET ZA PŘESTUPKY dle zákonů 361/2000 Sb., 168/1999 Sb. a 56/2001 Sb.",dkod,7.2
115,2021,D10.6,"Počet zaměstnanců - pracovních úvazků celkem; SOUČET ZA PŘESTUPKY dle zákonů 361/2000 Sb., 168/1999 Sb. a 56/2001 Sb.",dkod,8
115,2022,D10.6,"Počet zaměstnanců - pracovních úvazků celkem; SOUČET ZA PŘESTUPKY dle zákonů 361/2000 Sb., 168/1999 Sb. a 56/2001 Sb.",dkod,8
115,2023,D10.6,"Počet zaměstnanců - pracovních úvazků celkem; SOUČET ZA PŘESTUPKY dle zákonů 361/2000 Sb., 168/1999 Sb. a 56/2001 Sb.",dkod,7.7
115,2024,D10.6,"Počet zaměstnanců - pracovních úvazků celkem; SOUČET ZA PŘESTUPKY dle zákonů 361/2000 Sb., 168/1999 Sb. a 56/2001 Sb.",dkod,8.2
115,2025,D10.6,"Počet zaměstnanců - pracovních úvazků celkem; SOUČET ZA PŘESTUPKY dle zákonů 361/2000 Sb., 168/1999 Sb. a 56/2001 Sb.",dkod,8.2
115,2010,D10.6.1,"z toho počet zaměstnanců - pracovních úvazků zaměstnanců, kteří zpracovávají přestupky dle §125f, odst. 2, písm. a) zákona 361/2000 Sb.",dkod,
115,2011,D10.6.1,"z toho počet zaměstnanců - pracovních úvazků zaměstnanců, kteří zpracovávají přestupky dle §125f, odst. 2, písm. a) zákona 361/2000 Sb.",dkod,
115,2012,D10.6.1,"z toho počet zaměstnanců - pracovních úvazků zaměstnanců, kteří zpracovávají přestupky dle §125f, odst. 2, písm. a) zákona 361/2000 Sb.",dkod,
115,2013,D10.6.1,"z toho počet zaměstnanců - pracovních úvazků zaměstnanců, kteří zpracovávají přestupky dle §125f, odst. 2, písm. a) zákona 361/2000 Sb.",dkod,
115,2014,D10.6.1,"z toho počet zaměstnanců - pracovních úvazků zaměstnanců, kteří zpracovávají přestupky dle §125f, odst. 2, písm. a) zákona 361/2000 Sb.",dkod,
115,2015,D10.6.1,"z toho počet zaměstnanců - pracovních úvazků zaměstnanců, kteří zpracovávají přestupky dle §125f, odst. 2, písm. a) zákona 361/2000 Sb.",dkod,
115,2016,D10.6.1,"z toho počet zaměstnanců - pracovních úvazků zaměstnanců, kteří zpracovávají přestupky dle §125f, odst. 2, písm. a) zákona 361/2000 Sb.",dkod,
115,2017,D10.6.1,"z toho počet zaměstnanců - pracovních úvazků zaměstnanců, kteří zpracovávají přestupky dle §125f, odst. 2, písm. a) zákona 361/2000 Sb.",dkod,
115,2018,D10.6.1,"z toho počet zaměstnanců - pracovních úvazků zaměstnanců, kteří zpracovávají přestupky dle §125f, odst. 2, písm. a) zákona 361/2000 Sb.",dkod,0.8
115,2019,D10.6.1,"z toho počet zaměstnanců - pracovních úvazků zaměstnanců, kteří zpracovávají přestupky dle §125f, odst. 2, písm. a) zákona 361/2000 Sb.",dkod,2.2
115,2020,D10.6.1,"z toho počet zaměstnanců - pracovních úvazků zaměstnanců, kteří zpracovávají přestupky dle §125f, odst. 2, písm. a) zákona 361/2000 Sb.",dkod,4
115,2021,D10.6.1,"z toho počet zaměstnanců - pracovních úvazků zaměstnanců, kteří zpracovávají přestupky dle §125f, odst. 2, písm. a) zákona 361/2000 Sb.",dkod,5.5
115,2022,D10.6.1,"z toho počet zaměstnanců - pracovních úvazků zaměstnanců, kteří zpracovávají přestupky dle §125f, odst. 2, písm. a) zákona 361/2000 Sb.",dkod,5.5
115,2023,D10.6.1,"z toho počet zaměstnanců - pracovních úvazků zaměstnanců, kteří zpracovávají přestupky dle §125f, odst. 2, písm. a) zákona 361/2000 Sb.",dkod,5.5
115,2024,D10.6.1,"z toho počet zaměstnanců - pracovních úvazků zaměstnanců, kteří zpracovávají přestupky dle §125f, odst. 2, písm. a) zákona 361/2000 Sb.",dkod,3.98
115,2025,D10.6.1,"z toho počet zaměstnanců - pracovních úvazků zaměstnanců, kteří zpracovávají přestupky dle §125f, odst. 2, písm. a) zákona 361/2000 Sb.",dkod,3.98
115,2010,D11.1,Počet vydaných rozhodnutí,dkod,189
115,2011,D11.1,Počet vydaných rozhodnutí,dkod,199
115,2012,D11.1,Počet vydaných rozhodnutí,dkod,164
115,2013,D11.1,Počet vydaných rozhodnutí,dkod,157
115,2014,D11.1,Počet vydaných rozhodnutí,dkod,131
115,2015,D11.1,Počet vydaných rozhodnutí,dkod,163
115,2016,D11.1,Počet vydaných rozhodnutí,dkod,164
115,2017,D11.1,Počet vydaných rozhodnutí,dkod,163
115,2018,D11.1,Počet vydaných rozhodnutí,dkod,151
115,2019,D11.1,Počet vydaných rozhodnutí,dkod,152
115,2020,D11.1,Počet vydaných rozhodnutí,dkod,159
115,2021,D11.1,Počet vydaných rozhodnutí,dkod,176
115,2022,D11.1,Počet vydaných rozhodnutí,dkod,170
115,2023,D11.1,Počet vydaných rozhodnutí,dkod,200
115,2024,D11.1,Počet vydaných rozhodnutí,dkod,187
115,2025,D11.1,Počet vydaných rozhodnutí,dkod,177
115,2010,D11.4,Státní dozor dle zákona o pozemních komunikacích,dkod,0
115,2011,D11.4,Státní dozor dle zákona o pozemních komunikacích,dkod,0
115,2012,D11.4,Státní dozor dle zákona o pozemních komunikacích,dkod,0
115,2013,D11.4,Státní dozor dle zákona o pozemních komunikacích,dkod,0
115,2014,D11.4,Státní dozor dle zákona o pozemních komunikacích,dkod,0
115,2015,D11.4,Státní dozor dle zákona o pozemních komunikacích,dkod,0
115,2016,D11.4,Státní dozor dle zákona o pozemních komunikacích,dkod,0
115,2017,D11.4,Státní dozor dle zákona o pozemních komunikacích,dkod,0
115,2018,D11.4,Státní dozor dle zákona o pozemních komunikacích,dkod,0
115,2019,D11.4,Státní dozor dle zákona o pozemních komunikacích,dkod,0
115,2020,D11.4,Státní dozor dle zákona o pozemních komunikacích,dkod,0
115,2021,D11.4,Státní dozor dle zákona o pozemních komunikacích,dkod,0
115,2022,D11.4,Státní dozor dle zákona o pozemních komunikacích,dkod,2
115,2023,D11.4,Státní dozor dle zákona o pozemních komunikacích,dkod,0
115,2024,D11.4,Státní dozor dle zákona o pozemních komunikacích,dkod,2
115,2025,D11.4,Státní dozor dle zákona o pozemních komunikacích,dkod,0
115,2010,D11.5,Počet stanovení dopravního značení,dkod,155
115,2011,D11.5,Počet stanovení dopravního značení,dkod,150
115,2012,D11.5,Počet stanovení dopravního značení,dkod,112
115,2013,D11.5,Počet stanovení dopravního značení,dkod,141
115,2014,D11.5,Počet stanovení dopravního značení,dkod,138
115,2015,D11.5,Počet stanovení dopravního značení,dkod,125
115,2016,D11.5,Počet stanovení dopravního značení,dkod,113
115,2017,D11.5,Počet stanovení dopravního značení,dkod,121
115,2018,D11.5,Počet stanovení dopravního značení,dkod,132
115,2019,D11.5,Počet stanovení dopravního značení,dkod,146
115,2020,D11.5,Počet stanovení dopravního značení,dkod,116
115,2021,D11.5,Počet stanovení dopravního značení,dkod,126
115,2022,D11.5,Počet stanovení dopravního značení,dkod,133
115,2023,D11.5,Počet stanovení dopravního značení,dkod,138
115,2024,D11.5,Počet stanovení dopravního značení,dkod,166
115,2025,D11.5,Počet stanovení dopravního značení,dkod,163
115,2010,D11.7,Počet sledovaných úkonů celkem,dkod,344
115,2011,D11.7,Počet sledovaných úkonů celkem,dkod,349
115,2012,D11.7,Počet sledovaných úkonů celkem,dkod,276
115,2013,D11.7,Počet sledovaných úkonů celkem,dkod,298
115,2014,D11.7,Počet sledovaných úkonů celkem,dkod,269
115,2015,D11.7,Počet sledovaných úkonů celkem,dkod,288
115,2016,D11.7,Počet sledovaných úkonů celkem,dkod,277
115,2017,D11.7,Počet sledovaných úkonů celkem,dkod,284
115,2018,D11.7,Počet sledovaných úkonů celkem,dkod,283
115,2019,D11.7,Počet sledovaných úkonů celkem,dkod,298
115,2020,D11.7,Počet sledovaných úkonů celkem,dkod,275
115,2021,D11.7,Počet sledovaných úkonů celkem,dkod,302
115,2022,D11.7,Počet sledovaných úkonů celkem,dkod,305
115,2023,D11.7,Počet sledovaných úkonů celkem,dkod,338
115,2024,D11.7,Počet sledovaných úkonů celkem,dkod,355
115,2025,D11.7,Počet sledovaných úkonů celkem,dkod,340
115,2010,D11.8,Počet zaměstnanců - pracovních úvazků v agendě silniční správní úřad celkem,dkod,1
115,2011,D11.8,Počet zaměstnanců - pracovních úvazků v agendě silniční správní úřad celkem,dkod,1
115,2012,D11.8,Počet zaměstnanců - pracovních úvazků v agendě silniční správní úřad celkem,dkod,0.9
115,2013,D11.8,Počet zaměstnanců - pracovních úvazků v agendě silniční správní úřad celkem,dkod,1
115,2014,D11.8,Počet zaměstnanců - pracovních úvazků v agendě silniční správní úřad celkem,dkod,1
115,2015,D11.8,Počet zaměstnanců - pracovních úvazků v agendě silniční správní úřad celkem,dkod,1
115,2016,D11.8,Počet zaměstnanců - pracovních úvazků v agendě silniční správní úřad celkem,dkod,1
115,2017,D11.8,Počet zaměstnanců - pracovních úvazků v agendě silniční správní úřad celkem,dkod,1
115,2018,D11.8,Počet zaměstnanců - pracovních úvazků v agendě silniční správní úřad celkem,dkod,1
115,2019,D11.8,Počet zaměstnanců - pracovních úvazků v agendě silniční správní úřad celkem,dkod,1
115,2020,D11.8,Počet zaměstnanců - pracovních úvazků v agendě silniční správní úřad celkem,dkod,1
115,2021,D11.8,Počet zaměstnanců - pracovních úvazků v agendě silniční správní úřad celkem,dkod,1
115,2022,D11.8,Počet zaměstnanců - pracovních úvazků v agendě silniční správní úřad celkem,dkod,1
115,2023,D11.8,Počet zaměstnanců - pracovních úvazků v agendě silniční správní úřad celkem,dkod,1
115,2024,D11.8,Počet zaměstnanců - pracovních úvazků v agendě silniční správní úřad celkem,dkod,1
115,2025,D11.8,Počet zaměstnanců - pracovních úvazků v agendě silniční správní úřad celkem,dkod,1
115,2010,D12.8,Počet sledovaných úkonů MHD a drážního úřadu,dkod,0
115,2011,D12.8,Počet sledovaných úkonů MHD a drážního úřadu,dkod,0
115,2012,D12.8,Počet sledovaných úkonů MHD a drážního úřadu,dkod,0
115,2013,D12.8,Počet sledovaných úkonů MHD a drážního úřadu,dkod,0
115,2014,D12.8,Počet sledovaných úkonů MHD a drážního úřadu,dkod,0
115,2015,D12.8,Počet sledovaných úkonů MHD a drážního úřadu,dkod,0
115,2016,D12.8,Počet sledovaných úkonů MHD a drážního úřadu,dkod,0
115,2017,D12.8,Počet sledovaných úkonů MHD a drážního úřadu,dkod,0
115,2018,D12.8,Počet sledovaných úkonů MHD a drážního úřadu,dkod,0
115,2019,D12.8,Počet sledovaných úkonů MHD a drážního úřadu,dkod,0
115,2020,D12.8,Počet sledovaných úkonů MHD a drážního úřadu,dkod,0
115,2021,D12.8,Počet sledovaných úkonů MHD a drážního úřadu,dkod,0
115,2022,D12.8,Počet sledovaných úkonů MHD a drážního úřadu,dkod,0
115,2023,D12.8,Počet sledovaných úkonů MHD a drážního úřadu,dkod,
115,2024,D12.8,Počet sledovaných úkonů MHD a drážního úřadu,dkod,0
115,2025,D12.8,Počet sledovaných úkonů MHD a drážního úřadu,dkod,0
115,2010,D12.18,Počet sledovaných úkonů TAXI,dkod,38
115,2011,D12.18,Počet sledovaných úkonů TAXI,dkod,73
115,2012,D12.18,Počet sledovaných úkonů TAXI,dkod,61
115,2013,D12.18,Počet sledovaných úkonů TAXI,dkod,98
115,2014,D12.18,Počet sledovaných úkonů TAXI,dkod,93
115,2015,D12.18,Počet sledovaných úkonů TAXI,dkod,52
115,2016,D12.18,Počet sledovaných úkonů TAXI,dkod,44
115,2017,D12.18,Počet sledovaných úkonů TAXI,dkod,43
115,2018,D12.18,Počet sledovaných úkonů TAXI,dkod,44
115,2019,D12.18,Počet sledovaných úkonů TAXI,dkod,63
115,2020,D12.18,Počet sledovaných úkonů TAXI,dkod,66
115,2021,D12.18,Počet sledovaných úkonů TAXI,dkod,46
115,2022,D12.18,Počet sledovaných úkonů TAXI,dkod,37
115,2023,D12.18,Počet sledovaných úkonů TAXI,dkod,45
115,2024,D12.18,Počet sledovaných úkonů TAXI,dkod,71
115,2025,D12.18,Počet sledovaných úkonů TAXI,dkod,65
115,2010,D12.25,Počet sledovaných úkonů měření emisí,dkod,0
115,2011,D12.25,Počet sledovaných úkonů měření emisí,dkod,11
115,2012,D12.25,Počet sledovaných úkonů měření emisí,dkod,11
115,2013,D12.25,Počet sledovaných úkonů měření emisí,dkod,6
115,2014,D12.25,Počet sledovaných úkonů měření emisí,dkod,0
115,2015,D12.25,Počet sledovaných úkonů měření emisí,dkod,2
115,2016,D12.25,Počet sledovaných úkonů měření emisí,dkod,6
115,2017,D12.25,Počet sledovaných úkonů měření emisí,dkod,11
115,2018,D12.25,Počet sledovaných úkonů měření emisí,dkod,5
115,2019,D12.25,Počet sledovaných úkonů měření emisí,dkod,7
115,2020,D12.25,Počet sledovaných úkonů měření emisí,dkod,0
115,2021,D12.25,Počet sledovaných úkonů měření emisí,dkod,2
115,2022,D12.25,Počet sledovaných úkonů měření emisí,dkod,2
115,2023,D12.25,Počet sledovaných úkonů měření emisí,dkod,1
115,2024,D12.25,Počet sledovaných úkonů měření emisí,dkod,3
115,2025,D12.25,Počet sledovaných úkonů měření emisí,dkod,2
115,2010,D12.26,Počet sledovaných úkonů celkem,dkod,38
115,2011,D12.26,Počet sledovaných úkonů celkem,dkod,84
115,2012,D12.26,Počet sledovaných úkonů celkem,dkod,72
115,2013,D12.26,Počet sledovaných úkonů celkem,dkod,104
115,2014,D12.26,Počet sledovaných úkonů celkem,dkod,93
115,2015,D12.26,Počet sledovaných úkonů celkem,dkod,54
115,2016,D12.26,Počet sledovaných úkonů celkem,dkod,50
115,2017,D12.26,Počet sledovaných úkonů celkem,dkod,54
115,2018,D12.26,Počet sledovaných úkonů celkem,dkod,49
115,2019,D12.26,Počet sledovaných úkonů celkem,dkod,70
115,2020,D12.26,Počet sledovaných úkonů celkem,dkod,66
115,2021,D12.26,Počet sledovaných úkonů celkem,dkod,48
115,2022,D12.26,Počet sledovaných úkonů celkem,dkod,39
115,2023,D12.26,Počet sledovaných úkonů celkem,dkod,
115,2024,D12.26,Počet sledovaných úkonů celkem,dkod,74
115,2025,D12.26,Počet sledovaných úkonů celkem,dkod,67
115,2010,D12.27,Počet zaměstnanců - pracovních úvazků v agendě dopravní úřad celkem,dkod,0.6
115,2011,D12.27,Počet zaměstnanců - pracovních úvazků v agendě dopravní úřad celkem,dkod,0.4
115,2012,D12.27,Počet zaměstnanců - pracovních úvazků v agendě dopravní úřad celkem,dkod,0.4
115,2013,D12.27,Počet zaměstnanců - pracovních úvazků v agendě dopravní úřad celkem,dkod,0.4
115,2014,D12.27,Počet zaměstnanců - pracovních úvazků v agendě dopravní úřad celkem,dkod,0.4
115,2015,D12.27,Počet zaměstnanců - pracovních úvazků v agendě dopravní úřad celkem,dkod,0.4
115,2016,D12.27,Počet zaměstnanců - pracovních úvazků v agendě dopravní úřad celkem,dkod,0.4
115,2017,D12.27,Počet zaměstnanců - pracovních úvazků v agendě dopravní úřad celkem,dkod,0.4
115,2018,D12.27,Počet zaměstnanců - pracovních úvazků v agendě dopravní úřad celkem,dkod,0.4
115,2019,D12.27,Počet zaměstnanců - pracovních úvazků v agendě dopravní úřad celkem,dkod,0.4
115,2020,D12.27,Počet zaměstnanců - pracovních úvazků v agendě dopravní úřad celkem,dkod,0.4
115,2021,D12.27,Počet zaměstnanců - pracovních úvazků v agendě dopravní úřad celkem,dkod,0.2
115,2022,D12.27,Počet zaměstnanců - pracovních úvazků v agendě dopravní úřad celkem,dkod,0.2
115,2023,D12.27,Počet zaměstnanců - pracovních úvazků v agendě dopravní úřad celkem,dkod,0.2
115,2024,D12.27,Počet zaměstnanců - pracovních úvazků v agendě dopravní úřad celkem,dkod,0.2
115,2025,D12.27,Počet zaměstnanců - pracovních úvazků v agendě dopravní úřad celkem,dkod,0.2
115,2010,D14.1,ÚPD řešené ve sledovaném roce - město,dkod,0
115,2011,D14.1,ÚPD řešené ve sledovaném roce - město,dkod,0
115,2012,D14.1,ÚPD řešené ve sledovaném roce - město,dkod,0
115,2013,D14.1,ÚPD řešené ve sledovaném roce - město,dkod,0
115,2014,D14.1,ÚPD řešené ve sledovaném roce - město,dkod,0
115,2015,D14.1,ÚPD řešené ve sledovaném roce - město,dkod,0
115,2016,D14.1,ÚPD řešené ve sledovaném roce - město,dkod,1
115,2017,D14.1,ÚPD řešené ve sledovaném roce - město,dkod,1
115,2018,D14.1,ÚPD řešené ve sledovaném roce - město,dkod,1
115,2019,D14.1,ÚPD řešené ve sledovaném roce - město,dkod,1
115,2020,D14.1,ÚPD řešené ve sledovaném roce - město,dkod,0
115,2021,D14.1,ÚPD řešené ve sledovaném roce - město,dkod,0
115,2022,D14.1,ÚPD řešené ve sledovaném roce - město,dkod,0
115,2023,D14.1,ÚPD řešené ve sledovaném roce - město,dkod,0
115,2024,D14.1,ÚPD řešené ve sledovaném roce - město,dkod,0
115,2025,D14.1,ÚPD řešené ve sledovaném roce - město,dkod,1
115,2010,D14.2,Změny ÚPD řešené ve sledovaném roce - město,dkod,2
115,2011,D14.2,Změny ÚPD řešené ve sledovaném roce - město,dkod,1
115,2012,D14.2,Změny ÚPD řešené ve sledovaném roce - město,dkod,2
115,2013,D14.2,Změny ÚPD řešené ve sledovaném roce - město,dkod,3
115,2014,D14.2,Změny ÚPD řešené ve sledovaném roce - město,dkod,2
115,2015,D14.2,Změny ÚPD řešené ve sledovaném roce - město,dkod,1
115,2016,D14.2,Změny ÚPD řešené ve sledovaném roce - město,dkod,0
115,2017,D14.2,Změny ÚPD řešené ve sledovaném roce - město,dkod,0
115,2018,D14.2,Změny ÚPD řešené ve sledovaném roce - město,dkod,0
115,2019,D14.2,Změny ÚPD řešené ve sledovaném roce - město,dkod,0
115,2020,D14.2,Změny ÚPD řešené ve sledovaném roce - město,dkod,0
115,2021,D14.2,Změny ÚPD řešené ve sledovaném roce - město,dkod,1
115,2022,D14.2,Změny ÚPD řešené ve sledovaném roce - město,dkod,1
115,2023,D14.2,Změny ÚPD řešené ve sledovaném roce - město,dkod,1
115,2024,D14.2,Změny ÚPD řešené ve sledovaném roce - město,dkod,2
115,2025,D14.2,Změny ÚPD řešené ve sledovaném roce - město,dkod,1
115,2010,D14.4,Celkem řešených ÚPD a změn ÚPD ve sledovaném roce - město,dkod,2
115,2011,D14.4,Celkem řešených ÚPD a změn ÚPD ve sledovaném roce - město,dkod,1
115,2012,D14.4,Celkem řešených ÚPD a změn ÚPD ve sledovaném roce - město,dkod,2
115,2013,D14.4,Celkem řešených ÚPD a změn ÚPD ve sledovaném roce - město,dkod,3
115,2014,D14.4,Celkem řešených ÚPD a změn ÚPD ve sledovaném roce - město,dkod,2
115,2015,D14.4,Celkem řešených ÚPD a změn ÚPD ve sledovaném roce - město,dkod,1
115,2016,D14.4,Celkem řešených ÚPD a změn ÚPD ve sledovaném roce - město,dkod,1
115,2017,D14.4,Celkem řešených ÚPD a změn ÚPD ve sledovaném roce - město,dkod,1
115,2018,D14.4,Celkem řešených ÚPD a změn ÚPD ve sledovaném roce - město,dkod,1
115,2019,D14.4,Celkem řešených ÚPD a změn ÚPD ve sledovaném roce - město,dkod,1
115,2020,D14.4,Celkem řešených ÚPD a změn ÚPD ve sledovaném roce - město,dkod,0
115,2021,D14.4,Celkem řešených ÚPD a změn ÚPD ve sledovaném roce - město,dkod,1
115,2022,D14.4,Celkem řešených ÚPD a změn ÚPD ve sledovaném roce - město,dkod,1
115,2023,D14.4,Celkem řešených ÚPD a změn ÚPD ve sledovaném roce - město,dkod,1
115,2024,D14.4,Celkem řešených ÚPD a změn ÚPD ve sledovaném roce - město,dkod,2
115,2025,D14.4,Celkem řešených ÚPD a změn ÚPD ve sledovaném roce - město,dkod,2
115,2010,D14.5,ÚPD řešené ve sledovaném roce - na žádost obcí správního území ORP,dkod,7
115,2011,D14.5,ÚPD řešené ve sledovaném roce - na žádost obcí správního území ORP,dkod,4
115,2012,D14.5,ÚPD řešené ve sledovaném roce - na žádost obcí správního území ORP,dkod,4
115,2013,D14.5,ÚPD řešené ve sledovaném roce - na žádost obcí správního území ORP,dkod,2
115,2014,D14.5,ÚPD řešené ve sledovaném roce - na žádost obcí správního území ORP,dkod,2
115,2015,D14.5,ÚPD řešené ve sledovaném roce - na žádost obcí správního území ORP,dkod,2
115,2016,D14.5,ÚPD řešené ve sledovaném roce - na žádost obcí správního území ORP,dkod,2
115,2017,D14.5,ÚPD řešené ve sledovaném roce - na žádost obcí správního území ORP,dkod,2
115,2018,D14.5,ÚPD řešené ve sledovaném roce - na žádost obcí správního území ORP,dkod,2
115,2019,D14.5,ÚPD řešené ve sledovaném roce - na žádost obcí správního území ORP,dkod,1
115,2020,D14.5,ÚPD řešené ve sledovaném roce - na žádost obcí správního území ORP,dkod,1
115,2021,D14.5,ÚPD řešené ve sledovaném roce - na žádost obcí správního území ORP,dkod,0
115,2022,D14.5,ÚPD řešené ve sledovaném roce - na žádost obcí správního území ORP,dkod,0
115,2023,D14.5,ÚPD řešené ve sledovaném roce - na žádost obcí správního území ORP,dkod,0
115,2024,D14.5,ÚPD řešené ve sledovaném roce - na žádost obcí správního území ORP,dkod,0
115,2025,D14.5,ÚPD řešené ve sledovaném roce - na žádost obcí správního území ORP,dkod,0
115,2010,D14.6,Změny ÚPD řešené ve sledovaném roce - na žádost obcí správního území ORP,dkod,2
115,2011,D14.6,Změny ÚPD řešené ve sledovaném roce - na žádost obcí správního území ORP,dkod,0
115,2012,D14.6,Změny ÚPD řešené ve sledovaném roce - na žádost obcí správního území ORP,dkod,2
115,2013,D14.6,Změny ÚPD řešené ve sledovaném roce - na žádost obcí správního území ORP,dkod,4
115,2014,D14.6,Změny ÚPD řešené ve sledovaném roce - na žádost obcí správního území ORP,dkod,3
115,2015,D14.6,Změny ÚPD řešené ve sledovaném roce - na žádost obcí správního území ORP,dkod,0
115,2016,D14.6,Změny ÚPD řešené ve sledovaném roce - na žádost obcí správního území ORP,dkod,2
115,2017,D14.6,Změny ÚPD řešené ve sledovaném roce - na žádost obcí správního území ORP,dkod,5
115,2018,D14.6,Změny ÚPD řešené ve sledovaném roce - na žádost obcí správního území ORP,dkod,6
115,2019,D14.6,Změny ÚPD řešené ve sledovaném roce - na žádost obcí správního území ORP,dkod,6
115,2020,D14.6,Změny ÚPD řešené ve sledovaném roce - na žádost obcí správního území ORP,dkod,5
115,2021,D14.6,Změny ÚPD řešené ve sledovaném roce - na žádost obcí správního území ORP,dkod,3
115,2022,D14.6,Změny ÚPD řešené ve sledovaném roce - na žádost obcí správního území ORP,dkod,2
115,2023,D14.6,Změny ÚPD řešené ve sledovaném roce - na žádost obcí správního území ORP,dkod,2
115,2024,D14.6,Změny ÚPD řešené ve sledovaném roce - na žádost obcí správního území ORP,dkod,2
115,2025,D14.6,Změny ÚPD řešené ve sledovaném roce - na žádost obcí správního území ORP,dkod,6
115,2010,D14.8,Celkem řešených ÚPD a změn ÚPD ve sledovaném roce - na žádost obcí správního území,dkod,9
115,2011,D14.8,Celkem řešených ÚPD a změn ÚPD ve sledovaném roce - na žádost obcí správního území,dkod,4
115,2012,D14.8,Celkem řešených ÚPD a změn ÚPD ve sledovaném roce - na žádost obcí správního území,dkod,6
115,2013,D14.8,Celkem řešených ÚPD a změn ÚPD ve sledovaném roce - na žádost obcí správního území,dkod,6
115,2014,D14.8,Celkem řešených ÚPD a změn ÚPD ve sledovaném roce - na žádost obcí správního území,dkod,5
115,2015,D14.8,Celkem řešených ÚPD a změn ÚPD ve sledovaném roce - na žádost obcí správního území,dkod,2
115,2016,D14.8,Celkem řešených ÚPD a změn ÚPD ve sledovaném roce - na žádost obcí správního území,dkod,4
115,2017,D14.8,Celkem řešených ÚPD a změn ÚPD ve sledovaném roce - na žádost obcí správního území,dkod,7
115,2018,D14.8,Celkem řešených ÚPD a změn ÚPD ve sledovaném roce - na žádost obcí správního území,dkod,8
115,2019,D14.8,Celkem řešených ÚPD a změn ÚPD ve sledovaném roce - na žádost obcí správního území,dkod,7
115,2020,D14.8,Celkem řešených ÚPD a změn ÚPD ve sledovaném roce - na žádost obcí správního území,dkod,6
115,2021,D14.8,Celkem řešených ÚPD a změn ÚPD ve sledovaném roce - na žádost obcí správního území,dkod,3
115,2022,D14.8,Celkem řešených ÚPD a změn ÚPD ve sledovaném roce - na žádost obcí správního území,dkod,2
115,2023,D14.8,Celkem řešených ÚPD a změn ÚPD ve sledovaném roce - na žádost obcí správního území,dkod,2
115,2024,D14.8,Celkem řešených ÚPD a změn ÚPD ve sledovaném roce - na žádost obcí správního území,dkod,2
115,2025,D14.8,Celkem řešených ÚPD a změn ÚPD ve sledovaném roce - na žádost obcí správního území,dkod,6
115,2010,D14.9,Celkem řešených ÚPD a změn ÚPD ve sledovaném roce - město a obce správního území ORP,dkod,11
115,2011,D14.9,Celkem řešených ÚPD a změn ÚPD ve sledovaném roce - město a obce správního území ORP,dkod,5
115,2012,D14.9,Celkem řešených ÚPD a změn ÚPD ve sledovaném roce - město a obce správního území ORP,dkod,8
115,2013,D14.9,Celkem řešených ÚPD a změn ÚPD ve sledovaném roce - město a obce správního území ORP,dkod,9
115,2014,D14.9,Celkem řešených ÚPD a změn ÚPD ve sledovaném roce - město a obce správního území ORP,dkod,7
115,2015,D14.9,Celkem řešených ÚPD a změn ÚPD ve sledovaném roce - město a obce správního území ORP,dkod,3
115,2016,D14.9,Celkem řešených ÚPD a změn ÚPD ve sledovaném roce - město a obce správního území ORP,dkod,5
115,2017,D14.9,Celkem řešených ÚPD a změn ÚPD ve sledovaném roce - město a obce správního území ORP,dkod,8
115,2018,D14.9,Celkem řešených ÚPD a změn ÚPD ve sledovaném roce - město a obce správního území ORP,dkod,9
115,2019,D14.9,Celkem řešených ÚPD a změn ÚPD ve sledovaném roce - město a obce správního území ORP,dkod,8
115,2020,D14.9,Celkem řešených ÚPD a změn ÚPD ve sledovaném roce - město a obce správního území ORP,dkod,6
115,2021,D14.9,Celkem řešených ÚPD a změn ÚPD ve sledovaném roce - město a obce správního území ORP,dkod,4
115,2022,D14.9,Celkem řešených ÚPD a změn ÚPD ve sledovaném roce - město a obce správního území ORP,dkod,3
115,2023,D14.9,Celkem řešených ÚPD a změn ÚPD ve sledovaném roce - město a obce správního území ORP,dkod,3
115,2024,D14.9,Celkem řešených ÚPD a změn ÚPD ve sledovaném roce - město a obce správního území ORP,dkod,4
115,2025,D14.9,Celkem řešených ÚPD a změn ÚPD ve sledovaném roce - město a obce správního území ORP,dkod,8
115,2010,D14.11,Počet pořizovaných územních studií ve sledovaném roce - město,dkod,2
115,2011,D14.11,Počet pořizovaných územních studií ve sledovaném roce - město,dkod,5
115,2012,D14.11,Počet pořizovaných územních studií ve sledovaném roce - město,dkod,3
115,2013,D14.11,Počet pořizovaných územních studií ve sledovaném roce - město,dkod,0
115,2014,D14.11,Počet pořizovaných územních studií ve sledovaném roce - město,dkod,0
115,2015,D14.11,Počet pořizovaných územních studií ve sledovaném roce - město,dkod,1
115,2016,D14.11,Počet pořizovaných územních studií ve sledovaném roce - město,dkod,1
115,2017,D14.11,Počet pořizovaných územních studií ve sledovaném roce - město,dkod,1
115,2018,D14.11,Počet pořizovaných územních studií ve sledovaném roce - město,dkod,0
115,2019,D14.11,Počet pořizovaných územních studií ve sledovaném roce - město,dkod,1
115,2020,D14.11,Počet pořizovaných územních studií ve sledovaném roce - město,dkod,1
115,2021,D14.11,Počet pořizovaných územních studií ve sledovaném roce - město,dkod,0
115,2022,D14.11,Počet pořizovaných územních studií ve sledovaném roce - město,dkod,0
115,2023,D14.11,Počet pořizovaných územních studií ve sledovaném roce - město,dkod,0
115,2024,D14.11,Počet pořizovaných územních studií ve sledovaném roce - město,dkod,0
115,2025,D14.11,Počet pořizovaných územních studií ve sledovaném roce - město,dkod,0
115,2010,D14.12,Počet pořizovaných územních studií ve sledovaném roce - obce správního území,dkod,0
115,2011,D14.12,Počet pořizovaných územních studií ve sledovaném roce - obce správního území,dkod,0
115,2012,D14.12,Počet pořizovaných územních studií ve sledovaném roce - obce správního území,dkod,3
115,2013,D14.12,Počet pořizovaných územních studií ve sledovaném roce - obce správního území,dkod,1
115,2014,D14.12,Počet pořizovaných územních studií ve sledovaném roce - obce správního území,dkod,0
115,2015,D14.12,Počet pořizovaných územních studií ve sledovaném roce - obce správního území,dkod,2
115,2016,D14.12,Počet pořizovaných územních studií ve sledovaném roce - obce správního území,dkod,3
115,2017,D14.12,Počet pořizovaných územních studií ve sledovaném roce - obce správního území,dkod,1
115,2018,D14.12,Počet pořizovaných územních studií ve sledovaném roce - obce správního území,dkod,0
115,2019,D14.12,Počet pořizovaných územních studií ve sledovaném roce - obce správního území,dkod,1
115,2020,D14.12,Počet pořizovaných územních studií ve sledovaném roce - obce správního území,dkod,1
115,2021,D14.12,Počet pořizovaných územních studií ve sledovaném roce - obce správního území,dkod,0
115,2022,D14.12,Počet pořizovaných územních studií ve sledovaném roce - obce správního území,dkod,0
115,2023,D14.12,Počet pořizovaných územních studií ve sledovaném roce - obce správního území,dkod,1
115,2024,D14.12,Počet pořizovaných územních studií ve sledovaném roce - obce správního území,dkod,1
115,2025,D14.12,Počet pořizovaných územních studií ve sledovaném roce - obce správního území,dkod,1
115,2010,D14.13,Podíl úřadu územního plánování na zpracování ÚAP (%),dkod,0
115,2011,D14.13,Podíl úřadu územního plánování na zpracování ÚAP (%),dkod,0
115,2012,D14.13,Podíl úřadu územního plánování na zpracování ÚAP (%),dkod,0
115,2013,D14.13,Podíl úřadu územního plánování na zpracování ÚAP (%),dkod,100
115,2014,D14.13,Podíl úřadu územního plánování na zpracování ÚAP (%),dkod,100
115,2015,D14.13,Podíl úřadu územního plánování na zpracování ÚAP (%),dkod,100
115,2016,D14.13,Podíl úřadu územního plánování na zpracování ÚAP (%),dkod,100
115,2017,D14.13,Podíl úřadu územního plánování na zpracování ÚAP (%),dkod,100
115,2018,D14.13,Podíl úřadu územního plánování na zpracování ÚAP (%),dkod,100
115,2019,D14.13,Podíl úřadu územního plánování na zpracování ÚAP (%),dkod,100
115,2020,D14.13,Podíl úřadu územního plánování na zpracování ÚAP (%),dkod,100
115,2021,D14.13,Podíl úřadu územního plánování na zpracování ÚAP (%),dkod,100
115,2022,D14.13,Podíl úřadu územního plánování na zpracování ÚAP (%),dkod,100
115,2023,D14.13,Podíl úřadu územního plánování na zpracování ÚAP (%),dkod,100
115,2024,D14.13,Podíl úřadu územního plánování na zpracování ÚAP (%),dkod,100
115,2025,D14.13,Podíl úřadu územního plánování na zpracování ÚAP (%),dkod,100
115,2010,D14.14,Počet zpracovávaných Zpráv o uplatňování ÚP ve sledovaném roce,dkod,0
115,2011,D14.14,Počet zpracovávaných Zpráv o uplatňování ÚP ve sledovaném roce,dkod,0
115,2012,D14.14,Počet zpracovávaných Zpráv o uplatňování ÚP ve sledovaném roce,dkod,0
115,2013,D14.14,Počet zpracovávaných Zpráv o uplatňování ÚP ve sledovaném roce,dkod,1
115,2014,D14.14,Počet zpracovávaných Zpráv o uplatňování ÚP ve sledovaném roce,dkod,1
115,2015,D14.14,Počet zpracovávaných Zpráv o uplatňování ÚP ve sledovaném roce,dkod,0
115,2016,D14.14,Počet zpracovávaných Zpráv o uplatňování ÚP ve sledovaném roce,dkod,3
115,2017,D14.14,Počet zpracovávaných Zpráv o uplatňování ÚP ve sledovaném roce,dkod,3
115,2018,D14.14,Počet zpracovávaných Zpráv o uplatňování ÚP ve sledovaném roce,dkod,1
115,2019,D14.14,Počet zpracovávaných Zpráv o uplatňování ÚP ve sledovaném roce,dkod,1
115,2020,D14.14,Počet zpracovávaných Zpráv o uplatňování ÚP ve sledovaném roce,dkod,0
115,2021,D14.14,Počet zpracovávaných Zpráv o uplatňování ÚP ve sledovaném roce,dkod,4
115,2022,D14.14,Počet zpracovávaných Zpráv o uplatňování ÚP ve sledovaném roce,dkod,5
115,2023,D14.14,Počet zpracovávaných Zpráv o uplatňování ÚP ve sledovaném roce,dkod,1
115,2024,D14.14,Počet zpracovávaných Zpráv o uplatňování ÚP ve sledovaném roce,dkod,1
115,2025,D14.14,Počet zpracovávaných Zpráv o uplatňování ÚP ve sledovaném roce,dkod,6
115,2010,D14.14.1,Počet sledovaných ÚPI,dkod,
115,2011,D14.14.1,Počet sledovaných ÚPI,dkod,
115,2012,D14.14.1,Počet sledovaných ÚPI,dkod,
115,2013,D14.14.1,Počet sledovaných ÚPI,dkod,
115,2014,D14.14.1,Počet sledovaných ÚPI,dkod,
115,2015,D14.14.1,Počet sledovaných ÚPI,dkod,
115,2016,D14.14.1,Počet sledovaných ÚPI,dkod,2
115,2017,D14.14.1,Počet sledovaných ÚPI,dkod,1
115,2018,D14.14.1,Počet sledovaných ÚPI,dkod,1
115,2019,D14.14.1,Počet sledovaných ÚPI,dkod,7
115,2020,D14.14.1,Počet sledovaných ÚPI,dkod,6
115,2021,D14.14.1,Počet sledovaných ÚPI,dkod,6
115,2022,D14.14.1,Počet sledovaných ÚPI,dkod,10
115,2023,D14.14.1,Počet sledovaných ÚPI,dkod,4
115,2024,D14.14.1,Počet sledovaných ÚPI,dkod,4
115,2025,D14.14.1,Počet sledovaných ÚPI,dkod,0
115,2010,D14.14.2,Počet vydaných závazných stanovisek,dkod,
115,2011,D14.14.2,Počet vydaných závazných stanovisek,dkod,
115,2012,D14.14.2,Počet vydaných závazných stanovisek,dkod,
115,2013,D14.14.2,Počet vydaných závazných stanovisek,dkod,
115,2014,D14.14.2,Počet vydaných závazných stanovisek,dkod,
115,2015,D14.14.2,Počet vydaných závazných stanovisek,dkod,
115,2016,D14.14.2,Počet vydaných závazných stanovisek,dkod,320
115,2017,D14.14.2,Počet vydaných závazných stanovisek,dkod,367
115,2018,D14.14.2,Počet vydaných závazných stanovisek,dkod,445
115,2019,D14.14.2,Počet vydaných závazných stanovisek,dkod,415
115,2020,D14.14.2,Počet vydaných závazných stanovisek,dkod,254
115,2021,D14.14.2,Počet vydaných závazných stanovisek,dkod,267
115,2022,D14.14.2,Počet vydaných závazných stanovisek,dkod,301
115,2023,D14.14.2,Počet vydaných závazných stanovisek,dkod,323
115,2024,D14.14.2,Počet vydaných závazných stanovisek,dkod,296
115,2025,D14.14.2,Počet vydaných závazných stanovisek,dkod,15
115,2010,D14.14.3,"Počet vyjádření, sdělení",dkod,
115,2011,D14.14.3,"Počet vyjádření, sdělení",dkod,
115,2012,D14.14.3,"Počet vyjádření, sdělení",dkod,
115,2013,D14.14.3,"Počet vyjádření, sdělení",dkod,
115,2014,D14.14.3,"Počet vyjádření, sdělení",dkod,
115,2015,D14.14.3,"Počet vyjádření, sdělení",dkod,
115,2016,D14.14.3,"Počet vyjádření, sdělení",dkod,
115,2017,D14.14.3,"Počet vyjádření, sdělení",dkod,
115,2018,D14.14.3,"Počet vyjádření, sdělení",dkod,331
115,2019,D14.14.3,"Počet vyjádření, sdělení",dkod,163
115,2020,D14.14.3,"Počet vyjádření, sdělení",dkod,333
115,2021,D14.14.3,"Počet vyjádření, sdělení",dkod,395
115,2022,D14.14.3,"Počet vyjádření, sdělení",dkod,252
115,2023,D14.14.3,"Počet vyjádření, sdělení",dkod,262
115,2024,D14.14.3,"Počet vyjádření, sdělení",dkod,146
115,2025,D14.14.3,"Počet vyjádření, sdělení",dkod,57
115,2010,D14.15,Počet podaných přezkumů a správních žalob proti ÚPD ve sledovaném roce,dkod,0
115,2011,D14.15,Počet podaných přezkumů a správních žalob proti ÚPD ve sledovaném roce,dkod,0
115,2012,D14.15,Počet podaných přezkumů a správních žalob proti ÚPD ve sledovaném roce,dkod,0
115,2013,D14.15,Počet podaných přezkumů a správních žalob proti ÚPD ve sledovaném roce,dkod,0
115,2014,D14.15,Počet podaných přezkumů a správních žalob proti ÚPD ve sledovaném roce,dkod,1
115,2015,D14.15,Počet podaných přezkumů a správních žalob proti ÚPD ve sledovaném roce,dkod,1
115,2016,D14.15,Počet podaných přezkumů a správních žalob proti ÚPD ve sledovaném roce,dkod,0
115,2017,D14.15,Počet podaných přezkumů a správních žalob proti ÚPD ve sledovaném roce,dkod,0
115,2018,D14.15,Počet podaných přezkumů a správních žalob proti ÚPD ve sledovaném roce,dkod,0
115,2019,D14.15,Počet podaných přezkumů a správních žalob proti ÚPD ve sledovaném roce,dkod,0
115,2020,D14.15,Počet podaných přezkumů a správních žalob proti ÚPD ve sledovaném roce,dkod,1
115,2021,D14.15,Počet podaných přezkumů a správních žalob proti ÚPD ve sledovaném roce,dkod,0
115,2022,D14.15,Počet podaných přezkumů a správních žalob proti ÚPD ve sledovaném roce,dkod,0
115,2023,D14.15,Počet podaných přezkumů a správních žalob proti ÚPD ve sledovaném roce,dkod,0
115,2024,D14.15,Počet podaných přezkumů a správních žalob proti ÚPD ve sledovaném roce,dkod,0
115,2025,D14.15,Počet podaných přezkumů a správních žalob proti ÚPD ve sledovaném roce,dkod,1
115,2010,D14.16,Počet zaměstnanců - pracovních úvazků v agendě územní plánování celkem (BEZ úvazků pro ÚAP),dkod,2
115,2011,D14.16,Počet zaměstnanců - pracovních úvazků v agendě územní plánování celkem (BEZ úvazků pro ÚAP),dkod,2
115,2012,D14.16,Počet zaměstnanců - pracovních úvazků v agendě územní plánování celkem (BEZ úvazků pro ÚAP),dkod,1.4
115,2013,D14.16,Počet zaměstnanců - pracovních úvazků v agendě územní plánování celkem (BEZ úvazků pro ÚAP),dkod,1.6
115,2014,D14.16,Počet zaměstnanců - pracovních úvazků v agendě územní plánování celkem (BEZ úvazků pro ÚAP),dkod,1
115,2015,D14.16,Počet zaměstnanců - pracovních úvazků v agendě územní plánování celkem (BEZ úvazků pro ÚAP),dkod,1.8
115,2016,D14.16,Počet zaměstnanců - pracovních úvazků v agendě územní plánování celkem (BEZ úvazků pro ÚAP),dkod,1.8
115,2017,D14.16,Počet zaměstnanců - pracovních úvazků v agendě územní plánování celkem (BEZ úvazků pro ÚAP),dkod,1.6
115,2018,D14.16,Počet zaměstnanců - pracovních úvazků v agendě územní plánování celkem (BEZ úvazků pro ÚAP),dkod,2.5
115,2019,D14.16,Počet zaměstnanců - pracovních úvazků v agendě územní plánování celkem (BEZ úvazků pro ÚAP),dkod,2.5
115,2020,D14.16,Počet zaměstnanců - pracovních úvazků v agendě územní plánování celkem (BEZ úvazků pro ÚAP),dkod,2.1
115,2021,D14.16,Počet zaměstnanců - pracovních úvazků v agendě územní plánování celkem (BEZ úvazků pro ÚAP),dkod,2.4
115,2022,D14.16,Počet zaměstnanců - pracovních úvazků v agendě územní plánování celkem (BEZ úvazků pro ÚAP),dkod,2.4
115,2023,D14.16,Počet zaměstnanců - pracovních úvazků v agendě územní plánování celkem (BEZ úvazků pro ÚAP),dkod,2.4
115,2024,D14.16,Počet zaměstnanců - pracovních úvazků v agendě územní plánování celkem (BEZ úvazků pro ÚAP),dkod,2
115,2025,D14.16,Počet zaměstnanců - pracovních úvazků v agendě územní plánování celkem (BEZ úvazků pro ÚAP),dkod,2.4
115,2010,D14.16.1,Počet zaměstnanců - úvazky pro ÚAP,dkod,0
115,2011,D14.16.1,Počet zaměstnanců - úvazky pro ÚAP,dkod,0
115,2012,D14.16.1,Počet zaměstnanců - úvazky pro ÚAP,dkod,0
115,2013,D14.16.1,Počet zaměstnanců - úvazky pro ÚAP,dkod,0.5
115,2014,D14.16.1,Počet zaměstnanců - úvazky pro ÚAP,dkod,0.5
115,2015,D14.16.1,Počet zaměstnanců - úvazky pro ÚAP,dkod,0.2
115,2016,D14.16.1,Počet zaměstnanců - úvazky pro ÚAP,dkod,0.2
115,2017,D14.16.1,Počet zaměstnanců - úvazky pro ÚAP,dkod,0.1
115,2018,D14.16.1,Počet zaměstnanců - úvazky pro ÚAP,dkod,0.1
115,2019,D14.16.1,Počet zaměstnanců - úvazky pro ÚAP,dkod,0.1
115,2020,D14.16.1,Počet zaměstnanců - úvazky pro ÚAP,dkod,0.5
115,2021,D14.16.1,Počet zaměstnanců - úvazky pro ÚAP,dkod,0.1
115,2022,D14.16.1,Počet zaměstnanců - úvazky pro ÚAP,dkod,0.1
115,2023,D14.16.1,Počet zaměstnanců - úvazky pro ÚAP,dkod,0.1
115,2024,D14.16.1,Počet zaměstnanců - úvazky pro ÚAP,dkod,0.5
115,2025,D14.16.1,Počet zaměstnanců - úvazky pro ÚAP,dkod,0.1
115,2010,D15.1,Počet rozhodnutí,dkod,135
115,2011,D15.1,Počet rozhodnutí,dkod,67
115,2012,D15.1,Počet rozhodnutí,dkod,66
115,2013,D15.1,Počet rozhodnutí,dkod,108
115,2014,D15.1,Počet rozhodnutí,dkod,78
115,2015,D15.1,Počet rozhodnutí,dkod,91
115,2016,D15.1,Počet rozhodnutí,dkod,94
115,2017,D15.1,Počet rozhodnutí,dkod,95
115,2018,D15.1,Počet rozhodnutí,dkod,123
115,2019,D15.1,Počet rozhodnutí,dkod,118
115,2020,D15.1,Počet rozhodnutí,dkod,86
115,2021,D15.1,Počet rozhodnutí,dkod,128
115,2022,D15.1,Počet rozhodnutí,dkod,94
115,2023,D15.1,Počet rozhodnutí,dkod,84
115,2024,D15.1,Počet rozhodnutí,dkod,106
115,2025,D15.1,Počet rozhodnutí,dkod,86
115,2010,D15.3,Celkem sledovaných úkonů,dkod,223
115,2011,D15.3,Celkem sledovaných úkonů,dkod,109
115,2012,D15.3,Celkem sledovaných úkonů,dkod,97
115,2013,D15.3,Celkem sledovaných úkonů,dkod,131
115,2014,D15.3,Celkem sledovaných úkonů,dkod,93
115,2015,D15.3,Celkem sledovaných úkonů,dkod,108
115,2016,D15.3,Celkem sledovaných úkonů,dkod,104
115,2017,D15.3,Celkem sledovaných úkonů,dkod,102
115,2018,D15.3,Celkem sledovaných úkonů,dkod,151
115,2019,D15.3,Celkem sledovaných úkonů,dkod,150
115,2020,D15.3,Celkem sledovaných úkonů,dkod,101
115,2021,D15.3,Celkem sledovaných úkonů,dkod,154
115,2022,D15.3,Celkem sledovaných úkonů,dkod,110
115,2023,D15.3,Celkem sledovaných úkonů,dkod,106
115,2024,D15.3,Celkem sledovaných úkonů,dkod,129
115,2025,D15.3,Celkem sledovaných úkonů,dkod,111
115,2010,D15.4,Počet nemovitých kulturních památek ve správním obvodu obce s rozšířenou působností,dkod,223
115,2011,D15.4,Počet nemovitých kulturních památek ve správním obvodu obce s rozšířenou působností,dkod,210
115,2012,D15.4,Počet nemovitých kulturních památek ve správním obvodu obce s rozšířenou působností,dkod,208
115,2013,D15.4,Počet nemovitých kulturních památek ve správním obvodu obce s rozšířenou působností,dkod,208
115,2014,D15.4,Počet nemovitých kulturních památek ve správním obvodu obce s rozšířenou působností,dkod,208
115,2015,D15.4,Počet nemovitých kulturních památek ve správním obvodu obce s rozšířenou působností,dkod,208
115,2016,D15.4,Počet nemovitých kulturních památek ve správním obvodu obce s rozšířenou působností,dkod,208
115,2017,D15.4,Počet nemovitých kulturních památek ve správním obvodu obce s rozšířenou působností,dkod,210
115,2018,D15.4,Počet nemovitých kulturních památek ve správním obvodu obce s rozšířenou působností,dkod,210
115,2019,D15.4,Počet nemovitých kulturních památek ve správním obvodu obce s rozšířenou působností,dkod,210
115,2020,D15.4,Počet nemovitých kulturních památek ve správním obvodu obce s rozšířenou působností,dkod,210
115,2021,D15.4,Počet nemovitých kulturních památek ve správním obvodu obce s rozšířenou působností,dkod,209
115,2022,D15.4,Počet nemovitých kulturních památek ve správním obvodu obce s rozšířenou působností,dkod,209
115,2023,D15.4,Počet nemovitých kulturních památek ve správním obvodu obce s rozšířenou působností,dkod,209
115,2024,D15.4,Počet nemovitých kulturních památek ve správním obvodu obce s rozšířenou působností,dkod,205
115,2025,D15.4,Počet nemovitých kulturních památek ve správním obvodu obce s rozšířenou působností,dkod,205
115,2010,D15.5,Počet movitých kulturních památek ve správním obvodu obce s rozšířenou působností,dkod,230
115,2011,D15.5,Počet movitých kulturních památek ve správním obvodu obce s rozšířenou působností,dkod,230
115,2012,D15.5,Počet movitých kulturních památek ve správním obvodu obce s rozšířenou působností,dkod,230
115,2013,D15.5,Počet movitých kulturních památek ve správním obvodu obce s rozšířenou působností,dkod,230
115,2014,D15.5,Počet movitých kulturních památek ve správním obvodu obce s rozšířenou působností,dkod,230
115,2015,D15.5,Počet movitých kulturních památek ve správním obvodu obce s rozšířenou působností,dkod,230
115,2016,D15.5,Počet movitých kulturních památek ve správním obvodu obce s rozšířenou působností,dkod,230
115,2017,D15.5,Počet movitých kulturních památek ve správním obvodu obce s rozšířenou působností,dkod,230
115,2018,D15.5,Počet movitých kulturních památek ve správním obvodu obce s rozšířenou působností,dkod,231
115,2019,D15.5,Počet movitých kulturních památek ve správním obvodu obce s rozšířenou působností,dkod,231
115,2020,D15.5,Počet movitých kulturních památek ve správním obvodu obce s rozšířenou působností,dkod,231
115,2021,D15.5,Počet movitých kulturních památek ve správním obvodu obce s rozšířenou působností,dkod,231
115,2022,D15.5,Počet movitých kulturních památek ve správním obvodu obce s rozšířenou působností,dkod,231
115,2023,D15.5,Počet movitých kulturních památek ve správním obvodu obce s rozšířenou působností,dkod,231
115,2024,D15.5,Počet movitých kulturních památek ve správním obvodu obce s rozšířenou působností,dkod,231
115,2025,D15.5,Počet movitých kulturních památek ve správním obvodu obce s rozšířenou působností,dkod,231
115,2010,D15.6,Počet žádostí o finanční podporu na obnovu kulturních památek,dkod,8
115,2011,D15.6,Počet žádostí o finanční podporu na obnovu kulturních památek,dkod,3
115,2012,D15.6,Počet žádostí o finanční podporu na obnovu kulturních památek,dkod,2
115,2013,D15.6,Počet žádostí o finanční podporu na obnovu kulturních památek,dkod,3
115,2014,D15.6,Počet žádostí o finanční podporu na obnovu kulturních památek,dkod,2
115,2015,D15.6,Počet žádostí o finanční podporu na obnovu kulturních památek,dkod,4
115,2016,D15.6,Počet žádostí o finanční podporu na obnovu kulturních památek,dkod,2
115,2017,D15.6,Počet žádostí o finanční podporu na obnovu kulturních památek,dkod,4
115,2018,D15.6,Počet žádostí o finanční podporu na obnovu kulturních památek,dkod,5
115,2019,D15.6,Počet žádostí o finanční podporu na obnovu kulturních památek,dkod,2
115,2020,D15.6,Počet žádostí o finanční podporu na obnovu kulturních památek,dkod,43
115,2021,D15.6,Počet žádostí o finanční podporu na obnovu kulturních památek,dkod,42
115,2022,D15.6,Počet žádostí o finanční podporu na obnovu kulturních památek,dkod,29
115,2023,D15.6,Počet žádostí o finanční podporu na obnovu kulturních památek,dkod,41
115,2024,D15.6,Počet žádostí o finanční podporu na obnovu kulturních památek,dkod,38
115,2025,D15.6,Počet žádostí o finanční podporu na obnovu kulturních památek,dkod,54
115,2010,D15.7,Počet uspokojených žádostí,dkod,5
115,2011,D15.7,Počet uspokojených žádostí,dkod,0
115,2012,D15.7,Počet uspokojených žádostí,dkod,2
115,2013,D15.7,Počet uspokojených žádostí,dkod,2
115,2014,D15.7,Počet uspokojených žádostí,dkod,2
115,2015,D15.7,Počet uspokojených žádostí,dkod,3
115,2016,D15.7,Počet uspokojených žádostí,dkod,2
115,2017,D15.7,Počet uspokojených žádostí,dkod,3
115,2018,D15.7,Počet uspokojených žádostí,dkod,3
115,2019,D15.7,Počet uspokojených žádostí,dkod,2
115,2020,D15.7,Počet uspokojených žádostí,dkod,21
115,2021,D15.7,Počet uspokojených žádostí,dkod,26
115,2022,D15.7,Počet uspokojených žádostí,dkod,21
115,2023,D15.7,Počet uspokojených žádostí,dkod,21
115,2024,D15.7,Počet uspokojených žádostí,dkod,22
115,2025,D15.7,Počet uspokojených žádostí,dkod,25
115,2010,D15.8,"Počet památk. zón, rezervací, ochranných pásem správ. obvodu obce s rozšířenou působností",dkod,3
115,2011,D15.8,"Počet památk. zón, rezervací, ochranných pásem správ. obvodu obce s rozšířenou působností",dkod,3
115,2012,D15.8,"Počet památk. zón, rezervací, ochranných pásem správ. obvodu obce s rozšířenou působností",dkod,3
115,2013,D15.8,"Počet památk. zón, rezervací, ochranných pásem správ. obvodu obce s rozšířenou působností",dkod,3
115,2014,D15.8,"Počet památk. zón, rezervací, ochranných pásem správ. obvodu obce s rozšířenou působností",dkod,3
115,2015,D15.8,"Počet památk. zón, rezervací, ochranných pásem správ. obvodu obce s rozšířenou působností",dkod,3
115,2016,D15.8,"Počet památk. zón, rezervací, ochranných pásem správ. obvodu obce s rozšířenou působností",dkod,3
115,2017,D15.8,"Počet památk. zón, rezervací, ochranných pásem správ. obvodu obce s rozšířenou působností",dkod,3
115,2018,D15.8,"Počet památk. zón, rezervací, ochranných pásem správ. obvodu obce s rozšířenou působností",dkod,3
115,2019,D15.8,"Počet památk. zón, rezervací, ochranných pásem správ. obvodu obce s rozšířenou působností",dkod,3
115,2020,D15.8,"Počet památk. zón, rezervací, ochranných pásem správ. obvodu obce s rozšířenou působností",dkod,3
115,2021,D15.8,"Počet památk. zón, rezervací, ochranných pásem správ. obvodu obce s rozšířenou působností",dkod,3
115,2022,D15.8,"Počet památk. zón, rezervací, ochranných pásem správ. obvodu obce s rozšířenou působností",dkod,3
115,2023,D15.8,"Počet památk. zón, rezervací, ochranných pásem správ. obvodu obce s rozšířenou působností",dkod,3
115,2024,D15.8,"Počet památk. zón, rezervací, ochranných pásem správ. obvodu obce s rozšířenou působností",dkod,3
115,2025,D15.8,"Počet památk. zón, rezervací, ochranných pásem správ. obvodu obce s rozšířenou působností",dkod,3
115,2010,D15.9,Počet zaměstnanců - pracovních úvazků v agendě památková péče celkem,dkod,1
115,2011,D15.9,Počet zaměstnanců - pracovních úvazků v agendě památková péče celkem,dkod,1
115,2012,D15.9,Počet zaměstnanců - pracovních úvazků v agendě památková péče celkem,dkod,0.95
115,2013,D15.9,Počet zaměstnanců - pracovních úvazků v agendě památková péče celkem,dkod,1
115,2014,D15.9,Počet zaměstnanců - pracovních úvazků v agendě památková péče celkem,dkod,1
115,2015,D15.9,Počet zaměstnanců - pracovních úvazků v agendě památková péče celkem,dkod,1
115,2016,D15.9,Počet zaměstnanců - pracovních úvazků v agendě památková péče celkem,dkod,1
115,2017,D15.9,Počet zaměstnanců - pracovních úvazků v agendě památková péče celkem,dkod,1
115,2018,D15.9,Počet zaměstnanců - pracovních úvazků v agendě památková péče celkem,dkod,1
115,2019,D15.9,Počet zaměstnanců - pracovních úvazků v agendě památková péče celkem,dkod,1
115,2020,D15.9,Počet zaměstnanců - pracovních úvazků v agendě památková péče celkem,dkod,1
115,2021,D15.9,Počet zaměstnanců - pracovních úvazků v agendě památková péče celkem,dkod,1
115,2022,D15.9,Počet zaměstnanců - pracovních úvazků v agendě památková péče celkem,dkod,1
115,2023,D15.9,Počet zaměstnanců - pracovních úvazků v agendě památková péče celkem,dkod,1
115,2024,D15.9,Počet zaměstnanců - pracovních úvazků v agendě památková péče celkem,dkod,1
115,2025,D15.9,Počet zaměstnanců - pracovních úvazků v agendě památková péče celkem,dkod,1
115,2010,D16.1,"Povolení záměru, změny záměru před dokončením, prodloužení doby trvání stavby",dkod,
115,2011,D16.1,"Povolení záměru, změny záměru před dokončením, prodloužení doby trvání stavby",dkod,
115,2012,D16.1,"Povolení záměru, změny záměru před dokončením, prodloužení doby trvání stavby",dkod,
115,2013,D16.1,"Povolení záměru, změny záměru před dokončením, prodloužení doby trvání stavby",dkod,
115,2014,D16.1,"Povolení záměru, změny záměru před dokončením, prodloužení doby trvání stavby",dkod,
115,2015,D16.1,"Povolení záměru, změny záměru před dokončením, prodloužení doby trvání stavby",dkod,
115,2016,D16.1,"Povolení záměru, změny záměru před dokončením, prodloužení doby trvání stavby",dkod,
115,2017,D16.1,"Povolení záměru, změny záměru před dokončením, prodloužení doby trvání stavby",dkod,
115,2018,D16.1,"Povolení záměru, změny záměru před dokončením, prodloužení doby trvání stavby",dkod,
115,2019,D16.1,"Povolení záměru, změny záměru před dokončením, prodloužení doby trvání stavby",dkod,
115,2020,D16.1,"Povolení záměru, změny záměru před dokončením, prodloužení doby trvání stavby",dkod,
115,2021,D16.1,"Povolení záměru, změny záměru před dokončením, prodloužení doby trvání stavby",dkod,
115,2022,D16.1,"Povolení záměru, změny záměru před dokončením, prodloužení doby trvání stavby",dkod,
115,2023,D16.1,"Povolení záměru, změny záměru před dokončením, prodloužení doby trvání stavby",dkod,
115,2024,D16.1,"Povolení záměru, změny záměru před dokončením, prodloužení doby trvání stavby",dkod,
115,2025,D16.1,"Povolení záměru, změny záměru před dokončením, prodloužení doby trvání stavby",dkod,198
115,2010,D16.1.1,Povolení ve věcech dopravních staveb nebo zařízení (v celém obvodu ORP),dkod,
115,2011,D16.1.1,Povolení ve věcech dopravních staveb nebo zařízení (v celém obvodu ORP),dkod,
115,2012,D16.1.1,Povolení ve věcech dopravních staveb nebo zařízení (v celém obvodu ORP),dkod,
115,2013,D16.1.1,Povolení ve věcech dopravních staveb nebo zařízení (v celém obvodu ORP),dkod,
115,2014,D16.1.1,Povolení ve věcech dopravních staveb nebo zařízení (v celém obvodu ORP),dkod,
115,2015,D16.1.1,Povolení ve věcech dopravních staveb nebo zařízení (v celém obvodu ORP),dkod,
115,2016,D16.1.1,Povolení ve věcech dopravních staveb nebo zařízení (v celém obvodu ORP),dkod,
115,2017,D16.1.1,Povolení ve věcech dopravních staveb nebo zařízení (v celém obvodu ORP),dkod,
115,2018,D16.1.1,Povolení ve věcech dopravních staveb nebo zařízení (v celém obvodu ORP),dkod,
115,2019,D16.1.1,Povolení ve věcech dopravních staveb nebo zařízení (v celém obvodu ORP),dkod,
115,2020,D16.1.1,Povolení ve věcech dopravních staveb nebo zařízení (v celém obvodu ORP),dkod,
115,2021,D16.1.1,Povolení ve věcech dopravních staveb nebo zařízení (v celém obvodu ORP),dkod,
115,2022,D16.1.1,Povolení ve věcech dopravních staveb nebo zařízení (v celém obvodu ORP),dkod,
115,2023,D16.1.1,Povolení ve věcech dopravních staveb nebo zařízení (v celém obvodu ORP),dkod,
115,2024,D16.1.1,Povolení ve věcech dopravních staveb nebo zařízení (v celém obvodu ORP),dkod,
115,2025,D16.1.1,Povolení ve věcech dopravních staveb nebo zařízení (v celém obvodu ORP),dkod,18
115,2010,D16.1.2,Povolení ve věcech vodního díla - jednoduché stavby (v celém obvodu ORP),dkod,
115,2011,D16.1.2,Povolení ve věcech vodního díla - jednoduché stavby (v celém obvodu ORP),dkod,
115,2012,D16.1.2,Povolení ve věcech vodního díla - jednoduché stavby (v celém obvodu ORP),dkod,
115,2013,D16.1.2,Povolení ve věcech vodního díla - jednoduché stavby (v celém obvodu ORP),dkod,
115,2014,D16.1.2,Povolení ve věcech vodního díla - jednoduché stavby (v celém obvodu ORP),dkod,
115,2015,D16.1.2,Povolení ve věcech vodního díla - jednoduché stavby (v celém obvodu ORP),dkod,
115,2016,D16.1.2,Povolení ve věcech vodního díla - jednoduché stavby (v celém obvodu ORP),dkod,
115,2017,D16.1.2,Povolení ve věcech vodního díla - jednoduché stavby (v celém obvodu ORP),dkod,
115,2018,D16.1.2,Povolení ve věcech vodního díla - jednoduché stavby (v celém obvodu ORP),dkod,
115,2019,D16.1.2,Povolení ve věcech vodního díla - jednoduché stavby (v celém obvodu ORP),dkod,
115,2020,D16.1.2,Povolení ve věcech vodního díla - jednoduché stavby (v celém obvodu ORP),dkod,
115,2021,D16.1.2,Povolení ve věcech vodního díla - jednoduché stavby (v celém obvodu ORP),dkod,
115,2022,D16.1.2,Povolení ve věcech vodního díla - jednoduché stavby (v celém obvodu ORP),dkod,
115,2023,D16.1.2,Povolení ve věcech vodního díla - jednoduché stavby (v celém obvodu ORP),dkod,
115,2024,D16.1.2,Povolení ve věcech vodního díla - jednoduché stavby (v celém obvodu ORP),dkod,
115,2025,D16.1.2,Povolení ve věcech vodního díla - jednoduché stavby (v celém obvodu ORP),dkod,23
115,2010,D16.1.3,Povolení ve věcech vodního díla - ostatní stavby (v celém obvodu ORP),dkod,
115,2011,D16.1.3,Povolení ve věcech vodního díla - ostatní stavby (v celém obvodu ORP),dkod,
115,2012,D16.1.3,Povolení ve věcech vodního díla - ostatní stavby (v celém obvodu ORP),dkod,
115,2013,D16.1.3,Povolení ve věcech vodního díla - ostatní stavby (v celém obvodu ORP),dkod,
115,2014,D16.1.3,Povolení ve věcech vodního díla - ostatní stavby (v celém obvodu ORP),dkod,
115,2015,D16.1.3,Povolení ve věcech vodního díla - ostatní stavby (v celém obvodu ORP),dkod,
115,2016,D16.1.3,Povolení ve věcech vodního díla - ostatní stavby (v celém obvodu ORP),dkod,
115,2017,D16.1.3,Povolení ve věcech vodního díla - ostatní stavby (v celém obvodu ORP),dkod,
115,2018,D16.1.3,Povolení ve věcech vodního díla - ostatní stavby (v celém obvodu ORP),dkod,
115,2019,D16.1.3,Povolení ve věcech vodního díla - ostatní stavby (v celém obvodu ORP),dkod,
115,2020,D16.1.3,Povolení ve věcech vodního díla - ostatní stavby (v celém obvodu ORP),dkod,
115,2021,D16.1.3,Povolení ve věcech vodního díla - ostatní stavby (v celém obvodu ORP),dkod,
115,2022,D16.1.3,Povolení ve věcech vodního díla - ostatní stavby (v celém obvodu ORP),dkod,
115,2023,D16.1.3,Povolení ve věcech vodního díla - ostatní stavby (v celém obvodu ORP),dkod,
115,2024,D16.1.3,Povolení ve věcech vodního díla - ostatní stavby (v celém obvodu ORP),dkod,
115,2025,D16.1.3,Povolení ve věcech vodního díla - ostatní stavby (v celém obvodu ORP),dkod,17
115,2010,D16.1.4,Povolení výjimky,dkod,
115,2011,D16.1.4,Povolení výjimky,dkod,
115,2012,D16.1.4,Povolení výjimky,dkod,
115,2013,D16.1.4,Povolení výjimky,dkod,
115,2014,D16.1.4,Povolení výjimky,dkod,
115,2015,D16.1.4,Povolení výjimky,dkod,
115,2016,D16.1.4,Povolení výjimky,dkod,
115,2017,D16.1.4,Povolení výjimky,dkod,
115,2018,D16.1.4,Povolení výjimky,dkod,
115,2019,D16.1.4,Povolení výjimky,dkod,
115,2020,D16.1.4,Povolení výjimky,dkod,
115,2021,D16.1.4,Povolení výjimky,dkod,
115,2022,D16.1.4,Povolení výjimky,dkod,
115,2023,D16.1.4,Povolení výjimky,dkod,
115,2024,D16.1.4,Povolení výjimky,dkod,
115,2025,D16.1.4,Povolení výjimky,dkod,5
115,2010,D16.2,Užívání stavby - počet vydaných rozhodnutí,dkod,
115,2011,D16.2,Užívání stavby - počet vydaných rozhodnutí,dkod,
115,2012,D16.2,Užívání stavby - počet vydaných rozhodnutí,dkod,
115,2013,D16.2,Užívání stavby - počet vydaných rozhodnutí,dkod,
115,2014,D16.2,Užívání stavby - počet vydaných rozhodnutí,dkod,
115,2015,D16.2,Užívání stavby - počet vydaných rozhodnutí,dkod,
115,2016,D16.2,Užívání stavby - počet vydaných rozhodnutí,dkod,
115,2017,D16.2,Užívání stavby - počet vydaných rozhodnutí,dkod,
115,2018,D16.2,Užívání stavby - počet vydaných rozhodnutí,dkod,
115,2019,D16.2,Užívání stavby - počet vydaných rozhodnutí,dkod,
115,2020,D16.2,Užívání stavby - počet vydaných rozhodnutí,dkod,
115,2021,D16.2,Užívání stavby - počet vydaných rozhodnutí,dkod,
115,2022,D16.2,Užívání stavby - počet vydaných rozhodnutí,dkod,
115,2023,D16.2,Užívání stavby - počet vydaných rozhodnutí,dkod,
115,2024,D16.2,Užívání stavby - počet vydaných rozhodnutí,dkod,
115,2025,D16.2,Užívání stavby - počet vydaných rozhodnutí,dkod,141
115,2010,D16.2.1,Kolaudace,dkod,
115,2011,D16.2.1,Kolaudace,dkod,
115,2012,D16.2.1,Kolaudace,dkod,
115,2013,D16.2.1,Kolaudace,dkod,
115,2014,D16.2.1,Kolaudace,dkod,
115,2015,D16.2.1,Kolaudace,dkod,
115,2016,D16.2.1,Kolaudace,dkod,
115,2017,D16.2.1,Kolaudace,dkod,
115,2018,D16.2.1,Kolaudace,dkod,
115,2019,D16.2.1,Kolaudace,dkod,
115,2020,D16.2.1,Kolaudace,dkod,
115,2021,D16.2.1,Kolaudace,dkod,
115,2022,D16.2.1,Kolaudace,dkod,
115,2023,D16.2.1,Kolaudace,dkod,
115,2024,D16.2.1,Kolaudace,dkod,
115,2025,D16.2.1,Kolaudace,dkod,118
115,2010,D16.2.2,Předčasné užívání,dkod,
115,2011,D16.2.2,Předčasné užívání,dkod,
115,2012,D16.2.2,Předčasné užívání,dkod,
115,2013,D16.2.2,Předčasné užívání,dkod,
115,2014,D16.2.2,Předčasné užívání,dkod,
115,2015,D16.2.2,Předčasné užívání,dkod,
115,2016,D16.2.2,Předčasné užívání,dkod,
115,2017,D16.2.2,Předčasné užívání,dkod,
115,2018,D16.2.2,Předčasné užívání,dkod,
115,2019,D16.2.2,Předčasné užívání,dkod,
115,2020,D16.2.2,Předčasné užívání,dkod,
115,2021,D16.2.2,Předčasné užívání,dkod,
115,2022,D16.2.2,Předčasné užívání,dkod,
115,2023,D16.2.2,Předčasné užívání,dkod,
115,2024,D16.2.2,Předčasné užívání,dkod,
115,2025,D16.2.2,Předčasné užívání,dkod,1
115,2010,D16.2.3,Zkušební provoz,dkod,
115,2011,D16.2.3,Zkušební provoz,dkod,
115,2012,D16.2.3,Zkušební provoz,dkod,
115,2013,D16.2.3,Zkušební provoz,dkod,
115,2014,D16.2.3,Zkušební provoz,dkod,
115,2015,D16.2.3,Zkušební provoz,dkod,
115,2016,D16.2.3,Zkušební provoz,dkod,
115,2017,D16.2.3,Zkušební provoz,dkod,
115,2018,D16.2.3,Zkušební provoz,dkod,
115,2019,D16.2.3,Zkušební provoz,dkod,
115,2020,D16.2.3,Zkušební provoz,dkod,
115,2021,D16.2.3,Zkušební provoz,dkod,
115,2022,D16.2.3,Zkušební provoz,dkod,
115,2023,D16.2.3,Zkušební provoz,dkod,
115,2024,D16.2.3,Zkušební provoz,dkod,
115,2025,D16.2.3,Zkušební provoz,dkod,3
115,2010,D16.2.4,Změna v užívání,dkod,
115,2011,D16.2.4,Změna v užívání,dkod,
115,2012,D16.2.4,Změna v užívání,dkod,
115,2013,D16.2.4,Změna v užívání,dkod,
115,2014,D16.2.4,Změna v užívání,dkod,
115,2015,D16.2.4,Změna v užívání,dkod,
115,2016,D16.2.4,Změna v užívání,dkod,
115,2017,D16.2.4,Změna v užívání,dkod,
115,2018,D16.2.4,Změna v užívání,dkod,
115,2019,D16.2.4,Změna v užívání,dkod,
115,2020,D16.2.4,Změna v užívání,dkod,
115,2021,D16.2.4,Změna v užívání,dkod,
115,2022,D16.2.4,Změna v užívání,dkod,
115,2023,D16.2.4,Změna v užívání,dkod,
115,2024,D16.2.4,Změna v užívání,dkod,
115,2025,D16.2.4,Změna v užívání,dkod,19
115,2010,D16.3,Pasport stavby,dkod,
115,2011,D16.3,Pasport stavby,dkod,
115,2012,D16.3,Pasport stavby,dkod,
115,2013,D16.3,Pasport stavby,dkod,
115,2014,D16.3,Pasport stavby,dkod,
115,2015,D16.3,Pasport stavby,dkod,
115,2016,D16.3,Pasport stavby,dkod,
115,2017,D16.3,Pasport stavby,dkod,
115,2018,D16.3,Pasport stavby,dkod,
115,2019,D16.3,Pasport stavby,dkod,
115,2020,D16.3,Pasport stavby,dkod,
115,2021,D16.3,Pasport stavby,dkod,
115,2022,D16.3,Pasport stavby,dkod,
115,2023,D16.3,Pasport stavby,dkod,
115,2024,D16.3,Pasport stavby,dkod,
115,2025,D16.3,Pasport stavby,dkod,5
115,2010,D16.4,Odstraňování staveb - počet vydaných rozhodnutí,dkod,
115,2011,D16.4,Odstraňování staveb - počet vydaných rozhodnutí,dkod,
115,2012,D16.4,Odstraňování staveb - počet vydaných rozhodnutí,dkod,
115,2013,D16.4,Odstraňování staveb - počet vydaných rozhodnutí,dkod,
115,2014,D16.4,Odstraňování staveb - počet vydaných rozhodnutí,dkod,
115,2015,D16.4,Odstraňování staveb - počet vydaných rozhodnutí,dkod,
115,2016,D16.4,Odstraňování staveb - počet vydaných rozhodnutí,dkod,
115,2017,D16.4,Odstraňování staveb - počet vydaných rozhodnutí,dkod,
115,2018,D16.4,Odstraňování staveb - počet vydaných rozhodnutí,dkod,
115,2019,D16.4,Odstraňování staveb - počet vydaných rozhodnutí,dkod,
115,2020,D16.4,Odstraňování staveb - počet vydaných rozhodnutí,dkod,
115,2021,D16.4,Odstraňování staveb - počet vydaných rozhodnutí,dkod,
115,2022,D16.4,Odstraňování staveb - počet vydaných rozhodnutí,dkod,
115,2023,D16.4,Odstraňování staveb - počet vydaných rozhodnutí,dkod,
115,2024,D16.4,Odstraňování staveb - počet vydaných rozhodnutí,dkod,
115,2025,D16.4,Odstraňování staveb - počet vydaných rozhodnutí,dkod,8
115,2010,D16.4.1,Povolení odstranění,dkod,
115,2011,D16.4.1,Povolení odstranění,dkod,
115,2012,D16.4.1,Povolení odstranění,dkod,
115,2013,D16.4.1,Povolení odstranění,dkod,
115,2014,D16.4.1,Povolení odstranění,dkod,
115,2015,D16.4.1,Povolení odstranění,dkod,
115,2016,D16.4.1,Povolení odstranění,dkod,
115,2017,D16.4.1,Povolení odstranění,dkod,
115,2018,D16.4.1,Povolení odstranění,dkod,
115,2019,D16.4.1,Povolení odstranění,dkod,
115,2020,D16.4.1,Povolení odstranění,dkod,
115,2021,D16.4.1,Povolení odstranění,dkod,
115,2022,D16.4.1,Povolení odstranění,dkod,
115,2023,D16.4.1,Povolení odstranění,dkod,
115,2024,D16.4.1,Povolení odstranění,dkod,
115,2025,D16.4.1,Povolení odstranění,dkod,4
115,2010,D16.4.2,Nařízení odstranění,dkod,
115,2011,D16.4.2,Nařízení odstranění,dkod,
115,2012,D16.4.2,Nařízení odstranění,dkod,
115,2013,D16.4.2,Nařízení odstranění,dkod,
115,2014,D16.4.2,Nařízení odstranění,dkod,
115,2015,D16.4.2,Nařízení odstranění,dkod,
115,2016,D16.4.2,Nařízení odstranění,dkod,
115,2017,D16.4.2,Nařízení odstranění,dkod,
115,2018,D16.4.2,Nařízení odstranění,dkod,
115,2019,D16.4.2,Nařízení odstranění,dkod,
115,2020,D16.4.2,Nařízení odstranění,dkod,
115,2021,D16.4.2,Nařízení odstranění,dkod,
115,2022,D16.4.2,Nařízení odstranění,dkod,
115,2023,D16.4.2,Nařízení odstranění,dkod,
115,2024,D16.4.2,Nařízení odstranění,dkod,
115,2025,D16.4.2,Nařízení odstranění,dkod,0
115,2010,D16.4.3,Dodatečné povolení,dkod,
115,2011,D16.4.3,Dodatečné povolení,dkod,
115,2012,D16.4.3,Dodatečné povolení,dkod,
115,2013,D16.4.3,Dodatečné povolení,dkod,
115,2014,D16.4.3,Dodatečné povolení,dkod,
115,2015,D16.4.3,Dodatečné povolení,dkod,
115,2016,D16.4.3,Dodatečné povolení,dkod,
115,2017,D16.4.3,Dodatečné povolení,dkod,
115,2018,D16.4.3,Dodatečné povolení,dkod,
115,2019,D16.4.3,Dodatečné povolení,dkod,
115,2020,D16.4.3,Dodatečné povolení,dkod,
115,2021,D16.4.3,Dodatečné povolení,dkod,
115,2022,D16.4.3,Dodatečné povolení,dkod,
115,2023,D16.4.3,Dodatečné povolení,dkod,
115,2024,D16.4.3,Dodatečné povolení,dkod,
115,2025,D16.4.3,Dodatečné povolení,dkod,4
115,2010,D16.5,Jiná řízení a opatření - počet vydaných rozhodnutí,dkod,
115,2011,D16.5,Jiná řízení a opatření - počet vydaných rozhodnutí,dkod,
115,2012,D16.5,Jiná řízení a opatření - počet vydaných rozhodnutí,dkod,
115,2013,D16.5,Jiná řízení a opatření - počet vydaných rozhodnutí,dkod,
115,2014,D16.5,Jiná řízení a opatření - počet vydaných rozhodnutí,dkod,
115,2015,D16.5,Jiná řízení a opatření - počet vydaných rozhodnutí,dkod,
115,2016,D16.5,Jiná řízení a opatření - počet vydaných rozhodnutí,dkod,
115,2017,D16.5,Jiná řízení a opatření - počet vydaných rozhodnutí,dkod,
115,2018,D16.5,Jiná řízení a opatření - počet vydaných rozhodnutí,dkod,
115,2019,D16.5,Jiná řízení a opatření - počet vydaných rozhodnutí,dkod,
115,2020,D16.5,Jiná řízení a opatření - počet vydaných rozhodnutí,dkod,
115,2021,D16.5,Jiná řízení a opatření - počet vydaných rozhodnutí,dkod,
115,2022,D16.5,Jiná řízení a opatření - počet vydaných rozhodnutí,dkod,
115,2023,D16.5,Jiná řízení a opatření - počet vydaných rozhodnutí,dkod,
115,2024,D16.5,Jiná řízení a opatření - počet vydaných rozhodnutí,dkod,
115,2025,D16.5,Jiná řízení a opatření - počet vydaných rozhodnutí,dkod,59
115,2010,D16.6,"Procesní ""rozhodnutí""",dkod,
115,2011,D16.6,"Procesní ""rozhodnutí""",dkod,
115,2012,D16.6,"Procesní ""rozhodnutí""",dkod,
115,2013,D16.6,"Procesní ""rozhodnutí""",dkod,
115,2014,D16.6,"Procesní ""rozhodnutí""",dkod,
115,2015,D16.6,"Procesní ""rozhodnutí""",dkod,
115,2016,D16.6,"Procesní ""rozhodnutí""",dkod,
115,2017,D16.6,"Procesní ""rozhodnutí""",dkod,
115,2018,D16.6,"Procesní ""rozhodnutí""",dkod,
115,2019,D16.6,"Procesní ""rozhodnutí""",dkod,
115,2020,D16.6,"Procesní ""rozhodnutí""",dkod,
115,2021,D16.6,"Procesní ""rozhodnutí""",dkod,
115,2022,D16.6,"Procesní ""rozhodnutí""",dkod,
115,2023,D16.6,"Procesní ""rozhodnutí""",dkod,
115,2024,D16.6,"Procesní ""rozhodnutí""",dkod,
115,2025,D16.6,"Procesní ""rozhodnutí""",dkod,49
115,2010,D16.7,Vyjádření,dkod,
115,2011,D16.7,Vyjádření,dkod,
115,2012,D16.7,Vyjádření,dkod,
115,2013,D16.7,Vyjádření,dkod,
115,2014,D16.7,Vyjádření,dkod,
115,2015,D16.7,Vyjádření,dkod,
115,2016,D16.7,Vyjádření,dkod,
115,2017,D16.7,Vyjádření,dkod,
115,2018,D16.7,Vyjádření,dkod,
115,2019,D16.7,Vyjádření,dkod,
115,2020,D16.7,Vyjádření,dkod,
115,2021,D16.7,Vyjádření,dkod,
115,2022,D16.7,Vyjádření,dkod,
115,2023,D16.7,Vyjádření,dkod,
115,2024,D16.7,Vyjádření,dkod,
115,2025,D16.7,Vyjádření,dkod,115
115,2010,D16.8,Předběžná informace,dkod,
115,2011,D16.8,Předběžná informace,dkod,
115,2012,D16.8,Předběžná informace,dkod,
115,2013,D16.8,Předběžná informace,dkod,
115,2014,D16.8,Předběžná informace,dkod,
115,2015,D16.8,Předběžná informace,dkod,
115,2016,D16.8,Předběžná informace,dkod,
115,2017,D16.8,Předběžná informace,dkod,
115,2018,D16.8,Předběžná informace,dkod,
115,2019,D16.8,Předběžná informace,dkod,
115,2020,D16.8,Předběžná informace,dkod,
115,2021,D16.8,Předběžná informace,dkod,
115,2022,D16.8,Předběžná informace,dkod,
115,2023,D16.8,Předběžná informace,dkod,
115,2024,D16.8,Předběžná informace,dkod,
115,2025,D16.8,Předběžná informace,dkod,28
115,2010,D16.9,Kontrolní prohlídky a kontrola dle kontrolního řádu,dkod,
115,2011,D16.9,Kontrolní prohlídky a kontrola dle kontrolního řádu,dkod,
115,2012,D16.9,Kontrolní prohlídky a kontrola dle kontrolního řádu,dkod,
115,2013,D16.9,Kontrolní prohlídky a kontrola dle kontrolního řádu,dkod,
115,2014,D16.9,Kontrolní prohlídky a kontrola dle kontrolního řádu,dkod,
115,2015,D16.9,Kontrolní prohlídky a kontrola dle kontrolního řádu,dkod,
115,2016,D16.9,Kontrolní prohlídky a kontrola dle kontrolního řádu,dkod,
115,2017,D16.9,Kontrolní prohlídky a kontrola dle kontrolního řádu,dkod,
115,2018,D16.9,Kontrolní prohlídky a kontrola dle kontrolního řádu,dkod,
115,2019,D16.9,Kontrolní prohlídky a kontrola dle kontrolního řádu,dkod,
115,2020,D16.9,Kontrolní prohlídky a kontrola dle kontrolního řádu,dkod,
115,2021,D16.9,Kontrolní prohlídky a kontrola dle kontrolního řádu,dkod,
115,2022,D16.9,Kontrolní prohlídky a kontrola dle kontrolního řádu,dkod,
115,2023,D16.9,Kontrolní prohlídky a kontrola dle kontrolního řádu,dkod,
115,2024,D16.9,Kontrolní prohlídky a kontrola dle kontrolního řádu,dkod,
115,2025,D16.9,Kontrolní prohlídky a kontrola dle kontrolního řádu,dkod,4
115,2010,D16.10,Počet projednaných přestupků,dkod,
115,2011,D16.10,Počet projednaných přestupků,dkod,
115,2012,D16.10,Počet projednaných přestupků,dkod,
115,2013,D16.10,Počet projednaných přestupků,dkod,
115,2014,D16.10,Počet projednaných přestupků,dkod,
115,2015,D16.10,Počet projednaných přestupků,dkod,
115,2016,D16.10,Počet projednaných přestupků,dkod,
115,2017,D16.10,Počet projednaných přestupků,dkod,
115,2018,D16.10,Počet projednaných přestupků,dkod,
115,2019,D16.10,Počet projednaných přestupků,dkod,
115,2020,D16.10,Počet projednaných přestupků,dkod,
115,2021,D16.10,Počet projednaných přestupků,dkod,
115,2022,D16.10,Počet projednaných přestupků,dkod,
115,2023,D16.10,Počet projednaných přestupků,dkod,
115,2024,D16.10,Počet projednaných přestupků,dkod,
115,2025,D16.10,Počet projednaných přestupků,dkod,0
115,2010,D16.11,Vyvlastnění - rozhodnutí,dkod,
115,2011,D16.11,Vyvlastnění - rozhodnutí,dkod,
115,2012,D16.11,Vyvlastnění - rozhodnutí,dkod,
115,2013,D16.11,Vyvlastnění - rozhodnutí,dkod,
115,2014,D16.11,Vyvlastnění - rozhodnutí,dkod,
115,2015,D16.11,Vyvlastnění - rozhodnutí,dkod,
115,2016,D16.11,Vyvlastnění - rozhodnutí,dkod,
115,2017,D16.11,Vyvlastnění - rozhodnutí,dkod,
115,2018,D16.11,Vyvlastnění - rozhodnutí,dkod,
115,2019,D16.11,Vyvlastnění - rozhodnutí,dkod,
115,2020,D16.11,Vyvlastnění - rozhodnutí,dkod,
115,2021,D16.11,Vyvlastnění - rozhodnutí,dkod,
115,2022,D16.11,Vyvlastnění - rozhodnutí,dkod,
115,2023,D16.11,Vyvlastnění - rozhodnutí,dkod,
115,2024,D16.11,Vyvlastnění - rozhodnutí,dkod,
115,2025,D16.11,Vyvlastnění - rozhodnutí,dkod,2
115,2010,D16.12,Odvolání - celkový počet rozhodnutí o odvolání,dkod,
115,2011,D16.12,Odvolání - celkový počet rozhodnutí o odvolání,dkod,
115,2012,D16.12,Odvolání - celkový počet rozhodnutí o odvolání,dkod,
115,2013,D16.12,Odvolání - celkový počet rozhodnutí o odvolání,dkod,
115,2014,D16.12,Odvolání - celkový počet rozhodnutí o odvolání,dkod,
115,2015,D16.12,Odvolání - celkový počet rozhodnutí o odvolání,dkod,
115,2016,D16.12,Odvolání - celkový počet rozhodnutí o odvolání,dkod,
115,2017,D16.12,Odvolání - celkový počet rozhodnutí o odvolání,dkod,
115,2018,D16.12,Odvolání - celkový počet rozhodnutí o odvolání,dkod,
115,2019,D16.12,Odvolání - celkový počet rozhodnutí o odvolání,dkod,
115,2020,D16.12,Odvolání - celkový počet rozhodnutí o odvolání,dkod,
115,2021,D16.12,Odvolání - celkový počet rozhodnutí o odvolání,dkod,
115,2022,D16.12,Odvolání - celkový počet rozhodnutí o odvolání,dkod,
115,2023,D16.12,Odvolání - celkový počet rozhodnutí o odvolání,dkod,
115,2024,D16.12,Odvolání - celkový počet rozhodnutí o odvolání,dkod,
115,2025,D16.12,Odvolání - celkový počet rozhodnutí o odvolání,dkod,3
115,2010,D16.12.2,Počet zrušených rozhodnutí,dkod,
115,2011,D16.12.2,Počet zrušených rozhodnutí,dkod,
115,2012,D16.12.2,Počet zrušených rozhodnutí,dkod,
115,2013,D16.12.2,Počet zrušených rozhodnutí,dkod,
115,2014,D16.12.2,Počet zrušených rozhodnutí,dkod,
115,2015,D16.12.2,Počet zrušených rozhodnutí,dkod,
115,2016,D16.12.2,Počet zrušených rozhodnutí,dkod,
115,2017,D16.12.2,Počet zrušených rozhodnutí,dkod,
115,2018,D16.12.2,Počet zrušených rozhodnutí,dkod,
115,2019,D16.12.2,Počet zrušených rozhodnutí,dkod,
115,2020,D16.12.2,Počet zrušených rozhodnutí,dkod,
115,2021,D16.12.2,Počet zrušených rozhodnutí,dkod,
115,2022,D16.12.2,Počet zrušených rozhodnutí,dkod,
115,2023,D16.12.2,Počet zrušených rozhodnutí,dkod,
115,2024,D16.12.2,Počet zrušených rozhodnutí,dkod,
115,2025,D16.12.2,Počet zrušených rozhodnutí,dkod,1
115,2010,D16.13,Celkový počet vydaných rozhodnutí ve věci,dkod,
115,2011,D16.13,Celkový počet vydaných rozhodnutí ve věci,dkod,
115,2012,D16.13,Celkový počet vydaných rozhodnutí ve věci,dkod,
115,2013,D16.13,Celkový počet vydaných rozhodnutí ve věci,dkod,
115,2014,D16.13,Celkový počet vydaných rozhodnutí ve věci,dkod,
115,2015,D16.13,Celkový počet vydaných rozhodnutí ve věci,dkod,
115,2016,D16.13,Celkový počet vydaných rozhodnutí ve věci,dkod,
115,2017,D16.13,Celkový počet vydaných rozhodnutí ve věci,dkod,
115,2018,D16.13,Celkový počet vydaných rozhodnutí ve věci,dkod,
115,2019,D16.13,Celkový počet vydaných rozhodnutí ve věci,dkod,
115,2020,D16.13,Celkový počet vydaných rozhodnutí ve věci,dkod,
115,2021,D16.13,Celkový počet vydaných rozhodnutí ve věci,dkod,
115,2022,D16.13,Celkový počet vydaných rozhodnutí ve věci,dkod,
115,2023,D16.13,Celkový počet vydaných rozhodnutí ve věci,dkod,
115,2024,D16.13,Celkový počet vydaných rozhodnutí ve věci,dkod,
115,2025,D16.13,Celkový počet vydaných rozhodnutí ve věci,dkod,413
115,2010,D16.15,"Počet žádostí o informace dle zákona č. 106/1999 Sb., o svobodném přístupu k informacím",dkod,
115,2011,D16.15,"Počet žádostí o informace dle zákona č. 106/1999 Sb., o svobodném přístupu k informacím",dkod,
115,2012,D16.15,"Počet žádostí o informace dle zákona č. 106/1999 Sb., o svobodném přístupu k informacím",dkod,
115,2013,D16.15,"Počet žádostí o informace dle zákona č. 106/1999 Sb., o svobodném přístupu k informacím",dkod,
115,2014,D16.15,"Počet žádostí o informace dle zákona č. 106/1999 Sb., o svobodném přístupu k informacím",dkod,
115,2015,D16.15,"Počet žádostí o informace dle zákona č. 106/1999 Sb., o svobodném přístupu k informacím",dkod,
115,2016,D16.15,"Počet žádostí o informace dle zákona č. 106/1999 Sb., o svobodném přístupu k informacím",dkod,
115,2017,D16.15,"Počet žádostí o informace dle zákona č. 106/1999 Sb., o svobodném přístupu k informacím",dkod,
115,2018,D16.15,"Počet žádostí o informace dle zákona č. 106/1999 Sb., o svobodném přístupu k informacím",dkod,
115,2019,D16.15,"Počet žádostí o informace dle zákona č. 106/1999 Sb., o svobodném přístupu k informacím",dkod,
115,2020,D16.15,"Počet žádostí o informace dle zákona č. 106/1999 Sb., o svobodném přístupu k informacím",dkod,
115,2021,D16.15,"Počet žádostí o informace dle zákona č. 106/1999 Sb., o svobodném přístupu k informacím",dkod,
115,2022,D16.15,"Počet žádostí o informace dle zákona č. 106/1999 Sb., o svobodném přístupu k informacím",dkod,
115,2023,D16.15,"Počet žádostí o informace dle zákona č. 106/1999 Sb., o svobodném přístupu k informacím",dkod,
115,2024,D16.15,"Počet žádostí o informace dle zákona č. 106/1999 Sb., o svobodném přístupu k informacím",dkod,
115,2025,D16.15,"Počet žádostí o informace dle zákona č. 106/1999 Sb., o svobodném přístupu k informacím",dkod,8
115,2010,D16.16.1,Počet zaměstnanců - pracovních úvazků v agendě obecní stavební úřad celkem,dkod,
115,2011,D16.16.1,Počet zaměstnanců - pracovních úvazků v agendě obecní stavební úřad celkem,dkod,
115,2012,D16.16.1,Počet zaměstnanců - pracovních úvazků v agendě obecní stavební úřad celkem,dkod,
115,2013,D16.16.1,Počet zaměstnanců - pracovních úvazků v agendě obecní stavební úřad celkem,dkod,
115,2014,D16.16.1,Počet zaměstnanců - pracovních úvazků v agendě obecní stavební úřad celkem,dkod,
115,2015,D16.16.1,Počet zaměstnanců - pracovních úvazků v agendě obecní stavební úřad celkem,dkod,
115,2016,D16.16.1,Počet zaměstnanců - pracovních úvazků v agendě obecní stavební úřad celkem,dkod,
115,2017,D16.16.1,Počet zaměstnanců - pracovních úvazků v agendě obecní stavební úřad celkem,dkod,
115,2018,D16.16.1,Počet zaměstnanců - pracovních úvazků v agendě obecní stavební úřad celkem,dkod,
115,2019,D16.16.1,Počet zaměstnanců - pracovních úvazků v agendě obecní stavební úřad celkem,dkod,
115,2020,D16.16.1,Počet zaměstnanců - pracovních úvazků v agendě obecní stavební úřad celkem,dkod,
115,2021,D16.16.1,Počet zaměstnanců - pracovních úvazků v agendě obecní stavební úřad celkem,dkod,
115,2022,D16.16.1,Počet zaměstnanců - pracovních úvazků v agendě obecní stavební úřad celkem,dkod,
115,2023,D16.16.1,Počet zaměstnanců - pracovních úvazků v agendě obecní stavební úřad celkem,dkod,
115,2024,D16.16.1,Počet zaměstnanců - pracovních úvazků v agendě obecní stavební úřad celkem,dkod,
115,2025,D16.16.1,Počet zaměstnanců - pracovních úvazků v agendě obecní stavební úřad celkem,dkod,6.3
115,2010,D16.16.2,Počet reálně obsazených pracovních úvazků v agendě obecní stavební úřad celkem v daném roce.,dkod,
115,2011,D16.16.2,Počet reálně obsazených pracovních úvazků v agendě obecní stavební úřad celkem v daném roce.,dkod,
115,2012,D16.16.2,Počet reálně obsazených pracovních úvazků v agendě obecní stavební úřad celkem v daném roce.,dkod,
115,2013,D16.16.2,Počet reálně obsazených pracovních úvazků v agendě obecní stavební úřad celkem v daném roce.,dkod,
115,2014,D16.16.2,Počet reálně obsazených pracovních úvazků v agendě obecní stavební úřad celkem v daném roce.,dkod,
115,2015,D16.16.2,Počet reálně obsazených pracovních úvazků v agendě obecní stavební úřad celkem v daném roce.,dkod,
115,2016,D16.16.2,Počet reálně obsazených pracovních úvazků v agendě obecní stavební úřad celkem v daném roce.,dkod,
115,2017,D16.16.2,Počet reálně obsazených pracovních úvazků v agendě obecní stavební úřad celkem v daném roce.,dkod,
115,2018,D16.16.2,Počet reálně obsazených pracovních úvazků v agendě obecní stavební úřad celkem v daném roce.,dkod,
115,2019,D16.16.2,Počet reálně obsazených pracovních úvazků v agendě obecní stavební úřad celkem v daném roce.,dkod,
115,2020,D16.16.2,Počet reálně obsazených pracovních úvazků v agendě obecní stavební úřad celkem v daném roce.,dkod,
115,2021,D16.16.2,Počet reálně obsazených pracovních úvazků v agendě obecní stavební úřad celkem v daném roce.,dkod,
115,2022,D16.16.2,Počet reálně obsazených pracovních úvazků v agendě obecní stavební úřad celkem v daném roce.,dkod,
115,2023,D16.16.2,Počet reálně obsazených pracovních úvazků v agendě obecní stavební úřad celkem v daném roce.,dkod,
115,2024,D16.16.2,Počet reálně obsazených pracovních úvazků v agendě obecní stavební úřad celkem v daném roce.,dkod,
115,2025,D16.16.2,Počet reálně obsazených pracovních úvazků v agendě obecní stavební úřad celkem v daném roce.,dkod,6.3
115,2010,D16.17,Počet katastrálních území ve správním obvodu ORP,dkod,
115,2011,D16.17,Počet katastrálních území ve správním obvodu ORP,dkod,
115,2012,D16.17,Počet katastrálních území ve správním obvodu ORP,dkod,
115,2013,D16.17,Počet katastrálních území ve správním obvodu ORP,dkod,
115,2014,D16.17,Počet katastrálních území ve správním obvodu ORP,dkod,
115,2015,D16.17,Počet katastrálních území ve správním obvodu ORP,dkod,
115,2016,D16.17,Počet katastrálních území ve správním obvodu ORP,dkod,
115,2017,D16.17,Počet katastrálních území ve správním obvodu ORP,dkod,
115,2018,D16.17,Počet katastrálních území ve správním obvodu ORP,dkod,
115,2019,D16.17,Počet katastrálních území ve správním obvodu ORP,dkod,
115,2020,D16.17,Počet katastrálních území ve správním obvodu ORP,dkod,
115,2021,D16.17,Počet katastrálních území ve správním obvodu ORP,dkod,
115,2022,D16.17,Počet katastrálních území ve správním obvodu ORP,dkod,
115,2023,D16.17,Počet katastrálních území ve správním obvodu ORP,dkod,
115,2024,D16.17,Počet katastrálních území ve správním obvodu ORP,dkod,
115,2025,D16.17,Počet katastrálních území ve správním obvodu ORP,dkod,19
115,2010,D17.0,"Počet obcí, za které úřad projednává přestupky dle zákona 251/2016 Sb. a korespondující přestupky dle předchozích předpisů na základě rozhodnutí Krajského úřadu ve věci převodu výkonu této agendy",dkod,
115,2011,D17.0,"Počet obcí, za které úřad projednává přestupky dle zákona 251/2016 Sb. a korespondující přestupky dle předchozích předpisů na základě rozhodnutí Krajského úřadu ve věci převodu výkonu této agendy",dkod,
115,2012,D17.0,"Počet obcí, za které úřad projednává přestupky dle zákona 251/2016 Sb. a korespondující přestupky dle předchozích předpisů na základě rozhodnutí Krajského úřadu ve věci převodu výkonu této agendy",dkod,
115,2013,D17.0,"Počet obcí, za které úřad projednává přestupky dle zákona 251/2016 Sb. a korespondující přestupky dle předchozích předpisů na základě rozhodnutí Krajského úřadu ve věci převodu výkonu této agendy",dkod,
115,2014,D17.0,"Počet obcí, za které úřad projednává přestupky dle zákona 251/2016 Sb. a korespondující přestupky dle předchozích předpisů na základě rozhodnutí Krajského úřadu ve věci převodu výkonu této agendy",dkod,
115,2015,D17.0,"Počet obcí, za které úřad projednává přestupky dle zákona 251/2016 Sb. a korespondující přestupky dle předchozích předpisů na základě rozhodnutí Krajského úřadu ve věci převodu výkonu této agendy",dkod,
115,2016,D17.0,"Počet obcí, za které úřad projednává přestupky dle zákona 251/2016 Sb. a korespondující přestupky dle předchozích předpisů na základě rozhodnutí Krajského úřadu ve věci převodu výkonu této agendy",dkod,
115,2017,D17.0,"Počet obcí, za které úřad projednává přestupky dle zákona 251/2016 Sb. a korespondující přestupky dle předchozích předpisů na základě rozhodnutí Krajského úřadu ve věci převodu výkonu této agendy",dkod,
115,2018,D17.0,"Počet obcí, za které úřad projednává přestupky dle zákona 251/2016 Sb. a korespondující přestupky dle předchozích předpisů na základě rozhodnutí Krajského úřadu ve věci převodu výkonu této agendy",dkod,
115,2019,D17.0,"Počet obcí, za které úřad projednává přestupky dle zákona 251/2016 Sb. a korespondující přestupky dle předchozích předpisů na základě rozhodnutí Krajského úřadu ve věci převodu výkonu této agendy",dkod,
115,2020,D17.0,"Počet obcí, za které úřad projednává přestupky dle zákona 251/2016 Sb. a korespondující přestupky dle předchozích předpisů na základě rozhodnutí Krajského úřadu ve věci převodu výkonu této agendy",dkod,
115,2021,D17.0,"Počet obcí, za které úřad projednává přestupky dle zákona 251/2016 Sb. a korespondující přestupky dle předchozích předpisů na základě rozhodnutí Krajského úřadu ve věci převodu výkonu této agendy",dkod,
115,2022,D17.0,"Počet obcí, za které úřad projednává přestupky dle zákona 251/2016 Sb. a korespondující přestupky dle předchozích předpisů na základě rozhodnutí Krajského úřadu ve věci převodu výkonu této agendy",dkod,
115,2023,D17.0,"Počet obcí, za které úřad projednává přestupky dle zákona 251/2016 Sb. a korespondující přestupky dle předchozích předpisů na základě rozhodnutí Krajského úřadu ve věci převodu výkonu této agendy",dkod,
115,2024,D17.0,"Počet obcí, za které úřad projednává přestupky dle zákona 251/2016 Sb. a korespondující přestupky dle předchozích předpisů na základě rozhodnutí Krajského úřadu ve věci převodu výkonu této agendy",dkod,0
115,2025,D17.0,"Počet obcí, za které úřad projednává přestupky dle zákona 251/2016 Sb. a korespondující přestupky dle předchozích předpisů na základě rozhodnutí Krajského úřadu ve věci převodu výkonu této agendy",dkod,0
115,2010,D17.0.1,"Počet obyvatel obcí, za které úřad projednává přestupky na základě rozhodnutí Krajského úřadu ve věci převodu výkonu této agendy dle údaje v řádku D17.0",dkod,
115,2011,D17.0.1,"Počet obyvatel obcí, za které úřad projednává přestupky na základě rozhodnutí Krajského úřadu ve věci převodu výkonu této agendy dle údaje v řádku D17.0",dkod,
115,2012,D17.0.1,"Počet obyvatel obcí, za které úřad projednává přestupky na základě rozhodnutí Krajského úřadu ve věci převodu výkonu této agendy dle údaje v řádku D17.0",dkod,
115,2013,D17.0.1,"Počet obyvatel obcí, za které úřad projednává přestupky na základě rozhodnutí Krajského úřadu ve věci převodu výkonu této agendy dle údaje v řádku D17.0",dkod,
115,2014,D17.0.1,"Počet obyvatel obcí, za které úřad projednává přestupky na základě rozhodnutí Krajského úřadu ve věci převodu výkonu této agendy dle údaje v řádku D17.0",dkod,
115,2015,D17.0.1,"Počet obyvatel obcí, za které úřad projednává přestupky na základě rozhodnutí Krajského úřadu ve věci převodu výkonu této agendy dle údaje v řádku D17.0",dkod,
115,2016,D17.0.1,"Počet obyvatel obcí, za které úřad projednává přestupky na základě rozhodnutí Krajského úřadu ve věci převodu výkonu této agendy dle údaje v řádku D17.0",dkod,
115,2017,D17.0.1,"Počet obyvatel obcí, za které úřad projednává přestupky na základě rozhodnutí Krajského úřadu ve věci převodu výkonu této agendy dle údaje v řádku D17.0",dkod,
115,2018,D17.0.1,"Počet obyvatel obcí, za které úřad projednává přestupky na základě rozhodnutí Krajského úřadu ve věci převodu výkonu této agendy dle údaje v řádku D17.0",dkod,
115,2019,D17.0.1,"Počet obyvatel obcí, za které úřad projednává přestupky na základě rozhodnutí Krajského úřadu ve věci převodu výkonu této agendy dle údaje v řádku D17.0",dkod,
115,2020,D17.0.1,"Počet obyvatel obcí, za které úřad projednává přestupky na základě rozhodnutí Krajského úřadu ve věci převodu výkonu této agendy dle údaje v řádku D17.0",dkod,
115,2021,D17.0.1,"Počet obyvatel obcí, za které úřad projednává přestupky na základě rozhodnutí Krajského úřadu ve věci převodu výkonu této agendy dle údaje v řádku D17.0",dkod,
115,2022,D17.0.1,"Počet obyvatel obcí, za které úřad projednává přestupky na základě rozhodnutí Krajského úřadu ve věci převodu výkonu této agendy dle údaje v řádku D17.0",dkod,
115,2023,D17.0.1,"Počet obyvatel obcí, za které úřad projednává přestupky na základě rozhodnutí Krajského úřadu ve věci převodu výkonu této agendy dle údaje v řádku D17.0",dkod,
115,2024,D17.0.1,"Počet obyvatel obcí, za které úřad projednává přestupky na základě rozhodnutí Krajského úřadu ve věci převodu výkonu této agendy dle údaje v řádku D17.0",dkod,0
115,2025,D17.0.1,"Počet obyvatel obcí, za které úřad projednává přestupky na základě rozhodnutí Krajského úřadu ve věci převodu výkonu této agendy dle údaje v řádku D17.0",dkod,0
115,2010,D17.1,"Počet uzavřených veřejnoprávních smluv, jejichž předmětem je řešení přestupků dle zákona 251/2016 Sb. a korespondujících přestupků dle předchozích předpisů",dkod,
115,2011,D17.1,"Počet uzavřených veřejnoprávních smluv, jejichž předmětem je řešení přestupků dle zákona 251/2016 Sb. a korespondujících přestupků dle předchozích předpisů",dkod,
115,2012,D17.1,"Počet uzavřených veřejnoprávních smluv, jejichž předmětem je řešení přestupků dle zákona 251/2016 Sb. a korespondujících přestupků dle předchozích předpisů",dkod,
115,2013,D17.1,"Počet uzavřených veřejnoprávních smluv, jejichž předmětem je řešení přestupků dle zákona 251/2016 Sb. a korespondujících přestupků dle předchozích předpisů",dkod,
115,2014,D17.1,"Počet uzavřených veřejnoprávních smluv, jejichž předmětem je řešení přestupků dle zákona 251/2016 Sb. a korespondujících přestupků dle předchozích předpisů",dkod,
115,2015,D17.1,"Počet uzavřených veřejnoprávních smluv, jejichž předmětem je řešení přestupků dle zákona 251/2016 Sb. a korespondujících přestupků dle předchozích předpisů",dkod,
115,2016,D17.1,"Počet uzavřených veřejnoprávních smluv, jejichž předmětem je řešení přestupků dle zákona 251/2016 Sb. a korespondujících přestupků dle předchozích předpisů",dkod,
115,2017,D17.1,"Počet uzavřených veřejnoprávních smluv, jejichž předmětem je řešení přestupků dle zákona 251/2016 Sb. a korespondujících přestupků dle předchozích předpisů",dkod,7
115,2018,D17.1,"Počet uzavřených veřejnoprávních smluv, jejichž předmětem je řešení přestupků dle zákona 251/2016 Sb. a korespondujících přestupků dle předchozích předpisů",dkod,7
115,2019,D17.1,"Počet uzavřených veřejnoprávních smluv, jejichž předmětem je řešení přestupků dle zákona 251/2016 Sb. a korespondujících přestupků dle předchozích předpisů",dkod,7
115,2020,D17.1,"Počet uzavřených veřejnoprávních smluv, jejichž předmětem je řešení přestupků dle zákona 251/2016 Sb. a korespondujících přestupků dle předchozích předpisů",dkod,7
115,2021,D17.1,"Počet uzavřených veřejnoprávních smluv, jejichž předmětem je řešení přestupků dle zákona 251/2016 Sb. a korespondujících přestupků dle předchozích předpisů",dkod,7
115,2022,D17.1,"Počet uzavřených veřejnoprávních smluv, jejichž předmětem je řešení přestupků dle zákona 251/2016 Sb. a korespondujících přestupků dle předchozích předpisů",dkod,7
115,2023,D17.1,"Počet uzavřených veřejnoprávních smluv, jejichž předmětem je řešení přestupků dle zákona 251/2016 Sb. a korespondujících přestupků dle předchozích předpisů",dkod,7
115,2024,D17.1,"Počet uzavřených veřejnoprávních smluv, jejichž předmětem je řešení přestupků dle zákona 251/2016 Sb. a korespondujících přestupků dle předchozích předpisů",dkod,7
115,2025,D17.1,"Počet uzavřených veřejnoprávních smluv, jejichž předmětem je řešení přestupků dle zákona 251/2016 Sb. a korespondujících přestupků dle předchozích předpisů",dkod,7
115,2010,D17.1.1,"Počet obyvatel obcí, s nimiž jsou uzavřeny veřejnoprávní smlouvy dle údaje v řádku D17.1",dkod,
115,2011,D17.1.1,"Počet obyvatel obcí, s nimiž jsou uzavřeny veřejnoprávní smlouvy dle údaje v řádku D17.1",dkod,
115,2012,D17.1.1,"Počet obyvatel obcí, s nimiž jsou uzavřeny veřejnoprávní smlouvy dle údaje v řádku D17.1",dkod,
115,2013,D17.1.1,"Počet obyvatel obcí, s nimiž jsou uzavřeny veřejnoprávní smlouvy dle údaje v řádku D17.1",dkod,
115,2014,D17.1.1,"Počet obyvatel obcí, s nimiž jsou uzavřeny veřejnoprávní smlouvy dle údaje v řádku D17.1",dkod,
115,2015,D17.1.1,"Počet obyvatel obcí, s nimiž jsou uzavřeny veřejnoprávní smlouvy dle údaje v řádku D17.1",dkod,
115,2016,D17.1.1,"Počet obyvatel obcí, s nimiž jsou uzavřeny veřejnoprávní smlouvy dle údaje v řádku D17.1",dkod,
115,2017,D17.1.1,"Počet obyvatel obcí, s nimiž jsou uzavřeny veřejnoprávní smlouvy dle údaje v řádku D17.1",dkod,
115,2018,D17.1.1,"Počet obyvatel obcí, s nimiž jsou uzavřeny veřejnoprávní smlouvy dle údaje v řádku D17.1",dkod,
115,2019,D17.1.1,"Počet obyvatel obcí, s nimiž jsou uzavřeny veřejnoprávní smlouvy dle údaje v řádku D17.1",dkod,7041
115,2020,D17.1.1,"Počet obyvatel obcí, s nimiž jsou uzavřeny veřejnoprávní smlouvy dle údaje v řádku D17.1",dkod,7056
115,2021,D17.1.1,"Počet obyvatel obcí, s nimiž jsou uzavřeny veřejnoprávní smlouvy dle údaje v řádku D17.1",dkod,7148
115,2022,D17.1.1,"Počet obyvatel obcí, s nimiž jsou uzavřeny veřejnoprávní smlouvy dle údaje v řádku D17.1",dkod,7128
115,2023,D17.1.1,"Počet obyvatel obcí, s nimiž jsou uzavřeny veřejnoprávní smlouvy dle údaje v řádku D17.1",dkod,7302
115,2024,D17.1.1,"Počet obyvatel obcí, s nimiž jsou uzavřeny veřejnoprávní smlouvy dle údaje v řádku D17.1",dkod,7318
115,2025,D17.1.1,"Počet obyvatel obcí, s nimiž jsou uzavřeny veřejnoprávní smlouvy dle údaje v řádku D17.1",dkod,7287
115,2010,D17.2.1,Počet oznámených skutkových podstat dle zákona 251/2016 Sb. a korespondujících skutkových podstat dle předchozích předpisů,dkod,
115,2011,D17.2.1,Počet oznámených skutkových podstat dle zákona 251/2016 Sb. a korespondujících skutkových podstat dle předchozích předpisů,dkod,
115,2012,D17.2.1,Počet oznámených skutkových podstat dle zákona 251/2016 Sb. a korespondujících skutkových podstat dle předchozích předpisů,dkod,
115,2013,D17.2.1,Počet oznámených skutkových podstat dle zákona 251/2016 Sb. a korespondujících skutkových podstat dle předchozích předpisů,dkod,
115,2014,D17.2.1,Počet oznámených skutkových podstat dle zákona 251/2016 Sb. a korespondujících skutkových podstat dle předchozích předpisů,dkod,
115,2015,D17.2.1,Počet oznámených skutkových podstat dle zákona 251/2016 Sb. a korespondujících skutkových podstat dle předchozích předpisů,dkod,
115,2016,D17.2.1,Počet oznámených skutkových podstat dle zákona 251/2016 Sb. a korespondujících skutkových podstat dle předchozích předpisů,dkod,
115,2017,D17.2.1,Počet oznámených skutkových podstat dle zákona 251/2016 Sb. a korespondujících skutkových podstat dle předchozích předpisů,dkod,797
115,2018,D17.2.1,Počet oznámených skutkových podstat dle zákona 251/2016 Sb. a korespondujících skutkových podstat dle předchozích předpisů,dkod,1151
115,2019,D17.2.1,Počet oznámených skutkových podstat dle zákona 251/2016 Sb. a korespondujících skutkových podstat dle předchozích předpisů,dkod,781
115,2020,D17.2.1,Počet oznámených skutkových podstat dle zákona 251/2016 Sb. a korespondujících skutkových podstat dle předchozích předpisů,dkod,885
115,2021,D17.2.1,Počet oznámených skutkových podstat dle zákona 251/2016 Sb. a korespondujících skutkových podstat dle předchozích předpisů,dkod,684
115,2022,D17.2.1,Počet oznámených skutkových podstat dle zákona 251/2016 Sb. a korespondujících skutkových podstat dle předchozích předpisů,dkod,634
115,2023,D17.2.1,Počet oznámených skutkových podstat dle zákona 251/2016 Sb. a korespondujících skutkových podstat dle předchozích předpisů,dkod,607
115,2024,D17.2.1,Počet oznámených skutkových podstat dle zákona 251/2016 Sb. a korespondujících skutkových podstat dle předchozích předpisů,dkod,574
115,2025,D17.2.1,Počet oznámených skutkových podstat dle zákona 251/2016 Sb. a korespondujících skutkových podstat dle předchozích předpisů,dkod,714
115,2010,D17.2.2,Počet přestupků vyřízených příkazem na místě dle zákona 251/2016 Sb. a korespondujících skutkových podstat dle předchozích předpisů,dkod,
115,2011,D17.2.2,Počet přestupků vyřízených příkazem na místě dle zákona 251/2016 Sb. a korespondujících skutkových podstat dle předchozích předpisů,dkod,
115,2012,D17.2.2,Počet přestupků vyřízených příkazem na místě dle zákona 251/2016 Sb. a korespondujících skutkových podstat dle předchozích předpisů,dkod,
115,2013,D17.2.2,Počet přestupků vyřízených příkazem na místě dle zákona 251/2016 Sb. a korespondujících skutkových podstat dle předchozích předpisů,dkod,
115,2014,D17.2.2,Počet přestupků vyřízených příkazem na místě dle zákona 251/2016 Sb. a korespondujících skutkových podstat dle předchozích předpisů,dkod,
115,2015,D17.2.2,Počet přestupků vyřízených příkazem na místě dle zákona 251/2016 Sb. a korespondujících skutkových podstat dle předchozích předpisů,dkod,
115,2016,D17.2.2,Počet přestupků vyřízených příkazem na místě dle zákona 251/2016 Sb. a korespondujících skutkových podstat dle předchozích předpisů,dkod,
115,2017,D17.2.2,Počet přestupků vyřízených příkazem na místě dle zákona 251/2016 Sb. a korespondujících skutkových podstat dle předchozích předpisů,dkod,70
115,2018,D17.2.2,Počet přestupků vyřízených příkazem na místě dle zákona 251/2016 Sb. a korespondujících skutkových podstat dle předchozích předpisů,dkod,66
115,2019,D17.2.2,Počet přestupků vyřízených příkazem na místě dle zákona 251/2016 Sb. a korespondujících skutkových podstat dle předchozích předpisů,dkod,50
115,2020,D17.2.2,Počet přestupků vyřízených příkazem na místě dle zákona 251/2016 Sb. a korespondujících skutkových podstat dle předchozích předpisů,dkod,10
115,2021,D17.2.2,Počet přestupků vyřízených příkazem na místě dle zákona 251/2016 Sb. a korespondujících skutkových podstat dle předchozích předpisů,dkod,20
115,2022,D17.2.2,Počet přestupků vyřízených příkazem na místě dle zákona 251/2016 Sb. a korespondujících skutkových podstat dle předchozích předpisů,dkod,14
115,2023,D17.2.2,Počet přestupků vyřízených příkazem na místě dle zákona 251/2016 Sb. a korespondujících skutkových podstat dle předchozích předpisů,dkod,12
115,2024,D17.2.2,Počet přestupků vyřízených příkazem na místě dle zákona 251/2016 Sb. a korespondujících skutkových podstat dle předchozích předpisů,dkod,13
115,2025,D17.2.2,Počet přestupků vyřízených příkazem na místě dle zákona 251/2016 Sb. a korespondujících skutkových podstat dle předchozích předpisů,dkod,6
115,2010,D17.2.3,Počet přestupků vyřízených příkazem dle zákona 251/2016 Sb.a korespondujících skutkových podstat dle předchozích předpisů,dkod,
115,2011,D17.2.3,Počet přestupků vyřízených příkazem dle zákona 251/2016 Sb.a korespondujících skutkových podstat dle předchozích předpisů,dkod,
115,2012,D17.2.3,Počet přestupků vyřízených příkazem dle zákona 251/2016 Sb.a korespondujících skutkových podstat dle předchozích předpisů,dkod,
115,2013,D17.2.3,Počet přestupků vyřízených příkazem dle zákona 251/2016 Sb.a korespondujících skutkových podstat dle předchozích předpisů,dkod,
115,2014,D17.2.3,Počet přestupků vyřízených příkazem dle zákona 251/2016 Sb.a korespondujících skutkových podstat dle předchozích předpisů,dkod,
115,2015,D17.2.3,Počet přestupků vyřízených příkazem dle zákona 251/2016 Sb.a korespondujících skutkových podstat dle předchozích předpisů,dkod,
115,2016,D17.2.3,Počet přestupků vyřízených příkazem dle zákona 251/2016 Sb.a korespondujících skutkových podstat dle předchozích předpisů,dkod,
115,2017,D17.2.3,Počet přestupků vyřízených příkazem dle zákona 251/2016 Sb.a korespondujících skutkových podstat dle předchozích předpisů,dkod,157
115,2018,D17.2.3,Počet přestupků vyřízených příkazem dle zákona 251/2016 Sb.a korespondujících skutkových podstat dle předchozích předpisů,dkod,248
115,2019,D17.2.3,Počet přestupků vyřízených příkazem dle zákona 251/2016 Sb.a korespondujících skutkových podstat dle předchozích předpisů,dkod,196
115,2020,D17.2.3,Počet přestupků vyřízených příkazem dle zákona 251/2016 Sb.a korespondujících skutkových podstat dle předchozích předpisů,dkod,180
115,2021,D17.2.3,Počet přestupků vyřízených příkazem dle zákona 251/2016 Sb.a korespondujících skutkových podstat dle předchozích předpisů,dkod,97
115,2022,D17.2.3,Počet přestupků vyřízených příkazem dle zákona 251/2016 Sb.a korespondujících skutkových podstat dle předchozích předpisů,dkod,67
115,2023,D17.2.3,Počet přestupků vyřízených příkazem dle zákona 251/2016 Sb.a korespondujících skutkových podstat dle předchozích předpisů,dkod,186
115,2024,D17.2.3,Počet přestupků vyřízených příkazem dle zákona 251/2016 Sb.a korespondujících skutkových podstat dle předchozích předpisů,dkod,158
115,2025,D17.2.3,Počet přestupků vyřízených příkazem dle zákona 251/2016 Sb.a korespondujících skutkových podstat dle předchozích předpisů,dkod,122
115,2010,D17.2.4,Počet přestupků vyřízených rozhodnutím dle zákona 251/2016 Sb. a korespondujících skutkových podstat dle předchozích předpisů,dkod,
115,2011,D17.2.4,Počet přestupků vyřízených rozhodnutím dle zákona 251/2016 Sb. a korespondujících skutkových podstat dle předchozích předpisů,dkod,
115,2012,D17.2.4,Počet přestupků vyřízených rozhodnutím dle zákona 251/2016 Sb. a korespondujících skutkových podstat dle předchozích předpisů,dkod,
115,2013,D17.2.4,Počet přestupků vyřízených rozhodnutím dle zákona 251/2016 Sb. a korespondujících skutkových podstat dle předchozích předpisů,dkod,
115,2014,D17.2.4,Počet přestupků vyřízených rozhodnutím dle zákona 251/2016 Sb. a korespondujících skutkových podstat dle předchozích předpisů,dkod,
115,2015,D17.2.4,Počet přestupků vyřízených rozhodnutím dle zákona 251/2016 Sb. a korespondujících skutkových podstat dle předchozích předpisů,dkod,
115,2016,D17.2.4,Počet přestupků vyřízených rozhodnutím dle zákona 251/2016 Sb. a korespondujících skutkových podstat dle předchozích předpisů,dkod,
115,2017,D17.2.4,Počet přestupků vyřízených rozhodnutím dle zákona 251/2016 Sb. a korespondujících skutkových podstat dle předchozích předpisů,dkod,273
115,2018,D17.2.4,Počet přestupků vyřízených rozhodnutím dle zákona 251/2016 Sb. a korespondujících skutkových podstat dle předchozích předpisů,dkod,232
115,2019,D17.2.4,Počet přestupků vyřízených rozhodnutím dle zákona 251/2016 Sb. a korespondujících skutkových podstat dle předchozích předpisů,dkod,230
115,2020,D17.2.4,Počet přestupků vyřízených rozhodnutím dle zákona 251/2016 Sb. a korespondujících skutkových podstat dle předchozích předpisů,dkod,91
115,2021,D17.2.4,Počet přestupků vyřízených rozhodnutím dle zákona 251/2016 Sb. a korespondujících skutkových podstat dle předchozích předpisů,dkod,64
115,2022,D17.2.4,Počet přestupků vyřízených rozhodnutím dle zákona 251/2016 Sb. a korespondujících skutkových podstat dle předchozích předpisů,dkod,27
115,2023,D17.2.4,Počet přestupků vyřízených rozhodnutím dle zákona 251/2016 Sb. a korespondujících skutkových podstat dle předchozích předpisů,dkod,97
115,2024,D17.2.4,Počet přestupků vyřízených rozhodnutím dle zákona 251/2016 Sb. a korespondujících skutkových podstat dle předchozích předpisů,dkod,76
115,2025,D17.2.4,Počet přestupků vyřízených rozhodnutím dle zákona 251/2016 Sb. a korespondujících skutkových podstat dle předchozích předpisů,dkod,81
115,2010,D17.2.5,Počet odložených přestupků dle zákona 251/2016 Sb. a korespondujících skutkových podstat dle předchozích předpisů,dkod,
115,2011,D17.2.5,Počet odložených přestupků dle zákona 251/2016 Sb. a korespondujících skutkových podstat dle předchozích předpisů,dkod,
115,2012,D17.2.5,Počet odložených přestupků dle zákona 251/2016 Sb. a korespondujících skutkových podstat dle předchozích předpisů,dkod,
115,2013,D17.2.5,Počet odložených přestupků dle zákona 251/2016 Sb. a korespondujících skutkových podstat dle předchozích předpisů,dkod,
115,2014,D17.2.5,Počet odložených přestupků dle zákona 251/2016 Sb. a korespondujících skutkových podstat dle předchozích předpisů,dkod,
115,2015,D17.2.5,Počet odložených přestupků dle zákona 251/2016 Sb. a korespondujících skutkových podstat dle předchozích předpisů,dkod,
115,2016,D17.2.5,Počet odložených přestupků dle zákona 251/2016 Sb. a korespondujících skutkových podstat dle předchozích předpisů,dkod,
115,2017,D17.2.5,Počet odložených přestupků dle zákona 251/2016 Sb. a korespondujících skutkových podstat dle předchozích předpisů,dkod,222
115,2018,D17.2.5,Počet odložených přestupků dle zákona 251/2016 Sb. a korespondujících skutkových podstat dle předchozích předpisů,dkod,437
115,2019,D17.2.5,Počet odložených přestupků dle zákona 251/2016 Sb. a korespondujících skutkových podstat dle předchozích předpisů,dkod,260
115,2020,D17.2.5,Počet odložených přestupků dle zákona 251/2016 Sb. a korespondujících skutkových podstat dle předchozích předpisů,dkod,498
115,2021,D17.2.5,Počet odložených přestupků dle zákona 251/2016 Sb. a korespondujících skutkových podstat dle předchozích předpisů,dkod,106
115,2022,D17.2.5,Počet odložených přestupků dle zákona 251/2016 Sb. a korespondujících skutkových podstat dle předchozích předpisů,dkod,79
115,2023,D17.2.5,Počet odložených přestupků dle zákona 251/2016 Sb. a korespondujících skutkových podstat dle předchozích předpisů,dkod,299
115,2024,D17.2.5,Počet odložených přestupků dle zákona 251/2016 Sb. a korespondujících skutkových podstat dle předchozích předpisů,dkod,290
115,2025,D17.2.5,Počet odložených přestupků dle zákona 251/2016 Sb. a korespondujících skutkových podstat dle předchozích předpisů,dkod,381
115,2010,D17.2.6,Počet odvolání proti rozhodnutím o přestupcích dle zákona 251/2016 Sb. a proti rozhodnutím o korespondujících přestupcích dle předchozích předpisů,dkod,
115,2011,D17.2.6,Počet odvolání proti rozhodnutím o přestupcích dle zákona 251/2016 Sb. a proti rozhodnutím o korespondujících přestupcích dle předchozích předpisů,dkod,
115,2012,D17.2.6,Počet odvolání proti rozhodnutím o přestupcích dle zákona 251/2016 Sb. a proti rozhodnutím o korespondujících přestupcích dle předchozích předpisů,dkod,
115,2013,D17.2.6,Počet odvolání proti rozhodnutím o přestupcích dle zákona 251/2016 Sb. a proti rozhodnutím o korespondujících přestupcích dle předchozích předpisů,dkod,
115,2014,D17.2.6,Počet odvolání proti rozhodnutím o přestupcích dle zákona 251/2016 Sb. a proti rozhodnutím o korespondujících přestupcích dle předchozích předpisů,dkod,
115,2015,D17.2.6,Počet odvolání proti rozhodnutím o přestupcích dle zákona 251/2016 Sb. a proti rozhodnutím o korespondujících přestupcích dle předchozích předpisů,dkod,
115,2016,D17.2.6,Počet odvolání proti rozhodnutím o přestupcích dle zákona 251/2016 Sb. a proti rozhodnutím o korespondujících přestupcích dle předchozích předpisů,dkod,
115,2017,D17.2.6,Počet odvolání proti rozhodnutím o přestupcích dle zákona 251/2016 Sb. a proti rozhodnutím o korespondujících přestupcích dle předchozích předpisů,dkod,5
115,2018,D17.2.6,Počet odvolání proti rozhodnutím o přestupcích dle zákona 251/2016 Sb. a proti rozhodnutím o korespondujících přestupcích dle předchozích předpisů,dkod,6
115,2019,D17.2.6,Počet odvolání proti rozhodnutím o přestupcích dle zákona 251/2016 Sb. a proti rozhodnutím o korespondujících přestupcích dle předchozích předpisů,dkod,6
115,2020,D17.2.6,Počet odvolání proti rozhodnutím o přestupcích dle zákona 251/2016 Sb. a proti rozhodnutím o korespondujících přestupcích dle předchozích předpisů,dkod,2
115,2021,D17.2.6,Počet odvolání proti rozhodnutím o přestupcích dle zákona 251/2016 Sb. a proti rozhodnutím o korespondujících přestupcích dle předchozích předpisů,dkod,2
115,2022,D17.2.6,Počet odvolání proti rozhodnutím o přestupcích dle zákona 251/2016 Sb. a proti rozhodnutím o korespondujících přestupcích dle předchozích předpisů,dkod,3
115,2023,D17.2.6,Počet odvolání proti rozhodnutím o přestupcích dle zákona 251/2016 Sb. a proti rozhodnutím o korespondujících přestupcích dle předchozích předpisů,dkod,7
115,2024,D17.2.6,Počet odvolání proti rozhodnutím o přestupcích dle zákona 251/2016 Sb. a proti rozhodnutím o korespondujících přestupcích dle předchozích předpisů,dkod,4
115,2025,D17.2.6,Počet odvolání proti rozhodnutím o přestupcích dle zákona 251/2016 Sb. a proti rozhodnutím o korespondujících přestupcích dle předchozích předpisů,dkod,1
115,2010,D17.3.1,"Počet oznámených skutkových podstat OSTATNÍCH PŘESTUPKŮ dle zvláštních právních předpisů, které projednává oddělení nebo útvar projednávající přestupky dle zákona 251/2016 Sb.",dkod,
115,2011,D17.3.1,"Počet oznámených skutkových podstat OSTATNÍCH PŘESTUPKŮ dle zvláštních právních předpisů, které projednává oddělení nebo útvar projednávající přestupky dle zákona 251/2016 Sb.",dkod,
115,2012,D17.3.1,"Počet oznámených skutkových podstat OSTATNÍCH PŘESTUPKŮ dle zvláštních právních předpisů, které projednává oddělení nebo útvar projednávající přestupky dle zákona 251/2016 Sb.",dkod,
115,2013,D17.3.1,"Počet oznámených skutkových podstat OSTATNÍCH PŘESTUPKŮ dle zvláštních právních předpisů, které projednává oddělení nebo útvar projednávající přestupky dle zákona 251/2016 Sb.",dkod,
115,2014,D17.3.1,"Počet oznámených skutkových podstat OSTATNÍCH PŘESTUPKŮ dle zvláštních právních předpisů, které projednává oddělení nebo útvar projednávající přestupky dle zákona 251/2016 Sb.",dkod,
115,2015,D17.3.1,"Počet oznámených skutkových podstat OSTATNÍCH PŘESTUPKŮ dle zvláštních právních předpisů, které projednává oddělení nebo útvar projednávající přestupky dle zákona 251/2016 Sb.",dkod,
115,2016,D17.3.1,"Počet oznámených skutkových podstat OSTATNÍCH PŘESTUPKŮ dle zvláštních právních předpisů, které projednává oddělení nebo útvar projednávající přestupky dle zákona 251/2016 Sb.",dkod,
115,2017,D17.3.1,"Počet oznámených skutkových podstat OSTATNÍCH PŘESTUPKŮ dle zvláštních právních předpisů, které projednává oddělení nebo útvar projednávající přestupky dle zákona 251/2016 Sb.",dkod,28
115,2018,D17.3.1,"Počet oznámených skutkových podstat OSTATNÍCH PŘESTUPKŮ dle zvláštních právních předpisů, které projednává oddělení nebo útvar projednávající přestupky dle zákona 251/2016 Sb.",dkod,89
115,2019,D17.3.1,"Počet oznámených skutkových podstat OSTATNÍCH PŘESTUPKŮ dle zvláštních právních předpisů, které projednává oddělení nebo útvar projednávající přestupky dle zákona 251/2016 Sb.",dkod,74
115,2020,D17.3.1,"Počet oznámených skutkových podstat OSTATNÍCH PŘESTUPKŮ dle zvláštních právních předpisů, které projednává oddělení nebo útvar projednávající přestupky dle zákona 251/2016 Sb.",dkod,64
115,2021,D17.3.1,"Počet oznámených skutkových podstat OSTATNÍCH PŘESTUPKŮ dle zvláštních právních předpisů, které projednává oddělení nebo útvar projednávající přestupky dle zákona 251/2016 Sb.",dkod,96
115,2022,D17.3.1,"Počet oznámených skutkových podstat OSTATNÍCH PŘESTUPKŮ dle zvláštních právních předpisů, které projednává oddělení nebo útvar projednávající přestupky dle zákona 251/2016 Sb.",dkod,27
115,2023,D17.3.1,"Počet oznámených skutkových podstat OSTATNÍCH PŘESTUPKŮ dle zvláštních právních předpisů, které projednává oddělení nebo útvar projednávající přestupky dle zákona 251/2016 Sb.",dkod,23
115,2024,D17.3.1,"Počet oznámených skutkových podstat OSTATNÍCH PŘESTUPKŮ dle zvláštních právních předpisů, které projednává oddělení nebo útvar projednávající přestupky dle zákona 251/2016 Sb.",dkod,29
115,2025,D17.3.1,"Počet oznámených skutkových podstat OSTATNÍCH PŘESTUPKŮ dle zvláštních právních předpisů, které projednává oddělení nebo útvar projednávající přestupky dle zákona 251/2016 Sb.",dkod,27
115,2010,D17.3.2,"Počet OSTATNÍCH PŘESTUPKŮ dle zvláštních právních předpisů, které projednává oddělení nebo útvar projednávající přestupky dle zákona 251/2016 Sb. vyřízených příkazem na místě",dkod,
115,2011,D17.3.2,"Počet OSTATNÍCH PŘESTUPKŮ dle zvláštních právních předpisů, které projednává oddělení nebo útvar projednávající přestupky dle zákona 251/2016 Sb. vyřízených příkazem na místě",dkod,
115,2012,D17.3.2,"Počet OSTATNÍCH PŘESTUPKŮ dle zvláštních právních předpisů, které projednává oddělení nebo útvar projednávající přestupky dle zákona 251/2016 Sb. vyřízených příkazem na místě",dkod,
115,2013,D17.3.2,"Počet OSTATNÍCH PŘESTUPKŮ dle zvláštních právních předpisů, které projednává oddělení nebo útvar projednávající přestupky dle zákona 251/2016 Sb. vyřízených příkazem na místě",dkod,
115,2014,D17.3.2,"Počet OSTATNÍCH PŘESTUPKŮ dle zvláštních právních předpisů, které projednává oddělení nebo útvar projednávající přestupky dle zákona 251/2016 Sb. vyřízených příkazem na místě",dkod,
115,2015,D17.3.2,"Počet OSTATNÍCH PŘESTUPKŮ dle zvláštních právních předpisů, které projednává oddělení nebo útvar projednávající přestupky dle zákona 251/2016 Sb. vyřízených příkazem na místě",dkod,
115,2016,D17.3.2,"Počet OSTATNÍCH PŘESTUPKŮ dle zvláštních právních předpisů, které projednává oddělení nebo útvar projednávající přestupky dle zákona 251/2016 Sb. vyřízených příkazem na místě",dkod,
115,2017,D17.3.2,"Počet OSTATNÍCH PŘESTUPKŮ dle zvláštních právních předpisů, které projednává oddělení nebo útvar projednávající přestupky dle zákona 251/2016 Sb. vyřízených příkazem na místě",dkod,1
115,2018,D17.3.2,"Počet OSTATNÍCH PŘESTUPKŮ dle zvláštních právních předpisů, které projednává oddělení nebo útvar projednávající přestupky dle zákona 251/2016 Sb. vyřízených příkazem na místě",dkod,1
115,2019,D17.3.2,"Počet OSTATNÍCH PŘESTUPKŮ dle zvláštních právních předpisů, které projednává oddělení nebo útvar projednávající přestupky dle zákona 251/2016 Sb. vyřízených příkazem na místě",dkod,6
115,2020,D17.3.2,"Počet OSTATNÍCH PŘESTUPKŮ dle zvláštních právních předpisů, které projednává oddělení nebo útvar projednávající přestupky dle zákona 251/2016 Sb. vyřízených příkazem na místě",dkod,0
115,2021,D17.3.2,"Počet OSTATNÍCH PŘESTUPKŮ dle zvláštních právních předpisů, které projednává oddělení nebo útvar projednávající přestupky dle zákona 251/2016 Sb. vyřízených příkazem na místě",dkod,10
115,2022,D17.3.2,"Počet OSTATNÍCH PŘESTUPKŮ dle zvláštních právních předpisů, které projednává oddělení nebo útvar projednávající přestupky dle zákona 251/2016 Sb. vyřízených příkazem na místě",dkod,0
115,2023,D17.3.2,"Počet OSTATNÍCH PŘESTUPKŮ dle zvláštních právních předpisů, které projednává oddělení nebo útvar projednávající přestupky dle zákona 251/2016 Sb. vyřízených příkazem na místě",dkod,0
115,2024,D17.3.2,"Počet OSTATNÍCH PŘESTUPKŮ dle zvláštních právních předpisů, které projednává oddělení nebo útvar projednávající přestupky dle zákona 251/2016 Sb. vyřízených příkazem na místě",dkod,1
115,2025,D17.3.2,"Počet OSTATNÍCH PŘESTUPKŮ dle zvláštních právních předpisů, které projednává oddělení nebo útvar projednávající přestupky dle zákona 251/2016 Sb. vyřízených příkazem na místě",dkod,0
115,2010,D17.3.3,"Počet OSTATNÍCH PŘESTUPKŮ dle zvláštních právních předpisů, které projednává oddělení nebo útvar projednávající přestupky dle zákona 251/2016 Sb. vyřízených příkazem",dkod,
115,2011,D17.3.3,"Počet OSTATNÍCH PŘESTUPKŮ dle zvláštních právních předpisů, které projednává oddělení nebo útvar projednávající přestupky dle zákona 251/2016 Sb. vyřízených příkazem",dkod,
115,2012,D17.3.3,"Počet OSTATNÍCH PŘESTUPKŮ dle zvláštních právních předpisů, které projednává oddělení nebo útvar projednávající přestupky dle zákona 251/2016 Sb. vyřízených příkazem",dkod,
115,2013,D17.3.3,"Počet OSTATNÍCH PŘESTUPKŮ dle zvláštních právních předpisů, které projednává oddělení nebo útvar projednávající přestupky dle zákona 251/2016 Sb. vyřízených příkazem",dkod,
115,2014,D17.3.3,"Počet OSTATNÍCH PŘESTUPKŮ dle zvláštních právních předpisů, které projednává oddělení nebo útvar projednávající přestupky dle zákona 251/2016 Sb. vyřízených příkazem",dkod,
115,2015,D17.3.3,"Počet OSTATNÍCH PŘESTUPKŮ dle zvláštních právních předpisů, které projednává oddělení nebo útvar projednávající přestupky dle zákona 251/2016 Sb. vyřízených příkazem",dkod,
115,2016,D17.3.3,"Počet OSTATNÍCH PŘESTUPKŮ dle zvláštních právních předpisů, které projednává oddělení nebo útvar projednávající přestupky dle zákona 251/2016 Sb. vyřízených příkazem",dkod,
115,2017,D17.3.3,"Počet OSTATNÍCH PŘESTUPKŮ dle zvláštních právních předpisů, které projednává oddělení nebo útvar projednávající přestupky dle zákona 251/2016 Sb. vyřízených příkazem",dkod,12
115,2018,D17.3.3,"Počet OSTATNÍCH PŘESTUPKŮ dle zvláštních právních předpisů, které projednává oddělení nebo útvar projednávající přestupky dle zákona 251/2016 Sb. vyřízených příkazem",dkod,6
115,2019,D17.3.3,"Počet OSTATNÍCH PŘESTUPKŮ dle zvláštních právních předpisů, které projednává oddělení nebo útvar projednávající přestupky dle zákona 251/2016 Sb. vyřízených příkazem",dkod,8
115,2020,D17.3.3,"Počet OSTATNÍCH PŘESTUPKŮ dle zvláštních právních předpisů, které projednává oddělení nebo útvar projednávající přestupky dle zákona 251/2016 Sb. vyřízených příkazem",dkod,7
115,2021,D17.3.3,"Počet OSTATNÍCH PŘESTUPKŮ dle zvláštních právních předpisů, které projednává oddělení nebo útvar projednávající přestupky dle zákona 251/2016 Sb. vyřízených příkazem",dkod,56
115,2022,D17.3.3,"Počet OSTATNÍCH PŘESTUPKŮ dle zvláštních právních předpisů, které projednává oddělení nebo útvar projednávající přestupky dle zákona 251/2016 Sb. vyřízených příkazem",dkod,8
115,2023,D17.3.3,"Počet OSTATNÍCH PŘESTUPKŮ dle zvláštních právních předpisů, které projednává oddělení nebo útvar projednávající přestupky dle zákona 251/2016 Sb. vyřízených příkazem",dkod,11
115,2024,D17.3.3,"Počet OSTATNÍCH PŘESTUPKŮ dle zvláštních právních předpisů, které projednává oddělení nebo útvar projednávající přestupky dle zákona 251/2016 Sb. vyřízených příkazem",dkod,18
115,2025,D17.3.3,"Počet OSTATNÍCH PŘESTUPKŮ dle zvláštních právních předpisů, které projednává oddělení nebo útvar projednávající přestupky dle zákona 251/2016 Sb. vyřízených příkazem",dkod,8
115,2010,D17.3.4,"Počet OSTATNÍCH PŘESTUPKŮ dle zvláštních právních předpisů, které projednává oddělení nebo útvar projednávající přestupky dle zákona 251/2016 Sb. vyřízených rozhodnutím",dkod,
115,2011,D17.3.4,"Počet OSTATNÍCH PŘESTUPKŮ dle zvláštních právních předpisů, které projednává oddělení nebo útvar projednávající přestupky dle zákona 251/2016 Sb. vyřízených rozhodnutím",dkod,
115,2012,D17.3.4,"Počet OSTATNÍCH PŘESTUPKŮ dle zvláštních právních předpisů, které projednává oddělení nebo útvar projednávající přestupky dle zákona 251/2016 Sb. vyřízených rozhodnutím",dkod,
115,2013,D17.3.4,"Počet OSTATNÍCH PŘESTUPKŮ dle zvláštních právních předpisů, které projednává oddělení nebo útvar projednávající přestupky dle zákona 251/2016 Sb. vyřízených rozhodnutím",dkod,
115,2014,D17.3.4,"Počet OSTATNÍCH PŘESTUPKŮ dle zvláštních právních předpisů, které projednává oddělení nebo útvar projednávající přestupky dle zákona 251/2016 Sb. vyřízených rozhodnutím",dkod,
115,2015,D17.3.4,"Počet OSTATNÍCH PŘESTUPKŮ dle zvláštních právních předpisů, které projednává oddělení nebo útvar projednávající přestupky dle zákona 251/2016 Sb. vyřízených rozhodnutím",dkod,
115,2016,D17.3.4,"Počet OSTATNÍCH PŘESTUPKŮ dle zvláštních právních předpisů, které projednává oddělení nebo útvar projednávající přestupky dle zákona 251/2016 Sb. vyřízených rozhodnutím",dkod,
115,2017,D17.3.4,"Počet OSTATNÍCH PŘESTUPKŮ dle zvláštních právních předpisů, které projednává oddělení nebo útvar projednávající přestupky dle zákona 251/2016 Sb. vyřízených rozhodnutím",dkod,1
115,2018,D17.3.4,"Počet OSTATNÍCH PŘESTUPKŮ dle zvláštních právních předpisů, které projednává oddělení nebo útvar projednávající přestupky dle zákona 251/2016 Sb. vyřízených rozhodnutím",dkod,25
115,2019,D17.3.4,"Počet OSTATNÍCH PŘESTUPKŮ dle zvláštních právních předpisů, které projednává oddělení nebo útvar projednávající přestupky dle zákona 251/2016 Sb. vyřízených rozhodnutím",dkod,10
115,2020,D17.3.4,"Počet OSTATNÍCH PŘESTUPKŮ dle zvláštních právních předpisů, které projednává oddělení nebo útvar projednávající přestupky dle zákona 251/2016 Sb. vyřízených rozhodnutím",dkod,10
115,2021,D17.3.4,"Počet OSTATNÍCH PŘESTUPKŮ dle zvláštních právních předpisů, které projednává oddělení nebo útvar projednávající přestupky dle zákona 251/2016 Sb. vyřízených rozhodnutím",dkod,8
115,2022,D17.3.4,"Počet OSTATNÍCH PŘESTUPKŮ dle zvláštních právních předpisů, které projednává oddělení nebo útvar projednávající přestupky dle zákona 251/2016 Sb. vyřízených rozhodnutím",dkod,4
115,2023,D17.3.4,"Počet OSTATNÍCH PŘESTUPKŮ dle zvláštních právních předpisů, které projednává oddělení nebo útvar projednávající přestupky dle zákona 251/2016 Sb. vyřízených rozhodnutím",dkod,0
115,2024,D17.3.4,"Počet OSTATNÍCH PŘESTUPKŮ dle zvláštních právních předpisů, které projednává oddělení nebo útvar projednávající přestupky dle zákona 251/2016 Sb. vyřízených rozhodnutím",dkod,2
115,2025,D17.3.4,"Počet OSTATNÍCH PŘESTUPKŮ dle zvláštních právních předpisů, které projednává oddělení nebo útvar projednávající přestupky dle zákona 251/2016 Sb. vyřízených rozhodnutím",dkod,3
115,2010,D17.3.5,"Počet odložených OSTATNÍCH PŘESTUPKŮ dle zvláštních právních předpisů, které projednává oddělení nebo útvar projednávající přestupky dle zákona 251/2016 Sb.",dkod,
115,2011,D17.3.5,"Počet odložených OSTATNÍCH PŘESTUPKŮ dle zvláštních právních předpisů, které projednává oddělení nebo útvar projednávající přestupky dle zákona 251/2016 Sb.",dkod,
115,2012,D17.3.5,"Počet odložených OSTATNÍCH PŘESTUPKŮ dle zvláštních právních předpisů, které projednává oddělení nebo útvar projednávající přestupky dle zákona 251/2016 Sb.",dkod,
115,2013,D17.3.5,"Počet odložených OSTATNÍCH PŘESTUPKŮ dle zvláštních právních předpisů, které projednává oddělení nebo útvar projednávající přestupky dle zákona 251/2016 Sb.",dkod,
115,2014,D17.3.5,"Počet odložených OSTATNÍCH PŘESTUPKŮ dle zvláštních právních předpisů, které projednává oddělení nebo útvar projednávající přestupky dle zákona 251/2016 Sb.",dkod,
115,2015,D17.3.5,"Počet odložených OSTATNÍCH PŘESTUPKŮ dle zvláštních právních předpisů, které projednává oddělení nebo útvar projednávající přestupky dle zákona 251/2016 Sb.",dkod,
115,2016,D17.3.5,"Počet odložených OSTATNÍCH PŘESTUPKŮ dle zvláštních právních předpisů, které projednává oddělení nebo útvar projednávající přestupky dle zákona 251/2016 Sb.",dkod,
115,2017,D17.3.5,"Počet odložených OSTATNÍCH PŘESTUPKŮ dle zvláštních právních předpisů, které projednává oddělení nebo útvar projednávající přestupky dle zákona 251/2016 Sb.",dkod,14
115,2018,D17.3.5,"Počet odložených OSTATNÍCH PŘESTUPKŮ dle zvláštních právních předpisů, které projednává oddělení nebo útvar projednávající přestupky dle zákona 251/2016 Sb.",dkod,50
115,2019,D17.3.5,"Počet odložených OSTATNÍCH PŘESTUPKŮ dle zvláštních právních předpisů, které projednává oddělení nebo útvar projednávající přestupky dle zákona 251/2016 Sb.",dkod,42
115,2020,D17.3.5,"Počet odložených OSTATNÍCH PŘESTUPKŮ dle zvláštních právních předpisů, které projednává oddělení nebo útvar projednávající přestupky dle zákona 251/2016 Sb.",dkod,47
115,2021,D17.3.5,"Počet odložených OSTATNÍCH PŘESTUPKŮ dle zvláštních právních předpisů, které projednává oddělení nebo útvar projednávající přestupky dle zákona 251/2016 Sb.",dkod,5
115,2022,D17.3.5,"Počet odložených OSTATNÍCH PŘESTUPKŮ dle zvláštních právních předpisů, které projednává oddělení nebo útvar projednávající přestupky dle zákona 251/2016 Sb.",dkod,3
115,2023,D17.3.5,"Počet odložených OSTATNÍCH PŘESTUPKŮ dle zvláštních právních předpisů, které projednává oddělení nebo útvar projednávající přestupky dle zákona 251/2016 Sb.",dkod,0
115,2024,D17.3.5,"Počet odložených OSTATNÍCH PŘESTUPKŮ dle zvláštních právních předpisů, které projednává oddělení nebo útvar projednávající přestupky dle zákona 251/2016 Sb.",dkod,8
115,2025,D17.3.5,"Počet odložených OSTATNÍCH PŘESTUPKŮ dle zvláštních právních předpisů, které projednává oddělení nebo útvar projednávající přestupky dle zákona 251/2016 Sb.",dkod,4
115,2010,D17.3.6,"Počet odvolání v rámci OSTATNÍCH PŘESTUPKŮ dle zvláštních právních předpisů, které projednává oddělení nebo útvar projednávající přestupky dle zákona 251/2016 Sb.",dkod,
115,2011,D17.3.6,"Počet odvolání v rámci OSTATNÍCH PŘESTUPKŮ dle zvláštních právních předpisů, které projednává oddělení nebo útvar projednávající přestupky dle zákona 251/2016 Sb.",dkod,
115,2012,D17.3.6,"Počet odvolání v rámci OSTATNÍCH PŘESTUPKŮ dle zvláštních právních předpisů, které projednává oddělení nebo útvar projednávající přestupky dle zákona 251/2016 Sb.",dkod,
115,2013,D17.3.6,"Počet odvolání v rámci OSTATNÍCH PŘESTUPKŮ dle zvláštních právních předpisů, které projednává oddělení nebo útvar projednávající přestupky dle zákona 251/2016 Sb.",dkod,
115,2014,D17.3.6,"Počet odvolání v rámci OSTATNÍCH PŘESTUPKŮ dle zvláštních právních předpisů, které projednává oddělení nebo útvar projednávající přestupky dle zákona 251/2016 Sb.",dkod,
115,2015,D17.3.6,"Počet odvolání v rámci OSTATNÍCH PŘESTUPKŮ dle zvláštních právních předpisů, které projednává oddělení nebo útvar projednávající přestupky dle zákona 251/2016 Sb.",dkod,
115,2016,D17.3.6,"Počet odvolání v rámci OSTATNÍCH PŘESTUPKŮ dle zvláštních právních předpisů, které projednává oddělení nebo útvar projednávající přestupky dle zákona 251/2016 Sb.",dkod,
115,2017,D17.3.6,"Počet odvolání v rámci OSTATNÍCH PŘESTUPKŮ dle zvláštních právních předpisů, které projednává oddělení nebo útvar projednávající přestupky dle zákona 251/2016 Sb.",dkod,0
115,2018,D17.3.6,"Počet odvolání v rámci OSTATNÍCH PŘESTUPKŮ dle zvláštních právních předpisů, které projednává oddělení nebo útvar projednávající přestupky dle zákona 251/2016 Sb.",dkod,0
115,2019,D17.3.6,"Počet odvolání v rámci OSTATNÍCH PŘESTUPKŮ dle zvláštních právních předpisů, které projednává oddělení nebo útvar projednávající přestupky dle zákona 251/2016 Sb.",dkod,0
115,2020,D17.3.6,"Počet odvolání v rámci OSTATNÍCH PŘESTUPKŮ dle zvláštních právních předpisů, které projednává oddělení nebo útvar projednávající přestupky dle zákona 251/2016 Sb.",dkod,0
115,2021,D17.3.6,"Počet odvolání v rámci OSTATNÍCH PŘESTUPKŮ dle zvláštních právních předpisů, které projednává oddělení nebo útvar projednávající přestupky dle zákona 251/2016 Sb.",dkod,0
115,2022,D17.3.6,"Počet odvolání v rámci OSTATNÍCH PŘESTUPKŮ dle zvláštních právních předpisů, které projednává oddělení nebo útvar projednávající přestupky dle zákona 251/2016 Sb.",dkod,0
115,2023,D17.3.6,"Počet odvolání v rámci OSTATNÍCH PŘESTUPKŮ dle zvláštních právních předpisů, které projednává oddělení nebo útvar projednávající přestupky dle zákona 251/2016 Sb.",dkod,0
115,2024,D17.3.6,"Počet odvolání v rámci OSTATNÍCH PŘESTUPKŮ dle zvláštních právních předpisů, které projednává oddělení nebo útvar projednávající přestupky dle zákona 251/2016 Sb.",dkod,0
115,2025,D17.3.6,"Počet odvolání v rámci OSTATNÍCH PŘESTUPKŮ dle zvláštních právních předpisů, které projednává oddělení nebo útvar projednávající přestupky dle zákona 251/2016 Sb.",dkod,0
115,2010,D17.4,"Objem uložených pokut v tis. Kč včetně nákladů řízení dle zákona 251/2016 Sb., dle korespondujících skutkových podstat dle předchozích předpisů a dle ostatních právních předpisů dle řádků výše",dkod,
115,2011,D17.4,"Objem uložených pokut v tis. Kč včetně nákladů řízení dle zákona 251/2016 Sb., dle korespondujících skutkových podstat dle předchozích předpisů a dle ostatních právních předpisů dle řádků výše",dkod,
115,2012,D17.4,"Objem uložených pokut v tis. Kč včetně nákladů řízení dle zákona 251/2016 Sb., dle korespondujících skutkových podstat dle předchozích předpisů a dle ostatních právních předpisů dle řádků výše",dkod,
115,2013,D17.4,"Objem uložených pokut v tis. Kč včetně nákladů řízení dle zákona 251/2016 Sb., dle korespondujících skutkových podstat dle předchozích předpisů a dle ostatních právních předpisů dle řádků výše",dkod,
115,2014,D17.4,"Objem uložených pokut v tis. Kč včetně nákladů řízení dle zákona 251/2016 Sb., dle korespondujících skutkových podstat dle předchozích předpisů a dle ostatních právních předpisů dle řádků výše",dkod,
115,2015,D17.4,"Objem uložených pokut v tis. Kč včetně nákladů řízení dle zákona 251/2016 Sb., dle korespondujících skutkových podstat dle předchozích předpisů a dle ostatních právních předpisů dle řádků výše",dkod,
115,2016,D17.4,"Objem uložených pokut v tis. Kč včetně nákladů řízení dle zákona 251/2016 Sb., dle korespondujících skutkových podstat dle předchozích předpisů a dle ostatních právních předpisů dle řádků výše",dkod,
115,2017,D17.4,"Objem uložených pokut v tis. Kč včetně nákladů řízení dle zákona 251/2016 Sb., dle korespondujících skutkových podstat dle předchozích předpisů a dle ostatních právních předpisů dle řádků výše",dkod,793
115,2018,D17.4,"Objem uložených pokut v tis. Kč včetně nákladů řízení dle zákona 251/2016 Sb., dle korespondujících skutkových podstat dle předchozích předpisů a dle ostatních právních předpisů dle řádků výše",dkod,1333
115,2019,D17.4,"Objem uložených pokut v tis. Kč včetně nákladů řízení dle zákona 251/2016 Sb., dle korespondujících skutkových podstat dle předchozích předpisů a dle ostatních právních předpisů dle řádků výše",dkod,1147.3
115,2020,D17.4,"Objem uložených pokut v tis. Kč včetně nákladů řízení dle zákona 251/2016 Sb., dle korespondujících skutkových podstat dle předchozích předpisů a dle ostatních právních předpisů dle řádků výše",dkod,769
115,2021,D17.4,"Objem uložených pokut v tis. Kč včetně nákladů řízení dle zákona 251/2016 Sb., dle korespondujících skutkových podstat dle předchozích předpisů a dle ostatních právních předpisů dle řádků výše",dkod,530.9
115,2022,D17.4,"Objem uložených pokut v tis. Kč včetně nákladů řízení dle zákona 251/2016 Sb., dle korespondujících skutkových podstat dle předchozích předpisů a dle ostatních právních předpisů dle řádků výše",dkod,557.3
115,2023,D17.4,"Objem uložených pokut v tis. Kč včetně nákladů řízení dle zákona 251/2016 Sb., dle korespondujících skutkových podstat dle předchozích předpisů a dle ostatních právních předpisů dle řádků výše",dkod,507.5
115,2024,D17.4,"Objem uložených pokut v tis. Kč včetně nákladů řízení dle zákona 251/2016 Sb., dle korespondujících skutkových podstat dle předchozích předpisů a dle ostatních právních předpisů dle řádků výše",dkod,552.9
115,2025,D17.4,"Objem uložených pokut v tis. Kč včetně nákladů řízení dle zákona 251/2016 Sb., dle korespondujících skutkových podstat dle předchozích předpisů a dle ostatních právních předpisů dle řádků výše",dkod,324.5
115,2010,D17.5,Projednáváte přestupky v přestupkové komisi?,dkod,
115,2011,D17.5,Projednáváte přestupky v přestupkové komisi?,dkod,
115,2012,D17.5,Projednáváte přestupky v přestupkové komisi?,dkod,
115,2013,D17.5,Projednáváte přestupky v přestupkové komisi?,dkod,
115,2014,D17.5,Projednáváte přestupky v přestupkové komisi?,dkod,
115,2015,D17.5,Projednáváte přestupky v přestupkové komisi?,dkod,
115,2016,D17.5,Projednáváte přestupky v přestupkové komisi?,dkod,
115,2017,D17.5,Projednáváte přestupky v přestupkové komisi?,dkod,0
115,2018,D17.5,Projednáváte přestupky v přestupkové komisi?,dkod,0
115,2019,D17.5,Projednáváte přestupky v přestupkové komisi?,dkod,0
115,2020,D17.5,Projednáváte přestupky v přestupkové komisi?,dkod,0
115,2021,D17.5,Projednáváte přestupky v přestupkové komisi?,dkod,0
115,2022,D17.5,Projednáváte přestupky v přestupkové komisi?,dkod,0
115,2023,D17.5,Projednáváte přestupky v přestupkové komisi?,dkod,0
115,2024,D17.5,Projednáváte přestupky v přestupkové komisi?,dkod,0
115,2025,D17.5,Projednáváte přestupky v přestupkové komisi?,dkod,0
115,2010,D17.6,Počet zaměstnanců - pracovních úvazků,dkod,
115,2011,D17.6,Počet zaměstnanců - pracovních úvazků,dkod,
115,2012,D17.6,Počet zaměstnanců - pracovních úvazků,dkod,
115,2013,D17.6,Počet zaměstnanců - pracovních úvazků,dkod,
115,2014,D17.6,Počet zaměstnanců - pracovních úvazků,dkod,
115,2015,D17.6,Počet zaměstnanců - pracovních úvazků,dkod,
115,2016,D17.6,Počet zaměstnanců - pracovních úvazků,dkod,
115,2017,D17.6,Počet zaměstnanců - pracovních úvazků,dkod,3.21
115,2018,D17.6,Počet zaměstnanců - pracovních úvazků,dkod,2.8
115,2019,D17.6,Počet zaměstnanců - pracovních úvazků,dkod,2.9
115,2020,D17.6,Počet zaměstnanců - pracovních úvazků,dkod,2.8
115,2021,D17.6,Počet zaměstnanců - pracovních úvazků,dkod,3
115,2022,D17.6,Počet zaměstnanců - pracovních úvazků,dkod,3
115,2023,D17.6,Počet zaměstnanců - pracovních úvazků,dkod,3
115,2024,D17.6,Počet zaměstnanců - pracovních úvazků,dkod,3.45
115,2025,D17.6,Počet zaměstnanců - pracovních úvazků,dkod,3.45
115,2010,D18.1,Počet subjektů (držitelů živnostenského oprávnění),dkod,6924
115,2011,D18.1,Počet subjektů (držitelů živnostenského oprávnění),dkod,6966
115,2012,D18.1,Počet subjektů (držitelů živnostenského oprávnění),dkod,7009
115,2013,D18.1,Počet subjektů (držitelů živnostenského oprávnění),dkod,7069
115,2014,D18.1,Počet subjektů (držitelů živnostenského oprávnění),dkod,7075
115,2015,D18.1,Počet subjektů (držitelů živnostenského oprávnění),dkod,7066
115,2016,D18.1,Počet subjektů (držitelů živnostenského oprávnění),dkod,7027
115,2017,D18.1,Počet subjektů (držitelů živnostenského oprávnění),dkod,7059
115,2018,D18.1,Počet subjektů (držitelů živnostenského oprávnění),dkod,7071
115,2019,D18.1,Počet subjektů (držitelů živnostenského oprávnění),dkod,7068
115,2020,D18.1,Počet subjektů (držitelů živnostenského oprávnění),dkod,7160
115,2021,D18.1,Počet subjektů (držitelů živnostenského oprávnění),dkod,7300
115,2022,D18.1,Počet subjektů (držitelů živnostenského oprávnění),dkod,7269
115,2023,D18.1,Počet subjektů (držitelů živnostenského oprávnění),dkod,6364
115,2024,D18.1,Počet subjektů (držitelů živnostenského oprávnění),dkod,6301
115,2025,D18.1,Počet subjektů (držitelů živnostenského oprávnění),dkod,6378
115,2010,D18.2,Počet živnostenských oprávnění,dkod,9303
115,2011,D18.2,Počet živnostenských oprávnění,dkod,9552
115,2012,D18.2,Počet živnostenských oprávnění,dkod,9733
115,2013,D18.2,Počet živnostenských oprávnění,dkod,10023
115,2014,D18.2,Počet živnostenských oprávnění,dkod,10379
115,2015,D18.2,Počet živnostenských oprávnění,dkod,10530
115,2016,D18.2,Počet živnostenských oprávnění,dkod,10580
115,2017,D18.2,Počet živnostenských oprávnění,dkod,10481
115,2018,D18.2,Počet živnostenských oprávnění,dkod,10631
115,2019,D18.2,Počet živnostenských oprávnění,dkod,10743
115,2020,D18.2,Počet živnostenských oprávnění,dkod,11014
115,2021,D18.2,Počet živnostenských oprávnění,dkod,11325
115,2022,D18.2,Počet živnostenských oprávnění,dkod,11427
115,2023,D18.2,Počet živnostenských oprávnění,dkod,10449
115,2024,D18.2,Počet živnostenských oprávnění,dkod,10493
115,2025,D18.2,Počet živnostenských oprávnění,dkod,10748
115,2010,D18.3.1,"Počet podnikatelů, kterým vzniklo ve sledovaném roce nové živnostenské oprávnění",dkod,366
115,2011,D18.3.1,"Počet podnikatelů, kterým vzniklo ve sledovaném roce nové živnostenské oprávnění",dkod,463
115,2012,D18.3.1,"Počet podnikatelů, kterým vzniklo ve sledovaném roce nové živnostenské oprávnění",dkod,472
115,2013,D18.3.1,"Počet podnikatelů, kterým vzniklo ve sledovaném roce nové živnostenské oprávnění",dkod,424
115,2014,D18.3.1,"Počet podnikatelů, kterým vzniklo ve sledovaném roce nové živnostenské oprávnění",dkod,485
115,2015,D18.3.1,"Počet podnikatelů, kterým vzniklo ve sledovaném roce nové živnostenské oprávnění",dkod,298
115,2016,D18.3.1,"Počet podnikatelů, kterým vzniklo ve sledovaném roce nové živnostenské oprávnění",dkod,274
115,2017,D18.3.1,"Počet podnikatelů, kterým vzniklo ve sledovaném roce nové živnostenské oprávnění",dkod,319
115,2018,D18.3.1,"Počet podnikatelů, kterým vzniklo ve sledovaném roce nové živnostenské oprávnění",dkod,325
115,2019,D18.3.1,"Počet podnikatelů, kterým vzniklo ve sledovaném roce nové živnostenské oprávnění",dkod,302
115,2020,D18.3.1,"Počet podnikatelů, kterým vzniklo ve sledovaném roce nové živnostenské oprávnění",dkod,351
115,2021,D18.3.1,"Počet podnikatelů, kterým vzniklo ve sledovaném roce nové živnostenské oprávnění",dkod,338
115,2022,D18.3.1,"Počet podnikatelů, kterým vzniklo ve sledovaném roce nové živnostenské oprávnění",dkod,344
115,2023,D18.3.1,"Počet podnikatelů, kterým vzniklo ve sledovaném roce nové živnostenské oprávnění",dkod,389
115,2024,D18.3.1,"Počet podnikatelů, kterým vzniklo ve sledovaném roce nové živnostenské oprávnění",dkod,372
115,2025,D18.3.1,"Počet podnikatelů, kterým vzniklo ve sledovaném roce nové živnostenské oprávnění",dkod,435
115,2010,D18.3.2,Počet vydaných výpisů ze ŽR jako průkazů živnostenských oprávnění,dkod,1195
115,2011,D18.3.2,Počet vydaných výpisů ze ŽR jako průkazů živnostenských oprávnění,dkod,1224
115,2012,D18.3.2,Počet vydaných výpisů ze ŽR jako průkazů živnostenských oprávnění,dkod,999
115,2013,D18.3.2,Počet vydaných výpisů ze ŽR jako průkazů živnostenských oprávnění,dkod,1111
115,2014,D18.3.2,Počet vydaných výpisů ze ŽR jako průkazů živnostenských oprávnění,dkod,1051
115,2015,D18.3.2,Počet vydaných výpisů ze ŽR jako průkazů živnostenských oprávnění,dkod,727
115,2016,D18.3.2,Počet vydaných výpisů ze ŽR jako průkazů živnostenských oprávnění,dkod,708
115,2017,D18.3.2,Počet vydaných výpisů ze ŽR jako průkazů živnostenských oprávnění,dkod,711
115,2018,D18.3.2,Počet vydaných výpisů ze ŽR jako průkazů živnostenských oprávnění,dkod,633
115,2019,D18.3.2,Počet vydaných výpisů ze ŽR jako průkazů živnostenských oprávnění,dkod,580
115,2020,D18.3.2,Počet vydaných výpisů ze ŽR jako průkazů živnostenských oprávnění,dkod,612
115,2021,D18.3.2,Počet vydaných výpisů ze ŽR jako průkazů živnostenských oprávnění,dkod,612
115,2022,D18.3.2,Počet vydaných výpisů ze ŽR jako průkazů živnostenských oprávnění,dkod,704
115,2023,D18.3.2,Počet vydaných výpisů ze ŽR jako průkazů živnostenských oprávnění,dkod,674
115,2024,D18.3.2,Počet vydaných výpisů ze ŽR jako průkazů živnostenských oprávnění,dkod,759
115,2025,D18.3.2,Počet vydaných výpisů ze ŽR jako průkazů živnostenských oprávnění,dkod,774
115,2010,D18.3.3,Počet výpisů a potvrzení ze živnostenského rejstříku,dkod,218
115,2011,D18.3.3,Počet výpisů a potvrzení ze živnostenského rejstříku,dkod,308
115,2012,D18.3.3,Počet výpisů a potvrzení ze živnostenského rejstříku,dkod,259
115,2013,D18.3.3,Počet výpisů a potvrzení ze živnostenského rejstříku,dkod,287
115,2014,D18.3.3,Počet výpisů a potvrzení ze živnostenského rejstříku,dkod,295
115,2015,D18.3.3,Počet výpisů a potvrzení ze živnostenského rejstříku,dkod,294
115,2016,D18.3.3,Počet výpisů a potvrzení ze živnostenského rejstříku,dkod,299
115,2017,D18.3.3,Počet výpisů a potvrzení ze živnostenského rejstříku,dkod,256
115,2018,D18.3.3,Počet výpisů a potvrzení ze živnostenského rejstříku,dkod,239
115,2019,D18.3.3,Počet výpisů a potvrzení ze živnostenského rejstříku,dkod,196
115,2020,D18.3.3,Počet výpisů a potvrzení ze živnostenského rejstříku,dkod,159
115,2021,D18.3.3,Počet výpisů a potvrzení ze živnostenského rejstříku,dkod,167
115,2022,D18.3.3,Počet výpisů a potvrzení ze živnostenského rejstříku,dkod,170
115,2023,D18.3.3,Počet výpisů a potvrzení ze živnostenského rejstříku,dkod,181
115,2024,D18.3.3,Počet výpisů a potvrzení ze živnostenského rejstříku,dkod,195
115,2025,D18.3.3,Počet výpisů a potvrzení ze živnostenského rejstříku,dkod,199
115,2010,D18.3.4,Počet vyrozumění o přerušení a pokračování v provozování živnosti,dkod,868
115,2011,D18.3.4,Počet vyrozumění o přerušení a pokračování v provozování živnosti,dkod,741
115,2012,D18.3.4,Počet vyrozumění o přerušení a pokračování v provozování živnosti,dkod,734
115,2013,D18.3.4,Počet vyrozumění o přerušení a pokračování v provozování živnosti,dkod,754
115,2014,D18.3.4,Počet vyrozumění o přerušení a pokračování v provozování živnosti,dkod,747
115,2015,D18.3.4,Počet vyrozumění o přerušení a pokračování v provozování živnosti,dkod,646
115,2016,D18.3.4,Počet vyrozumění o přerušení a pokračování v provozování živnosti,dkod,649
115,2017,D18.3.4,Počet vyrozumění o přerušení a pokračování v provozování živnosti,dkod,547
115,2018,D18.3.4,Počet vyrozumění o přerušení a pokračování v provozování živnosti,dkod,482
115,2019,D18.3.4,Počet vyrozumění o přerušení a pokračování v provozování živnosti,dkod,540
115,2020,D18.3.4,Počet vyrozumění o přerušení a pokračování v provozování živnosti,dkod,491
115,2021,D18.3.4,Počet vyrozumění o přerušení a pokračování v provozování živnosti,dkod,490
115,2022,D18.3.4,Počet vyrozumění o přerušení a pokračování v provozování živnosti,dkod,545
115,2023,D18.3.4,Počet vyrozumění o přerušení a pokračování v provozování živnosti,dkod,519
115,2024,D18.3.4,Počet vyrozumění o přerušení a pokračování v provozování živnosti,dkod,583
115,2025,D18.3.4,Počet vyrozumění o přerušení a pokračování v provozování živnosti,dkod,640
115,2010,D18.3.5,Počet rozhodnutí o zrušení živnostenského oprávnění,dkod,107
115,2011,D18.3.5,Počet rozhodnutí o zrušení živnostenského oprávnění,dkod,124
115,2012,D18.3.5,Počet rozhodnutí o zrušení živnostenského oprávnění,dkod,115
115,2013,D18.3.5,Počet rozhodnutí o zrušení živnostenského oprávnění,dkod,131
115,2014,D18.3.5,Počet rozhodnutí o zrušení živnostenského oprávnění,dkod,150
115,2015,D18.3.5,Počet rozhodnutí o zrušení živnostenského oprávnění,dkod,156
115,2016,D18.3.5,Počet rozhodnutí o zrušení živnostenského oprávnění,dkod,147
115,2017,D18.3.5,Počet rozhodnutí o zrušení živnostenského oprávnění,dkod,148
115,2018,D18.3.5,Počet rozhodnutí o zrušení živnostenského oprávnění,dkod,160
115,2019,D18.3.5,Počet rozhodnutí o zrušení živnostenského oprávnění,dkod,175
115,2020,D18.3.5,Počet rozhodnutí o zrušení živnostenského oprávnění,dkod,110
115,2021,D18.3.5,Počet rozhodnutí o zrušení živnostenského oprávnění,dkod,96
115,2022,D18.3.5,Počet rozhodnutí o zrušení živnostenského oprávnění,dkod,240
115,2023,D18.3.5,Počet rozhodnutí o zrušení živnostenského oprávnění,dkod,1201
115,2024,D18.3.5,Počet rozhodnutí o zrušení živnostenského oprávnění,dkod,303
115,2025,D18.3.5,Počet rozhodnutí o zrušení živnostenského oprávnění,dkod,198
115,2010,D18.3.5.1,z toho sankčních,dkod,7
115,2011,D18.3.5.1,z toho sankčních,dkod,2
115,2012,D18.3.5.1,z toho sankčních,dkod,1
115,2013,D18.3.5.1,z toho sankčních,dkod,4
115,2014,D18.3.5.1,z toho sankčních,dkod,0
115,2015,D18.3.5.1,z toho sankčních,dkod,18
115,2016,D18.3.5.1,z toho sankčních,dkod,4
115,2017,D18.3.5.1,z toho sankčních,dkod,0
115,2018,D18.3.5.1,z toho sankčních,dkod,11
115,2019,D18.3.5.1,z toho sankčních,dkod,59
115,2020,D18.3.5.1,z toho sankčních,dkod,22
115,2021,D18.3.5.1,z toho sankčních,dkod,12
115,2022,D18.3.5.1,z toho sankčních,dkod,13
115,2023,D18.3.5.1,z toho sankčních,dkod,15
115,2024,D18.3.5.1,z toho sankčních,dkod,17
115,2025,D18.3.5.1,z toho sankčních,dkod,22
115,2010,D18.3.6,"Počet vyrozumění o zápisu provozovny, změn do živnostenského rejstříku a míst pro vypořádání závazků po ukončení provozovny",dkod,484
115,2011,D18.3.6,"Počet vyrozumění o zápisu provozovny, změn do živnostenského rejstříku a míst pro vypořádání závazků po ukončení provozovny",dkod,496
115,2012,D18.3.6,"Počet vyrozumění o zápisu provozovny, změn do živnostenského rejstříku a míst pro vypořádání závazků po ukončení provozovny",dkod,525
115,2013,D18.3.6,"Počet vyrozumění o zápisu provozovny, změn do živnostenského rejstříku a míst pro vypořádání závazků po ukončení provozovny",dkod,690
115,2014,D18.3.6,"Počet vyrozumění o zápisu provozovny, změn do živnostenského rejstříku a míst pro vypořádání závazků po ukončení provozovny",dkod,696
115,2015,D18.3.6,"Počet vyrozumění o zápisu provozovny, změn do živnostenského rejstříku a míst pro vypořádání závazků po ukončení provozovny",dkod,489
115,2016,D18.3.6,"Počet vyrozumění o zápisu provozovny, změn do živnostenského rejstříku a míst pro vypořádání závazků po ukončení provozovny",dkod,592
115,2017,D18.3.6,"Počet vyrozumění o zápisu provozovny, změn do živnostenského rejstříku a míst pro vypořádání závazků po ukončení provozovny",dkod,544
115,2018,D18.3.6,"Počet vyrozumění o zápisu provozovny, změn do živnostenského rejstříku a míst pro vypořádání závazků po ukončení provozovny",dkod,464
115,2019,D18.3.6,"Počet vyrozumění o zápisu provozovny, změn do živnostenského rejstříku a míst pro vypořádání závazků po ukončení provozovny",dkod,518
115,2020,D18.3.6,"Počet vyrozumění o zápisu provozovny, změn do živnostenského rejstříku a míst pro vypořádání závazků po ukončení provozovny",dkod,489
115,2021,D18.3.6,"Počet vyrozumění o zápisu provozovny, změn do živnostenského rejstříku a míst pro vypořádání závazků po ukončení provozovny",dkod,471
115,2022,D18.3.6,"Počet vyrozumění o zápisu provozovny, změn do živnostenského rejstříku a míst pro vypořádání závazků po ukončení provozovny",dkod,480
115,2023,D18.3.6,"Počet vyrozumění o zápisu provozovny, změn do živnostenského rejstříku a míst pro vypořádání závazků po ukončení provozovny",dkod,436
115,2024,D18.3.6,"Počet vyrozumění o zápisu provozovny, změn do živnostenského rejstříku a míst pro vypořádání závazků po ukončení provozovny",dkod,466
115,2025,D18.3.6,"Počet vyrozumění o zápisu provozovny, změn do živnostenského rejstříku a míst pro vypořádání závazků po ukončení provozovny",dkod,461
115,2010,D18.3.7,Počet rozhodnutí o pozastavení živnostenského oprávnění,dkod,2
115,2011,D18.3.7,Počet rozhodnutí o pozastavení živnostenského oprávnění,dkod,2
115,2012,D18.3.7,Počet rozhodnutí o pozastavení živnostenského oprávnění,dkod,2
115,2013,D18.3.7,Počet rozhodnutí o pozastavení živnostenského oprávnění,dkod,1
115,2014,D18.3.7,Počet rozhodnutí o pozastavení živnostenského oprávnění,dkod,0
115,2015,D18.3.7,Počet rozhodnutí o pozastavení živnostenského oprávnění,dkod,0
115,2016,D18.3.7,Počet rozhodnutí o pozastavení živnostenského oprávnění,dkod,0
115,2017,D18.3.7,Počet rozhodnutí o pozastavení živnostenského oprávnění,dkod,0
115,2018,D18.3.7,Počet rozhodnutí o pozastavení živnostenského oprávnění,dkod,0
115,2019,D18.3.7,Počet rozhodnutí o pozastavení živnostenského oprávnění,dkod,0
115,2020,D18.3.7,Počet rozhodnutí o pozastavení živnostenského oprávnění,dkod,0
115,2021,D18.3.7,Počet rozhodnutí o pozastavení živnostenského oprávnění,dkod,0
115,2022,D18.3.7,Počet rozhodnutí o pozastavení živnostenského oprávnění,dkod,1
115,2023,D18.3.7,Počet rozhodnutí o pozastavení živnostenského oprávnění,dkod,0
115,2024,D18.3.7,Počet rozhodnutí o pozastavení živnostenského oprávnění,dkod,1
115,2025,D18.3.7,Počet rozhodnutí o pozastavení živnostenského oprávnění,dkod,2
115,2010,D18.3.8,Počet podnětů celkem,dkod,
115,2011,D18.3.8,Počet podnětů celkem,dkod,
115,2012,D18.3.8,Počet podnětů celkem,dkod,2236
115,2013,D18.3.8,Počet podnětů celkem,dkod,2487
115,2014,D18.3.8,Počet podnětů celkem,dkod,2297
115,2015,D18.3.8,Počet podnětů celkem,dkod,1869
115,2016,D18.3.8,Počet podnětů celkem,dkod,1964
115,2017,D18.3.8,Počet podnětů celkem,dkod,1805
115,2018,D18.3.8,Počet podnětů celkem,dkod,1651
115,2019,D18.3.8,Počet podnětů celkem,dkod,1639
115,2020,D18.3.8,Počet podnětů celkem,dkod,1520
115,2021,D18.3.8,Počet podnětů celkem,dkod,1496
115,2022,D18.3.8,Počet podnětů celkem,dkod,1797
115,2023,D18.3.8,Počet podnětů celkem,dkod,2710
115,2024,D18.3.8,Počet podnětů celkem,dkod,1908
115,2025,D18.3.8,Počet podnětů celkem,dkod,1922
115,2010,D18.3.8.1,Počet podnětů cizích subjektů,dkod,
115,2011,D18.3.8.1,Počet podnětů cizích subjektů,dkod,
115,2012,D18.3.8.1,Počet podnětů cizích subjektů,dkod,334
115,2013,D18.3.8.1,Počet podnětů cizích subjektů,dkod,359
115,2014,D18.3.8.1,Počet podnětů cizích subjektů,dkod,337
115,2015,D18.3.8.1,Počet podnětů cizích subjektů,dkod,285
115,2016,D18.3.8.1,Počet podnětů cizích subjektů,dkod,340
115,2017,D18.3.8.1,Počet podnětů cizích subjektů,dkod,286
115,2018,D18.3.8.1,Počet podnětů cizích subjektů,dkod,268
115,2019,D18.3.8.1,Počet podnětů cizích subjektů,dkod,289
115,2020,D18.3.8.1,Počet podnětů cizích subjektů,dkod,233
115,2021,D18.3.8.1,Počet podnětů cizích subjektů,dkod,238
115,2022,D18.3.8.1,Počet podnětů cizích subjektů,dkod,320
115,2023,D18.3.8.1,Počet podnětů cizích subjektů,dkod,385
115,2024,D18.3.8.1,Počet podnětů cizích subjektů,dkod,344
115,2025,D18.3.8.1,Počet podnětů cizích subjektů,dkod,363
115,2010,D18.3.9,Počet avíz a usnesení,dkod,
115,2011,D18.3.9,Počet avíz a usnesení,dkod,
115,2012,D18.3.9,Počet avíz a usnesení,dkod,1853
115,2013,D18.3.9,Počet avíz a usnesení,dkod,1808
115,2014,D18.3.9,Počet avíz a usnesení,dkod,2052
115,2015,D18.3.9,Počet avíz a usnesení,dkod,2073
115,2016,D18.3.9,Počet avíz a usnesení,dkod,2231
115,2017,D18.3.9,Počet avíz a usnesení,dkod,1914
115,2018,D18.3.9,Počet avíz a usnesení,dkod,1818
115,2019,D18.3.9,Počet avíz a usnesení,dkod,1667
115,2020,D18.3.9,Počet avíz a usnesení,dkod,1872
115,2021,D18.3.9,Počet avíz a usnesení,dkod,1919
115,2022,D18.3.9,Počet avíz a usnesení,dkod,1992
115,2023,D18.3.9,Počet avíz a usnesení,dkod,1957
115,2024,D18.3.9,Počet avíz a usnesení,dkod,1717
115,2025,D18.3.9,Počet avíz a usnesení,dkod,1794
115,2010,D18.3.10,Počet odeslaných podání z JRF,dkod,0
115,2011,D18.3.10,Počet odeslaných podání z JRF,dkod,0
115,2012,D18.3.10,Počet odeslaných podání z JRF,dkod,0
115,2013,D18.3.10,Počet odeslaných podání z JRF,dkod,0
115,2014,D18.3.10,Počet odeslaných podání z JRF,dkod,0
115,2015,D18.3.10,Počet odeslaných podání z JRF,dkod,1425
115,2016,D18.3.10,Počet odeslaných podání z JRF,dkod,1503
115,2017,D18.3.10,Počet odeslaných podání z JRF,dkod,1376
115,2018,D18.3.10,Počet odeslaných podání z JRF,dkod,1254
115,2019,D18.3.10,Počet odeslaných podání z JRF,dkod,1306
115,2020,D18.3.10,Počet odeslaných podání z JRF,dkod,1142
115,2021,D18.3.10,Počet odeslaných podání z JRF,dkod,1153
115,2022,D18.3.10,Počet odeslaných podání z JRF,dkod,1417
115,2023,D18.3.10,Počet odeslaných podání z JRF,dkod,2297
115,2024,D18.3.10,Počet odeslaných podání z JRF,dkod,1404
115,2025,D18.3.10,Počet odeslaných podání z JRF,dkod,1359
115,2010,D18.5.1,Počet kontrol,dkod,107
115,2011,D18.5.1,Počet kontrol,dkod,136
115,2012,D18.5.1,Počet kontrol,dkod,155
115,2013,D18.5.1,Počet kontrol,dkod,128
115,2014,D18.5.1,Počet kontrol,dkod,118
115,2015,D18.5.1,Počet kontrol,dkod,126
115,2016,D18.5.1,Počet kontrol,dkod,114
115,2017,D18.5.1,Počet kontrol,dkod,111
115,2018,D18.5.1,Počet kontrol,dkod,121
115,2019,D18.5.1,Počet kontrol,dkod,93
115,2020,D18.5.1,Počet kontrol,dkod,14
115,2021,D18.5.1,Počet kontrol,dkod,14
115,2022,D18.5.1,Počet kontrol,dkod,50
115,2023,D18.5.1,Počet kontrol,dkod,71
115,2024,D18.5.1,Počet kontrol,dkod,95
115,2025,D18.5.1,Počet kontrol,dkod,100
115,2010,D18.5.1.1,Součet předmětů kontrol,dkod,
115,2011,D18.5.1.1,Součet předmětů kontrol,dkod,
115,2012,D18.5.1.1,Součet předmětů kontrol,dkod,
115,2013,D18.5.1.1,Součet předmětů kontrol,dkod,
115,2014,D18.5.1.1,Součet předmětů kontrol,dkod,
115,2015,D18.5.1.1,Součet předmětů kontrol,dkod,
115,2016,D18.5.1.1,Součet předmětů kontrol,dkod,
115,2017,D18.5.1.1,Součet předmětů kontrol,dkod,
115,2018,D18.5.1.1,Součet předmětů kontrol,dkod,
115,2019,D18.5.1.1,Součet předmětů kontrol,dkod,6
115,2020,D18.5.1.1,Součet předmětů kontrol,dkod,15
115,2021,D18.5.1.1,Součet předmětů kontrol,dkod,15
115,2022,D18.5.1.1,Součet předmětů kontrol,dkod,70
115,2023,D18.5.1.1,Součet předmětů kontrol,dkod,111
115,2024,D18.5.1.1,Součet předmětů kontrol,dkod,165
115,2025,D18.5.1.1,Součet předmětů kontrol,dkod,220
115,2010,D18.5.2,"Počet úkonů před zahájením kontroly, včetně záznamů",dkod,45
115,2011,D18.5.2,"Počet úkonů před zahájením kontroly, včetně záznamů",dkod,20
115,2012,D18.5.2,"Počet úkonů před zahájením kontroly, včetně záznamů",dkod,8
115,2013,D18.5.2,"Počet úkonů před zahájením kontroly, včetně záznamů",dkod,10
115,2014,D18.5.2,"Počet úkonů před zahájením kontroly, včetně záznamů",dkod,7
115,2015,D18.5.2,"Počet úkonů před zahájením kontroly, včetně záznamů",dkod,3
115,2016,D18.5.2,"Počet úkonů před zahájením kontroly, včetně záznamů",dkod,6
115,2017,D18.5.2,"Počet úkonů před zahájením kontroly, včetně záznamů",dkod,1
115,2018,D18.5.2,"Počet úkonů před zahájením kontroly, včetně záznamů",dkod,0
115,2019,D18.5.2,"Počet úkonů před zahájením kontroly, včetně záznamů",dkod,0
115,2020,D18.5.2,"Počet úkonů před zahájením kontroly, včetně záznamů",dkod,0
115,2021,D18.5.2,"Počet úkonů před zahájením kontroly, včetně záznamů",dkod,0
115,2022,D18.5.2,"Počet úkonů před zahájením kontroly, včetně záznamů",dkod,8
115,2023,D18.5.2,"Počet úkonů před zahájením kontroly, včetně záznamů",dkod,3
115,2024,D18.5.2,"Počet úkonů před zahájením kontroly, včetně záznamů",dkod,3
115,2025,D18.5.2,"Počet úkonů před zahájením kontroly, včetně záznamů",dkod,3
115,2010,D18.5.3,Počet uložených pokut příkazem na místě v ks,dkod,16
115,2011,D18.5.3,Počet uložených pokut příkazem na místě v ks,dkod,20
115,2012,D18.5.3,Počet uložených pokut příkazem na místě v ks,dkod,27
115,2013,D18.5.3,Počet uložených pokut příkazem na místě v ks,dkod,23
115,2014,D18.5.3,Počet uložených pokut příkazem na místě v ks,dkod,23
115,2015,D18.5.3,Počet uložených pokut příkazem na místě v ks,dkod,18
115,2016,D18.5.3,Počet uložených pokut příkazem na místě v ks,dkod,23
115,2017,D18.5.3,Počet uložených pokut příkazem na místě v ks,dkod,23
115,2018,D18.5.3,Počet uložených pokut příkazem na místě v ks,dkod,18
115,2019,D18.5.3,Počet uložených pokut příkazem na místě v ks,dkod,24
115,2020,D18.5.3,Počet uložených pokut příkazem na místě v ks,dkod,6
115,2021,D18.5.3,Počet uložených pokut příkazem na místě v ks,dkod,2
115,2022,D18.5.3,Počet uložených pokut příkazem na místě v ks,dkod,6
115,2023,D18.5.3,Počet uložených pokut příkazem na místě v ks,dkod,13
115,2024,D18.5.3,Počet uložených pokut příkazem na místě v ks,dkod,18
115,2025,D18.5.3,Počet uložených pokut příkazem na místě v ks,dkod,12
115,2010,D18.5.4,Objem uložených pokut příkazem na místě celkem v tis. Kč,dkod,3.7
115,2011,D18.5.4,Objem uložených pokut příkazem na místě celkem v tis. Kč,dkod,5.5
115,2012,D18.5.4,Objem uložených pokut příkazem na místě celkem v tis. Kč,dkod,6
115,2013,D18.5.4,Objem uložených pokut příkazem na místě celkem v tis. Kč,dkod,6.9
115,2014,D18.5.4,Objem uložených pokut příkazem na místě celkem v tis. Kč,dkod,11.6
115,2015,D18.5.4,Objem uložených pokut příkazem na místě celkem v tis. Kč,dkod,11.75
115,2016,D18.5.4,Objem uložených pokut příkazem na místě celkem v tis. Kč,dkod,10.7
115,2017,D18.5.4,Objem uložených pokut příkazem na místě celkem v tis. Kč,dkod,15.4
115,2018,D18.5.4,Objem uložených pokut příkazem na místě celkem v tis. Kč,dkod,10.5
115,2019,D18.5.4,Objem uložených pokut příkazem na místě celkem v tis. Kč,dkod,26.8
115,2020,D18.5.4,Objem uložených pokut příkazem na místě celkem v tis. Kč,dkod,2.7
115,2021,D18.5.4,Objem uložených pokut příkazem na místě celkem v tis. Kč,dkod,1.3
115,2022,D18.5.4,Objem uložených pokut příkazem na místě celkem v tis. Kč,dkod,6
115,2023,D18.5.4,Objem uložených pokut příkazem na místě celkem v tis. Kč,dkod,9.5
115,2024,D18.5.4,Objem uložených pokut příkazem na místě celkem v tis. Kč,dkod,13
115,2025,D18.5.4,Objem uložených pokut příkazem na místě celkem v tis. Kč,dkod,8
115,2010,D18.5.5,Počet uložených pokut v přestupkovém řízení v ks,dkod,1
115,2011,D18.5.5,Počet uložených pokut v přestupkovém řízení v ks,dkod,0
115,2012,D18.5.5,Počet uložených pokut v přestupkovém řízení v ks,dkod,1
115,2013,D18.5.5,Počet uložených pokut v přestupkovém řízení v ks,dkod,0
115,2014,D18.5.5,Počet uložených pokut v přestupkovém řízení v ks,dkod,0
115,2015,D18.5.5,Počet uložených pokut v přestupkovém řízení v ks,dkod,0
115,2016,D18.5.5,Počet uložených pokut v přestupkovém řízení v ks,dkod,1
115,2017,D18.5.5,Počet uložených pokut v přestupkovém řízení v ks,dkod,0
115,2018,D18.5.5,Počet uložených pokut v přestupkovém řízení v ks,dkod,0
115,2019,D18.5.5,Počet uložených pokut v přestupkovém řízení v ks,dkod,2
115,2020,D18.5.5,Počet uložených pokut v přestupkovém řízení v ks,dkod,0
115,2021,D18.5.5,Počet uložených pokut v přestupkovém řízení v ks,dkod,0
115,2022,D18.5.5,Počet uložených pokut v přestupkovém řízení v ks,dkod,0
115,2023,D18.5.5,Počet uložených pokut v přestupkovém řízení v ks,dkod,0
115,2024,D18.5.5,Počet uložených pokut v přestupkovém řízení v ks,dkod,1
115,2025,D18.5.5,Počet uložených pokut v přestupkovém řízení v ks,dkod,2
115,2010,D18.5.6,Objem uložených pokut v přestupkovém řízení celkem v tis. Kč,dkod,2
115,2011,D18.5.6,Objem uložených pokut v přestupkovém řízení celkem v tis. Kč,dkod,0
115,2012,D18.5.6,Objem uložených pokut v přestupkovém řízení celkem v tis. Kč,dkod,1.5
115,2013,D18.5.6,Objem uložených pokut v přestupkovém řízení celkem v tis. Kč,dkod,0
115,2014,D18.5.6,Objem uložených pokut v přestupkovém řízení celkem v tis. Kč,dkod,0
115,2015,D18.5.6,Objem uložených pokut v přestupkovém řízení celkem v tis. Kč,dkod,0
115,2016,D18.5.6,Objem uložených pokut v přestupkovém řízení celkem v tis. Kč,dkod,10
115,2017,D18.5.6,Objem uložených pokut v přestupkovém řízení celkem v tis. Kč,dkod,0
115,2018,D18.5.6,Objem uložených pokut v přestupkovém řízení celkem v tis. Kč,dkod,0
115,2019,D18.5.6,Objem uložených pokut v přestupkovém řízení celkem v tis. Kč,dkod,25
115,2020,D18.5.6,Objem uložených pokut v přestupkovém řízení celkem v tis. Kč,dkod,0
115,2021,D18.5.6,Objem uložených pokut v přestupkovém řízení celkem v tis. Kč,dkod,0
115,2022,D18.5.6,Objem uložených pokut v přestupkovém řízení celkem v tis. Kč,dkod,0
115,2023,D18.5.6,Objem uložených pokut v přestupkovém řízení celkem v tis. Kč,dkod,0
115,2024,D18.5.6,Objem uložených pokut v přestupkovém řízení celkem v tis. Kč,dkod,2
115,2025,D18.5.6,Objem uložených pokut v přestupkovém řízení celkem v tis. Kč,dkod,5
115,2010,D18.6,Počet registračních zaměstnanců - pracovních úvazků,dkod,3
115,2011,D18.6,Počet registračních zaměstnanců - pracovních úvazků,dkod,3.4
115,2012,D18.6,Počet registračních zaměstnanců - pracovních úvazků,dkod,3.2
115,2013,D18.6,Počet registračních zaměstnanců - pracovních úvazků,dkod,3.2
115,2014,D18.6,Počet registračních zaměstnanců - pracovních úvazků,dkod,3.2
115,2015,D18.6,Počet registračních zaměstnanců - pracovních úvazků,dkod,3.2
115,2016,D18.6,Počet registračních zaměstnanců - pracovních úvazků,dkod,3.2
115,2017,D18.6,Počet registračních zaměstnanců - pracovních úvazků,dkod,3.2
115,2018,D18.6,Počet registračních zaměstnanců - pracovních úvazků,dkod,2.5
115,2019,D18.6,Počet registračních zaměstnanců - pracovních úvazků,dkod,2.5
115,2020,D18.6,Počet registračních zaměstnanců - pracovních úvazků,dkod,3.2
115,2021,D18.6,Počet registračních zaměstnanců - pracovních úvazků,dkod,2.9
115,2022,D18.6,Počet registračních zaměstnanců - pracovních úvazků,dkod,2.7
115,2023,D18.6,Počet registračních zaměstnanců - pracovních úvazků,dkod,2.7
115,2024,D18.6,Počet registračních zaměstnanců - pracovních úvazků,dkod,2.7
115,2025,D18.6,Počet registračních zaměstnanců - pracovních úvazků,dkod,2.7
115,2010,D18.7,Počet kontrolních zaměstnanců - pracovních úvazků,dkod,2.8
115,2011,D18.7,Počet kontrolních zaměstnanců - pracovních úvazků,dkod,2.4
115,2012,D18.7,Počet kontrolních zaměstnanců - pracovních úvazků,dkod,1.1
115,2013,D18.7,Počet kontrolních zaměstnanců - pracovních úvazků,dkod,1.1
115,2014,D18.7,Počet kontrolních zaměstnanců - pracovních úvazků,dkod,1.1
115,2015,D18.7,Počet kontrolních zaměstnanců - pracovních úvazků,dkod,1.1
115,2016,D18.7,Počet kontrolních zaměstnanců - pracovních úvazků,dkod,1.1
115,2017,D18.7,Počet kontrolních zaměstnanců - pracovních úvazků,dkod,1.1
115,2018,D18.7,Počet kontrolních zaměstnanců - pracovních úvazků,dkod,0.8
115,2019,D18.7,Počet kontrolních zaměstnanců - pracovních úvazků,dkod,0.8
115,2020,D18.7,Počet kontrolních zaměstnanců - pracovních úvazků,dkod,0.5
115,2021,D18.7,Počet kontrolních zaměstnanců - pracovních úvazků,dkod,0.2
115,2022,D18.7,Počet kontrolních zaměstnanců - pracovních úvazků,dkod,0.4
115,2023,D18.7,Počet kontrolních zaměstnanců - pracovních úvazků,dkod,0.4
115,2024,D18.7,Počet kontrolních zaměstnanců - pracovních úvazků,dkod,0.4
115,2025,D18.7,Počet kontrolních zaměstnanců - pracovních úvazků,dkod,0.4
115,2010,D18.8,Počet zaměstnanců - pracovních úvazků pro agendu zemědělského podnikatele,dkod,0.2
115,2011,D18.8,Počet zaměstnanců - pracovních úvazků pro agendu zemědělského podnikatele,dkod,0.2
115,2012,D18.8,Počet zaměstnanců - pracovních úvazků pro agendu zemědělského podnikatele,dkod,0.2
115,2013,D18.8,Počet zaměstnanců - pracovních úvazků pro agendu zemědělského podnikatele,dkod,0.2
115,2014,D18.8,Počet zaměstnanců - pracovních úvazků pro agendu zemědělského podnikatele,dkod,0.2
115,2015,D18.8,Počet zaměstnanců - pracovních úvazků pro agendu zemědělského podnikatele,dkod,0.2
115,2016,D18.8,Počet zaměstnanců - pracovních úvazků pro agendu zemědělského podnikatele,dkod,0.2
115,2017,D18.8,Počet zaměstnanců - pracovních úvazků pro agendu zemědělského podnikatele,dkod,0.2
115,2018,D18.8,Počet zaměstnanců - pracovních úvazků pro agendu zemědělského podnikatele,dkod,0.2
115,2019,D18.8,Počet zaměstnanců - pracovních úvazků pro agendu zemědělského podnikatele,dkod,0.2
115,2020,D18.8,Počet zaměstnanců - pracovních úvazků pro agendu zemědělského podnikatele,dkod,0.1
115,2021,D18.8,Počet zaměstnanců - pracovních úvazků pro agendu zemědělského podnikatele,dkod,0.1
115,2022,D18.8,Počet zaměstnanců - pracovních úvazků pro agendu zemědělského podnikatele,dkod,0.1
115,2023,D18.8,Počet zaměstnanců - pracovních úvazků pro agendu zemědělského podnikatele,dkod,0.1
115,2024,D18.8,Počet zaměstnanců - pracovních úvazků pro agendu zemědělského podnikatele,dkod,0.1
115,2025,D18.8,Počet zaměstnanců - pracovních úvazků pro agendu zemědělského podnikatele,dkod,0.1
115,2010,D18.9,Zaměstnanci ostatní - počet úvazků ostatních zaměstnanců Živnostenského úřadu,dkod,0
115,2011,D18.9,Zaměstnanci ostatní - počet úvazků ostatních zaměstnanců Živnostenského úřadu,dkod,0
115,2012,D18.9,Zaměstnanci ostatní - počet úvazků ostatních zaměstnanců Živnostenského úřadu,dkod,1.5
115,2013,D18.9,Zaměstnanci ostatní - počet úvazků ostatních zaměstnanců Živnostenského úřadu,dkod,1.5
115,2014,D18.9,Zaměstnanci ostatní - počet úvazků ostatních zaměstnanců Živnostenského úřadu,dkod,1.5
115,2015,D18.9,Zaměstnanci ostatní - počet úvazků ostatních zaměstnanců Živnostenského úřadu,dkod,1.5
115,2016,D18.9,Zaměstnanci ostatní - počet úvazků ostatních zaměstnanců Živnostenského úřadu,dkod,1.5
115,2017,D18.9,Zaměstnanci ostatní - počet úvazků ostatních zaměstnanců Živnostenského úřadu,dkod,1.5
115,2018,D18.9,Zaměstnanci ostatní - počet úvazků ostatních zaměstnanců Živnostenského úřadu,dkod,1.5
115,2019,D18.9,Zaměstnanci ostatní - počet úvazků ostatních zaměstnanců Živnostenského úřadu,dkod,1.5
115,2020,D18.9,Zaměstnanci ostatní - počet úvazků ostatních zaměstnanců Živnostenského úřadu,dkod,1.2
115,2021,D18.9,Zaměstnanci ostatní - počet úvazků ostatních zaměstnanců Živnostenského úřadu,dkod,0.8
115,2022,D18.9,Zaměstnanci ostatní - počet úvazků ostatních zaměstnanců Živnostenského úřadu,dkod,0.8
115,2023,D18.9,Zaměstnanci ostatní - počet úvazků ostatních zaměstnanců Živnostenského úřadu,dkod,0.8
115,2024,D18.9,Zaměstnanci ostatní - počet úvazků ostatních zaměstnanců Živnostenského úřadu,dkod,0.8
115,2025,D18.9,Zaměstnanci ostatní - počet úvazků ostatních zaměstnanců Živnostenského úřadu,dkod,0.8
115,2010,D18.10,"Počet zaměstnanců - pracovních úvazků zařazených na odboru, ale vykonávajících jiné agendy",dkod,0
115,2011,D18.10,"Počet zaměstnanců - pracovních úvazků zařazených na odboru, ale vykonávajících jiné agendy",dkod,0
115,2012,D18.10,"Počet zaměstnanců - pracovních úvazků zařazených na odboru, ale vykonávajících jiné agendy",dkod,0
115,2013,D18.10,"Počet zaměstnanců - pracovních úvazků zařazených na odboru, ale vykonávajících jiné agendy",dkod,0
115,2014,D18.10,"Počet zaměstnanců - pracovních úvazků zařazených na odboru, ale vykonávajících jiné agendy",dkod,0
115,2015,D18.10,"Počet zaměstnanců - pracovních úvazků zařazených na odboru, ale vykonávajících jiné agendy",dkod,0
115,2016,D18.10,"Počet zaměstnanců - pracovních úvazků zařazených na odboru, ale vykonávajících jiné agendy",dkod,0
115,2017,D18.10,"Počet zaměstnanců - pracovních úvazků zařazených na odboru, ale vykonávajících jiné agendy",dkod,0
115,2018,D18.10,"Počet zaměstnanců - pracovních úvazků zařazených na odboru, ale vykonávajících jiné agendy",dkod,0
115,2019,D18.10,"Počet zaměstnanců - pracovních úvazků zařazených na odboru, ale vykonávajících jiné agendy",dkod,0
115,2020,D18.10,"Počet zaměstnanců - pracovních úvazků zařazených na odboru, ale vykonávajících jiné agendy",dkod,0
115,2021,D18.10,"Počet zaměstnanců - pracovních úvazků zařazených na odboru, ale vykonávajících jiné agendy",dkod,0
115,2022,D18.10,"Počet zaměstnanců - pracovních úvazků zařazených na odboru, ale vykonávajících jiné agendy",dkod,0
115,2023,D18.10,"Počet zaměstnanců - pracovních úvazků zařazených na odboru, ale vykonávajících jiné agendy",dkod,0
115,2024,D18.10,"Počet zaměstnanců - pracovních úvazků zařazených na odboru, ale vykonávajících jiné agendy",dkod,0
115,2025,D18.10,"Počet zaměstnanců - pracovních úvazků zařazených na odboru, ale vykonávajících jiné agendy",dkod,0
115,2010,D18.13,Počet registrovaných zemědělských podnikatelů,dkod,94
115,2011,D18.13,Počet registrovaných zemědělských podnikatelů,dkod,101
115,2012,D18.13,Počet registrovaných zemědělských podnikatelů,dkod,116
115,2013,D18.13,Počet registrovaných zemědělských podnikatelů,dkod,120
115,2014,D18.13,Počet registrovaných zemědělských podnikatelů,dkod,124
115,2015,D18.13,Počet registrovaných zemědělských podnikatelů,dkod,149
115,2016,D18.13,Počet registrovaných zemědělských podnikatelů,dkod,158
115,2017,D18.13,Počet registrovaných zemědělských podnikatelů,dkod,165
115,2018,D18.13,Počet registrovaných zemědělských podnikatelů,dkod,169
115,2019,D18.13,Počet registrovaných zemědělských podnikatelů,dkod,173
115,2020,D18.13,Počet registrovaných zemědělských podnikatelů,dkod,178
115,2021,D18.13,Počet registrovaných zemědělských podnikatelů,dkod,181
115,2022,D18.13,Počet registrovaných zemědělských podnikatelů,dkod,178
115,2023,D18.13,Počet registrovaných zemědělských podnikatelů,dkod,185
115,2024,D18.13,Počet registrovaných zemědělských podnikatelů,dkod,187
115,2025,D18.13,Počet registrovaných zemědělských podnikatelů,dkod,173
115,2010,D18.14,Počet úředních hodin v týdnu,dkod,26
115,2011,D18.14,Počet úředních hodin v týdnu,dkod,29.5
115,2012,D18.14,Počet úředních hodin v týdnu,dkod,26
115,2013,D18.14,Počet úředních hodin v týdnu,dkod,26
115,2014,D18.14,Počet úředních hodin v týdnu,dkod,26
115,2015,D18.14,Počet úředních hodin v týdnu,dkod,26
115,2016,D18.14,Počet úředních hodin v týdnu,dkod,26
115,2017,D18.14,Počet úředních hodin v týdnu,dkod,26
115,2018,D18.14,Počet úředních hodin v týdnu,dkod,26
115,2019,D18.14,Počet úředních hodin v týdnu,dkod,26
115,2020,D18.14,Počet úředních hodin v týdnu,dkod,26
115,2021,D18.14,Počet úředních hodin v týdnu,dkod,26
115,2022,D18.14,Počet úředních hodin v týdnu,dkod,26
115,2023,D18.14,Počet úředních hodin v týdnu,dkod,26
115,2024,D18.14,Počet úředních hodin v týdnu,dkod,26
115,2025,D18.14,Počet úředních hodin v týdnu,dkod,26
115,2010,D19.1,Míra náročnosti výkonu sociální práce,dkod,
115,2011,D19.1,Míra náročnosti výkonu sociální práce,dkod,
115,2012,D19.1,Míra náročnosti výkonu sociální práce,dkod,
115,2013,D19.1,Míra náročnosti výkonu sociální práce,dkod,
115,2014,D19.1,Míra náročnosti výkonu sociální práce,dkod,
115,2015,D19.1,Míra náročnosti výkonu sociální práce,dkod,3
115,2016,D19.1,Míra náročnosti výkonu sociální práce,dkod,3
115,2017,D19.1,Míra náročnosti výkonu sociální práce,dkod,3
115,2018,D19.1,Míra náročnosti výkonu sociální práce,dkod,3
115,2019,D19.1,Míra náročnosti výkonu sociální práce,dkod,3
115,2020,D19.1,Míra náročnosti výkonu sociální práce,dkod,3
115,2021,D19.1,Míra náročnosti výkonu sociální práce,dkod,3
115,2022,D19.1,Míra náročnosti výkonu sociální práce,dkod,3
115,2023,D19.1,Míra náročnosti výkonu sociální práce,dkod,3
115,2024,D19.1,Míra náročnosti výkonu sociální práce,dkod,3
115,2025,D19.1,Míra náročnosti výkonu sociální práce,dkod,3
115,2010,D19.2,Počet dětí do 18 let ve správním obvodu ORP,dkod,
115,2011,D19.2,Počet dětí do 18 let ve správním obvodu ORP,dkod,
115,2012,D19.2,Počet dětí do 18 let ve správním obvodu ORP,dkod,
115,2013,D19.2,Počet dětí do 18 let ve správním obvodu ORP,dkod,
115,2014,D19.2,Počet dětí do 18 let ve správním obvodu ORP,dkod,
115,2015,D19.2,Počet dětí do 18 let ve správním obvodu ORP,dkod,7482
115,2016,D19.2,Počet dětí do 18 let ve správním obvodu ORP,dkod,7600
115,2017,D19.2,Počet dětí do 18 let ve správním obvodu ORP,dkod,7607
115,2018,D19.2,Počet dětí do 18 let ve správním obvodu ORP,dkod,7446
115,2019,D19.2,Počet dětí do 18 let ve správním obvodu ORP,dkod,7677
115,2020,D19.2,Počet dětí do 18 let ve správním obvodu ORP,dkod,7674
115,2021,D19.2,Počet dětí do 18 let ve správním obvodu ORP,dkod,7814
115,2022,D19.2,Počet dětí do 18 let ve správním obvodu ORP,dkod,7673
115,2023,D19.2,Počet dětí do 18 let ve správním obvodu ORP,dkod,7614
115,2024,D19.2,Počet dětí do 18 let ve správním obvodu ORP,dkod,7451
115,2025,D19.2,Počet dětí do 18 let ve správním obvodu ORP,dkod,7462
115,2010,D19.3,Evidovaný počet případů SPOD,dkod,
115,2011,D19.3,Evidovaný počet případů SPOD,dkod,
115,2012,D19.3,Evidovaný počet případů SPOD,dkod,
115,2013,D19.3,Evidovaný počet případů SPOD,dkod,
115,2014,D19.3,Evidovaný počet případů SPOD,dkod,
115,2015,D19.3,Evidovaný počet případů SPOD,dkod,897
115,2016,D19.3,Evidovaný počet případů SPOD,dkod,510
115,2017,D19.3,Evidovaný počet případů SPOD,dkod,413
115,2018,D19.3,Evidovaný počet případů SPOD,dkod,433
115,2019,D19.3,Evidovaný počet případů SPOD,dkod,332
115,2020,D19.3,Evidovaný počet případů SPOD,dkod,297
115,2021,D19.3,Evidovaný počet případů SPOD,dkod,336
115,2022,D19.3,Evidovaný počet případů SPOD,dkod,255
115,2023,D19.3,Evidovaný počet případů SPOD,dkod,262
115,2024,D19.3,Evidovaný počet případů SPOD,dkod,267
115,2025,D19.3,Evidovaný počet případů SPOD,dkod,258
115,2010,D19.3.1,"Počet případů kolizního opatrovnictví, poručnictví",dkod,
115,2011,D19.3.1,"Počet případů kolizního opatrovnictví, poručnictví",dkod,
115,2012,D19.3.1,"Počet případů kolizního opatrovnictví, poručnictví",dkod,
115,2013,D19.3.1,"Počet případů kolizního opatrovnictví, poručnictví",dkod,
115,2014,D19.3.1,"Počet případů kolizního opatrovnictví, poručnictví",dkod,
115,2015,D19.3.1,"Počet případů kolizního opatrovnictví, poručnictví",dkod,
115,2016,D19.3.1,"Počet případů kolizního opatrovnictví, poručnictví",dkod,
115,2017,D19.3.1,"Počet případů kolizního opatrovnictví, poručnictví",dkod,
115,2018,D19.3.1,"Počet případů kolizního opatrovnictví, poručnictví",dkod,
115,2019,D19.3.1,"Počet případů kolizního opatrovnictví, poručnictví",dkod,
115,2020,D19.3.1,"Počet případů kolizního opatrovnictví, poručnictví",dkod,
115,2021,D19.3.1,"Počet případů kolizního opatrovnictví, poručnictví",dkod,
115,2022,D19.3.1,"Počet případů kolizního opatrovnictví, poručnictví",dkod,240
115,2023,D19.3.1,"Počet případů kolizního opatrovnictví, poručnictví",dkod,246
115,2024,D19.3.1,"Počet případů kolizního opatrovnictví, poručnictví",dkod,260
115,2025,D19.3.1,"Počet případů kolizního opatrovnictví, poručnictví",dkod,259
115,2010,D19.4,"Počet ""spisů"" bez zavedení NOM nebo OM",dkod,
115,2011,D19.4,"Počet ""spisů"" bez zavedení NOM nebo OM",dkod,
115,2012,D19.4,"Počet ""spisů"" bez zavedení NOM nebo OM",dkod,
115,2013,D19.4,"Počet ""spisů"" bez zavedení NOM nebo OM",dkod,
115,2014,D19.4,"Počet ""spisů"" bez zavedení NOM nebo OM",dkod,
115,2015,D19.4,"Počet ""spisů"" bez zavedení NOM nebo OM",dkod,238
115,2016,D19.4,"Počet ""spisů"" bez zavedení NOM nebo OM",dkod,232
115,2017,D19.4,"Počet ""spisů"" bez zavedení NOM nebo OM",dkod,217
115,2018,D19.4,"Počet ""spisů"" bez zavedení NOM nebo OM",dkod,93
115,2019,D19.4,"Počet ""spisů"" bez zavedení NOM nebo OM",dkod,135
115,2020,D19.4,"Počet ""spisů"" bez zavedení NOM nebo OM",dkod,168
115,2021,D19.4,"Počet ""spisů"" bez zavedení NOM nebo OM",dkod,170
115,2022,D19.4,"Počet ""spisů"" bez zavedení NOM nebo OM",dkod,169
115,2023,D19.4,"Počet ""spisů"" bez zavedení NOM nebo OM",dkod,181
115,2024,D19.4,"Počet ""spisů"" bez zavedení NOM nebo OM",dkod,217
115,2025,D19.4,"Počet ""spisů"" bez zavedení NOM nebo OM",dkod,238
115,2010,D19.5,Počet případů SPOD zaevidovaných za sledovaný rok,dkod,
115,2011,D19.5,Počet případů SPOD zaevidovaných za sledovaný rok,dkod,
115,2012,D19.5,Počet případů SPOD zaevidovaných za sledovaný rok,dkod,
115,2013,D19.5,Počet případů SPOD zaevidovaných za sledovaný rok,dkod,
115,2014,D19.5,Počet případů SPOD zaevidovaných za sledovaný rok,dkod,
115,2015,D19.5,Počet případů SPOD zaevidovaných za sledovaný rok,dkod,
115,2016,D19.5,Počet případů SPOD zaevidovaných za sledovaný rok,dkod,
115,2017,D19.5,Počet případů SPOD zaevidovaných za sledovaný rok,dkod,
115,2018,D19.5,Počet případů SPOD zaevidovaných za sledovaný rok,dkod,
115,2019,D19.5,Počet případů SPOD zaevidovaných za sledovaný rok,dkod,244
115,2020,D19.5,Počet případů SPOD zaevidovaných za sledovaný rok,dkod,226
115,2021,D19.5,Počet případů SPOD zaevidovaných za sledovaný rok,dkod,218
115,2022,D19.5,Počet případů SPOD zaevidovaných za sledovaný rok,dkod,268
115,2023,D19.5,Počet případů SPOD zaevidovaných za sledovaný rok,dkod,278
115,2024,D19.5,Počet případů SPOD zaevidovaných za sledovaný rok,dkod,284
115,2025,D19.5,Počet případů SPOD zaevidovaných za sledovaný rok,dkod,313
115,2010,D19.5.1,Počet dětí v náhradní rodinné péči,dkod,
115,2011,D19.5.1,Počet dětí v náhradní rodinné péči,dkod,
115,2012,D19.5.1,Počet dětí v náhradní rodinné péči,dkod,
115,2013,D19.5.1,Počet dětí v náhradní rodinné péči,dkod,
115,2014,D19.5.1,Počet dětí v náhradní rodinné péči,dkod,
115,2015,D19.5.1,Počet dětí v náhradní rodinné péči,dkod,56
115,2016,D19.5.1,Počet dětí v náhradní rodinné péči,dkod,57
115,2017,D19.5.1,Počet dětí v náhradní rodinné péči,dkod,68
115,2018,D19.5.1,Počet dětí v náhradní rodinné péči,dkod,62
115,2019,D19.5.1,Počet dětí v náhradní rodinné péči,dkod,71
115,2020,D19.5.1,Počet dětí v náhradní rodinné péči,dkod,68
115,2021,D19.5.1,Počet dětí v náhradní rodinné péči,dkod,67
115,2022,D19.5.1,Počet dětí v náhradní rodinné péči,dkod,69
115,2023,D19.5.1,Počet dětí v náhradní rodinné péči,dkod,64
115,2024,D19.5.1,Počet dětí v náhradní rodinné péči,dkod,70
115,2025,D19.5.1,Počet dětí v náhradní rodinné péči,dkod,71
115,2010,D19.5.1.1,Celkový počet dětí svěřených do pěstounské péče na přechodnou dobu,dkod,
115,2011,D19.5.1.1,Celkový počet dětí svěřených do pěstounské péče na přechodnou dobu,dkod,
115,2012,D19.5.1.1,Celkový počet dětí svěřených do pěstounské péče na přechodnou dobu,dkod,
115,2013,D19.5.1.1,Celkový počet dětí svěřených do pěstounské péče na přechodnou dobu,dkod,
115,2014,D19.5.1.1,Celkový počet dětí svěřených do pěstounské péče na přechodnou dobu,dkod,
115,2015,D19.5.1.1,Celkový počet dětí svěřených do pěstounské péče na přechodnou dobu,dkod,
115,2016,D19.5.1.1,Celkový počet dětí svěřených do pěstounské péče na přechodnou dobu,dkod,
115,2017,D19.5.1.1,Celkový počet dětí svěřených do pěstounské péče na přechodnou dobu,dkod,
115,2018,D19.5.1.1,Celkový počet dětí svěřených do pěstounské péče na přechodnou dobu,dkod,5
115,2019,D19.5.1.1,Celkový počet dětí svěřených do pěstounské péče na přechodnou dobu,dkod,4
115,2020,D19.5.1.1,Celkový počet dětí svěřených do pěstounské péče na přechodnou dobu,dkod,3
115,2021,D19.5.1.1,Celkový počet dětí svěřených do pěstounské péče na přechodnou dobu,dkod,0
115,2022,D19.5.1.1,Celkový počet dětí svěřených do pěstounské péče na přechodnou dobu,dkod,7
115,2023,D19.5.1.1,Celkový počet dětí svěřených do pěstounské péče na přechodnou dobu,dkod,4
115,2024,D19.5.1.1,Celkový počet dětí svěřených do pěstounské péče na přechodnou dobu,dkod,6
115,2025,D19.5.1.1,Celkový počet dětí svěřených do pěstounské péče na přechodnou dobu,dkod,10
115,2010,D19.5.2,Počet osob vykonávajících náhradní rodinnou péči,dkod,
115,2011,D19.5.2,Počet osob vykonávajících náhradní rodinnou péči,dkod,
115,2012,D19.5.2,Počet osob vykonávajících náhradní rodinnou péči,dkod,
115,2013,D19.5.2,Počet osob vykonávajících náhradní rodinnou péči,dkod,
115,2014,D19.5.2,Počet osob vykonávajících náhradní rodinnou péči,dkod,
115,2015,D19.5.2,Počet osob vykonávajících náhradní rodinnou péči,dkod,71
115,2016,D19.5.2,Počet osob vykonávajících náhradní rodinnou péči,dkod,78
115,2017,D19.5.2,Počet osob vykonávajících náhradní rodinnou péči,dkod,86
115,2018,D19.5.2,Počet osob vykonávajících náhradní rodinnou péči,dkod,86
115,2019,D19.5.2,Počet osob vykonávajících náhradní rodinnou péči,dkod,29
115,2020,D19.5.2,Počet osob vykonávajících náhradní rodinnou péči,dkod,86
115,2021,D19.5.2,Počet osob vykonávajících náhradní rodinnou péči,dkod,77
115,2022,D19.5.2,Počet osob vykonávajících náhradní rodinnou péči,dkod,76
115,2023,D19.5.2,Počet osob vykonávajících náhradní rodinnou péči,dkod,76
115,2024,D19.5.2,Počet osob vykonávajících náhradní rodinnou péči,dkod,10
115,2025,D19.5.2,Počet osob vykonávajících náhradní rodinnou péči,dkod,85
115,2010,D19.6,Počet dohod o výkonu pěstounské péče uzavřených OSPOD,dkod,
115,2011,D19.6,Počet dohod o výkonu pěstounské péče uzavřených OSPOD,dkod,
115,2012,D19.6,Počet dohod o výkonu pěstounské péče uzavřených OSPOD,dkod,
115,2013,D19.6,Počet dohod o výkonu pěstounské péče uzavřených OSPOD,dkod,
115,2014,D19.6,Počet dohod o výkonu pěstounské péče uzavřených OSPOD,dkod,
115,2015,D19.6,Počet dohod o výkonu pěstounské péče uzavřených OSPOD,dkod,0
115,2016,D19.6,Počet dohod o výkonu pěstounské péče uzavřených OSPOD,dkod,0
115,2017,D19.6,Počet dohod o výkonu pěstounské péče uzavřených OSPOD,dkod,0
115,2018,D19.6,Počet dohod o výkonu pěstounské péče uzavřených OSPOD,dkod,0
115,2019,D19.6,Počet dohod o výkonu pěstounské péče uzavřených OSPOD,dkod,0
115,2020,D19.6,Počet dohod o výkonu pěstounské péče uzavřených OSPOD,dkod,0
115,2021,D19.6,Počet dohod o výkonu pěstounské péče uzavřených OSPOD,dkod,0
115,2022,D19.6,Počet dohod o výkonu pěstounské péče uzavřených OSPOD,dkod,0
115,2023,D19.6,Počet dohod o výkonu pěstounské péče uzavřených OSPOD,dkod,0
115,2024,D19.6,Počet dohod o výkonu pěstounské péče uzavřených OSPOD,dkod,0
115,2025,D19.6,Počet dohod o výkonu pěstounské péče uzavřených OSPOD,dkod,0
115,2010,D19.7.1,Počet vypracovaných IPOD dětí dle § 6 zákona č. 359/1999 Sb.,dkod,
115,2011,D19.7.1,Počet vypracovaných IPOD dětí dle § 6 zákona č. 359/1999 Sb.,dkod,
115,2012,D19.7.1,Počet vypracovaných IPOD dětí dle § 6 zákona č. 359/1999 Sb.,dkod,
115,2013,D19.7.1,Počet vypracovaných IPOD dětí dle § 6 zákona č. 359/1999 Sb.,dkod,
115,2014,D19.7.1,Počet vypracovaných IPOD dětí dle § 6 zákona č. 359/1999 Sb.,dkod,
115,2015,D19.7.1,Počet vypracovaných IPOD dětí dle § 6 zákona č. 359/1999 Sb.,dkod,
115,2016,D19.7.1,Počet vypracovaných IPOD dětí dle § 6 zákona č. 359/1999 Sb.,dkod,
115,2017,D19.7.1,Počet vypracovaných IPOD dětí dle § 6 zákona č. 359/1999 Sb.,dkod,
115,2018,D19.7.1,Počet vypracovaných IPOD dětí dle § 6 zákona č. 359/1999 Sb.,dkod,
115,2019,D19.7.1,Počet vypracovaných IPOD dětí dle § 6 zákona č. 359/1999 Sb.,dkod,
115,2020,D19.7.1,Počet vypracovaných IPOD dětí dle § 6 zákona č. 359/1999 Sb.,dkod,
115,2021,D19.7.1,Počet vypracovaných IPOD dětí dle § 6 zákona č. 359/1999 Sb.,dkod,
115,2022,D19.7.1,Počet vypracovaných IPOD dětí dle § 6 zákona č. 359/1999 Sb.,dkod,182
115,2023,D19.7.1,Počet vypracovaných IPOD dětí dle § 6 zákona č. 359/1999 Sb.,dkod,230
115,2024,D19.7.1,Počet vypracovaných IPOD dětí dle § 6 zákona č. 359/1999 Sb.,dkod,258
115,2025,D19.7.1,Počet vypracovaných IPOD dětí dle § 6 zákona č. 359/1999 Sb.,dkod,276
115,2010,D19.8,Počet dětí umístěných v náhradní péči zařízení pro péči o děti,dkod,
115,2011,D19.8,Počet dětí umístěných v náhradní péči zařízení pro péči o děti,dkod,
115,2012,D19.8,Počet dětí umístěných v náhradní péči zařízení pro péči o děti,dkod,
115,2013,D19.8,Počet dětí umístěných v náhradní péči zařízení pro péči o děti,dkod,
115,2014,D19.8,Počet dětí umístěných v náhradní péči zařízení pro péči o děti,dkod,
115,2015,D19.8,Počet dětí umístěných v náhradní péči zařízení pro péči o děti,dkod,31
115,2016,D19.8,Počet dětí umístěných v náhradní péči zařízení pro péči o děti,dkod,29
115,2017,D19.8,Počet dětí umístěných v náhradní péči zařízení pro péči o děti,dkod,26
115,2018,D19.8,Počet dětí umístěných v náhradní péči zařízení pro péči o děti,dkod,17
115,2019,D19.8,Počet dětí umístěných v náhradní péči zařízení pro péči o děti,dkod,25
115,2020,D19.8,Počet dětí umístěných v náhradní péči zařízení pro péči o děti,dkod,17
115,2021,D19.8,Počet dětí umístěných v náhradní péči zařízení pro péči o děti,dkod,18
115,2022,D19.8,Počet dětí umístěných v náhradní péči zařízení pro péči o děti,dkod,12
115,2023,D19.8,Počet dětí umístěných v náhradní péči zařízení pro péči o děti,dkod,15
115,2024,D19.8,Počet dětí umístěných v náhradní péči zařízení pro péči o děti,dkod,14
115,2025,D19.8,Počet dětí umístěných v náhradní péči zařízení pro péči o děti,dkod,7
115,2010,D19.8.1,Celkový počet dětí umístěných v náhradní péči zařízení pro péči o děti,dkod,
115,2011,D19.8.1,Celkový počet dětí umístěných v náhradní péči zařízení pro péči o děti,dkod,
115,2012,D19.8.1,Celkový počet dětí umístěných v náhradní péči zařízení pro péči o děti,dkod,
115,2013,D19.8.1,Celkový počet dětí umístěných v náhradní péči zařízení pro péči o děti,dkod,
115,2014,D19.8.1,Celkový počet dětí umístěných v náhradní péči zařízení pro péči o děti,dkod,
115,2015,D19.8.1,Celkový počet dětí umístěných v náhradní péči zařízení pro péči o děti,dkod,
115,2016,D19.8.1,Celkový počet dětí umístěných v náhradní péči zařízení pro péči o děti,dkod,
115,2017,D19.8.1,Celkový počet dětí umístěných v náhradní péči zařízení pro péči o děti,dkod,
115,2018,D19.8.1,Celkový počet dětí umístěných v náhradní péči zařízení pro péči o děti,dkod,19
115,2019,D19.8.1,Celkový počet dětí umístěných v náhradní péči zařízení pro péči o děti,dkod,23
115,2020,D19.8.1,Celkový počet dětí umístěných v náhradní péči zařízení pro péči o děti,dkod,12
115,2021,D19.8.1,Celkový počet dětí umístěných v náhradní péči zařízení pro péči o děti,dkod,15
115,2022,D19.8.1,Celkový počet dětí umístěných v náhradní péči zařízení pro péči o děti,dkod,12
115,2023,D19.8.1,Celkový počet dětí umístěných v náhradní péči zařízení pro péči o děti,dkod,14
115,2024,D19.8.1,Celkový počet dětí umístěných v náhradní péči zařízení pro péči o děti,dkod,9
115,2025,D19.8.1,Celkový počet dětí umístěných v náhradní péči zařízení pro péči o děti,dkod,13
115,2010,D19.9,Počet pořádaných případových konferencí,dkod,
115,2011,D19.9,Počet pořádaných případových konferencí,dkod,
115,2012,D19.9,Počet pořádaných případových konferencí,dkod,
115,2013,D19.9,Počet pořádaných případových konferencí,dkod,
115,2014,D19.9,Počet pořádaných případových konferencí,dkod,
115,2015,D19.9,Počet pořádaných případových konferencí,dkod,2
115,2016,D19.9,Počet pořádaných případových konferencí,dkod,3
115,2017,D19.9,Počet pořádaných případových konferencí,dkod,4
115,2018,D19.9,Počet pořádaných případových konferencí,dkod,1
115,2019,D19.9,Počet pořádaných případových konferencí,dkod,3
115,2020,D19.9,Počet pořádaných případových konferencí,dkod,3
115,2021,D19.9,Počet pořádaných případových konferencí,dkod,5
115,2022,D19.9,Počet pořádaných případových konferencí,dkod,6
115,2023,D19.9,Počet pořádaných případových konferencí,dkod,11
115,2024,D19.9,Počet pořádaných případových konferencí,dkod,10
115,2025,D19.9,Počet pořádaných případových konferencí,dkod,6
115,2010,D19.10,"Počet dětí, u kterých byl soudem či OSPOD stanoven dohled",dkod,
115,2011,D19.10,"Počet dětí, u kterých byl soudem či OSPOD stanoven dohled",dkod,
115,2012,D19.10,"Počet dětí, u kterých byl soudem či OSPOD stanoven dohled",dkod,
115,2013,D19.10,"Počet dětí, u kterých byl soudem či OSPOD stanoven dohled",dkod,
115,2014,D19.10,"Počet dětí, u kterých byl soudem či OSPOD stanoven dohled",dkod,
115,2015,D19.10,"Počet dětí, u kterých byl soudem či OSPOD stanoven dohled",dkod,38
115,2016,D19.10,"Počet dětí, u kterých byl soudem či OSPOD stanoven dohled",dkod,35
115,2017,D19.10,"Počet dětí, u kterých byl soudem či OSPOD stanoven dohled",dkod,40
115,2018,D19.10,"Počet dětí, u kterých byl soudem či OSPOD stanoven dohled",dkod,40
115,2019,D19.10,"Počet dětí, u kterých byl soudem či OSPOD stanoven dohled",dkod,31
115,2020,D19.10,"Počet dětí, u kterých byl soudem či OSPOD stanoven dohled",dkod,22
115,2021,D19.10,"Počet dětí, u kterých byl soudem či OSPOD stanoven dohled",dkod,30
115,2022,D19.10,"Počet dětí, u kterých byl soudem či OSPOD stanoven dohled",dkod,27
115,2023,D19.10,"Počet dětí, u kterých byl soudem či OSPOD stanoven dohled",dkod,28
115,2024,D19.10,"Počet dětí, u kterých byl soudem či OSPOD stanoven dohled",dkod,28
115,2025,D19.10,"Počet dětí, u kterých byl soudem či OSPOD stanoven dohled",dkod,22
115,2010,D19.11,Počet zásahů v rámci pohotovostní služby OSPOD mimo pracovní dobu,dkod,
115,2011,D19.11,Počet zásahů v rámci pohotovostní služby OSPOD mimo pracovní dobu,dkod,
115,2012,D19.11,Počet zásahů v rámci pohotovostní služby OSPOD mimo pracovní dobu,dkod,
115,2013,D19.11,Počet zásahů v rámci pohotovostní služby OSPOD mimo pracovní dobu,dkod,
115,2014,D19.11,Počet zásahů v rámci pohotovostní služby OSPOD mimo pracovní dobu,dkod,
115,2015,D19.11,Počet zásahů v rámci pohotovostní služby OSPOD mimo pracovní dobu,dkod,1
115,2016,D19.11,Počet zásahů v rámci pohotovostní služby OSPOD mimo pracovní dobu,dkod,4
115,2017,D19.11,Počet zásahů v rámci pohotovostní služby OSPOD mimo pracovní dobu,dkod,1
115,2018,D19.11,Počet zásahů v rámci pohotovostní služby OSPOD mimo pracovní dobu,dkod,0
115,2019,D19.11,Počet zásahů v rámci pohotovostní služby OSPOD mimo pracovní dobu,dkod,4
115,2020,D19.11,Počet zásahů v rámci pohotovostní služby OSPOD mimo pracovní dobu,dkod,4
115,2021,D19.11,Počet zásahů v rámci pohotovostní služby OSPOD mimo pracovní dobu,dkod,2
115,2022,D19.11,Počet zásahů v rámci pohotovostní služby OSPOD mimo pracovní dobu,dkod,11
115,2023,D19.11,Počet zásahů v rámci pohotovostní služby OSPOD mimo pracovní dobu,dkod,18
115,2024,D19.11,Počet zásahů v rámci pohotovostní služby OSPOD mimo pracovní dobu,dkod,11
115,2025,D19.11,Počet zásahů v rámci pohotovostní služby OSPOD mimo pracovní dobu,dkod,9
115,2010,D19.12.1,VYPLŇTE POUZE POKUD PRŮKAZNĚ SLEDUJETE - SPOD - celkový počet sociálních šetření,dkod,
115,2011,D19.12.1,VYPLŇTE POUZE POKUD PRŮKAZNĚ SLEDUJETE - SPOD - celkový počet sociálních šetření,dkod,
115,2012,D19.12.1,VYPLŇTE POUZE POKUD PRŮKAZNĚ SLEDUJETE - SPOD - celkový počet sociálních šetření,dkod,
115,2013,D19.12.1,VYPLŇTE POUZE POKUD PRŮKAZNĚ SLEDUJETE - SPOD - celkový počet sociálních šetření,dkod,
115,2014,D19.12.1,VYPLŇTE POUZE POKUD PRŮKAZNĚ SLEDUJETE - SPOD - celkový počet sociálních šetření,dkod,
115,2015,D19.12.1,VYPLŇTE POUZE POKUD PRŮKAZNĚ SLEDUJETE - SPOD - celkový počet sociálních šetření,dkod,487
115,2016,D19.12.1,VYPLŇTE POUZE POKUD PRŮKAZNĚ SLEDUJETE - SPOD - celkový počet sociálních šetření,dkod,
115,2017,D19.12.1,VYPLŇTE POUZE POKUD PRŮKAZNĚ SLEDUJETE - SPOD - celkový počet sociálních šetření,dkod,
115,2018,D19.12.1,VYPLŇTE POUZE POKUD PRŮKAZNĚ SLEDUJETE - SPOD - celkový počet sociálních šetření,dkod,0
115,2019,D19.12.1,VYPLŇTE POUZE POKUD PRŮKAZNĚ SLEDUJETE - SPOD - celkový počet sociálních šetření,dkod,
115,2020,D19.12.1,VYPLŇTE POUZE POKUD PRŮKAZNĚ SLEDUJETE - SPOD - celkový počet sociálních šetření,dkod,0
115,2021,D19.12.1,VYPLŇTE POUZE POKUD PRŮKAZNĚ SLEDUJETE - SPOD - celkový počet sociálních šetření,dkod,
115,2022,D19.12.1,VYPLŇTE POUZE POKUD PRŮKAZNĚ SLEDUJETE - SPOD - celkový počet sociálních šetření,dkod,0
115,2023,D19.12.1,VYPLŇTE POUZE POKUD PRŮKAZNĚ SLEDUJETE - SPOD - celkový počet sociálních šetření,dkod,0
115,2024,D19.12.1,VYPLŇTE POUZE POKUD PRŮKAZNĚ SLEDUJETE - SPOD - celkový počet sociálních šetření,dkod,0
115,2025,D19.12.1,VYPLŇTE POUZE POKUD PRŮKAZNĚ SLEDUJETE - SPOD - celkový počet sociálních šetření,dkod,0
115,2010,D19.12.2,VYPLŇTE POUZE POKUD PRŮKAZNĚ SLEDUJETE - SPOD - celkový počet soudních jednání,dkod,
115,2011,D19.12.2,VYPLŇTE POUZE POKUD PRŮKAZNĚ SLEDUJETE - SPOD - celkový počet soudních jednání,dkod,
115,2012,D19.12.2,VYPLŇTE POUZE POKUD PRŮKAZNĚ SLEDUJETE - SPOD - celkový počet soudních jednání,dkod,
115,2013,D19.12.2,VYPLŇTE POUZE POKUD PRŮKAZNĚ SLEDUJETE - SPOD - celkový počet soudních jednání,dkod,
115,2014,D19.12.2,VYPLŇTE POUZE POKUD PRŮKAZNĚ SLEDUJETE - SPOD - celkový počet soudních jednání,dkod,
115,2015,D19.12.2,VYPLŇTE POUZE POKUD PRŮKAZNĚ SLEDUJETE - SPOD - celkový počet soudních jednání,dkod,
115,2016,D19.12.2,VYPLŇTE POUZE POKUD PRŮKAZNĚ SLEDUJETE - SPOD - celkový počet soudních jednání,dkod,
115,2017,D19.12.2,VYPLŇTE POUZE POKUD PRŮKAZNĚ SLEDUJETE - SPOD - celkový počet soudních jednání,dkod,
115,2018,D19.12.2,VYPLŇTE POUZE POKUD PRŮKAZNĚ SLEDUJETE - SPOD - celkový počet soudních jednání,dkod,337
115,2019,D19.12.2,VYPLŇTE POUZE POKUD PRŮKAZNĚ SLEDUJETE - SPOD - celkový počet soudních jednání,dkod,323
115,2020,D19.12.2,VYPLŇTE POUZE POKUD PRŮKAZNĚ SLEDUJETE - SPOD - celkový počet soudních jednání,dkod,0
115,2021,D19.12.2,VYPLŇTE POUZE POKUD PRŮKAZNĚ SLEDUJETE - SPOD - celkový počet soudních jednání,dkod,
115,2022,D19.12.2,VYPLŇTE POUZE POKUD PRŮKAZNĚ SLEDUJETE - SPOD - celkový počet soudních jednání,dkod,0
115,2023,D19.12.2,VYPLŇTE POUZE POKUD PRŮKAZNĚ SLEDUJETE - SPOD - celkový počet soudních jednání,dkod,0
115,2024,D19.12.2,VYPLŇTE POUZE POKUD PRŮKAZNĚ SLEDUJETE - SPOD - celkový počet soudních jednání,dkod,251
115,2025,D19.12.2,VYPLŇTE POUZE POKUD PRŮKAZNĚ SLEDUJETE - SPOD - celkový počet soudních jednání,dkod,274
115,2010,D19.13,Počet klientů kurátora pro děti a mládež,dkod,
115,2011,D19.13,Počet klientů kurátora pro děti a mládež,dkod,
115,2012,D19.13,Počet klientů kurátora pro děti a mládež,dkod,
115,2013,D19.13,Počet klientů kurátora pro děti a mládež,dkod,
115,2014,D19.13,Počet klientů kurátora pro děti a mládež,dkod,
115,2015,D19.13,Počet klientů kurátora pro děti a mládež,dkod,136
115,2016,D19.13,Počet klientů kurátora pro děti a mládež,dkod,105
115,2017,D19.13,Počet klientů kurátora pro děti a mládež,dkod,111
115,2018,D19.13,Počet klientů kurátora pro děti a mládež,dkod,97
115,2019,D19.13,Počet klientů kurátora pro děti a mládež,dkod,89
115,2020,D19.13,Počet klientů kurátora pro děti a mládež,dkod,53
115,2021,D19.13,Počet klientů kurátora pro děti a mládež,dkod,72
115,2022,D19.13,Počet klientů kurátora pro děti a mládež,dkod,68
115,2023,D19.13,Počet klientů kurátora pro děti a mládež,dkod,62
115,2024,D19.13,Počet klientů kurátora pro děti a mládež,dkod,96
115,2025,D19.13,Počet klientů kurátora pro děti a mládež,dkod,116
115,2010,D19.14,Počet zaměstnanců - pracovních úvazků agendy SPOD,dkod,
115,2011,D19.14,Počet zaměstnanců - pracovních úvazků agendy SPOD,dkod,
115,2012,D19.14,Počet zaměstnanců - pracovních úvazků agendy SPOD,dkod,
115,2013,D19.14,Počet zaměstnanců - pracovních úvazků agendy SPOD,dkod,
115,2014,D19.14,Počet zaměstnanců - pracovních úvazků agendy SPOD,dkod,
115,2015,D19.14,Počet zaměstnanců - pracovních úvazků agendy SPOD,dkod,9
115,2016,D19.14,Počet zaměstnanců - pracovních úvazků agendy SPOD,dkod,9.6
115,2017,D19.14,Počet zaměstnanců - pracovních úvazků agendy SPOD,dkod,8.3
115,2018,D19.14,Počet zaměstnanců - pracovních úvazků agendy SPOD,dkod,9
115,2019,D19.14,Počet zaměstnanců - pracovních úvazků agendy SPOD,dkod,8.86
115,2020,D19.14,Počet zaměstnanců - pracovních úvazků agendy SPOD,dkod,9
115,2021,D19.14,Počet zaměstnanců - pracovních úvazků agendy SPOD,dkod,9
115,2022,D19.14,Počet zaměstnanců - pracovních úvazků agendy SPOD,dkod,9
115,2023,D19.14,Počet zaměstnanců - pracovních úvazků agendy SPOD,dkod,8.74
115,2024,D19.14,Počet zaměstnanců - pracovních úvazků agendy SPOD,dkod,8.74
115,2025,D19.14,Počet zaměstnanců - pracovních úvazků agendy SPOD,dkod,9
115,2010,D19.14.1,z toho počet zaměstnanců - pracovních úvazků na zajištění náhradní rodinné péče,dkod,
115,2011,D19.14.1,z toho počet zaměstnanců - pracovních úvazků na zajištění náhradní rodinné péče,dkod,
115,2012,D19.14.1,z toho počet zaměstnanců - pracovních úvazků na zajištění náhradní rodinné péče,dkod,
115,2013,D19.14.1,z toho počet zaměstnanců - pracovních úvazků na zajištění náhradní rodinné péče,dkod,
115,2014,D19.14.1,z toho počet zaměstnanců - pracovních úvazků na zajištění náhradní rodinné péče,dkod,
115,2015,D19.14.1,z toho počet zaměstnanců - pracovních úvazků na zajištění náhradní rodinné péče,dkod,1.5
115,2016,D19.14.1,z toho počet zaměstnanců - pracovních úvazků na zajištění náhradní rodinné péče,dkod,1.5
115,2017,D19.14.1,z toho počet zaměstnanců - pracovních úvazků na zajištění náhradní rodinné péče,dkod,1.5
115,2018,D19.14.1,z toho počet zaměstnanců - pracovních úvazků na zajištění náhradní rodinné péče,dkod,1.5
115,2019,D19.14.1,z toho počet zaměstnanců - pracovních úvazků na zajištění náhradní rodinné péče,dkod,1.5
115,2020,D19.14.1,z toho počet zaměstnanců - pracovních úvazků na zajištění náhradní rodinné péče,dkod,1.5
115,2021,D19.14.1,z toho počet zaměstnanců - pracovních úvazků na zajištění náhradní rodinné péče,dkod,1.5
115,2022,D19.14.1,z toho počet zaměstnanců - pracovních úvazků na zajištění náhradní rodinné péče,dkod,1.5
115,2023,D19.14.1,z toho počet zaměstnanců - pracovních úvazků na zajištění náhradní rodinné péče,dkod,2
115,2024,D19.14.1,z toho počet zaměstnanců - pracovních úvazků na zajištění náhradní rodinné péče,dkod,2
115,2025,D19.14.1,z toho počet zaměstnanců - pracovních úvazků na zajištění náhradní rodinné péče,dkod,2
115,2010,D19.14.2,z toho počet zaměstnanců - pracovních úvazků na zajištění agendy kurátora pro děti a mládež,dkod,
115,2011,D19.14.2,z toho počet zaměstnanců - pracovních úvazků na zajištění agendy kurátora pro děti a mládež,dkod,
115,2012,D19.14.2,z toho počet zaměstnanců - pracovních úvazků na zajištění agendy kurátora pro děti a mládež,dkod,
115,2013,D19.14.2,z toho počet zaměstnanců - pracovních úvazků na zajištění agendy kurátora pro děti a mládež,dkod,
115,2014,D19.14.2,z toho počet zaměstnanců - pracovních úvazků na zajištění agendy kurátora pro děti a mládež,dkod,
115,2015,D19.14.2,z toho počet zaměstnanců - pracovních úvazků na zajištění agendy kurátora pro děti a mládež,dkod,1.5
115,2016,D19.14.2,z toho počet zaměstnanců - pracovních úvazků na zajištění agendy kurátora pro děti a mládež,dkod,1
115,2017,D19.14.2,z toho počet zaměstnanců - pracovních úvazků na zajištění agendy kurátora pro děti a mládež,dkod,1
115,2018,D19.14.2,z toho počet zaměstnanců - pracovních úvazků na zajištění agendy kurátora pro děti a mládež,dkod,1
115,2019,D19.14.2,z toho počet zaměstnanců - pracovních úvazků na zajištění agendy kurátora pro děti a mládež,dkod,1
115,2020,D19.14.2,z toho počet zaměstnanců - pracovních úvazků na zajištění agendy kurátora pro děti a mládež,dkod,1
115,2021,D19.14.2,z toho počet zaměstnanců - pracovních úvazků na zajištění agendy kurátora pro děti a mládež,dkod,1
115,2022,D19.14.2,z toho počet zaměstnanců - pracovních úvazků na zajištění agendy kurátora pro děti a mládež,dkod,1
115,2023,D19.14.2,z toho počet zaměstnanců - pracovních úvazků na zajištění agendy kurátora pro děti a mládež,dkod,1
115,2024,D19.14.2,z toho počet zaměstnanců - pracovních úvazků na zajištění agendy kurátora pro děti a mládež,dkod,1
115,2025,D19.14.2,z toho počet zaměstnanců - pracovních úvazků na zajištění agendy kurátora pro děti a mládež,dkod,1
115,2010,D19.14.3,Počet zaměstnanců - pracovních úvazků agendy SPOD (bez NRP a kurátora),dkod,
115,2011,D19.14.3,Počet zaměstnanců - pracovních úvazků agendy SPOD (bez NRP a kurátora),dkod,
115,2012,D19.14.3,Počet zaměstnanců - pracovních úvazků agendy SPOD (bez NRP a kurátora),dkod,
115,2013,D19.14.3,Počet zaměstnanců - pracovních úvazků agendy SPOD (bez NRP a kurátora),dkod,
115,2014,D19.14.3,Počet zaměstnanců - pracovních úvazků agendy SPOD (bez NRP a kurátora),dkod,
115,2015,D19.14.3,Počet zaměstnanců - pracovních úvazků agendy SPOD (bez NRP a kurátora),dkod,6
115,2016,D19.14.3,Počet zaměstnanců - pracovních úvazků agendy SPOD (bez NRP a kurátora),dkod,7.1
115,2017,D19.14.3,Počet zaměstnanců - pracovních úvazků agendy SPOD (bez NRP a kurátora),dkod,5.8
115,2018,D19.14.3,Počet zaměstnanců - pracovních úvazků agendy SPOD (bez NRP a kurátora),dkod,6.5
115,2019,D19.14.3,Počet zaměstnanců - pracovních úvazků agendy SPOD (bez NRP a kurátora),dkod,6.36
115,2020,D19.14.3,Počet zaměstnanců - pracovních úvazků agendy SPOD (bez NRP a kurátora),dkod,6.5
115,2021,D19.14.3,Počet zaměstnanců - pracovních úvazků agendy SPOD (bez NRP a kurátora),dkod,6.5
115,2022,D19.14.3,Počet zaměstnanců - pracovních úvazků agendy SPOD (bez NRP a kurátora),dkod,6.5
115,2023,D19.14.3,Počet zaměstnanců - pracovních úvazků agendy SPOD (bez NRP a kurátora),dkod,5.74
115,2024,D19.14.3,Počet zaměstnanců - pracovních úvazků agendy SPOD (bez NRP a kurátora),dkod,5.74
115,2025,D19.14.3,Počet zaměstnanců - pracovních úvazků agendy SPOD (bez NRP a kurátora),dkod,6
115,2010,D19.15,Skutečné náklady na výkon OSPOD dle vyúčtování dotace MPSV v tis. Kč,dkod,
115,2011,D19.15,Skutečné náklady na výkon OSPOD dle vyúčtování dotace MPSV v tis. Kč,dkod,
115,2012,D19.15,Skutečné náklady na výkon OSPOD dle vyúčtování dotace MPSV v tis. Kč,dkod,
115,2013,D19.15,Skutečné náklady na výkon OSPOD dle vyúčtování dotace MPSV v tis. Kč,dkod,
115,2014,D19.15,Skutečné náklady na výkon OSPOD dle vyúčtování dotace MPSV v tis. Kč,dkod,
115,2015,D19.15,Skutečné náklady na výkon OSPOD dle vyúčtování dotace MPSV v tis. Kč,dkod,3956
115,2016,D19.15,Skutečné náklady na výkon OSPOD dle vyúčtování dotace MPSV v tis. Kč,dkod,4468
115,2017,D19.15,Skutečné náklady na výkon OSPOD dle vyúčtování dotace MPSV v tis. Kč,dkod,4557
115,2018,D19.15,Skutečné náklady na výkon OSPOD dle vyúčtování dotace MPSV v tis. Kč,dkod,4423
115,2019,D19.15,Skutečné náklady na výkon OSPOD dle vyúčtování dotace MPSV v tis. Kč,dkod,5007
115,2020,D19.15,Skutečné náklady na výkon OSPOD dle vyúčtování dotace MPSV v tis. Kč,dkod,5549
115,2021,D19.15,Skutečné náklady na výkon OSPOD dle vyúčtování dotace MPSV v tis. Kč,dkod,5811
115,2022,D19.15,Skutečné náklady na výkon OSPOD dle vyúčtování dotace MPSV v tis. Kč,dkod,5826
115,2023,D19.15,Skutečné náklady na výkon OSPOD dle vyúčtování dotace MPSV v tis. Kč,dkod,6586
115,2024,D19.15,Skutečné náklady na výkon OSPOD dle vyúčtování dotace MPSV v tis. Kč,dkod,6915
115,2025,D19.15,Skutečné náklady na výkon OSPOD dle vyúčtování dotace MPSV v tis. Kč,dkod,7296
115,2010,D19.16.1,ZVLÁŠTNÍ PŘÍJEMCE DÁVEK DŮCHODOVÉHO POJIŠTĚNÍ - počet správních rozhodnutí,dkod,
115,2011,D19.16.1,ZVLÁŠTNÍ PŘÍJEMCE DÁVEK DŮCHODOVÉHO POJIŠTĚNÍ - počet správních rozhodnutí,dkod,
115,2012,D19.16.1,ZVLÁŠTNÍ PŘÍJEMCE DÁVEK DŮCHODOVÉHO POJIŠTĚNÍ - počet správních rozhodnutí,dkod,
115,2013,D19.16.1,ZVLÁŠTNÍ PŘÍJEMCE DÁVEK DŮCHODOVÉHO POJIŠTĚNÍ - počet správních rozhodnutí,dkod,
115,2014,D19.16.1,ZVLÁŠTNÍ PŘÍJEMCE DÁVEK DŮCHODOVÉHO POJIŠTĚNÍ - počet správních rozhodnutí,dkod,
115,2015,D19.16.1,ZVLÁŠTNÍ PŘÍJEMCE DÁVEK DŮCHODOVÉHO POJIŠTĚNÍ - počet správních rozhodnutí,dkod,17
115,2016,D19.16.1,ZVLÁŠTNÍ PŘÍJEMCE DÁVEK DŮCHODOVÉHO POJIŠTĚNÍ - počet správních rozhodnutí,dkod,9
115,2017,D19.16.1,ZVLÁŠTNÍ PŘÍJEMCE DÁVEK DŮCHODOVÉHO POJIŠTĚNÍ - počet správních rozhodnutí,dkod,14
115,2018,D19.16.1,ZVLÁŠTNÍ PŘÍJEMCE DÁVEK DŮCHODOVÉHO POJIŠTĚNÍ - počet správních rozhodnutí,dkod,11
115,2019,D19.16.1,ZVLÁŠTNÍ PŘÍJEMCE DÁVEK DŮCHODOVÉHO POJIŠTĚNÍ - počet správních rozhodnutí,dkod,7
115,2020,D19.16.1,ZVLÁŠTNÍ PŘÍJEMCE DÁVEK DŮCHODOVÉHO POJIŠTĚNÍ - počet správních rozhodnutí,dkod,1
115,2021,D19.16.1,ZVLÁŠTNÍ PŘÍJEMCE DÁVEK DŮCHODOVÉHO POJIŠTĚNÍ - počet správních rozhodnutí,dkod,2
115,2022,D19.16.1,ZVLÁŠTNÍ PŘÍJEMCE DÁVEK DŮCHODOVÉHO POJIŠTĚNÍ - počet správních rozhodnutí,dkod,4
115,2023,D19.16.1,ZVLÁŠTNÍ PŘÍJEMCE DÁVEK DŮCHODOVÉHO POJIŠTĚNÍ - počet správních rozhodnutí,dkod,0
115,2024,D19.16.1,ZVLÁŠTNÍ PŘÍJEMCE DÁVEK DŮCHODOVÉHO POJIŠTĚNÍ - počet správních rozhodnutí,dkod,0
115,2025,D19.16.1,ZVLÁŠTNÍ PŘÍJEMCE DÁVEK DŮCHODOVÉHO POJIŠTĚNÍ - počet správních rozhodnutí,dkod,2
115,2010,D19.16.2,ZVLÁŠTNÍ PŘÍJEMCE DÁVEK DŮCHODOVÉHO POJIŠTĚNÍ - počet evidovaných zvláštních příjemců dávek důchodového pojištění,dkod,
115,2011,D19.16.2,ZVLÁŠTNÍ PŘÍJEMCE DÁVEK DŮCHODOVÉHO POJIŠTĚNÍ - počet evidovaných zvláštních příjemců dávek důchodového pojištění,dkod,
115,2012,D19.16.2,ZVLÁŠTNÍ PŘÍJEMCE DÁVEK DŮCHODOVÉHO POJIŠTĚNÍ - počet evidovaných zvláštních příjemců dávek důchodového pojištění,dkod,
115,2013,D19.16.2,ZVLÁŠTNÍ PŘÍJEMCE DÁVEK DŮCHODOVÉHO POJIŠTĚNÍ - počet evidovaných zvláštních příjemců dávek důchodového pojištění,dkod,
115,2014,D19.16.2,ZVLÁŠTNÍ PŘÍJEMCE DÁVEK DŮCHODOVÉHO POJIŠTĚNÍ - počet evidovaných zvláštních příjemců dávek důchodového pojištění,dkod,
115,2015,D19.16.2,ZVLÁŠTNÍ PŘÍJEMCE DÁVEK DŮCHODOVÉHO POJIŠTĚNÍ - počet evidovaných zvláštních příjemců dávek důchodového pojištění,dkod,15
115,2016,D19.16.2,ZVLÁŠTNÍ PŘÍJEMCE DÁVEK DŮCHODOVÉHO POJIŠTĚNÍ - počet evidovaných zvláštních příjemců dávek důchodového pojištění,dkod,20
115,2017,D19.16.2,ZVLÁŠTNÍ PŘÍJEMCE DÁVEK DŮCHODOVÉHO POJIŠTĚNÍ - počet evidovaných zvláštních příjemců dávek důchodového pojištění,dkod,24
115,2018,D19.16.2,ZVLÁŠTNÍ PŘÍJEMCE DÁVEK DŮCHODOVÉHO POJIŠTĚNÍ - počet evidovaných zvláštních příjemců dávek důchodového pojištění,dkod,23
115,2019,D19.16.2,ZVLÁŠTNÍ PŘÍJEMCE DÁVEK DŮCHODOVÉHO POJIŠTĚNÍ - počet evidovaných zvláštních příjemců dávek důchodového pojištění,dkod,15
115,2020,D19.16.2,ZVLÁŠTNÍ PŘÍJEMCE DÁVEK DŮCHODOVÉHO POJIŠTĚNÍ - počet evidovaných zvláštních příjemců dávek důchodového pojištění,dkod,16
115,2021,D19.16.2,ZVLÁŠTNÍ PŘÍJEMCE DÁVEK DŮCHODOVÉHO POJIŠTĚNÍ - počet evidovaných zvláštních příjemců dávek důchodového pojištění,dkod,11
115,2022,D19.16.2,ZVLÁŠTNÍ PŘÍJEMCE DÁVEK DŮCHODOVÉHO POJIŠTĚNÍ - počet evidovaných zvláštních příjemců dávek důchodového pojištění,dkod,13
115,2023,D19.16.2,ZVLÁŠTNÍ PŘÍJEMCE DÁVEK DŮCHODOVÉHO POJIŠTĚNÍ - počet evidovaných zvláštních příjemců dávek důchodového pojištění,dkod,11
115,2024,D19.16.2,ZVLÁŠTNÍ PŘÍJEMCE DÁVEK DŮCHODOVÉHO POJIŠTĚNÍ - počet evidovaných zvláštních příjemců dávek důchodového pojištění,dkod,9
115,2025,D19.16.2,ZVLÁŠTNÍ PŘÍJEMCE DÁVEK DŮCHODOVÉHO POJIŠTĚNÍ - počet evidovaných zvláštních příjemců dávek důchodového pojištění,dkod,9
115,2010,D19.17.1,VEŘEJNÉ OPATROVNICTVÍ - počet opatrovanců,dkod,
115,2011,D19.17.1,VEŘEJNÉ OPATROVNICTVÍ - počet opatrovanců,dkod,
115,2012,D19.17.1,VEŘEJNÉ OPATROVNICTVÍ - počet opatrovanců,dkod,
115,2013,D19.17.1,VEŘEJNÉ OPATROVNICTVÍ - počet opatrovanců,dkod,
115,2014,D19.17.1,VEŘEJNÉ OPATROVNICTVÍ - počet opatrovanců,dkod,
115,2015,D19.17.1,VEŘEJNÉ OPATROVNICTVÍ - počet opatrovanců,dkod,13
115,2016,D19.17.1,VEŘEJNÉ OPATROVNICTVÍ - počet opatrovanců,dkod,16
115,2017,D19.17.1,VEŘEJNÉ OPATROVNICTVÍ - počet opatrovanců,dkod,21
115,2018,D19.17.1,VEŘEJNÉ OPATROVNICTVÍ - počet opatrovanců,dkod,21
115,2019,D19.17.1,VEŘEJNÉ OPATROVNICTVÍ - počet opatrovanců,dkod,21
115,2020,D19.17.1,VEŘEJNÉ OPATROVNICTVÍ - počet opatrovanců,dkod,20
115,2021,D19.17.1,VEŘEJNÉ OPATROVNICTVÍ - počet opatrovanců,dkod,18
115,2022,D19.17.1,VEŘEJNÉ OPATROVNICTVÍ - počet opatrovanců,dkod,23
115,2023,D19.17.1,VEŘEJNÉ OPATROVNICTVÍ - počet opatrovanců,dkod,22
115,2024,D19.17.1,VEŘEJNÉ OPATROVNICTVÍ - počet opatrovanců,dkod,24
115,2025,D19.17.1,VEŘEJNÉ OPATROVNICTVÍ - počet opatrovanců,dkod,23
115,2010,D19.17.2,VEŘEJNÉ OPATROVNICTVÍ - z toho počet opatrovanců v pobytových zařízeních,dkod,
115,2011,D19.17.2,VEŘEJNÉ OPATROVNICTVÍ - z toho počet opatrovanců v pobytových zařízeních,dkod,
115,2012,D19.17.2,VEŘEJNÉ OPATROVNICTVÍ - z toho počet opatrovanců v pobytových zařízeních,dkod,
115,2013,D19.17.2,VEŘEJNÉ OPATROVNICTVÍ - z toho počet opatrovanců v pobytových zařízeních,dkod,
115,2014,D19.17.2,VEŘEJNÉ OPATROVNICTVÍ - z toho počet opatrovanců v pobytových zařízeních,dkod,
115,2015,D19.17.2,VEŘEJNÉ OPATROVNICTVÍ - z toho počet opatrovanců v pobytových zařízeních,dkod,2
115,2016,D19.17.2,VEŘEJNÉ OPATROVNICTVÍ - z toho počet opatrovanců v pobytových zařízeních,dkod,4
115,2017,D19.17.2,VEŘEJNÉ OPATROVNICTVÍ - z toho počet opatrovanců v pobytových zařízeních,dkod,8
115,2018,D19.17.2,VEŘEJNÉ OPATROVNICTVÍ - z toho počet opatrovanců v pobytových zařízeních,dkod,9
115,2019,D19.17.2,VEŘEJNÉ OPATROVNICTVÍ - z toho počet opatrovanců v pobytových zařízeních,dkod,7
115,2020,D19.17.2,VEŘEJNÉ OPATROVNICTVÍ - z toho počet opatrovanců v pobytových zařízeních,dkod,6
115,2021,D19.17.2,VEŘEJNÉ OPATROVNICTVÍ - z toho počet opatrovanců v pobytových zařízeních,dkod,6
115,2022,D19.17.2,VEŘEJNÉ OPATROVNICTVÍ - z toho počet opatrovanců v pobytových zařízeních,dkod,8
115,2023,D19.17.2,VEŘEJNÉ OPATROVNICTVÍ - z toho počet opatrovanců v pobytových zařízeních,dkod,8
115,2024,D19.17.2,VEŘEJNÉ OPATROVNICTVÍ - z toho počet opatrovanců v pobytových zařízeních,dkod,9
115,2025,D19.17.2,VEŘEJNÉ OPATROVNICTVÍ - z toho počet opatrovanců v pobytových zařízeních,dkod,8
115,2010,D19.17.3,VEŘEJNÉ OPATROVNICTVÍ - počty návštěv,dkod,
115,2011,D19.17.3,VEŘEJNÉ OPATROVNICTVÍ - počty návštěv,dkod,
115,2012,D19.17.3,VEŘEJNÉ OPATROVNICTVÍ - počty návštěv,dkod,
115,2013,D19.17.3,VEŘEJNÉ OPATROVNICTVÍ - počty návštěv,dkod,
115,2014,D19.17.3,VEŘEJNÉ OPATROVNICTVÍ - počty návštěv,dkod,
115,2015,D19.17.3,VEŘEJNÉ OPATROVNICTVÍ - počty návštěv,dkod,991
115,2016,D19.17.3,VEŘEJNÉ OPATROVNICTVÍ - počty návštěv,dkod,1192
115,2017,D19.17.3,VEŘEJNÉ OPATROVNICTVÍ - počty návštěv,dkod,742
115,2018,D19.17.3,VEŘEJNÉ OPATROVNICTVÍ - počty návštěv,dkod,1177
115,2019,D19.17.3,VEŘEJNÉ OPATROVNICTVÍ - počty návštěv,dkod,1484
115,2020,D19.17.3,VEŘEJNÉ OPATROVNICTVÍ - počty návštěv,dkod,663
115,2021,D19.17.3,VEŘEJNÉ OPATROVNICTVÍ - počty návštěv,dkod,923
115,2022,D19.17.3,VEŘEJNÉ OPATROVNICTVÍ - počty návštěv,dkod,611
115,2023,D19.17.3,VEŘEJNÉ OPATROVNICTVÍ - počty návštěv,dkod,830
115,2024,D19.17.3,VEŘEJNÉ OPATROVNICTVÍ - počty návštěv,dkod,815
115,2025,D19.17.3,VEŘEJNÉ OPATROVNICTVÍ - počty návštěv,dkod,657
115,2010,D19.17.4,OPATROVNICTVÍ - počet sociálních šetření na dožádání ve věci opatrovnictví,dkod,
115,2011,D19.17.4,OPATROVNICTVÍ - počet sociálních šetření na dožádání ve věci opatrovnictví,dkod,
115,2012,D19.17.4,OPATROVNICTVÍ - počet sociálních šetření na dožádání ve věci opatrovnictví,dkod,
115,2013,D19.17.4,OPATROVNICTVÍ - počet sociálních šetření na dožádání ve věci opatrovnictví,dkod,
115,2014,D19.17.4,OPATROVNICTVÍ - počet sociálních šetření na dožádání ve věci opatrovnictví,dkod,
115,2015,D19.17.4,OPATROVNICTVÍ - počet sociálních šetření na dožádání ve věci opatrovnictví,dkod,29
115,2016,D19.17.4,OPATROVNICTVÍ - počet sociálních šetření na dožádání ve věci opatrovnictví,dkod,30
115,2017,D19.17.4,OPATROVNICTVÍ - počet sociálních šetření na dožádání ve věci opatrovnictví,dkod,32
115,2018,D19.17.4,OPATROVNICTVÍ - počet sociálních šetření na dožádání ve věci opatrovnictví,dkod,32
115,2019,D19.17.4,OPATROVNICTVÍ - počet sociálních šetření na dožádání ve věci opatrovnictví,dkod,30
115,2020,D19.17.4,OPATROVNICTVÍ - počet sociálních šetření na dožádání ve věci opatrovnictví,dkod,45
115,2021,D19.17.4,OPATROVNICTVÍ - počet sociálních šetření na dožádání ve věci opatrovnictví,dkod,42
115,2022,D19.17.4,OPATROVNICTVÍ - počet sociálních šetření na dožádání ve věci opatrovnictví,dkod,41
115,2023,D19.17.4,OPATROVNICTVÍ - počet sociálních šetření na dožádání ve věci opatrovnictví,dkod,52
115,2024,D19.17.4,OPATROVNICTVÍ - počet sociálních šetření na dožádání ve věci opatrovnictví,dkod,60
115,2025,D19.17.4,OPATROVNICTVÍ - počet sociálních šetření na dožádání ve věci opatrovnictví,dkod,74
115,2010,D19.17.5,VEŘEJNÉ OPATROVNICTVÍ - počet úvazků zaměstnanců,dkod,
115,2011,D19.17.5,VEŘEJNÉ OPATROVNICTVÍ - počet úvazků zaměstnanců,dkod,
115,2012,D19.17.5,VEŘEJNÉ OPATROVNICTVÍ - počet úvazků zaměstnanců,dkod,
115,2013,D19.17.5,VEŘEJNÉ OPATROVNICTVÍ - počet úvazků zaměstnanců,dkod,
115,2014,D19.17.5,VEŘEJNÉ OPATROVNICTVÍ - počet úvazků zaměstnanců,dkod,
115,2015,D19.17.5,VEŘEJNÉ OPATROVNICTVÍ - počet úvazků zaměstnanců,dkod,1.3
115,2016,D19.17.5,VEŘEJNÉ OPATROVNICTVÍ - počet úvazků zaměstnanců,dkod,1.3
115,2017,D19.17.5,VEŘEJNÉ OPATROVNICTVÍ - počet úvazků zaměstnanců,dkod,1.5
115,2018,D19.17.5,VEŘEJNÉ OPATROVNICTVÍ - počet úvazků zaměstnanců,dkod,1.4
115,2019,D19.17.5,VEŘEJNÉ OPATROVNICTVÍ - počet úvazků zaměstnanců,dkod,1.4
115,2020,D19.17.5,VEŘEJNÉ OPATROVNICTVÍ - počet úvazků zaměstnanců,dkod,1.3
115,2021,D19.17.5,VEŘEJNÉ OPATROVNICTVÍ - počet úvazků zaměstnanců,dkod,1.3
115,2022,D19.17.5,VEŘEJNÉ OPATROVNICTVÍ - počet úvazků zaměstnanců,dkod,1.3
115,2023,D19.17.5,VEŘEJNÉ OPATROVNICTVÍ - počet úvazků zaměstnanců,dkod,1.3
115,2024,D19.17.5,VEŘEJNÉ OPATROVNICTVÍ - počet úvazků zaměstnanců,dkod,1.3
115,2025,D19.17.5,VEŘEJNÉ OPATROVNICTVÍ - počet úvazků zaměstnanců,dkod,1.3
115,2010,D19.18.1,SOCIÁLNÍ PRÁCE - OHROŽENÉ A VYLOUČENÉ OSOBY - počet spisů,dkod,
115,2011,D19.18.1,SOCIÁLNÍ PRÁCE - OHROŽENÉ A VYLOUČENÉ OSOBY - počet spisů,dkod,
115,2012,D19.18.1,SOCIÁLNÍ PRÁCE - OHROŽENÉ A VYLOUČENÉ OSOBY - počet spisů,dkod,
115,2013,D19.18.1,SOCIÁLNÍ PRÁCE - OHROŽENÉ A VYLOUČENÉ OSOBY - počet spisů,dkod,
115,2014,D19.18.1,SOCIÁLNÍ PRÁCE - OHROŽENÉ A VYLOUČENÉ OSOBY - počet spisů,dkod,
115,2015,D19.18.1,SOCIÁLNÍ PRÁCE - OHROŽENÉ A VYLOUČENÉ OSOBY - počet spisů,dkod,1656
115,2016,D19.18.1,SOCIÁLNÍ PRÁCE - OHROŽENÉ A VYLOUČENÉ OSOBY - počet spisů,dkod,319
115,2017,D19.18.1,SOCIÁLNÍ PRÁCE - OHROŽENÉ A VYLOUČENÉ OSOBY - počet spisů,dkod,305
115,2018,D19.18.1,SOCIÁLNÍ PRÁCE - OHROŽENÉ A VYLOUČENÉ OSOBY - počet spisů,dkod,296
115,2019,D19.18.1,SOCIÁLNÍ PRÁCE - OHROŽENÉ A VYLOUČENÉ OSOBY - počet spisů,dkod,71
115,2020,D19.18.1,SOCIÁLNÍ PRÁCE - OHROŽENÉ A VYLOUČENÉ OSOBY - počet spisů,dkod,336
115,2021,D19.18.1,SOCIÁLNÍ PRÁCE - OHROŽENÉ A VYLOUČENÉ OSOBY - počet spisů,dkod,312
115,2022,D19.18.1,SOCIÁLNÍ PRÁCE - OHROŽENÉ A VYLOUČENÉ OSOBY - počet spisů,dkod,386
115,2023,D19.18.1,SOCIÁLNÍ PRÁCE - OHROŽENÉ A VYLOUČENÉ OSOBY - počet spisů,dkod,339
115,2024,D19.18.1,SOCIÁLNÍ PRÁCE - OHROŽENÉ A VYLOUČENÉ OSOBY - počet spisů,dkod,351
115,2025,D19.18.1,SOCIÁLNÍ PRÁCE - OHROŽENÉ A VYLOUČENÉ OSOBY - počet spisů,dkod,306
115,2010,D19.18.2,SOCIÁLNÍ PRÁCE - OHROŽENÉ A VYLOUČENÉ OSOBY - počet anonymních klientů,dkod,
115,2011,D19.18.2,SOCIÁLNÍ PRÁCE - OHROŽENÉ A VYLOUČENÉ OSOBY - počet anonymních klientů,dkod,
115,2012,D19.18.2,SOCIÁLNÍ PRÁCE - OHROŽENÉ A VYLOUČENÉ OSOBY - počet anonymních klientů,dkod,
115,2013,D19.18.2,SOCIÁLNÍ PRÁCE - OHROŽENÉ A VYLOUČENÉ OSOBY - počet anonymních klientů,dkod,
115,2014,D19.18.2,SOCIÁLNÍ PRÁCE - OHROŽENÉ A VYLOUČENÉ OSOBY - počet anonymních klientů,dkod,
115,2015,D19.18.2,SOCIÁLNÍ PRÁCE - OHROŽENÉ A VYLOUČENÉ OSOBY - počet anonymních klientů,dkod,399
115,2016,D19.18.2,SOCIÁLNÍ PRÁCE - OHROŽENÉ A VYLOUČENÉ OSOBY - počet anonymních klientů,dkod,418
115,2017,D19.18.2,SOCIÁLNÍ PRÁCE - OHROŽENÉ A VYLOUČENÉ OSOBY - počet anonymních klientů,dkod,467
115,2018,D19.18.2,SOCIÁLNÍ PRÁCE - OHROŽENÉ A VYLOUČENÉ OSOBY - počet anonymních klientů,dkod,222
115,2019,D19.18.2,SOCIÁLNÍ PRÁCE - OHROŽENÉ A VYLOUČENÉ OSOBY - počet anonymních klientů,dkod,761
115,2020,D19.18.2,SOCIÁLNÍ PRÁCE - OHROŽENÉ A VYLOUČENÉ OSOBY - počet anonymních klientů,dkod,407
115,2021,D19.18.2,SOCIÁLNÍ PRÁCE - OHROŽENÉ A VYLOUČENÉ OSOBY - počet anonymních klientů,dkod,817
115,2022,D19.18.2,SOCIÁLNÍ PRÁCE - OHROŽENÉ A VYLOUČENÉ OSOBY - počet anonymních klientů,dkod,245
115,2023,D19.18.2,SOCIÁLNÍ PRÁCE - OHROŽENÉ A VYLOUČENÉ OSOBY - počet anonymních klientů,dkod,577
115,2024,D19.18.2,SOCIÁLNÍ PRÁCE - OHROŽENÉ A VYLOUČENÉ OSOBY - počet anonymních klientů,dkod,191
115,2025,D19.18.2,SOCIÁLNÍ PRÁCE - OHROŽENÉ A VYLOUČENÉ OSOBY - počet anonymních klientů,dkod,780
115,2010,D19.18.3,SOCIÁLNÍ PRÁCE - OHROŽENÉ A VYLOUČENÉ OSOBY - počet sociálních šetření,dkod,
115,2011,D19.18.3,SOCIÁLNÍ PRÁCE - OHROŽENÉ A VYLOUČENÉ OSOBY - počet sociálních šetření,dkod,
115,2012,D19.18.3,SOCIÁLNÍ PRÁCE - OHROŽENÉ A VYLOUČENÉ OSOBY - počet sociálních šetření,dkod,
115,2013,D19.18.3,SOCIÁLNÍ PRÁCE - OHROŽENÉ A VYLOUČENÉ OSOBY - počet sociálních šetření,dkod,
115,2014,D19.18.3,SOCIÁLNÍ PRÁCE - OHROŽENÉ A VYLOUČENÉ OSOBY - počet sociálních šetření,dkod,
115,2015,D19.18.3,SOCIÁLNÍ PRÁCE - OHROŽENÉ A VYLOUČENÉ OSOBY - počet sociálních šetření,dkod,400
115,2016,D19.18.3,SOCIÁLNÍ PRÁCE - OHROŽENÉ A VYLOUČENÉ OSOBY - počet sociálních šetření,dkod,428
115,2017,D19.18.3,SOCIÁLNÍ PRÁCE - OHROŽENÉ A VYLOUČENÉ OSOBY - počet sociálních šetření,dkod,509
115,2018,D19.18.3,SOCIÁLNÍ PRÁCE - OHROŽENÉ A VYLOUČENÉ OSOBY - počet sociálních šetření,dkod,485
115,2019,D19.18.3,SOCIÁLNÍ PRÁCE - OHROŽENÉ A VYLOUČENÉ OSOBY - počet sociálních šetření,dkod,475
115,2020,D19.18.3,SOCIÁLNÍ PRÁCE - OHROŽENÉ A VYLOUČENÉ OSOBY - počet sociálních šetření,dkod,410
115,2021,D19.18.3,SOCIÁLNÍ PRÁCE - OHROŽENÉ A VYLOUČENÉ OSOBY - počet sociálních šetření,dkod,580
115,2022,D19.18.3,SOCIÁLNÍ PRÁCE - OHROŽENÉ A VYLOUČENÉ OSOBY - počet sociálních šetření,dkod,619
115,2023,D19.18.3,SOCIÁLNÍ PRÁCE - OHROŽENÉ A VYLOUČENÉ OSOBY - počet sociálních šetření,dkod,511
115,2024,D19.18.3,SOCIÁLNÍ PRÁCE - OHROŽENÉ A VYLOUČENÉ OSOBY - počet sociálních šetření,dkod,753
115,2025,D19.18.3,SOCIÁLNÍ PRÁCE - OHROŽENÉ A VYLOUČENÉ OSOBY - počet sociálních šetření,dkod,570
115,2010,D19.18.4,SOCIÁLNÍ PRÁCE - OHROŽENÉ A VYLOUČENÉ OSOBY - počet úvazků zaměstnanců,dkod,
115,2011,D19.18.4,SOCIÁLNÍ PRÁCE - OHROŽENÉ A VYLOUČENÉ OSOBY - počet úvazků zaměstnanců,dkod,
115,2012,D19.18.4,SOCIÁLNÍ PRÁCE - OHROŽENÉ A VYLOUČENÉ OSOBY - počet úvazků zaměstnanců,dkod,
115,2013,D19.18.4,SOCIÁLNÍ PRÁCE - OHROŽENÉ A VYLOUČENÉ OSOBY - počet úvazků zaměstnanců,dkod,
115,2014,D19.18.4,SOCIÁLNÍ PRÁCE - OHROŽENÉ A VYLOUČENÉ OSOBY - počet úvazků zaměstnanců,dkod,
115,2015,D19.18.4,SOCIÁLNÍ PRÁCE - OHROŽENÉ A VYLOUČENÉ OSOBY - počet úvazků zaměstnanců,dkod,3.95
115,2016,D19.18.4,SOCIÁLNÍ PRÁCE - OHROŽENÉ A VYLOUČENÉ OSOBY - počet úvazků zaměstnanců,dkod,3.95
115,2017,D19.18.4,SOCIÁLNÍ PRÁCE - OHROŽENÉ A VYLOUČENÉ OSOBY - počet úvazků zaměstnanců,dkod,3.95
115,2018,D19.18.4,SOCIÁLNÍ PRÁCE - OHROŽENÉ A VYLOUČENÉ OSOBY - počet úvazků zaměstnanců,dkod,3.7
115,2019,D19.18.4,SOCIÁLNÍ PRÁCE - OHROŽENÉ A VYLOUČENÉ OSOBY - počet úvazků zaměstnanců,dkod,3.75
115,2020,D19.18.4,SOCIÁLNÍ PRÁCE - OHROŽENÉ A VYLOUČENÉ OSOBY - počet úvazků zaměstnanců,dkod,3.85
115,2021,D19.18.4,SOCIÁLNÍ PRÁCE - OHROŽENÉ A VYLOUČENÉ OSOBY - počet úvazků zaměstnanců,dkod,3.9
115,2022,D19.18.4,SOCIÁLNÍ PRÁCE - OHROŽENÉ A VYLOUČENÉ OSOBY - počet úvazků zaměstnanců,dkod,3.9
115,2023,D19.18.4,SOCIÁLNÍ PRÁCE - OHROŽENÉ A VYLOUČENÉ OSOBY - počet úvazků zaměstnanců,dkod,4.1
115,2024,D19.18.4,SOCIÁLNÍ PRÁCE - OHROŽENÉ A VYLOUČENÉ OSOBY - počet úvazků zaměstnanců,dkod,4.1
115,2025,D19.18.4,SOCIÁLNÍ PRÁCE - OHROŽENÉ A VYLOUČENÉ OSOBY - počet úvazků zaměstnanců,dkod,4.1
115,2010,D19.19.1,SOCIÁLNÍ KURATELA - OSOBY VE VÝKONU VAZBY A TRESTU ODNĚTÍ SVOBODY - počet návštěv ve věznicích,dkod,
115,2011,D19.19.1,SOCIÁLNÍ KURATELA - OSOBY VE VÝKONU VAZBY A TRESTU ODNĚTÍ SVOBODY - počet návštěv ve věznicích,dkod,
115,2012,D19.19.1,SOCIÁLNÍ KURATELA - OSOBY VE VÝKONU VAZBY A TRESTU ODNĚTÍ SVOBODY - počet návštěv ve věznicích,dkod,
115,2013,D19.19.1,SOCIÁLNÍ KURATELA - OSOBY VE VÝKONU VAZBY A TRESTU ODNĚTÍ SVOBODY - počet návštěv ve věznicích,dkod,
115,2014,D19.19.1,SOCIÁLNÍ KURATELA - OSOBY VE VÝKONU VAZBY A TRESTU ODNĚTÍ SVOBODY - počet návštěv ve věznicích,dkod,
115,2015,D19.19.1,SOCIÁLNÍ KURATELA - OSOBY VE VÝKONU VAZBY A TRESTU ODNĚTÍ SVOBODY - počet návštěv ve věznicích,dkod,0
115,2016,D19.19.1,SOCIÁLNÍ KURATELA - OSOBY VE VÝKONU VAZBY A TRESTU ODNĚTÍ SVOBODY - počet návštěv ve věznicích,dkod,1
115,2017,D19.19.1,SOCIÁLNÍ KURATELA - OSOBY VE VÝKONU VAZBY A TRESTU ODNĚTÍ SVOBODY - počet návštěv ve věznicích,dkod,0
115,2018,D19.19.1,SOCIÁLNÍ KURATELA - OSOBY VE VÝKONU VAZBY A TRESTU ODNĚTÍ SVOBODY - počet návštěv ve věznicích,dkod,1
115,2019,D19.19.1,SOCIÁLNÍ KURATELA - OSOBY VE VÝKONU VAZBY A TRESTU ODNĚTÍ SVOBODY - počet návštěv ve věznicích,dkod,0
115,2020,D19.19.1,SOCIÁLNÍ KURATELA - OSOBY VE VÝKONU VAZBY A TRESTU ODNĚTÍ SVOBODY - počet návštěv ve věznicích,dkod,0
115,2021,D19.19.1,SOCIÁLNÍ KURATELA - OSOBY VE VÝKONU VAZBY A TRESTU ODNĚTÍ SVOBODY - počet návštěv ve věznicích,dkod,0
115,2022,D19.19.1,SOCIÁLNÍ KURATELA - OSOBY VE VÝKONU VAZBY A TRESTU ODNĚTÍ SVOBODY - počet návštěv ve věznicích,dkod,0
115,2023,D19.19.1,SOCIÁLNÍ KURATELA - OSOBY VE VÝKONU VAZBY A TRESTU ODNĚTÍ SVOBODY - počet návštěv ve věznicích,dkod,0
115,2024,D19.19.1,SOCIÁLNÍ KURATELA - OSOBY VE VÝKONU VAZBY A TRESTU ODNĚTÍ SVOBODY - počet návštěv ve věznicích,dkod,0
115,2025,D19.19.1,SOCIÁLNÍ KURATELA - OSOBY VE VÝKONU VAZBY A TRESTU ODNĚTÍ SVOBODY - počet návštěv ve věznicích,dkod,0
115,2010,D19.19.2,SOCIÁLNÍ KURATELA - OSOBY VE VÝKONU VAZBY A TRESTU ODNĚTÍ SVOBODY - počet úvazků zaměstnanců,dkod,
115,2011,D19.19.2,SOCIÁLNÍ KURATELA - OSOBY VE VÝKONU VAZBY A TRESTU ODNĚTÍ SVOBODY - počet úvazků zaměstnanců,dkod,
115,2012,D19.19.2,SOCIÁLNÍ KURATELA - OSOBY VE VÝKONU VAZBY A TRESTU ODNĚTÍ SVOBODY - počet úvazků zaměstnanců,dkod,
115,2013,D19.19.2,SOCIÁLNÍ KURATELA - OSOBY VE VÝKONU VAZBY A TRESTU ODNĚTÍ SVOBODY - počet úvazků zaměstnanců,dkod,
115,2014,D19.19.2,SOCIÁLNÍ KURATELA - OSOBY VE VÝKONU VAZBY A TRESTU ODNĚTÍ SVOBODY - počet úvazků zaměstnanců,dkod,
115,2015,D19.19.2,SOCIÁLNÍ KURATELA - OSOBY VE VÝKONU VAZBY A TRESTU ODNĚTÍ SVOBODY - počet úvazků zaměstnanců,dkod,0.5
115,2016,D19.19.2,SOCIÁLNÍ KURATELA - OSOBY VE VÝKONU VAZBY A TRESTU ODNĚTÍ SVOBODY - počet úvazků zaměstnanců,dkod,0.5
115,2017,D19.19.2,SOCIÁLNÍ KURATELA - OSOBY VE VÝKONU VAZBY A TRESTU ODNĚTÍ SVOBODY - počet úvazků zaměstnanců,dkod,0.35
115,2018,D19.19.2,SOCIÁLNÍ KURATELA - OSOBY VE VÝKONU VAZBY A TRESTU ODNĚTÍ SVOBODY - počet úvazků zaměstnanců,dkod,0.35
115,2019,D19.19.2,SOCIÁLNÍ KURATELA - OSOBY VE VÝKONU VAZBY A TRESTU ODNĚTÍ SVOBODY - počet úvazků zaměstnanců,dkod,0.35
115,2020,D19.19.2,SOCIÁLNÍ KURATELA - OSOBY VE VÝKONU VAZBY A TRESTU ODNĚTÍ SVOBODY - počet úvazků zaměstnanců,dkod,0.35
115,2021,D19.19.2,SOCIÁLNÍ KURATELA - OSOBY VE VÝKONU VAZBY A TRESTU ODNĚTÍ SVOBODY - počet úvazků zaměstnanců,dkod,0.35
115,2022,D19.19.2,SOCIÁLNÍ KURATELA - OSOBY VE VÝKONU VAZBY A TRESTU ODNĚTÍ SVOBODY - počet úvazků zaměstnanců,dkod,0.35
115,2023,D19.19.2,SOCIÁLNÍ KURATELA - OSOBY VE VÝKONU VAZBY A TRESTU ODNĚTÍ SVOBODY - počet úvazků zaměstnanců,dkod,0.35
115,2024,D19.19.2,SOCIÁLNÍ KURATELA - OSOBY VE VÝKONU VAZBY A TRESTU ODNĚTÍ SVOBODY - počet úvazků zaměstnanců,dkod,0.35
115,2025,D19.19.2,SOCIÁLNÍ KURATELA - OSOBY VE VÝKONU VAZBY A TRESTU ODNĚTÍ SVOBODY - počet úvazků zaměstnanců,dkod,0.35
115,2010,D19.19.3,SOCIÁLNÍ KURATELA - počet vypracovaných IPMD,dkod,
115,2011,D19.19.3,SOCIÁLNÍ KURATELA - počet vypracovaných IPMD,dkod,
115,2012,D19.19.3,SOCIÁLNÍ KURATELA - počet vypracovaných IPMD,dkod,
115,2013,D19.19.3,SOCIÁLNÍ KURATELA - počet vypracovaných IPMD,dkod,
115,2014,D19.19.3,SOCIÁLNÍ KURATELA - počet vypracovaných IPMD,dkod,
115,2015,D19.19.3,SOCIÁLNÍ KURATELA - počet vypracovaných IPMD,dkod,
115,2016,D19.19.3,SOCIÁLNÍ KURATELA - počet vypracovaných IPMD,dkod,
115,2017,D19.19.3,SOCIÁLNÍ KURATELA - počet vypracovaných IPMD,dkod,
115,2018,D19.19.3,SOCIÁLNÍ KURATELA - počet vypracovaných IPMD,dkod,
115,2019,D19.19.3,SOCIÁLNÍ KURATELA - počet vypracovaných IPMD,dkod,
115,2020,D19.19.3,SOCIÁLNÍ KURATELA - počet vypracovaných IPMD,dkod,
115,2021,D19.19.3,SOCIÁLNÍ KURATELA - počet vypracovaných IPMD,dkod,
115,2022,D19.19.3,SOCIÁLNÍ KURATELA - počet vypracovaných IPMD,dkod,2
115,2023,D19.19.3,SOCIÁLNÍ KURATELA - počet vypracovaných IPMD,dkod,4
115,2024,D19.19.3,SOCIÁLNÍ KURATELA - počet vypracovaných IPMD,dkod,8
115,2025,D19.19.3,SOCIÁLNÍ KURATELA - počet vypracovaných IPMD,dkod,3
115,2010,D19.20,VÝMĚNA A VÝDEJ PARKOVACÍCH PRŮKAZŮ,dkod,
115,2011,D19.20,VÝMĚNA A VÝDEJ PARKOVACÍCH PRŮKAZŮ,dkod,
115,2012,D19.20,VÝMĚNA A VÝDEJ PARKOVACÍCH PRŮKAZŮ,dkod,
115,2013,D19.20,VÝMĚNA A VÝDEJ PARKOVACÍCH PRŮKAZŮ,dkod,
115,2014,D19.20,VÝMĚNA A VÝDEJ PARKOVACÍCH PRŮKAZŮ,dkod,
115,2015,D19.20,VÝMĚNA A VÝDEJ PARKOVACÍCH PRŮKAZŮ,dkod,955
115,2016,D19.20,VÝMĚNA A VÝDEJ PARKOVACÍCH PRŮKAZŮ,dkod,257
115,2017,D19.20,VÝMĚNA A VÝDEJ PARKOVACÍCH PRŮKAZŮ,dkod,168
115,2018,D19.20,VÝMĚNA A VÝDEJ PARKOVACÍCH PRŮKAZŮ,dkod,247
115,2019,D19.20,VÝMĚNA A VÝDEJ PARKOVACÍCH PRŮKAZŮ,dkod,220
115,2020,D19.20,VÝMĚNA A VÝDEJ PARKOVACÍCH PRŮKAZŮ,dkod,189
115,2021,D19.20,VÝMĚNA A VÝDEJ PARKOVACÍCH PRŮKAZŮ,dkod,169
115,2022,D19.20,VÝMĚNA A VÝDEJ PARKOVACÍCH PRŮKAZŮ,dkod,198
115,2023,D19.20,VÝMĚNA A VÝDEJ PARKOVACÍCH PRŮKAZŮ,dkod,193
115,2024,D19.20,VÝMĚNA A VÝDEJ PARKOVACÍCH PRŮKAZŮ,dkod,134
115,2025,D19.20,VÝMĚNA A VÝDEJ PARKOVACÍCH PRŮKAZŮ,dkod,435
115,2010,D19.21,POČET UZAVŘENÝCH (PODEPSANÝCH) SMLUV A DODATKŮ DLE § 91 odst. 6 zák. č. 108/2006 Sb.,dkod,
115,2011,D19.21,POČET UZAVŘENÝCH (PODEPSANÝCH) SMLUV A DODATKŮ DLE § 91 odst. 6 zák. č. 108/2006 Sb.,dkod,
115,2012,D19.21,POČET UZAVŘENÝCH (PODEPSANÝCH) SMLUV A DODATKŮ DLE § 91 odst. 6 zák. č. 108/2006 Sb.,dkod,
115,2013,D19.21,POČET UZAVŘENÝCH (PODEPSANÝCH) SMLUV A DODATKŮ DLE § 91 odst. 6 zák. č. 108/2006 Sb.,dkod,
115,2014,D19.21,POČET UZAVŘENÝCH (PODEPSANÝCH) SMLUV A DODATKŮ DLE § 91 odst. 6 zák. č. 108/2006 Sb.,dkod,
115,2015,D19.21,POČET UZAVŘENÝCH (PODEPSANÝCH) SMLUV A DODATKŮ DLE § 91 odst. 6 zák. č. 108/2006 Sb.,dkod,32
115,2016,D19.21,POČET UZAVŘENÝCH (PODEPSANÝCH) SMLUV A DODATKŮ DLE § 91 odst. 6 zák. č. 108/2006 Sb.,dkod,80
115,2017,D19.21,POČET UZAVŘENÝCH (PODEPSANÝCH) SMLUV A DODATKŮ DLE § 91 odst. 6 zák. č. 108/2006 Sb.,dkod,48
115,2018,D19.21,POČET UZAVŘENÝCH (PODEPSANÝCH) SMLUV A DODATKŮ DLE § 91 odst. 6 zák. č. 108/2006 Sb.,dkod,76
115,2019,D19.21,POČET UZAVŘENÝCH (PODEPSANÝCH) SMLUV A DODATKŮ DLE § 91 odst. 6 zák. č. 108/2006 Sb.,dkod,30
115,2020,D19.21,POČET UZAVŘENÝCH (PODEPSANÝCH) SMLUV A DODATKŮ DLE § 91 odst. 6 zák. č. 108/2006 Sb.,dkod,36
115,2021,D19.21,POČET UZAVŘENÝCH (PODEPSANÝCH) SMLUV A DODATKŮ DLE § 91 odst. 6 zák. č. 108/2006 Sb.,dkod,34
115,2022,D19.21,POČET UZAVŘENÝCH (PODEPSANÝCH) SMLUV A DODATKŮ DLE § 91 odst. 6 zák. č. 108/2006 Sb.,dkod,49
115,2023,D19.21,POČET UZAVŘENÝCH (PODEPSANÝCH) SMLUV A DODATKŮ DLE § 91 odst. 6 zák. č. 108/2006 Sb.,dkod,65
115,2024,D19.21,POČET UZAVŘENÝCH (PODEPSANÝCH) SMLUV A DODATKŮ DLE § 91 odst. 6 zák. č. 108/2006 Sb.,dkod,54
115,2025,D19.21,POČET UZAVŘENÝCH (PODEPSANÝCH) SMLUV A DODATKŮ DLE § 91 odst. 6 zák. č. 108/2006 Sb.,dkod,59
115,2010,D19.22,POČET SOCIÁLNÍCH POHŘBŮ,dkod,
115,2011,D19.22,POČET SOCIÁLNÍCH POHŘBŮ,dkod,
115,2012,D19.22,POČET SOCIÁLNÍCH POHŘBŮ,dkod,
115,2013,D19.22,POČET SOCIÁLNÍCH POHŘBŮ,dkod,
115,2014,D19.22,POČET SOCIÁLNÍCH POHŘBŮ,dkod,
115,2015,D19.22,POČET SOCIÁLNÍCH POHŘBŮ,dkod,9
115,2016,D19.22,POČET SOCIÁLNÍCH POHŘBŮ,dkod,3
115,2017,D19.22,POČET SOCIÁLNÍCH POHŘBŮ,dkod,3
115,2018,D19.22,POČET SOCIÁLNÍCH POHŘBŮ,dkod,5
115,2019,D19.22,POČET SOCIÁLNÍCH POHŘBŮ,dkod,0
115,2020,D19.22,POČET SOCIÁLNÍCH POHŘBŮ,dkod,2
115,2021,D19.22,POČET SOCIÁLNÍCH POHŘBŮ,dkod,3
115,2022,D19.22,POČET SOCIÁLNÍCH POHŘBŮ,dkod,3
115,2023,D19.22,POČET SOCIÁLNÍCH POHŘBŮ,dkod,2
115,2024,D19.22,POČET SOCIÁLNÍCH POHŘBŮ,dkod,4
115,2025,D19.22,POČET SOCIÁLNÍCH POHŘBŮ,dkod,2
115,2010,D19.23,Počet ostatních zaměstnanců - pracovních úvazků odboru sociálních věcí,dkod,
115,2011,D19.23,Počet ostatních zaměstnanců - pracovních úvazků odboru sociálních věcí,dkod,
115,2012,D19.23,Počet ostatních zaměstnanců - pracovních úvazků odboru sociálních věcí,dkod,
115,2013,D19.23,Počet ostatních zaměstnanců - pracovních úvazků odboru sociálních věcí,dkod,
115,2014,D19.23,Počet ostatních zaměstnanců - pracovních úvazků odboru sociálních věcí,dkod,
115,2015,D19.23,Počet ostatních zaměstnanců - pracovních úvazků odboru sociálních věcí,dkod,2.75
115,2016,D19.23,Počet ostatních zaměstnanců - pracovních úvazků odboru sociálních věcí,dkod,1.65
115,2017,D19.23,Počet ostatních zaměstnanců - pracovních úvazků odboru sociálních věcí,dkod,1.9
115,2018,D19.23,Počet ostatních zaměstnanců - pracovních úvazků odboru sociálních věcí,dkod,2.05
115,2019,D19.23,Počet ostatních zaměstnanců - pracovních úvazků odboru sociálních věcí,dkod,2
115,2020,D19.23,Počet ostatních zaměstnanců - pracovních úvazků odboru sociálních věcí,dkod,2
115,2021,D19.23,Počet ostatních zaměstnanců - pracovních úvazků odboru sociálních věcí,dkod,1.95
115,2022,D19.23,Počet ostatních zaměstnanců - pracovních úvazků odboru sociálních věcí,dkod,1.95
115,2023,D19.23,Počet ostatních zaměstnanců - pracovních úvazků odboru sociálních věcí,dkod,2.25
115,2024,D19.23,Počet ostatních zaměstnanců - pracovních úvazků odboru sociálních věcí,dkod,2.25
115,2025,D19.23,Počet ostatních zaměstnanců - pracovních úvazků odboru sociálních věcí,dkod,2.25
115,2010,D20.1,Počet pravomocně vydaných rozhodnutí celkem,dkod,
115,2011,D20.1,Počet pravomocně vydaných rozhodnutí celkem,dkod,
115,2012,D20.1,Počet pravomocně vydaných rozhodnutí celkem,dkod,
115,2013,D20.1,Počet pravomocně vydaných rozhodnutí celkem,dkod,
115,2014,D20.1,Počet pravomocně vydaných rozhodnutí celkem,dkod,
115,2015,D20.1,Počet pravomocně vydaných rozhodnutí celkem,dkod,
115,2016,D20.1,Počet pravomocně vydaných rozhodnutí celkem,dkod,
115,2017,D20.1,Počet pravomocně vydaných rozhodnutí celkem,dkod,
115,2018,D20.1,Počet pravomocně vydaných rozhodnutí celkem,dkod,
115,2019,D20.1,Počet pravomocně vydaných rozhodnutí celkem,dkod,
115,2020,D20.1,Počet pravomocně vydaných rozhodnutí celkem,dkod,
115,2021,D20.1,Počet pravomocně vydaných rozhodnutí celkem,dkod,
115,2022,D20.1,Počet pravomocně vydaných rozhodnutí celkem,dkod,
115,2023,D20.1,Počet pravomocně vydaných rozhodnutí celkem,dkod,
115,2024,D20.1,Počet pravomocně vydaných rozhodnutí celkem,dkod,
115,2025,D20.1,Počet pravomocně vydaných rozhodnutí celkem,dkod,67
115,2010,D20.2.1,"Celkový počet přestupků řešených rozhodnutím, příkazem, příkazem na místě nebo blokovou pokutou",dkod,
115,2011,D20.2.1,"Celkový počet přestupků řešených rozhodnutím, příkazem, příkazem na místě nebo blokovou pokutou",dkod,
115,2012,D20.2.1,"Celkový počet přestupků řešených rozhodnutím, příkazem, příkazem na místě nebo blokovou pokutou",dkod,
115,2013,D20.2.1,"Celkový počet přestupků řešených rozhodnutím, příkazem, příkazem na místě nebo blokovou pokutou",dkod,
115,2014,D20.2.1,"Celkový počet přestupků řešených rozhodnutím, příkazem, příkazem na místě nebo blokovou pokutou",dkod,
115,2015,D20.2.1,"Celkový počet přestupků řešených rozhodnutím, příkazem, příkazem na místě nebo blokovou pokutou",dkod,
115,2016,D20.2.1,"Celkový počet přestupků řešených rozhodnutím, příkazem, příkazem na místě nebo blokovou pokutou",dkod,
115,2017,D20.2.1,"Celkový počet přestupků řešených rozhodnutím, příkazem, příkazem na místě nebo blokovou pokutou",dkod,
115,2018,D20.2.1,"Celkový počet přestupků řešených rozhodnutím, příkazem, příkazem na místě nebo blokovou pokutou",dkod,
115,2019,D20.2.1,"Celkový počet přestupků řešených rozhodnutím, příkazem, příkazem na místě nebo blokovou pokutou",dkod,
115,2020,D20.2.1,"Celkový počet přestupků řešených rozhodnutím, příkazem, příkazem na místě nebo blokovou pokutou",dkod,
115,2021,D20.2.1,"Celkový počet přestupků řešených rozhodnutím, příkazem, příkazem na místě nebo blokovou pokutou",dkod,
115,2022,D20.2.1,"Celkový počet přestupků řešených rozhodnutím, příkazem, příkazem na místě nebo blokovou pokutou",dkod,
115,2023,D20.2.1,"Celkový počet přestupků řešených rozhodnutím, příkazem, příkazem na místě nebo blokovou pokutou",dkod,
115,2024,D20.2.1,"Celkový počet přestupků řešených rozhodnutím, příkazem, příkazem na místě nebo blokovou pokutou",dkod,
115,2025,D20.2.1,"Celkový počet přestupků řešených rozhodnutím, příkazem, příkazem na místě nebo blokovou pokutou",dkod,1
115,2010,D20.2.2,"Vyplňte 1 pokud přestupky řešíte sami na odboru, 0 pokud je předáváte k řešení na specializované pracoviště, odbor, oddělení nebo 2 (kombinace, jiné)",dkod,
115,2011,D20.2.2,"Vyplňte 1 pokud přestupky řešíte sami na odboru, 0 pokud je předáváte k řešení na specializované pracoviště, odbor, oddělení nebo 2 (kombinace, jiné)",dkod,
115,2012,D20.2.2,"Vyplňte 1 pokud přestupky řešíte sami na odboru, 0 pokud je předáváte k řešení na specializované pracoviště, odbor, oddělení nebo 2 (kombinace, jiné)",dkod,
115,2013,D20.2.2,"Vyplňte 1 pokud přestupky řešíte sami na odboru, 0 pokud je předáváte k řešení na specializované pracoviště, odbor, oddělení nebo 2 (kombinace, jiné)",dkod,
115,2014,D20.2.2,"Vyplňte 1 pokud přestupky řešíte sami na odboru, 0 pokud je předáváte k řešení na specializované pracoviště, odbor, oddělení nebo 2 (kombinace, jiné)",dkod,
115,2015,D20.2.2,"Vyplňte 1 pokud přestupky řešíte sami na odboru, 0 pokud je předáváte k řešení na specializované pracoviště, odbor, oddělení nebo 2 (kombinace, jiné)",dkod,
115,2016,D20.2.2,"Vyplňte 1 pokud přestupky řešíte sami na odboru, 0 pokud je předáváte k řešení na specializované pracoviště, odbor, oddělení nebo 2 (kombinace, jiné)",dkod,
115,2017,D20.2.2,"Vyplňte 1 pokud přestupky řešíte sami na odboru, 0 pokud je předáváte k řešení na specializované pracoviště, odbor, oddělení nebo 2 (kombinace, jiné)",dkod,
115,2018,D20.2.2,"Vyplňte 1 pokud přestupky řešíte sami na odboru, 0 pokud je předáváte k řešení na specializované pracoviště, odbor, oddělení nebo 2 (kombinace, jiné)",dkod,
115,2019,D20.2.2,"Vyplňte 1 pokud přestupky řešíte sami na odboru, 0 pokud je předáváte k řešení na specializované pracoviště, odbor, oddělení nebo 2 (kombinace, jiné)",dkod,
115,2020,D20.2.2,"Vyplňte 1 pokud přestupky řešíte sami na odboru, 0 pokud je předáváte k řešení na specializované pracoviště, odbor, oddělení nebo 2 (kombinace, jiné)",dkod,
115,2021,D20.2.2,"Vyplňte 1 pokud přestupky řešíte sami na odboru, 0 pokud je předáváte k řešení na specializované pracoviště, odbor, oddělení nebo 2 (kombinace, jiné)",dkod,
115,2022,D20.2.2,"Vyplňte 1 pokud přestupky řešíte sami na odboru, 0 pokud je předáváte k řešení na specializované pracoviště, odbor, oddělení nebo 2 (kombinace, jiné)",dkod,
115,2023,D20.2.2,"Vyplňte 1 pokud přestupky řešíte sami na odboru, 0 pokud je předáváte k řešení na specializované pracoviště, odbor, oddělení nebo 2 (kombinace, jiné)",dkod,
115,2024,D20.2.2,"Vyplňte 1 pokud přestupky řešíte sami na odboru, 0 pokud je předáváte k řešení na specializované pracoviště, odbor, oddělení nebo 2 (kombinace, jiné)",dkod,
115,2025,D20.2.2,"Vyplňte 1 pokud přestupky řešíte sami na odboru, 0 pokud je předáváte k řešení na specializované pracoviště, odbor, oddělení nebo 2 (kombinace, jiné)",dkod,1
115,2010,D20.3,Počet povolení nakládání s vodami,dkod,
115,2011,D20.3,Počet povolení nakládání s vodami,dkod,
115,2012,D20.3,Počet povolení nakládání s vodami,dkod,
115,2013,D20.3,Počet povolení nakládání s vodami,dkod,
115,2014,D20.3,Počet povolení nakládání s vodami,dkod,
115,2015,D20.3,Počet povolení nakládání s vodami,dkod,
115,2016,D20.3,Počet povolení nakládání s vodami,dkod,
115,2017,D20.3,Počet povolení nakládání s vodami,dkod,
115,2018,D20.3,Počet povolení nakládání s vodami,dkod,
115,2019,D20.3,Počet povolení nakládání s vodami,dkod,
115,2020,D20.3,Počet povolení nakládání s vodami,dkod,
115,2021,D20.3,Počet povolení nakládání s vodami,dkod,
115,2022,D20.3,Počet povolení nakládání s vodami,dkod,
115,2023,D20.3,Počet povolení nakládání s vodami,dkod,
115,2024,D20.3,Počet povolení nakládání s vodami,dkod,
115,2025,D20.3,Počet povolení nakládání s vodami,dkod,54
115,2010,D20.4,Počet vydaných opatření obecné povahy,dkod,
115,2011,D20.4,Počet vydaných opatření obecné povahy,dkod,
115,2012,D20.4,Počet vydaných opatření obecné povahy,dkod,
115,2013,D20.4,Počet vydaných opatření obecné povahy,dkod,
115,2014,D20.4,Počet vydaných opatření obecné povahy,dkod,
115,2015,D20.4,Počet vydaných opatření obecné povahy,dkod,
115,2016,D20.4,Počet vydaných opatření obecné povahy,dkod,
115,2017,D20.4,Počet vydaných opatření obecné povahy,dkod,
115,2018,D20.4,Počet vydaných opatření obecné povahy,dkod,
115,2019,D20.4,Počet vydaných opatření obecné povahy,dkod,
115,2020,D20.4,Počet vydaných opatření obecné povahy,dkod,
115,2021,D20.4,Počet vydaných opatření obecné povahy,dkod,
115,2022,D20.4,Počet vydaných opatření obecné povahy,dkod,
115,2023,D20.4,Počet vydaných opatření obecné povahy,dkod,
115,2024,D20.4,Počet vydaných opatření obecné povahy,dkod,
115,2025,D20.4,Počet vydaných opatření obecné povahy,dkod,0
115,2010,D20.5,Počet vydaných souhlasů dle §17 MIMO JES,dkod,
115,2011,D20.5,Počet vydaných souhlasů dle §17 MIMO JES,dkod,
115,2012,D20.5,Počet vydaných souhlasů dle §17 MIMO JES,dkod,
115,2013,D20.5,Počet vydaných souhlasů dle §17 MIMO JES,dkod,
115,2014,D20.5,Počet vydaných souhlasů dle §17 MIMO JES,dkod,
115,2015,D20.5,Počet vydaných souhlasů dle §17 MIMO JES,dkod,
115,2016,D20.5,Počet vydaných souhlasů dle §17 MIMO JES,dkod,
115,2017,D20.5,Počet vydaných souhlasů dle §17 MIMO JES,dkod,
115,2018,D20.5,Počet vydaných souhlasů dle §17 MIMO JES,dkod,
115,2019,D20.5,Počet vydaných souhlasů dle §17 MIMO JES,dkod,
115,2020,D20.5,Počet vydaných souhlasů dle §17 MIMO JES,dkod,
115,2021,D20.5,Počet vydaných souhlasů dle §17 MIMO JES,dkod,
115,2022,D20.5,Počet vydaných souhlasů dle §17 MIMO JES,dkod,
115,2023,D20.5,Počet vydaných souhlasů dle §17 MIMO JES,dkod,
115,2024,D20.5,Počet vydaných souhlasů dle §17 MIMO JES,dkod,
115,2025,D20.5,Počet vydaných souhlasů dle §17 MIMO JES,dkod,8
115,2010,D20.6,Počet řešených havarijních situací,dkod,
115,2011,D20.6,Počet řešených havarijních situací,dkod,
115,2012,D20.6,Počet řešených havarijních situací,dkod,
115,2013,D20.6,Počet řešených havarijních situací,dkod,
115,2014,D20.6,Počet řešených havarijních situací,dkod,
115,2015,D20.6,Počet řešených havarijních situací,dkod,
115,2016,D20.6,Počet řešených havarijních situací,dkod,
115,2017,D20.6,Počet řešených havarijních situací,dkod,
115,2018,D20.6,Počet řešených havarijních situací,dkod,
115,2019,D20.6,Počet řešených havarijních situací,dkod,
115,2020,D20.6,Počet řešených havarijních situací,dkod,
115,2021,D20.6,Počet řešených havarijních situací,dkod,
115,2022,D20.6,Počet řešených havarijních situací,dkod,
115,2023,D20.6,Počet řešených havarijních situací,dkod,
115,2024,D20.6,Počet řešených havarijních situací,dkod,
115,2025,D20.6,Počet řešených havarijních situací,dkod,7
115,2010,D20.7,Počet provedených kontrol (dozorů) se zápisem,dkod,
115,2011,D20.7,Počet provedených kontrol (dozorů) se zápisem,dkod,
115,2012,D20.7,Počet provedených kontrol (dozorů) se zápisem,dkod,
115,2013,D20.7,Počet provedených kontrol (dozorů) se zápisem,dkod,
115,2014,D20.7,Počet provedených kontrol (dozorů) se zápisem,dkod,
115,2015,D20.7,Počet provedených kontrol (dozorů) se zápisem,dkod,
115,2016,D20.7,Počet provedených kontrol (dozorů) se zápisem,dkod,
115,2017,D20.7,Počet provedených kontrol (dozorů) se zápisem,dkod,
115,2018,D20.7,Počet provedených kontrol (dozorů) se zápisem,dkod,
115,2019,D20.7,Počet provedených kontrol (dozorů) se zápisem,dkod,
115,2020,D20.7,Počet provedených kontrol (dozorů) se zápisem,dkod,
115,2021,D20.7,Počet provedených kontrol (dozorů) se zápisem,dkod,
115,2022,D20.7,Počet provedených kontrol (dozorů) se zápisem,dkod,
115,2023,D20.7,Počet provedených kontrol (dozorů) se zápisem,dkod,
115,2024,D20.7,Počet provedených kontrol (dozorů) se zápisem,dkod,
115,2025,D20.7,Počet provedených kontrol (dozorů) se zápisem,dkod,4
115,2010,D20.8,Počet zaměstnanců - pracovních úvazků v agendě vodoprávní řízení celkem,dkod,
115,2011,D20.8,Počet zaměstnanců - pracovních úvazků v agendě vodoprávní řízení celkem,dkod,
115,2012,D20.8,Počet zaměstnanců - pracovních úvazků v agendě vodoprávní řízení celkem,dkod,
115,2013,D20.8,Počet zaměstnanců - pracovních úvazků v agendě vodoprávní řízení celkem,dkod,
115,2014,D20.8,Počet zaměstnanců - pracovních úvazků v agendě vodoprávní řízení celkem,dkod,
115,2015,D20.8,Počet zaměstnanců - pracovních úvazků v agendě vodoprávní řízení celkem,dkod,
115,2016,D20.8,Počet zaměstnanců - pracovních úvazků v agendě vodoprávní řízení celkem,dkod,
115,2017,D20.8,Počet zaměstnanců - pracovních úvazků v agendě vodoprávní řízení celkem,dkod,
115,2018,D20.8,Počet zaměstnanců - pracovních úvazků v agendě vodoprávní řízení celkem,dkod,
115,2019,D20.8,Počet zaměstnanců - pracovních úvazků v agendě vodoprávní řízení celkem,dkod,
115,2020,D20.8,Počet zaměstnanců - pracovních úvazků v agendě vodoprávní řízení celkem,dkod,
115,2021,D20.8,Počet zaměstnanců - pracovních úvazků v agendě vodoprávní řízení celkem,dkod,
115,2022,D20.8,Počet zaměstnanců - pracovních úvazků v agendě vodoprávní řízení celkem,dkod,
115,2023,D20.8,Počet zaměstnanců - pracovních úvazků v agendě vodoprávní řízení celkem,dkod,
115,2024,D20.8,Počet zaměstnanců - pracovních úvazků v agendě vodoprávní řízení celkem,dkod,
115,2025,D20.8,Počet zaměstnanců - pracovních úvazků v agendě vodoprávní řízení celkem,dkod,2.8
115,2010,D21.1,Počet vydaných správních rozhodnutí,dkod,
115,2011,D21.1,Počet vydaných správních rozhodnutí,dkod,
115,2012,D21.1,Počet vydaných správních rozhodnutí,dkod,
115,2013,D21.1,Počet vydaných správních rozhodnutí,dkod,
115,2014,D21.1,Počet vydaných správních rozhodnutí,dkod,
115,2015,D21.1,Počet vydaných správních rozhodnutí,dkod,
115,2016,D21.1,Počet vydaných správních rozhodnutí,dkod,
115,2017,D21.1,Počet vydaných správních rozhodnutí,dkod,
115,2018,D21.1,Počet vydaných správních rozhodnutí,dkod,
115,2019,D21.1,Počet vydaných správních rozhodnutí,dkod,
115,2020,D21.1,Počet vydaných správních rozhodnutí,dkod,
115,2021,D21.1,Počet vydaných správních rozhodnutí,dkod,
115,2022,D21.1,Počet vydaných správních rozhodnutí,dkod,
115,2023,D21.1,Počet vydaných správních rozhodnutí,dkod,
115,2024,D21.1,Počet vydaných správních rozhodnutí,dkod,
115,2025,D21.1,Počet vydaných správních rozhodnutí,dkod,14
115,2010,D21.1.1,"z toho celkový počet přestupků řešených rozhodnutím, příkazem, příkazem na místě nebo blokovou pokutou",dkod,
115,2011,D21.1.1,"z toho celkový počet přestupků řešených rozhodnutím, příkazem, příkazem na místě nebo blokovou pokutou",dkod,
115,2012,D21.1.1,"z toho celkový počet přestupků řešených rozhodnutím, příkazem, příkazem na místě nebo blokovou pokutou",dkod,
115,2013,D21.1.1,"z toho celkový počet přestupků řešených rozhodnutím, příkazem, příkazem na místě nebo blokovou pokutou",dkod,
115,2014,D21.1.1,"z toho celkový počet přestupků řešených rozhodnutím, příkazem, příkazem na místě nebo blokovou pokutou",dkod,
115,2015,D21.1.1,"z toho celkový počet přestupků řešených rozhodnutím, příkazem, příkazem na místě nebo blokovou pokutou",dkod,
115,2016,D21.1.1,"z toho celkový počet přestupků řešených rozhodnutím, příkazem, příkazem na místě nebo blokovou pokutou",dkod,
115,2017,D21.1.1,"z toho celkový počet přestupků řešených rozhodnutím, příkazem, příkazem na místě nebo blokovou pokutou",dkod,
115,2018,D21.1.1,"z toho celkový počet přestupků řešených rozhodnutím, příkazem, příkazem na místě nebo blokovou pokutou",dkod,
115,2019,D21.1.1,"z toho celkový počet přestupků řešených rozhodnutím, příkazem, příkazem na místě nebo blokovou pokutou",dkod,
115,2020,D21.1.1,"z toho celkový počet přestupků řešených rozhodnutím, příkazem, příkazem na místě nebo blokovou pokutou",dkod,
115,2021,D21.1.1,"z toho celkový počet přestupků řešených rozhodnutím, příkazem, příkazem na místě nebo blokovou pokutou",dkod,
115,2022,D21.1.1,"z toho celkový počet přestupků řešených rozhodnutím, příkazem, příkazem na místě nebo blokovou pokutou",dkod,
115,2023,D21.1.1,"z toho celkový počet přestupků řešených rozhodnutím, příkazem, příkazem na místě nebo blokovou pokutou",dkod,
115,2024,D21.1.1,"z toho celkový počet přestupků řešených rozhodnutím, příkazem, příkazem na místě nebo blokovou pokutou",dkod,
115,2025,D21.1.1,"z toho celkový počet přestupků řešených rozhodnutím, příkazem, příkazem na místě nebo blokovou pokutou",dkod,0
115,2010,D21.1.2.1,"Vyplňte 1 pokud přestupky řešíte sami na odboru, 0 pokud je předáváte k řešení na specializované pracoviště, odbor, oddělení nebo 2 (kombinace, jiné)",dkod,
115,2011,D21.1.2.1,"Vyplňte 1 pokud přestupky řešíte sami na odboru, 0 pokud je předáváte k řešení na specializované pracoviště, odbor, oddělení nebo 2 (kombinace, jiné)",dkod,
115,2012,D21.1.2.1,"Vyplňte 1 pokud přestupky řešíte sami na odboru, 0 pokud je předáváte k řešení na specializované pracoviště, odbor, oddělení nebo 2 (kombinace, jiné)",dkod,
115,2013,D21.1.2.1,"Vyplňte 1 pokud přestupky řešíte sami na odboru, 0 pokud je předáváte k řešení na specializované pracoviště, odbor, oddělení nebo 2 (kombinace, jiné)",dkod,
115,2014,D21.1.2.1,"Vyplňte 1 pokud přestupky řešíte sami na odboru, 0 pokud je předáváte k řešení na specializované pracoviště, odbor, oddělení nebo 2 (kombinace, jiné)",dkod,
115,2015,D21.1.2.1,"Vyplňte 1 pokud přestupky řešíte sami na odboru, 0 pokud je předáváte k řešení na specializované pracoviště, odbor, oddělení nebo 2 (kombinace, jiné)",dkod,
115,2016,D21.1.2.1,"Vyplňte 1 pokud přestupky řešíte sami na odboru, 0 pokud je předáváte k řešení na specializované pracoviště, odbor, oddělení nebo 2 (kombinace, jiné)",dkod,
115,2017,D21.1.2.1,"Vyplňte 1 pokud přestupky řešíte sami na odboru, 0 pokud je předáváte k řešení na specializované pracoviště, odbor, oddělení nebo 2 (kombinace, jiné)",dkod,
115,2018,D21.1.2.1,"Vyplňte 1 pokud přestupky řešíte sami na odboru, 0 pokud je předáváte k řešení na specializované pracoviště, odbor, oddělení nebo 2 (kombinace, jiné)",dkod,
115,2019,D21.1.2.1,"Vyplňte 1 pokud přestupky řešíte sami na odboru, 0 pokud je předáváte k řešení na specializované pracoviště, odbor, oddělení nebo 2 (kombinace, jiné)",dkod,
115,2020,D21.1.2.1,"Vyplňte 1 pokud přestupky řešíte sami na odboru, 0 pokud je předáváte k řešení na specializované pracoviště, odbor, oddělení nebo 2 (kombinace, jiné)",dkod,
115,2021,D21.1.2.1,"Vyplňte 1 pokud přestupky řešíte sami na odboru, 0 pokud je předáváte k řešení na specializované pracoviště, odbor, oddělení nebo 2 (kombinace, jiné)",dkod,
115,2022,D21.1.2.1,"Vyplňte 1 pokud přestupky řešíte sami na odboru, 0 pokud je předáváte k řešení na specializované pracoviště, odbor, oddělení nebo 2 (kombinace, jiné)",dkod,
115,2023,D21.1.2.1,"Vyplňte 1 pokud přestupky řešíte sami na odboru, 0 pokud je předáváte k řešení na specializované pracoviště, odbor, oddělení nebo 2 (kombinace, jiné)",dkod,
115,2024,D21.1.2.1,"Vyplňte 1 pokud přestupky řešíte sami na odboru, 0 pokud je předáváte k řešení na specializované pracoviště, odbor, oddělení nebo 2 (kombinace, jiné)",dkod,
115,2025,D21.1.2.1,"Vyplňte 1 pokud přestupky řešíte sami na odboru, 0 pokud je předáváte k řešení na specializované pracoviště, odbor, oddělení nebo 2 (kombinace, jiné)",dkod,0
115,2010,D21.3,Výměra pozemků určených k plnění funkce lesa ve správním obvodu v hektarech,dkod,
115,2011,D21.3,Výměra pozemků určených k plnění funkce lesa ve správním obvodu v hektarech,dkod,
115,2012,D21.3,Výměra pozemků určených k plnění funkce lesa ve správním obvodu v hektarech,dkod,
115,2013,D21.3,Výměra pozemků určených k plnění funkce lesa ve správním obvodu v hektarech,dkod,
115,2014,D21.3,Výměra pozemků určených k plnění funkce lesa ve správním obvodu v hektarech,dkod,
115,2015,D21.3,Výměra pozemků určených k plnění funkce lesa ve správním obvodu v hektarech,dkod,
115,2016,D21.3,Výměra pozemků určených k plnění funkce lesa ve správním obvodu v hektarech,dkod,
115,2017,D21.3,Výměra pozemků určených k plnění funkce lesa ve správním obvodu v hektarech,dkod,
115,2018,D21.3,Výměra pozemků určených k plnění funkce lesa ve správním obvodu v hektarech,dkod,
115,2019,D21.3,Výměra pozemků určených k plnění funkce lesa ve správním obvodu v hektarech,dkod,
115,2020,D21.3,Výměra pozemků určených k plnění funkce lesa ve správním obvodu v hektarech,dkod,
115,2021,D21.3,Výměra pozemků určených k plnění funkce lesa ve správním obvodu v hektarech,dkod,
115,2022,D21.3,Výměra pozemků určených k plnění funkce lesa ve správním obvodu v hektarech,dkod,
115,2023,D21.3,Výměra pozemků určených k plnění funkce lesa ve správním obvodu v hektarech,dkod,
115,2024,D21.3,Výměra pozemků určených k plnění funkce lesa ve správním obvodu v hektarech,dkod,
115,2025,D21.3,Výměra pozemků určených k plnění funkce lesa ve správním obvodu v hektarech,dkod,1854.42
115,2010,D21.4,Počet zaměstnanců - pracovních úvazků v agendě lesní hospodářství celkem,dkod,
115,2011,D21.4,Počet zaměstnanců - pracovních úvazků v agendě lesní hospodářství celkem,dkod,
115,2012,D21.4,Počet zaměstnanců - pracovních úvazků v agendě lesní hospodářství celkem,dkod,
115,2013,D21.4,Počet zaměstnanců - pracovních úvazků v agendě lesní hospodářství celkem,dkod,
115,2014,D21.4,Počet zaměstnanců - pracovních úvazků v agendě lesní hospodářství celkem,dkod,
115,2015,D21.4,Počet zaměstnanců - pracovních úvazků v agendě lesní hospodářství celkem,dkod,
115,2016,D21.4,Počet zaměstnanců - pracovních úvazků v agendě lesní hospodářství celkem,dkod,
115,2017,D21.4,Počet zaměstnanců - pracovních úvazků v agendě lesní hospodářství celkem,dkod,
115,2018,D21.4,Počet zaměstnanců - pracovních úvazků v agendě lesní hospodářství celkem,dkod,
115,2019,D21.4,Počet zaměstnanců - pracovních úvazků v agendě lesní hospodářství celkem,dkod,
115,2020,D21.4,Počet zaměstnanců - pracovních úvazků v agendě lesní hospodářství celkem,dkod,
115,2021,D21.4,Počet zaměstnanců - pracovních úvazků v agendě lesní hospodářství celkem,dkod,
115,2022,D21.4,Počet zaměstnanců - pracovních úvazků v agendě lesní hospodářství celkem,dkod,
115,2023,D21.4,Počet zaměstnanců - pracovních úvazků v agendě lesní hospodářství celkem,dkod,
115,2024,D21.4,Počet zaměstnanců - pracovních úvazků v agendě lesní hospodářství celkem,dkod,
115,2025,D21.4,Počet zaměstnanců - pracovních úvazků v agendě lesní hospodářství celkem,dkod,0.4
115,2010,D31.1,Počet - úvazky zaměstnanců celkem,dkod,186
115,2011,D31.1,Počet - úvazky zaměstnanců celkem,dkod,186
115,2012,D31.1,Počet - úvazky zaměstnanců celkem,dkod,157
115,2013,D31.1,Počet - úvazky zaměstnanců celkem,dkod,158
115,2014,D31.1,Počet - úvazky zaměstnanců celkem,dkod,158
115,2015,D31.1,Počet - úvazky zaměstnanců celkem,dkod,162
115,2016,D31.1,Počet - úvazky zaměstnanců celkem,dkod,174
115,2017,D31.1,Počet - úvazky zaměstnanců celkem,dkod,175.4
115,2018,D31.1,Počet - úvazky zaměstnanců celkem,dkod,178.1
115,2019,D31.1,Počet - úvazky zaměstnanců celkem,dkod,178.9
115,2020,D31.1,Počet - úvazky zaměstnanců celkem,dkod,184.9
115,2021,D31.1,Počet - úvazky zaměstnanců celkem,dkod,191
115,2022,D31.1,Počet - úvazky zaměstnanců celkem,dkod,194
115,2023,D31.1,Počet - úvazky zaměstnanců celkem,dkod,193
115,2024,D31.1,Počet - úvazky zaměstnanců celkem,dkod,188.88
115,2025,D31.1,Počet - úvazky zaměstnanců celkem,dkod,195.88
115,2010,D31.2.1,Počet zaměstnanců - úvazků zajišťujících výkon státní správy,dkod,
115,2011,D31.2.1,Počet zaměstnanců - úvazků zajišťujících výkon státní správy,dkod,
115,2012,D31.2.1,Počet zaměstnanců - úvazků zajišťujících výkon státní správy,dkod,
115,2013,D31.2.1,Počet zaměstnanců - úvazků zajišťujících výkon státní správy,dkod,
115,2014,D31.2.1,Počet zaměstnanců - úvazků zajišťujících výkon státní správy,dkod,81.117
115,2015,D31.2.1,Počet zaměstnanců - úvazků zajišťujících výkon státní správy,dkod,84.24
115,2016,D31.2.1,Počet zaměstnanců - úvazků zajišťujících výkon státní správy,dkod,92.22
115,2017,D31.2.1,Počet zaměstnanců - úvazků zajišťujících výkon státní správy,dkod,92.962
115,2018,D31.2.1,Počet zaměstnanců - úvazků zajišťujících výkon státní správy,dkod,94.393
115,2019,D31.2.1,Počet zaměstnanců - úvazků zajišťujících výkon státní správy,dkod,94.638
115,2020,D31.2.1,Počet zaměstnanců - úvazků zajišťujících výkon státní správy,dkod,100.586
115,2021,D31.2.1,Počet zaměstnanců - úvazků zajišťujících výkon státní správy,dkod,98.632
115,2022,D31.2.1,Počet zaměstnanců - úvazků zajišťujících výkon státní správy,dkod,100.279
115,2023,D31.2.1,Počet zaměstnanců - úvazků zajišťujících výkon státní správy,dkod,98.391
115,2024,D31.2.1,Počet zaměstnanců - úvazků zajišťujících výkon státní správy,dkod,100.333
115,2025,D31.2.1,Počet zaměstnanců - úvazků zajišťujících výkon státní správy,dkod,106.128
115,2010,D31.9,Výdaje na činnost místní správy celkem (bez investičních výdajů) v tis. Kč,dkod,88305
115,2011,D31.9,Výdaje na činnost místní správy celkem (bez investičních výdajů) v tis. Kč,dkod,88305
115,2012,D31.9,Výdaje na činnost místní správy celkem (bez investičních výdajů) v tis. Kč,dkod,86266.8
115,2013,D31.9,Výdaje na činnost místní správy celkem (bez investičních výdajů) v tis. Kč,dkod,88614.38
115,2014,D31.9,Výdaje na činnost místní správy celkem (bez investičních výdajů) v tis. Kč,dkod,84469.42
115,2015,D31.9,Výdaje na činnost místní správy celkem (bez investičních výdajů) v tis. Kč,dkod,91785.96
115,2016,D31.9,Výdaje na činnost místní správy celkem (bez investičních výdajů) v tis. Kč,dkod,88952.7
115,2017,D31.9,Výdaje na činnost místní správy celkem (bez investičních výdajů) v tis. Kč,dkod,98983.19
115,2018,D31.9,Výdaje na činnost místní správy celkem (bez investičních výdajů) v tis. Kč,dkod,112939.5
115,2019,D31.9,Výdaje na činnost místní správy celkem (bez investičních výdajů) v tis. Kč,dkod,119476.08
115,2020,D31.9,Výdaje na činnost místní správy celkem (bez investičních výdajů) v tis. Kč,dkod,124863
115,2021,D31.9,Výdaje na činnost místní správy celkem (bez investičních výdajů) v tis. Kč,dkod,123081
115,2022,D31.9,Výdaje na činnost místní správy celkem (bez investičních výdajů) v tis. Kč,dkod,127306.57
115,2023,D31.9,Výdaje na činnost místní správy celkem (bez investičních výdajů) v tis. Kč,dkod,137986.92
115,2024,D31.9,Výdaje na činnost místní správy celkem (bez investičních výdajů) v tis. Kč,dkod,148636.84
115,2025,D31.9,Výdaje na činnost místní správy celkem (bez investičních výdajů) v tis. Kč,dkod,161987.7
115,2010,D61.1.1,Průměrný evidenční přepočtený počet zaměstnanců obce zařazených do OP/MP celkem,dkod,
115,2011,D61.1.1,Průměrný evidenční přepočtený počet zaměstnanců obce zařazených do OP/MP celkem,dkod,
115,2012,D61.1.1,Průměrný evidenční přepočtený počet zaměstnanců obce zařazených do OP/MP celkem,dkod,
115,2013,D61.1.1,Průměrný evidenční přepočtený počet zaměstnanců obce zařazených do OP/MP celkem,dkod,
115,2014,D61.1.1,Průměrný evidenční přepočtený počet zaměstnanců obce zařazených do OP/MP celkem,dkod,19
115,2015,D61.1.1,Průměrný evidenční přepočtený počet zaměstnanců obce zařazených do OP/MP celkem,dkod,21
115,2016,D61.1.1,Průměrný evidenční přepočtený počet zaměstnanců obce zařazených do OP/MP celkem,dkod,21
115,2017,D61.1.1,Průměrný evidenční přepočtený počet zaměstnanců obce zařazených do OP/MP celkem,dkod,22
115,2018,D61.1.1,Průměrný evidenční přepočtený počet zaměstnanců obce zařazených do OP/MP celkem,dkod,20
115,2019,D61.1.1,Průměrný evidenční přepočtený počet zaměstnanců obce zařazených do OP/MP celkem,dkod,23
115,2020,D61.1.1,Průměrný evidenční přepočtený počet zaměstnanců obce zařazených do OP/MP celkem,dkod,23
115,2021,D61.1.1,Průměrný evidenční přepočtený počet zaměstnanců obce zařazených do OP/MP celkem,dkod,22
115,2022,D61.1.1,Průměrný evidenční přepočtený počet zaměstnanců obce zařazených do OP/MP celkem,dkod,22
115,2023,D61.1.1,Průměrný evidenční přepočtený počet zaměstnanců obce zařazených do OP/MP celkem,dkod,20
115,2024,D61.1.1,Průměrný evidenční přepočtený počet zaměstnanců obce zařazených do OP/MP celkem,dkod,23
115,2025,D61.1.1,Průměrný evidenční přepočtený počet zaměstnanců obce zařazených do OP/MP celkem,dkod,23
