city_id,year,code,name,kind,value
115,2010,1.1,Počet obyvatel obce VČETNĚ cizinců,prepocet,23287.0
115,2011,1.1,Počet obyvatel obce VČETNĚ cizinců,prepocet,23232.0
115,2012,1.1,Počet obyvatel obce VČETNĚ cizinců,prepocet,22998.0
115,2013,1.1,Počet obyvatel obce VČETNĚ cizinců,prepocet,22951.0
115,2014,1.1,Počet obyvatel obce VČETNĚ cizinců,prepocet,22829.0
115,2015,1.1,Počet obyvatel obce VČETNĚ cizinců,prepocet,22697.0
115,2016,1.1,Počet obyvatel obce VČETNĚ cizinců,prepocet,22666.0
115,2017,1.1,Počet obyvatel obce VČETNĚ cizinců,prepocet,22572.0
115,2018,1.1,Počet obyvatel obce VČETNĚ cizinců,prepocet,22432.0
115,2019,1.1,Počet obyvatel obce VČETNĚ cizinců,prepocet,22290.0
115,2020,1.1,Počet obyvatel obce VČETNĚ cizinců,prepocet,22108.0
115,2021,1.1,Počet obyvatel obce VČETNĚ cizinců,prepocet,22011.0
115,2022,1.1,Počet obyvatel obce VČETNĚ cizinců,prepocet,22377.0
115,2023,1.1,Počet obyvatel obce VČETNĚ cizinců,prepocet,22219.0
115,2024,1.1,Počet obyvatel obce VČETNĚ cizinců,prepocet,22012.0
115,2025,1.1,Počet obyvatel obce VČETNĚ cizinců,prepocet,21886.0
115,2010,1.1.1,Počet obyvatel obce BEZ cizinců,prepocet,
115,2011,1.1.1,Počet obyvatel obce BEZ cizinců,prepocet,
115,2012,1.1.1,Počet obyvatel obce BEZ cizinců,prepocet,
115,2013,1.1.1,Počet obyvatel obce BEZ cizinců,prepocet,
115,2014,1.1.1,Počet obyvatel obce BEZ cizinců,prepocet,
115,2015,1.1.1,Počet obyvatel obce BEZ cizinců,prepocet,
115,2016,1.1.1,Počet obyvatel obce BEZ cizinců,prepocet,22226.0
115,2017,1.1.1,Počet obyvatel obce BEZ cizinců,prepocet,22118.0
115,2018,1.1.1,Počet obyvatel obce BEZ cizinců,prepocet,21950.0
115,2019,1.1.1,Počet obyvatel obce BEZ cizinců,prepocet,21765.0
115,2020,1.1.1,Počet obyvatel obce BEZ cizinců,prepocet,21584.0
115,2021,1.1.1,Počet obyvatel obce BEZ cizinců,prepocet,21439.0
115,2022,1.1.1,Počet obyvatel obce BEZ cizinců,prepocet,21194.0
115,2023,1.1.1,Počet obyvatel obce BEZ cizinců,prepocet,20942.0
115,2024,1.1.1,Počet obyvatel obce BEZ cizinců,prepocet,20704.0
115,2025,1.1.1,Počet obyvatel obce BEZ cizinců,prepocet,20459.0
115,2010,1.1.2,% cizinců v obci,prepocet,
115,2011,1.1.2,% cizinců v obci,prepocet,
115,2012,1.1.2,% cizinců v obci,prepocet,
115,2013,1.1.2,% cizinců v obci,prepocet,
115,2014,1.1.2,% cizinců v obci,prepocet,
115,2015,1.1.2,% cizinců v obci,prepocet,
115,2016,1.1.2,% cizinců v obci,prepocet,1.941
115,2017,1.1.2,% cizinců v obci,prepocet,2.011
115,2018,1.1.2,% cizinců v obci,prepocet,2.149
115,2019,1.1.2,% cizinců v obci,prepocet,2.355
115,2020,1.1.2,% cizinců v obci,prepocet,2.37
115,2021,1.1.2,% cizinců v obci,prepocet,2.599
115,2022,1.1.2,% cizinců v obci,prepocet,5.287
115,2023,1.1.2,% cizinců v obci,prepocet,5.747
115,2024,1.1.2,% cizinců v obci,prepocet,5.942
115,2025,1.1.2,% cizinců v obci,prepocet,6.52
115,2010,1.2,Počet obyvatel správního obvodu obce s rozšířenou působností VČETNĚ cizinců,prepocet,41924.0
115,2011,1.2,Počet obyvatel správního obvodu obce s rozšířenou působností VČETNĚ cizinců,prepocet,42008.0
115,2012,1.2,Počet obyvatel správního obvodu obce s rozšířenou působností VČETNĚ cizinců,prepocet,41860.0
115,2013,1.2,Počet obyvatel správního obvodu obce s rozšířenou působností VČETNĚ cizinců,prepocet,41782.0
115,2014,1.2,Počet obyvatel správního obvodu obce s rozšířenou působností VČETNĚ cizinců,prepocet,41706.0
115,2015,1.2,Počet obyvatel správního obvodu obce s rozšířenou působností VČETNĚ cizinců,prepocet,41556.0
115,2016,1.2,Počet obyvatel správního obvodu obce s rozšířenou působností VČETNĚ cizinců,prepocet,42246.0
115,2017,1.2,Počet obyvatel správního obvodu obce s rozšířenou působností VČETNĚ cizinců,prepocet,41552.0
115,2018,1.2,Počet obyvatel správního obvodu obce s rozšířenou působností VČETNĚ cizinců,prepocet,41426.0
115,2019,1.2,Počet obyvatel správního obvodu obce s rozšířenou působností VČETNĚ cizinců,prepocet,41436.0
115,2020,1.2,Počet obyvatel správního obvodu obce s rozšířenou působností VČETNĚ cizinců,prepocet,41261.0
115,2021,1.2,Počet obyvatel správního obvodu obce s rozšířenou působností VČETNĚ cizinců,prepocet,41162.0
115,2022,1.2,Počet obyvatel správního obvodu obce s rozšířenou působností VČETNĚ cizinců,prepocet,41820.0
115,2023,1.2,Počet obyvatel správního obvodu obce s rozšířenou působností VČETNĚ cizinců,prepocet,41770.0
115,2024,1.2,Počet obyvatel správního obvodu obce s rozšířenou působností VČETNĚ cizinců,prepocet,41407.0
115,2025,1.2,Počet obyvatel správního obvodu obce s rozšířenou působností VČETNĚ cizinců,prepocet,41268.0
115,2010,1.2.1,Počet obyvatel správního obvodu obce s rozšířenou působností BEZ cizinců,prepocet,
115,2011,1.2.1,Počet obyvatel správního obvodu obce s rozšířenou působností BEZ cizinců,prepocet,
115,2012,1.2.1,Počet obyvatel správního obvodu obce s rozšířenou působností BEZ cizinců,prepocet,
115,2013,1.2.1,Počet obyvatel správního obvodu obce s rozšířenou působností BEZ cizinců,prepocet,
115,2014,1.2.1,Počet obyvatel správního obvodu obce s rozšířenou působností BEZ cizinců,prepocet,
115,2015,1.2.1,Počet obyvatel správního obvodu obce s rozšířenou působností BEZ cizinců,prepocet,
115,2016,1.2.1,Počet obyvatel správního obvodu obce s rozšířenou působností BEZ cizinců,prepocet,41643.0
115,2017,1.2.1,Počet obyvatel správního obvodu obce s rozšířenou působností BEZ cizinců,prepocet,40924.0
115,2018,1.2.1,Počet obyvatel správního obvodu obce s rozšířenou působností BEZ cizinců,prepocet,40773.0
115,2019,1.2.1,Počet obyvatel správního obvodu obce s rozšířenou působností BEZ cizinců,prepocet,40712.0
115,2020,1.2.1,Počet obyvatel správního obvodu obce s rozšířenou působností BEZ cizinců,prepocet,40520.0
115,2021,1.2.1,Počet obyvatel správního obvodu obce s rozšířenou působností BEZ cizinců,prepocet,40328.0
115,2022,1.2.1,Počet obyvatel správního obvodu obce s rozšířenou působností BEZ cizinců,prepocet,40140.0
115,2023,1.2.1,Počet obyvatel správního obvodu obce s rozšířenou působností BEZ cizinců,prepocet,39959.0
115,2024,1.2.1,Počet obyvatel správního obvodu obce s rozšířenou působností BEZ cizinců,prepocet,39640.0
115,2025,1.2.1,Počet obyvatel správního obvodu obce s rozšířenou působností BEZ cizinců,prepocet,39375.0
115,2010,1.2.2,% cizinců ve správním obvodu s rozšířenou působností,prepocet,
115,2011,1.2.2,% cizinců ve správním obvodu s rozšířenou působností,prepocet,
115,2012,1.2.2,% cizinců ve správním obvodu s rozšířenou působností,prepocet,
115,2013,1.2.2,% cizinců ve správním obvodu s rozšířenou působností,prepocet,
115,2014,1.2.2,% cizinců ve správním obvodu s rozšířenou působností,prepocet,
115,2015,1.2.2,% cizinců ve správním obvodu s rozšířenou působností,prepocet,
115,2016,1.2.2,% cizinců ve správním obvodu s rozšířenou působností,prepocet,1.427
115,2017,1.2.2,% cizinců ve správním obvodu s rozšířenou působností,prepocet,1.511
115,2018,1.2.2,% cizinců ve správním obvodu s rozšířenou působností,prepocet,1.576
115,2019,1.2.2,% cizinců ve správním obvodu s rozšířenou působností,prepocet,1.747
115,2020,1.2.2,% cizinců ve správním obvodu s rozšířenou působností,prepocet,1.796
115,2021,1.2.2,% cizinců ve správním obvodu s rozšířenou působností,prepocet,2.026
115,2022,1.2.2,% cizinců ve správním obvodu s rozšířenou působností,prepocet,4.017
115,2023,1.2.2,% cizinců ve správním obvodu s rozšířenou působností,prepocet,4.336
115,2024,1.2.2,% cizinců ve správním obvodu s rozšířenou působností,prepocet,4.267
115,2025,1.2.2,% cizinců ve správním obvodu s rozšířenou působností,prepocet,4.587
115,2010,1.3,% počtu obyvatel obce vzhledem ke správnímu obvodu s rozšířenou působností,prepocet,55.546
115,2011,1.3,% počtu obyvatel obce vzhledem ke správnímu obvodu s rozšířenou působností,prepocet,55.304
115,2012,1.3,% počtu obyvatel obce vzhledem ke správnímu obvodu s rozšířenou působností,prepocet,54.94
115,2013,1.3,% počtu obyvatel obce vzhledem ke správnímu obvodu s rozšířenou působností,prepocet,54.93
115,2014,1.3,% počtu obyvatel obce vzhledem ke správnímu obvodu s rozšířenou působností,prepocet,54.738
115,2015,1.3,% počtu obyvatel obce vzhledem ke správnímu obvodu s rozšířenou působností,prepocet,54.618
115,2016,1.3,% počtu obyvatel obce vzhledem ke správnímu obvodu s rozšířenou působností,prepocet,53.652
115,2017,1.3,% počtu obyvatel obce vzhledem ke správnímu obvodu s rozšířenou působností,prepocet,54.322
115,2018,1.3,% počtu obyvatel obce vzhledem ke správnímu obvodu s rozšířenou působností,prepocet,54.15
115,2019,1.3,% počtu obyvatel obce vzhledem ke správnímu obvodu s rozšířenou působností,prepocet,53.794
115,2020,1.3,% počtu obyvatel obce vzhledem ke správnímu obvodu s rozšířenou působností,prepocet,53.581
115,2021,1.3,% počtu obyvatel obce vzhledem ke správnímu obvodu s rozšířenou působností,prepocet,53.474
115,2022,1.3,% počtu obyvatel obce vzhledem ke správnímu obvodu s rozšířenou působností,prepocet,53.508
115,2023,1.3,% počtu obyvatel obce vzhledem ke správnímu obvodu s rozšířenou působností,prepocet,53.194
115,2024,1.3,% počtu obyvatel obce vzhledem ke správnímu obvodu s rozšířenou působností,prepocet,53.16
115,2025,1.3,% počtu obyvatel obce vzhledem ke správnímu obvodu s rozšířenou působností,prepocet,53.034
115,2010,1.4.1,Počet obyvatel správního obvodu obce s působností matričního úřadu VČETNĚ cizinců,prepocet,24199.0
115,2011,1.4.1,Počet obyvatel správního obvodu obce s působností matričního úřadu VČETNĚ cizinců,prepocet,24170.0
115,2012,1.4.1,Počet obyvatel správního obvodu obce s působností matričního úřadu VČETNĚ cizinců,prepocet,23961.0
115,2013,1.4.1,Počet obyvatel správního obvodu obce s působností matričního úřadu VČETNĚ cizinců,prepocet,23928.0
115,2014,1.4.1,Počet obyvatel správního obvodu obce s působností matričního úřadu VČETNĚ cizinců,prepocet,23826.0
115,2015,1.4.1,Počet obyvatel správního obvodu obce s působností matričního úřadu VČETNĚ cizinců,prepocet,23716.0
115,2016,1.4.1,Počet obyvatel správního obvodu obce s působností matričního úřadu VČETNĚ cizinců,prepocet,24132.0
115,2017,1.4.1,Počet obyvatel správního obvodu obce s působností matričního úřadu VČETNĚ cizinců,prepocet,23622.0
115,2018,1.4.1,Počet obyvatel správního obvodu obce s působností matričního úřadu VČETNĚ cizinců,prepocet,23444.0
115,2019,1.4.1,Počet obyvatel správního obvodu obce s působností matričního úřadu VČETNĚ cizinců,prepocet,23376.0
115,2020,1.4.1,Počet obyvatel správního obvodu obce s působností matričního úřadu VČETNĚ cizinců,prepocet,23198.0
115,2021,1.4.1,Počet obyvatel správního obvodu obce s působností matričního úřadu VČETNĚ cizinců,prepocet,23102.0
115,2022,1.4.1,Počet obyvatel správního obvodu obce s působností matričního úřadu VČETNĚ cizinců,prepocet,23487.0
115,2023,1.4.1,Počet obyvatel správního obvodu obce s působností matričního úřadu VČETNĚ cizinců,prepocet,23364.0
115,2024,1.4.1,Počet obyvatel správního obvodu obce s působností matričního úřadu VČETNĚ cizinců,prepocet,23187.0
115,2025,1.4.1,Počet obyvatel správního obvodu obce s působností matričního úřadu VČETNĚ cizinců,prepocet,23056.0
115,2010,1.5.1,Počet obyvatel správního obvodu obce s působností stavebního úřadu VČETNĚ cizinců,prepocet,24199.0
115,2011,1.5.1,Počet obyvatel správního obvodu obce s působností stavebního úřadu VČETNĚ cizinců,prepocet,24170.0
115,2012,1.5.1,Počet obyvatel správního obvodu obce s působností stavebního úřadu VČETNĚ cizinců,prepocet,23961.0
115,2013,1.5.1,Počet obyvatel správního obvodu obce s působností stavebního úřadu VČETNĚ cizinců,prepocet,23928.0
115,2014,1.5.1,Počet obyvatel správního obvodu obce s působností stavebního úřadu VČETNĚ cizinců,prepocet,23826.0
115,2015,1.5.1,Počet obyvatel správního obvodu obce s působností stavebního úřadu VČETNĚ cizinců,prepocet,23716.0
115,2016,1.5.1,Počet obyvatel správního obvodu obce s působností stavebního úřadu VČETNĚ cizinců,prepocet,24132.0
115,2017,1.5.1,Počet obyvatel správního obvodu obce s působností stavebního úřadu VČETNĚ cizinců,prepocet,23622.0
115,2018,1.5.1,Počet obyvatel správního obvodu obce s působností stavebního úřadu VČETNĚ cizinců,prepocet,23444.0
115,2019,1.5.1,Počet obyvatel správního obvodu obce s působností stavebního úřadu VČETNĚ cizinců,prepocet,23376.0
115,2020,1.5.1,Počet obyvatel správního obvodu obce s působností stavebního úřadu VČETNĚ cizinců,prepocet,23198.0
115,2021,1.5.1,Počet obyvatel správního obvodu obce s působností stavebního úřadu VČETNĚ cizinců,prepocet,23102.0
115,2022,1.5.1,Počet obyvatel správního obvodu obce s působností stavebního úřadu VČETNĚ cizinců,prepocet,23487.0
115,2023,1.5.1,Počet obyvatel správního obvodu obce s působností stavebního úřadu VČETNĚ cizinců,prepocet,23364.0
115,2024,1.5.1,Počet obyvatel správního obvodu obce s působností stavebního úřadu VČETNĚ cizinců,prepocet,23187.0
115,2025,1.5.1,Počet obyvatel správního obvodu obce s působností stavebního úřadu VČETNĚ cizinců,prepocet,23056.0
115,2010,1.6,Počet obyvatel na km2 území obce,prepocet,862.481
115,2011,1.6,Počet obyvatel na km2 území obce,prepocet,860.444
115,2012,1.6,Počet obyvatel na km2 území obce,prepocet,851.778
115,2013,1.6,Počet obyvatel na km2 území obce,prepocet,835.189
115,2014,1.6,Počet obyvatel na km2 území obce,prepocet,830.75
115,2015,1.6,Počet obyvatel na km2 území obce,prepocet,825.946
115,2016,1.6,Počet obyvatel na km2 území obce,prepocet,824.818
115,2017,1.6,Počet obyvatel na km2 území obce,prepocet,821.397
115,2018,1.6,Počet obyvatel na km2 území obce,prepocet,816.303
115,2019,1.6,Počet obyvatel na km2 území obce,prepocet,811.135
115,2020,1.6,Počet obyvatel na km2 území obce,prepocet,804.512
115,2021,1.6,Počet obyvatel na km2 území obce,prepocet,800.983
115,2022,1.6,Počet obyvatel na km2 území obce,prepocet,814.301
115,2023,1.6,Počet obyvatel na km2 území obce,prepocet,808.552
115,2024,1.6,Počet obyvatel na km2 území obce,prepocet,801.019
115,2025,1.6,Počet obyvatel na km2 území obce,prepocet,796.434
115,2010,1.7,Počet obyvatel na km2 území správního obvodu obce s rozšířenou působností,prepocet,343.639
115,2011,1.7,Počet obyvatel na km2 území správního obvodu obce s rozšířenou působností,prepocet,344.328
115,2012,1.7,Počet obyvatel na km2 území správního obvodu obce s rozšířenou působností,prepocet,343.115
115,2013,1.7,Počet obyvatel na km2 území správního obvodu obce s rozšířenou působností,prepocet,344.565
115,2014,1.7,Počet obyvatel na km2 území správního obvodu obce s rozšířenou působností,prepocet,343.939
115,2015,1.7,Počet obyvatel na km2 území správního obvodu obce s rozšířenou působností,prepocet,342.73
115,2016,1.7,Počet obyvatel na km2 území správního obvodu obce s rozšířenou působností,prepocet,348.449
115,2017,1.7,Počet obyvatel na km2 území správního obvodu obce s rozšířenou působností,prepocet,342.753
115,2018,1.7,Počet obyvatel na km2 území správního obvodu obce s rozšířenou působností,prepocet,341.714
115,2019,1.7,Počet obyvatel na km2 území správního obvodu obce s rozšířenou působností,prepocet,341.797
115,2020,1.7,Počet obyvatel na km2 území správního obvodu obce s rozšířenou působností,prepocet,340.353
115,2021,1.7,Počet obyvatel na km2 území správního obvodu obce s rozšířenou působností,prepocet,339.536
115,2022,1.7,Počet obyvatel na km2 území správního obvodu obce s rozšířenou působností,prepocet,344.964
115,2023,1.7,Počet obyvatel na km2 území správního obvodu obce s rozšířenou působností,prepocet,344.552
115,2024,1.7,Počet obyvatel na km2 území správního obvodu obce s rozšířenou působností,prepocet,341.557
115,2025,1.7,Počet obyvatel na km2 území správního obvodu obce s rozšířenou působností,prepocet,340.411
115,2010,1.8,Počet obcí ve správním obvodu obce s rozšířenou působností,prepocet,9.0
115,2011,1.8,Počet obcí ve správním obvodu obce s rozšířenou působností,prepocet,9.0
115,2012,1.8,Počet obcí ve správním obvodu obce s rozšířenou působností,prepocet,9.0
115,2013,1.8,Počet obcí ve správním obvodu obce s rozšířenou působností,prepocet,9.0
115,2014,1.8,Počet obcí ve správním obvodu obce s rozšířenou působností,prepocet,9.0
115,2015,1.8,Počet obcí ve správním obvodu obce s rozšířenou působností,prepocet,9.0
115,2016,1.8,Počet obcí ve správním obvodu obce s rozšířenou působností,prepocet,9.0
115,2017,1.8,Počet obcí ve správním obvodu obce s rozšířenou působností,prepocet,9.0
115,2018,1.8,Počet obcí ve správním obvodu obce s rozšířenou působností,prepocet,9.0
115,2019,1.8,Počet obcí ve správním obvodu obce s rozšířenou působností,prepocet,9.0
115,2020,1.8,Počet obcí ve správním obvodu obce s rozšířenou působností,prepocet,9.0
115,2021,1.8,Počet obcí ve správním obvodu obce s rozšířenou působností,prepocet,9.0
115,2022,1.8,Počet obcí ve správním obvodu obce s rozšířenou působností,prepocet,9.0
115,2023,1.8,Počet obcí ve správním obvodu obce s rozšířenou působností,prepocet,9.0
115,2024,1.8,Počet obcí ve správním obvodu obce s rozšířenou působností,prepocet,9.0
115,2025,1.8,Počet obcí ve správním obvodu obce s rozšířenou působností,prepocet,9.0
115,2010,1.9,Podíl nezaměstnaných na obyvatelstvu v % v obci (nebo v okrese),prepocet,10.92
115,2011,1.9,Podíl nezaměstnaných na obyvatelstvu v % v obci (nebo v okrese),prepocet,8.29
115,2012,1.9,Podíl nezaměstnaných na obyvatelstvu v % v obci (nebo v okrese),prepocet,9.38
115,2013,1.9,Podíl nezaměstnaných na obyvatelstvu v % v obci (nebo v okrese),prepocet,8.15
115,2014,1.9,Podíl nezaměstnaných na obyvatelstvu v % v obci (nebo v okrese),prepocet,7.4
115,2015,1.9,Podíl nezaměstnaných na obyvatelstvu v % v obci (nebo v okrese),prepocet,5.6
115,2016,1.9,Podíl nezaměstnaných na obyvatelstvu v % v obci (nebo v okrese),prepocet,4.9
115,2017,1.9,Podíl nezaměstnaných na obyvatelstvu v % v obci (nebo v okrese),prepocet,4.4
115,2018,1.9,Podíl nezaměstnaných na obyvatelstvu v % v obci (nebo v okrese),prepocet,3.5
115,2019,1.9,Podíl nezaměstnaných na obyvatelstvu v % v obci (nebo v okrese),prepocet,3.7
115,2020,1.9,Podíl nezaměstnaných na obyvatelstvu v % v obci (nebo v okrese),prepocet,4.6
115,2021,1.9,Podíl nezaměstnaných na obyvatelstvu v % v obci (nebo v okrese),prepocet,3.7
115,2022,1.9,Podíl nezaměstnaných na obyvatelstvu v % v obci (nebo v okrese),prepocet,3.7
115,2023,1.9,Podíl nezaměstnaných na obyvatelstvu v % v obci (nebo v okrese),prepocet,4.5
115,2024,1.9,Podíl nezaměstnaných na obyvatelstvu v % v obci (nebo v okrese),prepocet,5.0
115,2025,1.9,Podíl nezaměstnaných na obyvatelstvu v % v obci (nebo v okrese),prepocet,5.585
115,2010,1.10,Podíl nezaměstnaných na obyvatelstvu v % ve správním obvodu obce s rozšířenou působností (nebo v okrese),prepocet,10.83
115,2011,1.10,Podíl nezaměstnaných na obyvatelstvu v % ve správním obvodu obce s rozšířenou působností (nebo v okrese),prepocet,8.28
115,2012,1.10,Podíl nezaměstnaných na obyvatelstvu v % ve správním obvodu obce s rozšířenou působností (nebo v okrese),prepocet,9.38
115,2013,1.10,Podíl nezaměstnaných na obyvatelstvu v % ve správním obvodu obce s rozšířenou působností (nebo v okrese),prepocet,7.41
115,2014,1.10,Podíl nezaměstnaných na obyvatelstvu v % ve správním obvodu obce s rozšířenou působností (nebo v okrese),prepocet,7.0
115,2015,1.10,Podíl nezaměstnaných na obyvatelstvu v % ve správním obvodu obce s rozšířenou působností (nebo v okrese),prepocet,5.1
115,2016,1.10,Podíl nezaměstnaných na obyvatelstvu v % ve správním obvodu obce s rozšířenou působností (nebo v okrese),prepocet,4.5
115,2017,1.10,Podíl nezaměstnaných na obyvatelstvu v % ve správním obvodu obce s rozšířenou působností (nebo v okrese),prepocet,3.8
115,2018,1.10,Podíl nezaměstnaných na obyvatelstvu v % ve správním obvodu obce s rozšířenou působností (nebo v okrese),prepocet,3.2
115,2019,1.10,Podíl nezaměstnaných na obyvatelstvu v % ve správním obvodu obce s rozšířenou působností (nebo v okrese),prepocet,3.4
115,2020,1.10,Podíl nezaměstnaných na obyvatelstvu v % ve správním obvodu obce s rozšířenou působností (nebo v okrese),prepocet,3.99
115,2021,1.10,Podíl nezaměstnaných na obyvatelstvu v % ve správním obvodu obce s rozšířenou působností (nebo v okrese),prepocet,2.46
115,2022,1.10,Podíl nezaměstnaných na obyvatelstvu v % ve správním obvodu obce s rozšířenou působností (nebo v okrese),prepocet,3.4
115,2023,1.10,Podíl nezaměstnaných na obyvatelstvu v % ve správním obvodu obce s rozšířenou působností (nebo v okrese),prepocet,3.9
115,2024,1.10,Podíl nezaměstnaných na obyvatelstvu v % ve správním obvodu obce s rozšířenou působností (nebo v okrese),prepocet,4.5
115,2025,1.10,Podíl nezaměstnaných na obyvatelstvu v % ve správním obvodu obce s rozšířenou působností (nebo v okrese),prepocet,5.15
115,2010,1.11,Průměrný fyzický počet zaměstnanců obce zařazených v obecním úřadě,prepocet,183.0
115,2011,1.11,Průměrný fyzický počet zaměstnanců obce zařazených v obecním úřadě,prepocet,185.0
115,2012,1.11,Průměrný fyzický počet zaměstnanců obce zařazených v obecním úřadě,prepocet,173.0
115,2013,1.11,Průměrný fyzický počet zaměstnanců obce zařazených v obecním úřadě,prepocet,175.0
115,2014,1.11,Průměrný fyzický počet zaměstnanců obce zařazených v obecním úřadě,prepocet,175.0
115,2015,1.11,Průměrný fyzický počet zaměstnanců obce zařazených v obecním úřadě,prepocet,174.0
115,2016,1.11,Průměrný fyzický počet zaměstnanců obce zařazených v obecním úřadě,prepocet,173.4
115,2017,1.11,Průměrný fyzický počet zaměstnanců obce zařazených v obecním úřadě,prepocet,176.0
115,2018,1.11,Průměrný fyzický počet zaměstnanců obce zařazených v obecním úřadě,prepocet,180.5
115,2019,1.11,Průměrný fyzický počet zaměstnanců obce zařazených v obecním úřadě,prepocet,184.1
115,2020,1.11,Průměrný fyzický počet zaměstnanců obce zařazených v obecním úřadě,prepocet,187.0
115,2021,1.11,Průměrný fyzický počet zaměstnanců obce zařazených v obecním úřadě,prepocet,189.0
115,2022,1.11,Průměrný fyzický počet zaměstnanců obce zařazených v obecním úřadě,prepocet,193.0
115,2023,1.11,Průměrný fyzický počet zaměstnanců obce zařazených v obecním úřadě,prepocet,195.0
115,2024,1.11,Průměrný fyzický počet zaměstnanců obce zařazených v obecním úřadě,prepocet,200.0
115,2025,1.11,Průměrný fyzický počet zaměstnanců obce zařazených v obecním úřadě,prepocet,198.0
115,2010,1.12,Průměrný evidenční přepočtený počet zaměstnanců obce zařazených v obecním úřadě,prepocet,181.8
115,2011,1.12,Průměrný evidenční přepočtený počet zaměstnanců obce zařazených v obecním úřadě,prepocet,185.5
115,2012,1.12,Průměrný evidenční přepočtený počet zaměstnanců obce zařazených v obecním úřadě,prepocet,173.4
115,2013,1.12,Průměrný evidenční přepočtený počet zaměstnanců obce zařazených v obecním úřadě,prepocet,176.4
115,2014,1.12,Průměrný evidenční přepočtený počet zaměstnanců obce zařazených v obecním úřadě,prepocet,158.0
115,2015,1.12,Průměrný evidenční přepočtený počet zaměstnanců obce zařazených v obecním úřadě,prepocet,173.66
115,2016,1.12,Průměrný evidenční přepočtený počet zaměstnanců obce zařazených v obecním úřadě,prepocet,175.1
115,2017,1.12,Průměrný evidenční přepočtený počet zaměstnanců obce zařazených v obecním úřadě,prepocet,175.42
115,2018,1.12,Průměrný evidenční přepočtený počet zaměstnanců obce zařazených v obecním úřadě,prepocet,178.1
115,2019,1.12,Průměrný evidenční přepočtený počet zaměstnanců obce zařazených v obecním úřadě,prepocet,178.9
115,2020,1.12,Průměrný evidenční přepočtený počet zaměstnanců obce zařazených v obecním úřadě,prepocet,184.9
115,2021,1.12,Průměrný evidenční přepočtený počet zaměstnanců obce zařazených v obecním úřadě,prepocet,186.82
115,2022,1.12,Průměrný evidenční přepočtený počet zaměstnanců obce zařazených v obecním úřadě,prepocet,184.27
115,2023,1.12,Průměrný evidenční přepočtený počet zaměstnanců obce zařazených v obecním úřadě,prepocet,189.0
115,2024,1.12,Průměrný evidenční přepočtený počet zaměstnanců obce zařazených v obecním úřadě,prepocet,191.0
115,2025,1.12,Průměrný evidenční přepočtený počet zaměstnanců obce zařazených v obecním úřadě,prepocet,191.0
115,2010,1.13,Průměrný evidenční přepočtený počet zaměstnanců na 1 000 obyvatel správního obvodu,prepocet,4.336
115,2011,1.13,Průměrný evidenční přepočtený počet zaměstnanců na 1 000 obyvatel správního obvodu,prepocet,4.416
115,2012,1.13,Průměrný evidenční přepočtený počet zaměstnanců na 1 000 obyvatel správního obvodu,prepocet,4.142
115,2013,1.13,Průměrný evidenční přepočtený počet zaměstnanců na 1 000 obyvatel správního obvodu,prepocet,4.222
115,2014,1.13,Průměrný evidenční přepočtený počet zaměstnanců na 1 000 obyvatel správního obvodu,prepocet,3.788
115,2015,1.13,Průměrný evidenční přepočtený počet zaměstnanců na 1 000 obyvatel správního obvodu,prepocet,4.179
115,2016,1.13,Průměrný evidenční přepočtený počet zaměstnanců na 1 000 obyvatel správního obvodu,prepocet,4.145
115,2017,1.13,Průměrný evidenční přepočtený počet zaměstnanců na 1 000 obyvatel správního obvodu,prepocet,4.222
115,2018,1.13,Průměrný evidenční přepočtený počet zaměstnanců na 1 000 obyvatel správního obvodu,prepocet,4.299
115,2019,1.13,Průměrný evidenční přepočtený počet zaměstnanců na 1 000 obyvatel správního obvodu,prepocet,4.318
115,2020,1.13,Průměrný evidenční přepočtený počet zaměstnanců na 1 000 obyvatel správního obvodu,prepocet,4.481
115,2021,1.13,Průměrný evidenční přepočtený počet zaměstnanců na 1 000 obyvatel správního obvodu,prepocet,4.539
115,2022,1.13,Průměrný evidenční přepočtený počet zaměstnanců na 1 000 obyvatel správního obvodu,prepocet,4.406
115,2023,1.13,Průměrný evidenční přepočtený počet zaměstnanců na 1 000 obyvatel správního obvodu,prepocet,4.525
115,2024,1.13,Průměrný evidenční přepočtený počet zaměstnanců na 1 000 obyvatel správního obvodu,prepocet,4.613
115,2025,1.13,Průměrný evidenční přepočtený počet zaměstnanců na 1 000 obyvatel správního obvodu,prepocet,4.628
115,2010,1.14,Počet úvazků z přenesené působnosti k počtu obyvatel ORP (přepočteno na 1000 obyvatel ORP),prepocet,
115,2011,1.14,Počet úvazků z přenesené působnosti k počtu obyvatel ORP (přepočteno na 1000 obyvatel ORP),prepocet,
115,2012,1.14,Počet úvazků z přenesené působnosti k počtu obyvatel ORP (přepočteno na 1000 obyvatel ORP),prepocet,
115,2013,1.14,Počet úvazků z přenesené působnosti k počtu obyvatel ORP (přepočteno na 1000 obyvatel ORP),prepocet,
115,2014,1.14,Počet úvazků z přenesené působnosti k počtu obyvatel ORP (přepočteno na 1000 obyvatel ORP),prepocet,1.945
115,2015,1.14,Počet úvazků z přenesené působnosti k počtu obyvatel ORP (přepočteno na 1000 obyvatel ORP),prepocet,2.027
115,2016,1.14,Počet úvazků z přenesené působnosti k počtu obyvatel ORP (přepočteno na 1000 obyvatel ORP),prepocet,2.183
115,2017,1.14,Počet úvazků z přenesené působnosti k počtu obyvatel ORP (přepočteno na 1000 obyvatel ORP),prepocet,2.237
115,2018,1.14,Počet úvazků z přenesené působnosti k počtu obyvatel ORP (přepočteno na 1000 obyvatel ORP),prepocet,2.279
115,2019,1.14,Počet úvazků z přenesené působnosti k počtu obyvatel ORP (přepočteno na 1000 obyvatel ORP),prepocet,2.284
115,2020,1.14,Počet úvazků z přenesené působnosti k počtu obyvatel ORP (přepočteno na 1000 obyvatel ORP),prepocet,2.438
115,2021,1.14,Počet úvazků z přenesené působnosti k počtu obyvatel ORP (přepočteno na 1000 obyvatel ORP),prepocet,2.396
115,2022,1.14,Počet úvazků z přenesené působnosti k počtu obyvatel ORP (přepočteno na 1000 obyvatel ORP),prepocet,2.398
115,2023,1.14,Počet úvazků z přenesené působnosti k počtu obyvatel ORP (přepočteno na 1000 obyvatel ORP),prepocet,2.356
115,2024,1.14,Počet úvazků z přenesené působnosti k počtu obyvatel ORP (přepočteno na 1000 obyvatel ORP),prepocet,2.423
115,2025,1.14,Počet úvazků z přenesené působnosti k počtu obyvatel ORP (přepočteno na 1000 obyvatel ORP),prepocet,2.572
115,2010,1.15,Počet úvazků ze samosprávy (vč. městské policie) k počtu obyvatel města (přepočteno na 1000 obyvatel města),prepocet,
115,2011,1.15,Počet úvazků ze samosprávy (vč. městské policie) k počtu obyvatel města (přepočteno na 1000 obyvatel města),prepocet,
115,2012,1.15,Počet úvazků ze samosprávy (vč. městské policie) k počtu obyvatel města (přepočteno na 1000 obyvatel města),prepocet,
115,2013,1.15,Počet úvazků ze samosprávy (vč. městské policie) k počtu obyvatel města (přepočteno na 1000 obyvatel města),prepocet,
115,2014,1.15,Počet úvazků ze samosprávy (vč. městské policie) k počtu obyvatel města (přepočteno na 1000 obyvatel města),prepocet,4.2
115,2015,1.15,Počet úvazků ze samosprávy (vč. městské policie) k počtu obyvatel města (přepočteno na 1000 obyvatel města),prepocet,4.351
115,2016,1.15,Počet úvazků ze samosprávy (vč. městské policie) k počtu obyvatel města (přepočteno na 1000 obyvatel města),prepocet,4.535
115,2017,1.15,Počet úvazků ze samosprávy (vč. městské policie) k počtu obyvatel města (přepočteno na 1000 obyvatel města),prepocet,4.627
115,2018,1.15,Počet úvazků ze samosprávy (vč. městské policie) k počtu obyvatel města (přepočteno na 1000 obyvatel města),prepocet,4.623
115,2019,1.15,Počet úvazků ze samosprávy (vč. městské policie) k počtu obyvatel města (přepočteno na 1000 obyvatel města),prepocet,4.812
115,2020,1.15,Počet úvazků ze samosprávy (vč. městské policie) k počtu obyvatel města (přepočteno na 1000 obyvatel města),prepocet,4.854
115,2021,1.15,Počet úvazků ze samosprávy (vč. městské policie) k počtu obyvatel města (přepočteno na 1000 obyvatel města),prepocet,5.196
115,2022,1.15,Počet úvazků ze samosprávy (vč. městské policie) k počtu obyvatel města (přepočteno na 1000 obyvatel města),prepocet,5.171
115,2023,1.15,Počet úvazků ze samosprávy (vč. městské policie) k počtu obyvatel města (přepočteno na 1000 obyvatel města),prepocet,5.158
115,2024,1.15,Počet úvazků ze samosprávy (vč. městské policie) k počtu obyvatel města (přepočteno na 1000 obyvatel města),prepocet,5.068
115,2025,1.15,Počet úvazků ze samosprávy (vč. městské policie) k počtu obyvatel města (přepočteno na 1000 obyvatel města),prepocet,5.152
115,2010,2.1,Počet pracovníků na 1000 obyvatel správního obvodu,prepocet,
115,2011,2.1,Počet pracovníků na 1000 obyvatel správního obvodu,prepocet,
115,2012,2.1,Počet pracovníků na 1000 obyvatel správního obvodu,prepocet,0.048
115,2013,2.1,Počet pracovníků na 1000 obyvatel správního obvodu,prepocet,0.048
115,2014,2.1,Počet pracovníků na 1000 obyvatel správního obvodu,prepocet,0.048
115,2015,2.1,Počet pracovníků na 1000 obyvatel správního obvodu,prepocet,0.048
115,2016,2.1,Počet pracovníků na 1000 obyvatel správního obvodu,prepocet,0.047
115,2017,2.1,Počet pracovníků na 1000 obyvatel správního obvodu,prepocet,0.048
115,2018,2.1,Počet pracovníků na 1000 obyvatel správního obvodu,prepocet,0.048
115,2019,2.1,Počet pracovníků na 1000 obyvatel správního obvodu,prepocet,0.048
115,2020,2.1,Počet pracovníků na 1000 obyvatel správního obvodu,prepocet,0.048
115,2021,2.1,Počet pracovníků na 1000 obyvatel správního obvodu,prepocet,0.029
115,2022,2.1,Počet pracovníků na 1000 obyvatel správního obvodu,prepocet,0.028
115,2023,2.1,Počet pracovníků na 1000 obyvatel správního obvodu,prepocet,0.028
115,2024,2.1,Počet pracovníků na 1000 obyvatel správního obvodu,prepocet,0.029
115,2025,2.1,Počet pracovníků na 1000 obyvatel správního obvodu,prepocet,0.029
115,2010,2.2.1,Počet sledovaných úkonů na pracovníka evidence obyvatel,prepocet,
115,2011,2.2.1,Počet sledovaných úkonů na pracovníka evidence obyvatel,prepocet,
115,2012,2.2.1,Počet sledovaných úkonů na pracovníka evidence obyvatel,prepocet,
115,2013,2.2.1,Počet sledovaných úkonů na pracovníka evidence obyvatel,prepocet,881.407
115,2014,2.2.1,Počet sledovaných úkonů na pracovníka evidence obyvatel,prepocet,1024.623
115,2015,2.2.1,Počet sledovaných úkonů na pracovníka evidence obyvatel,prepocet,954.774
115,2016,2.2.1,Počet sledovaných úkonů na pracovníka evidence obyvatel,prepocet,934.171
115,2017,2.2.1,Počet sledovaných úkonů na pracovníka evidence obyvatel,prepocet,923.618
115,2018,2.2.1,Počet sledovaných úkonů na pracovníka evidence obyvatel,prepocet,879.899
115,2019,2.2.1,Počet sledovaných úkonů na pracovníka evidence obyvatel,prepocet,873.367
115,2020,2.2.1,Počet sledovaných úkonů na pracovníka evidence obyvatel,prepocet,757.789
115,2021,2.2.1,Počet sledovaných úkonů na pracovníka evidence obyvatel,prepocet,1217.647
115,2022,2.2.1,Počet sledovaných úkonů na pracovníka evidence obyvatel,prepocet,1336.975
115,2023,2.2.1,Počet sledovaných úkonů na pracovníka evidence obyvatel,prepocet,1278.151
115,2024,2.2.1,Počet sledovaných úkonů na pracovníka evidence obyvatel,prepocet,1278.992
115,2025,2.2.1,Počet sledovaných úkonů na pracovníka evidence obyvatel,prepocet,1244.538
115,2010,2.2.2,Struktura sledovaných úkonů v %,prepocet,
115,2011,2.2.2,Struktura sledovaných úkonů v %,prepocet,
115,2012,2.2.2,Struktura sledovaných úkonů v %,prepocet,
115,2013,2.2.2,Struktura sledovaných úkonů v %,prepocet,26.0
115,2014,2.2.2,Struktura sledovaných úkonů v %,prepocet,31.0
115,2015,2.2.2,Struktura sledovaných úkonů v %,prepocet,26.0
115,2016,2.2.2,Struktura sledovaných úkonů v %,prepocet,10.0
115,2017,2.2.2,Struktura sledovaných úkonů v %,prepocet,1.0
115,2018,2.2.2,Struktura sledovaných úkonů v %,prepocet,4.0
115,2019,2.2.2,Struktura sledovaných úkonů v %,prepocet,2.0
115,2020,2.2.2,Struktura sledovaných úkonů v %,prepocet,24.0
115,2021,2.2.2,Struktura sledovaných úkonů v %,prepocet,30.0
115,2022,2.2.2,Struktura sledovaných úkonů v %,prepocet,25.0
115,2023,2.2.2,Struktura sledovaných úkonů v %,prepocet,12.0
115,2024,2.2.2,Struktura sledovaných úkonů v %,prepocet,2.0
115,2025,2.2.2,Struktura sledovaných úkonů v %,prepocet,4.0
115,2010,2.3.3,Saldo počtu přihlášení a odhlášení trvalého pobytu (celkem za správní obvod),prepocet,-144.0
115,2011,2.3.3,Saldo počtu přihlášení a odhlášení trvalého pobytu (celkem za správní obvod),prepocet,-113.0
115,2012,2.3.3,Saldo počtu přihlášení a odhlášení trvalého pobytu (celkem za správní obvod),prepocet,-225.0
115,2013,2.3.3,Saldo počtu přihlášení a odhlášení trvalého pobytu (celkem za správní obvod),prepocet,-87.0
115,2014,2.3.3,Saldo počtu přihlášení a odhlášení trvalého pobytu (celkem za správní obvod),prepocet,-116.0
115,2015,2.3.3,Saldo počtu přihlášení a odhlášení trvalého pobytu (celkem za správní obvod),prepocet,-87.0
115,2016,2.3.3,Saldo počtu přihlášení a odhlášení trvalého pobytu (celkem za správní obvod),prepocet,-129.0
115,2017,2.3.3,Saldo počtu přihlášení a odhlášení trvalého pobytu (celkem za správní obvod),prepocet,-138.0
115,2018,2.3.3,Saldo počtu přihlášení a odhlášení trvalého pobytu (celkem za správní obvod),prepocet,-118.0
115,2019,2.3.3,Saldo počtu přihlášení a odhlášení trvalého pobytu (celkem za správní obvod),prepocet,-126.0
115,2020,2.3.3,Saldo počtu přihlášení a odhlášení trvalého pobytu (celkem za správní obvod),prepocet,-105.0
115,2021,2.3.3,Saldo počtu přihlášení a odhlášení trvalého pobytu (celkem za správní obvod),prepocet,-63.0
115,2022,2.3.3,Saldo počtu přihlášení a odhlášení trvalého pobytu (celkem za správní obvod),prepocet,-139.0
115,2023,2.3.3,Saldo počtu přihlášení a odhlášení trvalého pobytu (celkem za správní obvod),prepocet,-144.0
115,2024,2.3.3,Saldo počtu přihlášení a odhlášení trvalého pobytu (celkem za správní obvod),prepocet,-153.0
115,2025,2.3.3,Saldo počtu přihlášení a odhlášení trvalého pobytu (celkem za správní obvod),prepocet,-102.0
115,2010,2.3.4,Změna počtu osob přihlášených k trvalému pobytu,prepocet,
115,2011,2.3.4,Změna počtu osob přihlášených k trvalému pobytu,prepocet,
115,2012,2.3.4,Změna počtu osob přihlášených k trvalému pobytu,prepocet,
115,2013,2.3.4,Změna počtu osob přihlášených k trvalému pobytu,prepocet,125.0
115,2014,2.3.4,Změna počtu osob přihlášených k trvalému pobytu,prepocet,224.0
115,2015,2.3.4,Změna počtu osob přihlášených k trvalému pobytu,prepocet,226.0
115,2016,2.3.4,Změna počtu osob přihlášených k trvalému pobytu,prepocet,179.0
115,2017,2.3.4,Změna počtu osob přihlášených k trvalému pobytu,prepocet,194.0
115,2018,2.3.4,Změna počtu osob přihlášených k trvalému pobytu,prepocet,165.0
115,2019,2.3.4,Změna počtu osob přihlášených k trvalému pobytu,prepocet,180.0
115,2020,2.3.4,Změna počtu osob přihlášených k trvalému pobytu,prepocet,153.0
115,2021,2.3.4,Změna počtu osob přihlášených k trvalému pobytu,prepocet,155.0
115,2022,2.3.4,Změna počtu osob přihlášených k trvalému pobytu,prepocet,164.0
115,2023,2.3.4,Změna počtu osob přihlášených k trvalému pobytu,prepocet,140.0
115,2024,2.3.4,Změna počtu osob přihlášených k trvalému pobytu,prepocet,142.0
115,2025,2.3.4,Změna počtu osob přihlášených k trvalému pobytu,prepocet,153.0
115,2010,2.5,Počet úředních hodin v týdnu,prepocet,26.0
115,2011,2.5,Počet úředních hodin v týdnu,prepocet,26.0
115,2012,2.5,Počet úředních hodin v týdnu,prepocet,26.0
115,2013,2.5,Počet úředních hodin v týdnu,prepocet,26.0
115,2014,2.5,Počet úředních hodin v týdnu,prepocet,26.0
115,2015,2.5,Počet úředních hodin v týdnu,prepocet,26.0
115,2016,2.5,Počet úředních hodin v týdnu,prepocet,26.0
115,2017,2.5,Počet úředních hodin v týdnu,prepocet,26.0
115,2018,2.5,Počet úředních hodin v týdnu,prepocet,26.0
115,2019,2.5,Počet úředních hodin v týdnu,prepocet,26.0
115,2020,2.5,Počet úředních hodin v týdnu,prepocet,26.0
115,2021,2.5,Počet úředních hodin v týdnu,prepocet,26.0
115,2022,2.5,Počet úředních hodin v týdnu,prepocet,26.0
115,2023,2.5,Počet úředních hodin v týdnu,prepocet,26.0
115,2024,2.5,Počet úředních hodin v týdnu,prepocet,26.0
115,2025,2.5,Počet úředních hodin v týdnu,prepocet,26.0
115,2010,2.6,Průměrná čekací doba (v minutách),prepocet,2.08
115,2011,2.6,Průměrná čekací doba (v minutách),prepocet,3.19
115,2012,2.6,Průměrná čekací doba (v minutách),prepocet,3.35
115,2013,2.6,Průměrná čekací doba (v minutách),prepocet,2.46
115,2014,2.6,Průměrná čekací doba (v minutách),prepocet,2.5
115,2015,2.6,Průměrná čekací doba (v minutách),prepocet,3.03
115,2016,2.6,Průměrná čekací doba (v minutách),prepocet,0.57
115,2017,2.6,Průměrná čekací doba (v minutách),prepocet,2.4
115,2018,2.6,Průměrná čekací doba (v minutách),prepocet,4.28
115,2019,2.6,Průměrná čekací doba (v minutách),prepocet,2.07
115,2020,2.6,Průměrná čekací doba (v minutách),prepocet,2.9
115,2021,2.6,Průměrná čekací doba (v minutách),prepocet,3.05
115,2022,2.6,Průměrná čekací doba (v minutách),prepocet,3.13
115,2023,2.6,Průměrná čekací doba (v minutách),prepocet,2.35
115,2024,2.6,Průměrná čekací doba (v minutách),prepocet,3.4
115,2025,2.6,Průměrná čekací doba (v minutách),prepocet,3.23
115,2010,2.7.1,Provozní výdaje na jeden sledovaný úkon v Kč,prepocet,
115,2011,2.7.1,Provozní výdaje na jeden sledovaný úkon v Kč,prepocet,
115,2012,2.7.1,Provozní výdaje na jeden sledovaný úkon v Kč,prepocet,
115,2013,2.7.1,Provozní výdaje na jeden sledovaný úkon v Kč,prepocet,636.313
115,2014,2.7.1,Provozní výdaje na jeden sledovaný úkon v Kč,prepocet,521.769
115,2015,2.7.1,Provozní výdaje na jeden sledovaný úkon v Kč,prepocet,593.418
115,2016,2.7.1,Provozní výdaje na jeden sledovaný úkon v Kč,prepocet,547.247
115,2017,2.7.1,Provozní výdaje na jeden sledovaný úkon v Kč,prepocet,610.997
115,2018,2.7.1,Provozní výdaje na jeden sledovaný úkon v Kč,prepocet,720.691
115,2019,2.7.1,Provozní výdaje na jeden sledovaný úkon v Kč,prepocet,764.67
115,2020,2.7.1,Provozní výdaje na jeden sledovaný úkon v Kč,prepocet,891.145
115,2021,2.7.1,Provozní výdaje na jeden sledovaný úkon v Kč,prepocet,529.22
115,2022,2.7.1,Provozní výdaje na jeden sledovaný úkon v Kč,prepocet,490.824
115,2023,2.7.1,Provozní výdaje na jeden sledovaný úkon v Kč,prepocet,559.369
115,2024,2.7.1,Provozní výdaje na jeden sledovaný úkon v Kč,prepocet,615.28
115,2025,2.7.1,Provozní výdaje na jeden sledovaný úkon v Kč,prepocet,664.483
115,2010,2.7.2,Provozní výdaje na úvazek agendy v tis. Kč,prepocet,
115,2011,2.7.2,Provozní výdaje na úvazek agendy v tis. Kč,prepocet,
115,2012,2.7.2,Provozní výdaje na úvazek agendy v tis. Kč,prepocet,1093.445
115,2013,2.7.2,Provozní výdaje na úvazek agendy v tis. Kč,prepocet,1116.093
115,2014,2.7.2,Provozní výdaje na úvazek agendy v tis. Kč,prepocet,1063.887
115,2015,2.7.2,Provozní výdaje na úvazek agendy v tis. Kč,prepocet,1127.494
115,2016,2.7.2,Provozní výdaje na úvazek agendy v tis. Kč,prepocet,1017.333
115,2017,2.7.2,Provozní výdaje na úvazek agendy v tis. Kč,prepocet,1123.013
115,2018,2.7.2,Provozní výdaje na úvazek agendy v tis. Kč,prepocet,1261.929
115,2019,2.7.2,Provozní výdaje na úvazek agendy v tis. Kč,prepocet,1328.996
115,2020,2.7.2,Provozní výdaje na úvazek agendy v tis. Kč,prepocet,1343.847
115,2021,2.7.2,Provozní výdaje na úvazek agendy v tis. Kč,prepocet,766.84
115,2022,2.7.2,Provozní výdaje na úvazek agendy v tis. Kč,prepocet,780.901
115,2023,2.7.2,Provozní výdaje na úvazek agendy v tis. Kč,prepocet,850.8
115,2024,2.7.2,Provozní výdaje na úvazek agendy v tis. Kč,prepocet,936.456
115,2025,2.7.2,Provozní výdaje na úvazek agendy v tis. Kč,prepocet,984.099
115,2010,2.8,Počet osob přihlášených k trvalému pobytu na ohlašovně obce na 1 000 obyvatel obce,prepocet,
115,2011,2.8,Počet osob přihlášených k trvalému pobytu na ohlašovně obce na 1 000 obyvatel obce,prepocet,
115,2012,2.8,Počet osob přihlášených k trvalému pobytu na ohlašovně obce na 1 000 obyvatel obce,prepocet,
115,2013,2.8,Počet osob přihlášených k trvalému pobytu na ohlašovně obce na 1 000 obyvatel obce,prepocet,
115,2014,2.8,Počet osob přihlášených k trvalému pobytu na ohlašovně obce na 1 000 obyvatel obce,prepocet,60.23
115,2015,2.8,Počet osob přihlášených k trvalému pobytu na ohlašovně obce na 1 000 obyvatel obce,prepocet,61.858
115,2016,2.8,Počet osob přihlášených k trvalému pobytu na ohlašovně obce na 1 000 obyvatel obce,prepocet,62.781
115,2017,2.8,Počet osob přihlášených k trvalému pobytu na ohlašovně obce na 1 000 obyvatel obce,prepocet,61.359
115,2018,2.8,Počet osob přihlášených k trvalému pobytu na ohlašovně obce na 1 000 obyvatel obce,prepocet,60.761
115,2019,2.8,Počet osob přihlášených k trvalému pobytu na ohlašovně obce na 1 000 obyvatel obce,prepocet,59.085
115,2020,2.8,Počet osob přihlášených k trvalému pobytu na ohlašovně obce na 1 000 obyvatel obce,prepocet,58.531
115,2021,2.8,Počet osob přihlášených k trvalému pobytu na ohlašovně obce na 1 000 obyvatel obce,prepocet,56.699
115,2022,2.8,Počet osob přihlášených k trvalému pobytu na ohlašovně obce na 1 000 obyvatel obce,prepocet,52.956
115,2023,2.8,Počet osob přihlášených k trvalému pobytu na ohlašovně obce na 1 000 obyvatel obce,prepocet,52.838
115,2024,2.8,Počet osob přihlášených k trvalému pobytu na ohlašovně obce na 1 000 obyvatel obce,prepocet,52.608
115,2025,2.8,Počet osob přihlášených k trvalému pobytu na ohlašovně obce na 1 000 obyvatel obce,prepocet,51.266
115,2010,3.1.1,Počet pracovníků MATRIKY na 1000 obyvatel správního obvodu obce s působností matričního úřadu,prepocet,0.13
115,2011,3.1.1,Počet pracovníků MATRIKY na 1000 obyvatel správního obvodu obce s působností matričního úřadu,prepocet,0.117
115,2012,3.1.1,Počet pracovníků MATRIKY na 1000 obyvatel správního obvodu obce s působností matričního úřadu,prepocet,0.118
115,2013,3.1.1,Počet pracovníků MATRIKY na 1000 obyvatel správního obvodu obce s působností matričního úřadu,prepocet,0.068
115,2014,3.1.1,Počet pracovníků MATRIKY na 1000 obyvatel správního obvodu obce s působností matričního úřadu,prepocet,0.068
115,2015,3.1.1,Počet pracovníků MATRIKY na 1000 obyvatel správního obvodu obce s působností matričního úřadu,prepocet,0.069
115,2016,3.1.1,Počet pracovníků MATRIKY na 1000 obyvatel správního obvodu obce s působností matričního úřadu,prepocet,0.068
115,2017,3.1.1,Počet pracovníků MATRIKY na 1000 obyvatel správního obvodu obce s působností matričního úřadu,prepocet,0.069
115,2018,3.1.1,Počet pracovníků MATRIKY na 1000 obyvatel správního obvodu obce s působností matričního úřadu,prepocet,0.07
115,2019,3.1.1,Počet pracovníků MATRIKY na 1000 obyvatel správního obvodu obce s působností matričního úřadu,prepocet,0.072
115,2020,3.1.1,Počet pracovníků MATRIKY na 1000 obyvatel správního obvodu obce s působností matričního úřadu,prepocet,0.072
115,2021,3.1.1,Počet pracovníků MATRIKY na 1000 obyvatel správního obvodu obce s působností matričního úřadu,prepocet,0.073
115,2022,3.1.1,Počet pracovníků MATRIKY na 1000 obyvatel správního obvodu obce s působností matričního úřadu,prepocet,0.072
115,2023,3.1.1,Počet pracovníků MATRIKY na 1000 obyvatel správního obvodu obce s působností matričního úřadu,prepocet,0.072
115,2024,3.1.1,Počet pracovníků MATRIKY na 1000 obyvatel správního obvodu obce s působností matričního úřadu,prepocet,0.072
115,2025,3.1.1,Počet pracovníků MATRIKY na 1000 obyvatel správního obvodu obce s působností matričního úřadu,prepocet,0.073
115,2010,3.1.2,Počet úvazků vidimací a legalizací na 1000 obyvatel správního obvodu,prepocet,0.031
115,2011,3.1.2,Počet úvazků vidimací a legalizací na 1000 obyvatel správního obvodu,prepocet,0.028
115,2012,3.1.2,Počet úvazků vidimací a legalizací na 1000 obyvatel správního obvodu,prepocet,0.029
115,2013,3.1.2,Počet úvazků vidimací a legalizací na 1000 obyvatel správního obvodu,prepocet,0.028
115,2014,3.1.2,Počet úvazků vidimací a legalizací na 1000 obyvatel správního obvodu,prepocet,0.028
115,2015,3.1.2,Počet úvazků vidimací a legalizací na 1000 obyvatel správního obvodu,prepocet,0.028
115,2016,3.1.2,Počet úvazků vidimací a legalizací na 1000 obyvatel správního obvodu,prepocet,0.018
115,2017,3.1.2,Počet úvazků vidimací a legalizací na 1000 obyvatel správního obvodu,prepocet,0.018
115,2018,3.1.2,Počet úvazků vidimací a legalizací na 1000 obyvatel správního obvodu,prepocet,0.017
115,2019,3.1.2,Počet úvazků vidimací a legalizací na 1000 obyvatel správního obvodu,prepocet,0.017
115,2020,3.1.2,Počet úvazků vidimací a legalizací na 1000 obyvatel správního obvodu,prepocet,0.017
115,2021,3.1.2,Počet úvazků vidimací a legalizací na 1000 obyvatel správního obvodu,prepocet,0.017
115,2022,3.1.2,Počet úvazků vidimací a legalizací na 1000 obyvatel správního obvodu,prepocet,0.017
115,2023,3.1.2,Počet úvazků vidimací a legalizací na 1000 obyvatel správního obvodu,prepocet,0.017
115,2024,3.1.2,Počet úvazků vidimací a legalizací na 1000 obyvatel správního obvodu,prepocet,0.015
115,2025,3.1.2,Počet úvazků vidimací a legalizací na 1000 obyvatel správního obvodu,prepocet,0.015
115,2010,3.2,Vidimace a legalizace - počet případů na zaměstnance (úvazky za všechna pracoviště úřadu celkem),prepocet,7544.615
115,2011,3.2,Vidimace a legalizace - počet případů na zaměstnance (úvazky za všechna pracoviště úřadu celkem),prepocet,6931.381
115,2012,3.2,Vidimace a legalizace - počet případů na zaměstnance (úvazky za všechna pracoviště úřadu celkem),prepocet,6275.314
115,2013,3.2,Vidimace a legalizace - počet případů na zaměstnance (úvazky za všechna pracoviště úřadu celkem),prepocet,6385.47
115,2014,3.2,Vidimace a legalizace - počet případů na zaměstnance (úvazky za všechna pracoviště úřadu celkem),prepocet,6176.923
115,2015,3.2,Vidimace a legalizace - počet případů na zaměstnance (úvazky za všechna pracoviště úřadu celkem),prepocet,6566.667
115,2016,3.2,Vidimace a legalizace - počet případů na zaměstnance (úvazky za všechna pracoviště úřadu celkem),prepocet,10639.189
115,2017,3.2,Vidimace a legalizace - počet případů na zaměstnance (úvazky za všechna pracoviště úřadu celkem),prepocet,9789.189
115,2018,3.2,Vidimace a legalizace - počet případů na zaměstnance (úvazky za všechna pracoviště úřadu celkem),prepocet,9119.444
115,2019,3.2,Vidimace a legalizace - počet případů na zaměstnance (úvazky za všechna pracoviště úřadu celkem),prepocet,8765.278
115,2020,3.2,Vidimace a legalizace - počet případů na zaměstnance (úvazky za všechna pracoviště úřadu celkem),prepocet,6201.389
115,2021,3.2,Vidimace a legalizace - počet případů na zaměstnance (úvazky za všechna pracoviště úřadu celkem),prepocet,6097.222
115,2022,3.2,Vidimace a legalizace - počet případů na zaměstnance (úvazky za všechna pracoviště úřadu celkem),prepocet,5584.722
115,2023,3.2,Vidimace a legalizace - počet případů na zaměstnance (úvazky za všechna pracoviště úřadu celkem),prepocet,5572.222
115,2024,3.2,Vidimace a legalizace - počet případů na zaměstnance (úvazky za všechna pracoviště úřadu celkem),prepocet,5746.774
115,2025,3.2,Vidimace a legalizace - počet případů na zaměstnance (úvazky za všechna pracoviště úřadu celkem),prepocet,5433.871
115,2010,3.3,Počet obcí v působnosti matričního úřadu,prepocet,1.0
115,2011,3.3,Počet obcí v působnosti matričního úřadu,prepocet,1.0
115,2012,3.3,Počet obcí v působnosti matričního úřadu,prepocet,1.0
115,2013,3.3,Počet obcí v působnosti matričního úřadu,prepocet,1.0
115,2014,3.3,Počet obcí v působnosti matričního úřadu,prepocet,1.0
115,2015,3.3,Počet obcí v působnosti matričního úřadu,prepocet,1.0
115,2016,3.3,Počet obcí v působnosti matričního úřadu,prepocet,1.0
115,2017,3.3,Počet obcí v působnosti matričního úřadu,prepocet,1.0
115,2018,3.3,Počet obcí v působnosti matričního úřadu,prepocet,1.0
115,2019,3.3,Počet obcí v působnosti matričního úřadu,prepocet,1.0
115,2020,3.3,Počet obcí v působnosti matričního úřadu,prepocet,1.0
115,2021,3.3,Počet obcí v působnosti matričního úřadu,prepocet,1.0
115,2022,3.3,Počet obcí v působnosti matričního úřadu,prepocet,1.0
115,2023,3.3,Počet obcí v působnosti matričního úřadu,prepocet,1.0
115,2024,3.3,Počet obcí v působnosti matričního úřadu,prepocet,1.0
115,2025,3.3,Počet obcí v působnosti matričního úřadu,prepocet,1.0
115,2010,3.4,Počet matričních úřadů ve správním obvodu,prepocet,3.0
115,2011,3.4,Počet matričních úřadů ve správním obvodu,prepocet,3.0
115,2012,3.4,Počet matričních úřadů ve správním obvodu,prepocet,3.0
115,2013,3.4,Počet matričních úřadů ve správním obvodu,prepocet,3.0
115,2014,3.4,Počet matričních úřadů ve správním obvodu,prepocet,3.0
115,2015,3.4,Počet matričních úřadů ve správním obvodu,prepocet,3.0
115,2016,3.4,Počet matričních úřadů ve správním obvodu,prepocet,3.0
115,2017,3.4,Počet matričních úřadů ve správním obvodu,prepocet,3.0
115,2018,3.4,Počet matričních úřadů ve správním obvodu,prepocet,3.0
115,2019,3.4,Počet matričních úřadů ve správním obvodu,prepocet,3.0
115,2020,3.4,Počet matričních úřadů ve správním obvodu,prepocet,3.0
115,2021,3.4,Počet matričních úřadů ve správním obvodu,prepocet,3.0
115,2022,3.4,Počet matričních úřadů ve správním obvodu,prepocet,3.0
115,2023,3.4,Počet matričních úřadů ve správním obvodu,prepocet,3.0
115,2024,3.4,Počet matričních úřadů ve správním obvodu,prepocet,3.0
115,2025,3.4,Počet matričních úřadů ve správním obvodu,prepocet,3.0
115,2010,3.5.1,Počet sledovaných úkonů na pracovníka matriky (bez vidimací a legalizací),prepocet,
115,2011,3.5.1,Počet sledovaných úkonů na pracovníka matriky (bez vidimací a legalizací),prepocet,
115,2012,3.5.1,Počet sledovaných úkonů na pracovníka matriky (bez vidimací a legalizací),prepocet,
115,2013,3.5.1,Počet sledovaných úkonů na pracovníka matriky (bez vidimací a legalizací),prepocet,
115,2014,3.5.1,Počet sledovaných úkonů na pracovníka matriky (bez vidimací a legalizací),prepocet,
115,2015,3.5.1,Počet sledovaných úkonů na pracovníka matriky (bez vidimací a legalizací),prepocet,
115,2016,3.5.1,Počet sledovaných úkonů na pracovníka matriky (bez vidimací a legalizací),prepocet,
115,2017,3.5.1,Počet sledovaných úkonů na pracovníka matriky (bez vidimací a legalizací),prepocet,
115,2018,3.5.1,Počet sledovaných úkonů na pracovníka matriky (bez vidimací a legalizací),prepocet,
115,2019,3.5.1,Počet sledovaných úkonů na pracovníka matriky (bez vidimací a legalizací),prepocet,295.833
115,2020,3.5.1,Počet sledovaných úkonů na pracovníka matriky (bez vidimací a legalizací),prepocet,302.381
115,2021,3.5.1,Počet sledovaných úkonů na pracovníka matriky (bez vidimací a legalizací),prepocet,289.286
115,2022,3.5.1,Počet sledovaných úkonů na pracovníka matriky (bez vidimací a legalizací),prepocet,276.786
115,2023,3.5.1,Počet sledovaných úkonů na pracovníka matriky (bez vidimací a legalizací),prepocet,283.929
115,2024,3.5.1,Počet sledovaných úkonů na pracovníka matriky (bez vidimací a legalizací),prepocet,242.857
115,2025,3.5.1,Počet sledovaných úkonů na pracovníka matriky (bez vidimací a legalizací),prepocet,254.167
115,2010,3.5.2,% žádostí o uzavření manželství a partnerství mimo stanovenou dobu a místo z počtu sňatků celkem,prepocet,
115,2011,3.5.2,% žádostí o uzavření manželství a partnerství mimo stanovenou dobu a místo z počtu sňatků celkem,prepocet,
115,2012,3.5.2,% žádostí o uzavření manželství a partnerství mimo stanovenou dobu a místo z počtu sňatků celkem,prepocet,
115,2013,3.5.2,% žádostí o uzavření manželství a partnerství mimo stanovenou dobu a místo z počtu sňatků celkem,prepocet,
115,2014,3.5.2,% žádostí o uzavření manželství a partnerství mimo stanovenou dobu a místo z počtu sňatků celkem,prepocet,
115,2015,3.5.2,% žádostí o uzavření manželství a partnerství mimo stanovenou dobu a místo z počtu sňatků celkem,prepocet,
115,2016,3.5.2,% žádostí o uzavření manželství a partnerství mimo stanovenou dobu a místo z počtu sňatků celkem,prepocet,
115,2017,3.5.2,% žádostí o uzavření manželství a partnerství mimo stanovenou dobu a místo z počtu sňatků celkem,prepocet,
115,2018,3.5.2,% žádostí o uzavření manželství a partnerství mimo stanovenou dobu a místo z počtu sňatků celkem,prepocet,
115,2019,3.5.2,% žádostí o uzavření manželství a partnerství mimo stanovenou dobu a místo z počtu sňatků celkem,prepocet,65.574
115,2020,3.5.2,% žádostí o uzavření manželství a partnerství mimo stanovenou dobu a místo z počtu sňatků celkem,prepocet,52.459
115,2021,3.5.2,% žádostí o uzavření manželství a partnerství mimo stanovenou dobu a místo z počtu sňatků celkem,prepocet,54.717
115,2022,3.5.2,% žádostí o uzavření manželství a partnerství mimo stanovenou dobu a místo z počtu sňatků celkem,prepocet,61.538
115,2023,3.5.2,% žádostí o uzavření manželství a partnerství mimo stanovenou dobu a místo z počtu sňatků celkem,prepocet,60.465
115,2024,3.5.2,% žádostí o uzavření manželství a partnerství mimo stanovenou dobu a místo z počtu sňatků celkem,prepocet,46.667
115,2025,3.5.2,% žádostí o uzavření manželství a partnerství mimo stanovenou dobu a místo z počtu sňatků celkem,prepocet,45.0
115,2010,3.5.3,Struktura sledovaných úkonů celkem v %,prepocet,
115,2011,3.5.3,Struktura sledovaných úkonů celkem v %,prepocet,
115,2012,3.5.3,Struktura sledovaných úkonů celkem v %,prepocet,
115,2013,3.5.3,Struktura sledovaných úkonů celkem v %,prepocet,
115,2014,3.5.3,Struktura sledovaných úkonů celkem v %,prepocet,
115,2015,3.5.3,Struktura sledovaných úkonů celkem v %,prepocet,
115,2016,3.5.3,Struktura sledovaných úkonů celkem v %,prepocet,
115,2017,3.5.3,Struktura sledovaných úkonů celkem v %,prepocet,
115,2018,3.5.3,Struktura sledovaných úkonů celkem v %,prepocet,
115,2019,3.5.3,Struktura sledovaných úkonů celkem v %,prepocet,0.0
115,2020,3.5.3,Struktura sledovaných úkonů celkem v %,prepocet,0.0
115,2021,3.5.3,Struktura sledovaných úkonů celkem v %,prepocet,0.0
115,2022,3.5.3,Struktura sledovaných úkonů celkem v %,prepocet,0.0
115,2023,3.5.3,Struktura sledovaných úkonů celkem v %,prepocet,0.0
115,2024,3.5.3,Struktura sledovaných úkonů celkem v %,prepocet,0.0
115,2025,3.5.3,Struktura sledovaných úkonů celkem v %,prepocet,0.0
115,2010,3.5.4,Struktura sledovaných úkonů bez vidimací a legalizací v %,prepocet,
115,2011,3.5.4,Struktura sledovaných úkonů bez vidimací a legalizací v %,prepocet,
115,2012,3.5.4,Struktura sledovaných úkonů bez vidimací a legalizací v %,prepocet,
115,2013,3.5.4,Struktura sledovaných úkonů bez vidimací a legalizací v %,prepocet,
115,2014,3.5.4,Struktura sledovaných úkonů bez vidimací a legalizací v %,prepocet,
115,2015,3.5.4,Struktura sledovaných úkonů bez vidimací a legalizací v %,prepocet,
115,2016,3.5.4,Struktura sledovaných úkonů bez vidimací a legalizací v %,prepocet,
115,2017,3.5.4,Struktura sledovaných úkonů bez vidimací a legalizací v %,prepocet,
115,2018,3.5.4,Struktura sledovaných úkonů bez vidimací a legalizací v %,prepocet,
115,2019,3.5.4,Struktura sledovaných úkonů bez vidimací a legalizací v %,prepocet,2.0
115,2020,3.5.4,Struktura sledovaných úkonů bez vidimací a legalizací v %,prepocet,2.0
115,2021,3.5.4,Struktura sledovaných úkonů bez vidimací a legalizací v %,prepocet,1.0
115,2022,3.5.4,Struktura sledovaných úkonů bez vidimací a legalizací v %,prepocet,3.0
115,2023,3.5.4,Struktura sledovaných úkonů bez vidimací a legalizací v %,prepocet,2.0
115,2024,3.5.4,Struktura sledovaných úkonů bez vidimací a legalizací v %,prepocet,2.0
115,2025,3.5.4,Struktura sledovaných úkonů bez vidimací a legalizací v %,prepocet,0.0
115,2010,3.6,Počet úředních hodin v týdnu,prepocet,26.0
115,2011,3.6,Počet úředních hodin v týdnu,prepocet,29.5
115,2012,3.6,Počet úředních hodin v týdnu,prepocet,26.0
115,2013,3.6,Počet úředních hodin v týdnu,prepocet,26.0
115,2014,3.6,Počet úředních hodin v týdnu,prepocet,26.0
115,2015,3.6,Počet úředních hodin v týdnu,prepocet,26.0
115,2016,3.6,Počet úředních hodin v týdnu,prepocet,26.0
115,2017,3.6,Počet úředních hodin v týdnu,prepocet,26.0
115,2018,3.6,Počet úředních hodin v týdnu,prepocet,26.0
115,2019,3.6,Počet úředních hodin v týdnu,prepocet,26.0
115,2020,3.6,Počet úředních hodin v týdnu,prepocet,26.0
115,2021,3.6,Počet úředních hodin v týdnu,prepocet,26.0
115,2022,3.6,Počet úředních hodin v týdnu,prepocet,26.0
115,2023,3.6,Počet úředních hodin v týdnu,prepocet,26.0
115,2024,3.6,Počet úředních hodin v týdnu,prepocet,26.0
115,2025,3.6,Počet úředních hodin v týdnu,prepocet,26.0
115,2010,3.7,Průměrná čekací doba (v minutách),prepocet,6.5
115,2011,3.7,Průměrná čekací doba (v minutách),prepocet,3.58
115,2012,3.7,Průměrná čekací doba (v minutách),prepocet,2.47
115,2013,3.7,Průměrná čekací doba (v minutách),prepocet,2.5
115,2014,3.7,Průměrná čekací doba (v minutách),prepocet,2.57
115,2015,3.7,Průměrná čekací doba (v minutách),prepocet,2.54
115,2016,3.7,Průměrná čekací doba (v minutách),prepocet,2.26
115,2017,3.7,Průměrná čekací doba (v minutách),prepocet,4.16
115,2018,3.7,Průměrná čekací doba (v minutách),prepocet,4.42
115,2019,3.7,Průměrná čekací doba (v minutách),prepocet,4.24
115,2020,3.7,Průměrná čekací doba (v minutách),prepocet,4.5
115,2021,3.7,Průměrná čekací doba (v minutách),prepocet,5.06
115,2022,3.7,Průměrná čekací doba (v minutách),prepocet,5.4
115,2023,3.7,Průměrná čekací doba (v minutách),prepocet,5.13
115,2024,3.7,Průměrná čekací doba (v minutách),prepocet,3.47
115,2025,3.7,Průměrná čekací doba (v minutách),prepocet,3.48
115,2010,3.8.1,Provozní výdaje na jeden sledovaný úkon v Kč (bez vidimací a legalizací),prepocet,
115,2011,3.8.1,Provozní výdaje na jeden sledovaný úkon v Kč (bez vidimací a legalizací),prepocet,
115,2012,3.8.1,Provozní výdaje na jeden sledovaný úkon v Kč (bez vidimací a legalizací),prepocet,
115,2013,3.8.1,Provozní výdaje na jeden sledovaný úkon v Kč (bez vidimací a legalizací),prepocet,
115,2014,3.8.1,Provozní výdaje na jeden sledovaný úkon v Kč (bez vidimací a legalizací),prepocet,
115,2015,3.8.1,Provozní výdaje na jeden sledovaný úkon v Kč (bez vidimací a legalizací),prepocet,
115,2016,3.8.1,Provozní výdaje na jeden sledovaný úkon v Kč (bez vidimací a legalizací),prepocet,
115,2017,3.8.1,Provozní výdaje na jeden sledovaný úkon v Kč (bez vidimací a legalizací),prepocet,
115,2018,3.8.1,Provozní výdaje na jeden sledovaný úkon v Kč (bez vidimací a legalizací),prepocet,
115,2019,3.8.1,Provozní výdaje na jeden sledovaný úkon v Kč (bez vidimací a legalizací),prepocet,
115,2020,3.8.1,Provozní výdaje na jeden sledovaný úkon v Kč (bez vidimací a legalizací),prepocet,
115,2021,3.8.1,Provozní výdaje na jeden sledovaný úkon v Kč (bez vidimací a legalizací),prepocet,
115,2022,3.8.1,Provozní výdaje na jeden sledovaný úkon v Kč (bez vidimací a legalizací),prepocet,
115,2023,3.8.1,Provozní výdaje na jeden sledovaný úkon v Kč (bez vidimací a legalizací),prepocet,
115,2024,3.8.1,Provozní výdaje na jeden sledovaný úkon v Kč (bez vidimací a legalizací),prepocet,
115,2025,3.8.1,Provozní výdaje na jeden sledovaný úkon v Kč (bez vidimací a legalizací),prepocet,3238.5
115,2010,3.8.2,Provozní výdaje na úvazek agendy v tis. Kč,prepocet,1495.488
115,2011,3.8.2,Provozní výdaje na úvazek agendy v tis. Kč,prepocet,1341.192
115,2012,3.8.2,Provozní výdaje na úvazek agendy v tis. Kč,prepocet,1552.253
115,2013,3.8.2,Provozní výdaje na úvazek agendy v tis. Kč,prepocet,914.186
115,2014,3.8.2,Provozní výdaje na úvazek agendy v tis. Kč,prepocet,871.425
115,2015,3.8.2,Provozní výdaje na úvazek agendy v tis. Kč,prepocet,923.525
115,2016,3.8.2,Provozní výdaje na úvazek agendy v tis. Kč,prepocet,833.293
115,2017,3.8.2,Provozní výdaje na úvazek agendy v tis. Kč,prepocet,919.855
115,2018,3.8.2,Provozní výdaje na úvazek agendy v tis. Kč,prepocet,1033.641
115,2019,3.8.2,Provozní výdaje na úvazek agendy v tis. Kč,prepocet,1121.967
115,2020,3.8.2,Provozní výdaje na úvazek agendy v tis. Kč,prepocet,1134.504
115,2021,3.8.2,Provozní výdaje na úvazek agendy v tis. Kč,prepocet,1082.597
115,2022,3.8.2,Provozní výdaje na úvazek agendy v tis. Kč,prepocet,1102.449
115,2023,3.8.2,Provozní výdaje na úvazek agendy v tis. Kč,prepocet,1201.13
115,2024,3.8.2,Provozní výdaje na úvazek agendy v tis. Kč,prepocet,1322.056
115,2025,3.8.2,Provozní výdaje na úvazek agendy v tis. Kč,prepocet,1389.317
115,2010,3.9.1,Počet narození na 1 000 obyvatel,prepocet,0.0
115,2011,3.9.1,Počet narození na 1 000 obyvatel,prepocet,0.0
115,2012,3.9.1,Počet narození na 1 000 obyvatel,prepocet,0.0
115,2013,3.9.1,Počet narození na 1 000 obyvatel,prepocet,0.044
115,2014,3.9.1,Počet narození na 1 000 obyvatel,prepocet,0.0
115,2015,3.9.1,Počet narození na 1 000 obyvatel,prepocet,0.0
115,2016,3.9.1,Počet narození na 1 000 obyvatel,prepocet,0.132
115,2017,3.9.1,Počet narození na 1 000 obyvatel,prepocet,0.133
115,2018,3.9.1,Počet narození na 1 000 obyvatel,prepocet,0.134
115,2019,3.9.1,Počet narození na 1 000 obyvatel,prepocet,0.0
115,2020,3.9.1,Počet narození na 1 000 obyvatel,prepocet,0.09
115,2021,3.9.1,Počet narození na 1 000 obyvatel,prepocet,0.091
115,2022,3.9.1,Počet narození na 1 000 obyvatel,prepocet,0.045
115,2023,3.9.1,Počet narození na 1 000 obyvatel,prepocet,0.0
115,2024,3.9.1,Počet narození na 1 000 obyvatel,prepocet,0.0
115,2025,3.9.1,Počet narození na 1 000 obyvatel,prepocet,0.046
115,2010,3.9.2,Počet sňatků a partnerství na 1 000 obyvatel,prepocet,2.362
115,2011,3.9.2,Počet sňatků a partnerství na 1 000 obyvatel,prepocet,2.583
115,2012,3.9.2,Počet sňatků a partnerství na 1 000 obyvatel,prepocet,2.305
115,2013,3.9.2,Počet sňatků a partnerství na 1 000 obyvatel,prepocet,2.658
115,2014,3.9.2,Počet sňatků a partnerství na 1 000 obyvatel,prepocet,2.365
115,2015,3.9.2,Počet sňatků a partnerství na 1 000 obyvatel,prepocet,2.291
115,2016,3.9.2,Počet sňatků a partnerství na 1 000 obyvatel,prepocet,2.382
115,2017,3.9.2,Počet sňatků a partnerství na 1 000 obyvatel,prepocet,2.215
115,2018,3.9.2,Počet sňatků a partnerství na 1 000 obyvatel,prepocet,2.808
115,2019,3.9.2,Počet sňatků a partnerství na 1 000 obyvatel,prepocet,2.737
115,2020,3.9.2,Počet sňatků a partnerství na 1 000 obyvatel,prepocet,2.759
115,2021,3.9.2,Počet sňatků a partnerství na 1 000 obyvatel,prepocet,2.408
115,2022,3.9.2,Počet sňatků a partnerství na 1 000 obyvatel,prepocet,2.905
115,2023,3.9.2,Počet sňatků a partnerství na 1 000 obyvatel,prepocet,3.871
115,2024,3.9.2,Počet sňatků a partnerství na 1 000 obyvatel,prepocet,2.726
115,2025,3.9.2,Počet sňatků a partnerství na 1 000 obyvatel,prepocet,2.741
115,2010,3.9.3,Počet úmrtí na 1 000 obyvatel,prepocet,4.466
115,2011,3.9.3,Počet úmrtí na 1 000 obyvatel,prepocet,3.444
115,2012,3.9.3,Počet úmrtí na 1 000 obyvatel,prepocet,5.218
115,2013,3.9.3,Počet úmrtí na 1 000 obyvatel,prepocet,4.575
115,2014,3.9.3,Počet úmrtí na 1 000 obyvatel,prepocet,5.256
115,2015,3.9.3,Počet úmrtí na 1 000 obyvatel,prepocet,5.64
115,2016,3.9.3,Počet úmrtí na 1 000 obyvatel,prepocet,6.441
115,2017,3.9.3,Počet úmrtí na 1 000 obyvatel,prepocet,5.804
115,2018,3.9.3,Počet úmrtí na 1 000 obyvatel,prepocet,5.216
115,2019,3.9.3,Počet úmrtí na 1 000 obyvatel,prepocet,7.223
115,2020,3.9.3,Počet úmrtí na 1 000 obyvatel,prepocet,7.599
115,2021,3.9.3,Počet úmrtí na 1 000 obyvatel,prepocet,7.678
115,2022,3.9.3,Počet úmrtí na 1 000 obyvatel,prepocet,6.927
115,2023,3.9.3,Počet úmrtí na 1 000 obyvatel,prepocet,6.481
115,2024,3.9.3,Počet úmrtí na 1 000 obyvatel,prepocet,6.042
115,2025,3.9.3,Počet úmrtí na 1 000 obyvatel,prepocet,6.123
115,2010,4.1,Počet pracovníků na 1000 obyvatel správního obvodu,prepocet,0.048
115,2011,4.1,Počet pracovníků na 1000 obyvatel správního obvodu,prepocet,0.05
115,2012,4.1,Počet pracovníků na 1000 obyvatel správního obvodu,prepocet,0.047
115,2013,4.1,Počet pracovníků na 1000 obyvatel správního obvodu,prepocet,0.047
115,2014,4.1,Počet pracovníků na 1000 obyvatel správního obvodu,prepocet,0.047
115,2015,4.1,Počet pracovníků na 1000 obyvatel správního obvodu,prepocet,0.047
115,2016,4.1,Počet pracovníků na 1000 obyvatel správního obvodu,prepocet,0.046
115,2017,4.1,Počet pracovníků na 1000 obyvatel správního obvodu,prepocet,0.047
115,2018,4.1,Počet pracovníků na 1000 obyvatel správního obvodu,prepocet,0.048
115,2019,4.1,Počet pracovníků na 1000 obyvatel správního obvodu,prepocet,0.05
115,2020,4.1,Počet pracovníků na 1000 obyvatel správního obvodu,prepocet,0.05
115,2021,4.1,Počet pracovníků na 1000 obyvatel správního obvodu,prepocet,0.048
115,2022,4.1,Počet pracovníků na 1000 obyvatel správního obvodu,prepocet,0.047
115,2023,4.1,Počet pracovníků na 1000 obyvatel správního obvodu,prepocet,0.047
115,2024,4.1,Počet pracovníků na 1000 obyvatel správního obvodu,prepocet,0.048
115,2025,4.1,Počet pracovníků na 1000 obyvatel správního obvodu,prepocet,0.048
115,2010,4.2,Počet sledovaných úkonů na pracovníka,prepocet,
115,2011,4.2,Počet sledovaných úkonů na pracovníka,prepocet,
115,2012,4.2,Počet sledovaných úkonů na pracovníka,prepocet,
115,2013,4.2,Počet sledovaných úkonů na pracovníka,prepocet,
115,2014,4.2,Počet sledovaných úkonů na pracovníka,prepocet,
115,2015,4.2,Počet sledovaných úkonů na pracovníka,prepocet,
115,2016,4.2,Počet sledovaných úkonů na pracovníka,prepocet,
115,2017,4.2,Počet sledovaných úkonů na pracovníka,prepocet,
115,2018,4.2,Počet sledovaných úkonů na pracovníka,prepocet,5683.0
115,2019,4.2,Počet sledovaných úkonů na pracovníka,prepocet,4395.181
115,2020,4.2,Počet sledovaných úkonů na pracovníka,prepocet,3849.639
115,2021,4.2,Počet sledovaných úkonů na pracovníka,prepocet,4912.911
115,2022,4.2,Počet sledovaných úkonů na pracovníka,prepocet,5994.43
115,2023,4.2,Počet sledovaných úkonů na pracovníka,prepocet,6016.709
115,2024,4.2,Počet sledovaných úkonů na pracovníka,prepocet,5786.835
115,2025,4.2,Počet sledovaných úkonů na pracovníka,prepocet,6467.342
115,2010,4.3,% počtu žádostí off line (v terénu) z počtu žádostí o vydání OP celkem,prepocet,
115,2011,4.3,% počtu žádostí off line (v terénu) z počtu žádostí o vydání OP celkem,prepocet,
115,2012,4.3,% počtu žádostí off line (v terénu) z počtu žádostí o vydání OP celkem,prepocet,
115,2013,4.3,% počtu žádostí off line (v terénu) z počtu žádostí o vydání OP celkem,prepocet,0.582
115,2014,4.3,% počtu žádostí off line (v terénu) z počtu žádostí o vydání OP celkem,prepocet,1.57
115,2015,4.3,% počtu žádostí off line (v terénu) z počtu žádostí o vydání OP celkem,prepocet,2.61
115,2016,4.3,% počtu žádostí off line (v terénu) z počtu žádostí o vydání OP celkem,prepocet,1.816
115,2017,4.3,% počtu žádostí off line (v terénu) z počtu žádostí o vydání OP celkem,prepocet,0.982
115,2018,4.3,% počtu žádostí off line (v terénu) z počtu žádostí o vydání OP celkem,prepocet,0.995
115,2019,4.3,% počtu žádostí off line (v terénu) z počtu žádostí o vydání OP celkem,prepocet,0.879
115,2020,4.3,% počtu žádostí off line (v terénu) z počtu žádostí o vydání OP celkem,prepocet,1.113
115,2021,4.3,% počtu žádostí off line (v terénu) z počtu žádostí o vydání OP celkem,prepocet,1.296
115,2022,4.3,% počtu žádostí off line (v terénu) z počtu žádostí o vydání OP celkem,prepocet,0.918
115,2023,4.3,% počtu žádostí off line (v terénu) z počtu žádostí o vydání OP celkem,prepocet,1.068
115,2024,4.3,% počtu žádostí off line (v terénu) z počtu žádostí o vydání OP celkem,prepocet,1.701
115,2025,4.3,% počtu žádostí off line (v terénu) z počtu žádostí o vydání OP celkem,prepocet,2.302
115,2010,4.4,Počet úředních hodin v týdnu,prepocet,26.0
115,2011,4.4,Počet úředních hodin v týdnu,prepocet,26.0
115,2012,4.4,Počet úředních hodin v týdnu,prepocet,26.0
115,2013,4.4,Počet úředních hodin v týdnu,prepocet,26.0
115,2014,4.4,Počet úředních hodin v týdnu,prepocet,26.0
115,2015,4.4,Počet úředních hodin v týdnu,prepocet,26.0
115,2016,4.4,Počet úředních hodin v týdnu,prepocet,26.0
115,2017,4.4,Počet úředních hodin v týdnu,prepocet,26.0
115,2018,4.4,Počet úředních hodin v týdnu,prepocet,26.0
115,2019,4.4,Počet úředních hodin v týdnu,prepocet,26.0
115,2020,4.4,Počet úředních hodin v týdnu,prepocet,26.0
115,2021,4.4,Počet úředních hodin v týdnu,prepocet,26.0
115,2022,4.4,Počet úředních hodin v týdnu,prepocet,26.0
115,2023,4.4,Počet úředních hodin v týdnu,prepocet,26.0
115,2024,4.4,Počet úředních hodin v týdnu,prepocet,26.0
115,2025,4.4,Počet úředních hodin v týdnu,prepocet,26.0
115,2010,4.5,Průměrná čekací doba (v minutách),prepocet,3.46
115,2011,4.5,Průměrná čekací doba (v minutách),prepocet,4.41
115,2012,4.5,Průměrná čekací doba (v minutách),prepocet,10.55
115,2013,4.5,Průměrná čekací doba (v minutách),prepocet,7.28
115,2014,4.5,Průměrná čekací doba (v minutách),prepocet,5.29
115,2015,4.5,Průměrná čekací doba (v minutách),prepocet,7.51
115,2016,4.5,Průměrná čekací doba (v minutách),prepocet,5.3
115,2017,4.5,Průměrná čekací doba (v minutách),prepocet,7.31
115,2018,4.5,Průměrná čekací doba (v minutách),prepocet,4.59
115,2019,4.5,Průměrná čekací doba (v minutách),prepocet,3.41
115,2020,4.5,Průměrná čekací doba (v minutách),prepocet,2.5
115,2021,4.5,Průměrná čekací doba (v minutách),prepocet,2.21
115,2022,4.5,Průměrná čekací doba (v minutách),prepocet,4.22
115,2023,4.5,Průměrná čekací doba (v minutách),prepocet,3.46
115,2024,4.5,Průměrná čekací doba (v minutách),prepocet,2.57
115,2025,4.5,Průměrná čekací doba (v minutách),prepocet,2.31
115,2010,4.6,Struktura sledovaných úkonů v %,prepocet,
115,2011,4.6,Struktura sledovaných úkonů v %,prepocet,
115,2012,4.6,Struktura sledovaných úkonů v %,prepocet,
115,2013,4.6,Struktura sledovaných úkonů v %,prepocet,
115,2014,4.6,Struktura sledovaných úkonů v %,prepocet,
115,2015,4.6,Struktura sledovaných úkonů v %,prepocet,
115,2016,4.6,Struktura sledovaných úkonů v %,prepocet,
115,2017,4.6,Struktura sledovaných úkonů v %,prepocet,
115,2018,4.6,Struktura sledovaných úkonů v %,prepocet,47.0
115,2019,4.6,Struktura sledovaných úkonů v %,prepocet,49.0
115,2020,4.6,Struktura sledovaných úkonů v %,prepocet,4.0
115,2021,4.6,Struktura sledovaných úkonů v %,prepocet,47.0
115,2022,4.6,Struktura sledovaných úkonů v %,prepocet,47.0
115,2023,4.6,Struktura sledovaných úkonů v %,prepocet,6.0
115,2024,4.6,Struktura sledovaných úkonů v %,prepocet,49.0
115,2025,4.6,Struktura sledovaných úkonů v %,prepocet,49.0
115,2010,4.7.1,Provozní výdaje na jeden sledovaný úkon v Kč,prepocet,
115,2011,4.7.1,Provozní výdaje na jeden sledovaný úkon v Kč,prepocet,
115,2012,4.7.1,Provozní výdaje na jeden sledovaný úkon v Kč,prepocet,
115,2013,4.7.1,Provozní výdaje na jeden sledovaný úkon v Kč,prepocet,
115,2014,4.7.1,Provozní výdaje na jeden sledovaný úkon v Kč,prepocet,
115,2015,4.7.1,Provozní výdaje na jeden sledovaný úkon v Kč,prepocet,
115,2016,4.7.1,Provozní výdaje na jeden sledovaný úkon v Kč,prepocet,
115,2017,4.7.1,Provozní výdaje na jeden sledovaný úkon v Kč,prepocet,
115,2018,4.7.1,Provozní výdaje na jeden sledovaný úkon v Kč,prepocet,111.585
115,2019,4.7.1,Provozní výdaje na jeden sledovaný úkon v Kč,prepocet,151.948
115,2020,4.7.1,Provozní výdaje na jeden sledovaný úkon v Kč,prepocet,175.419
115,2021,4.7.1,Provozní výdaje na jeden sledovaný úkon v Kč,prepocet,131.165
115,2022,4.7.1,Provozní výdaje na jeden sledovaný úkon v Kč,prepocet,109.472
115,2023,4.7.1,Provozní výdaje na jeden sledovaný úkon v Kč,prepocet,118.829
115,2024,4.7.1,Provozní výdaje na jeden sledovaný úkon v Kč,prepocet,135.988
115,2025,4.7.1,Provozní výdaje na jeden sledovaný úkon v Kč,prepocet,127.869
115,2010,4.7.2,Provozní výdaje na úvazek agendy v tis. Kč,prepocet,949.516
115,2011,4.7.2,Provozní výdaje na úvazek agendy v tis. Kč,prepocet,996.992
115,2012,4.7.2,Provozní výdaje na úvazek agendy v tis. Kč,prepocet,1071.467
115,2013,4.7.2,Provozní výdaje na úvazek agendy v tis. Kč,prepocet,1093.658
115,2014,4.7.2,Provozní výdaje na úvazek agendy v tis. Kč,prepocet,1042.502
115,2015,4.7.2,Provozní výdaje na úvazek agendy v tis. Kč,prepocet,1104.831
115,2016,4.7.2,Provozní výdaje na úvazek agendy v tis. Kč,prepocet,996.884
115,2017,4.7.2,Provozní výdaje na úvazek agendy v tis. Kč,prepocet,1100.44
115,2018,4.7.2,Provozní výdaje na úvazek agendy v tis. Kč,prepocet,1268.271
115,2019,4.7.2,Provozní výdaje na úvazek agendy v tis. Kč,prepocet,1385.762
115,2020,4.7.2,Provozní výdaje na úvazek agendy v tis. Kč,prepocet,1401.248
115,2021,4.7.2,Provozní výdaje na úvazek agendy v tis. Kč,prepocet,1272.696
115,2022,4.7.2,Provozní výdaje na úvazek agendy v tis. Kč,prepocet,1296.033
115,2023,4.7.2,Provozní výdaje na úvazek agendy v tis. Kč,prepocet,1412.042
115,2024,4.7.2,Provozní výdaje na úvazek agendy v tis. Kč,prepocet,1554.202
115,2025,4.7.2,Provozní výdaje na úvazek agendy v tis. Kč,prepocet,1633.274
115,2010,4.7.3,Provozní výdaje na vydaný OP v Kč,prepocet,210.256
115,2011,4.7.3,Provozní výdaje na vydaný OP v Kč,prepocet,184.834
115,2012,4.7.3,Provozní výdaje na vydaný OP v Kč,prepocet,187.68
115,2013,4.7.3,Provozní výdaje na vydaný OP v Kč,prepocet,197.34
115,2014,4.7.3,Provozní výdaje na vydaný OP v Kč,prepocet,163.35
115,2015,4.7.3,Provozní výdaje na vydaný OP v Kč,prepocet,147.154
115,2016,4.7.3,Provozní výdaje na vydaný OP v Kč,prepocet,156.497
115,2017,4.7.3,Provozní výdaje na vydaný OP v Kč,prepocet,172.781
115,2018,4.7.3,Provozní výdaje na vydaný OP v Kč,prepocet,229.718
115,2019,4.7.3,Provozní výdaje na vydaný OP v Kč,prepocet,320.259
115,2020,4.7.3,Provozní výdaje na vydaný OP v Kč,prepocet,360.033
115,2021,4.7.3,Provozní výdaje na vydaný OP v Kč,prepocet,264.429
115,2022,4.7.3,Provozní výdaje na vydaný OP v Kč,prepocet,221.848
115,2023,4.7.3,Provozní výdaje na vydaný OP v Kč,prepocet,241.581
115,2024,4.7.3,Provozní výdaje na vydaný OP v Kč,prepocet,285.07
115,2025,4.7.3,Provozní výdaje na vydaný OP v Kč,prepocet,258.389
115,2010,4.8,Příjmy ze správních poplatků a pokut na jeden sledovaný úkon v Kč,prepocet,
115,2011,4.8,Příjmy ze správních poplatků a pokut na jeden sledovaný úkon v Kč,prepocet,
115,2012,4.8,Příjmy ze správních poplatků a pokut na jeden sledovaný úkon v Kč,prepocet,
115,2013,4.8,Příjmy ze správních poplatků a pokut na jeden sledovaný úkon v Kč,prepocet,
115,2014,4.8,Příjmy ze správních poplatků a pokut na jeden sledovaný úkon v Kč,prepocet,
115,2015,4.8,Příjmy ze správních poplatků a pokut na jeden sledovaný úkon v Kč,prepocet,
115,2016,4.8,Příjmy ze správních poplatků a pokut na jeden sledovaný úkon v Kč,prepocet,
115,2017,4.8,Příjmy ze správních poplatků a pokut na jeden sledovaný úkon v Kč,prepocet,
115,2018,4.8,Příjmy ze správních poplatků a pokut na jeden sledovaný úkon v Kč,prepocet,5.956
115,2019,4.8,Příjmy ze správních poplatků a pokut na jeden sledovaný úkon v Kč,prepocet,20.833
115,2020,4.8,Příjmy ze správních poplatků a pokut na jeden sledovaný úkon v Kč,prepocet,17.689
115,2021,4.8,Příjmy ze správních poplatků a pokut na jeden sledovaný úkon v Kč,prepocet,23.395
115,2022,4.8,Příjmy ze správních poplatků a pokut na jeden sledovaný úkon v Kč,prepocet,28.896
115,2023,4.8,Příjmy ze správních poplatků a pokut na jeden sledovaný úkon v Kč,prepocet,34.217
115,2024,4.8,Příjmy ze správních poplatků a pokut na jeden sledovaný úkon v Kč,prepocet,30.344
115,2025,4.8,Příjmy ze správních poplatků a pokut na jeden sledovaný úkon v Kč,prepocet,21.561
115,2010,4.9,Počet řešených přestupků celkem na úvazek agendy,prepocet,
115,2011,4.9,Počet řešených přestupků celkem na úvazek agendy,prepocet,
115,2012,4.9,Počet řešených přestupků celkem na úvazek agendy,prepocet,
115,2013,4.9,Počet řešených přestupků celkem na úvazek agendy,prepocet,
115,2014,4.9,Počet řešených přestupků celkem na úvazek agendy,prepocet,
115,2015,4.9,Počet řešených přestupků celkem na úvazek agendy,prepocet,
115,2016,4.9,Počet řešených přestupků celkem na úvazek agendy,prepocet,
115,2017,4.9,Počet řešených přestupků celkem na úvazek agendy,prepocet,
115,2018,4.9,Počet řešených přestupků celkem na úvazek agendy,prepocet,259.5
115,2019,4.9,Počet řešených přestupků celkem na úvazek agendy,prepocet,225.542
115,2020,4.9,Počet řešených přestupků celkem na úvazek agendy,prepocet,68.434
115,2021,4.9,Počet řešených přestupků celkem na úvazek agendy,prepocet,53.671
115,2022,4.9,Počet řešených přestupků celkem na úvazek agendy,prepocet,57.722
115,2023,4.9,Počet řešených přestupků celkem na úvazek agendy,prepocet,69.873
115,2024,4.9,Počet řešených přestupků celkem na úvazek agendy,prepocet,78.987
115,2025,4.9,Počet řešených přestupků celkem na úvazek agendy,prepocet,77.468
115,2010,4.10,Počet přestupků vyřízených v PŘÍKAZNÍM řízení na úvazek agendy,prepocet,
115,2011,4.10,Počet přestupků vyřízených v PŘÍKAZNÍM řízení na úvazek agendy,prepocet,
115,2012,4.10,Počet přestupků vyřízených v PŘÍKAZNÍM řízení na úvazek agendy,prepocet,
115,2013,4.10,Počet přestupků vyřízených v PŘÍKAZNÍM řízení na úvazek agendy,prepocet,
115,2014,4.10,Počet přestupků vyřízených v PŘÍKAZNÍM řízení na úvazek agendy,prepocet,
115,2015,4.10,Počet přestupků vyřízených v PŘÍKAZNÍM řízení na úvazek agendy,prepocet,
115,2016,4.10,Počet přestupků vyřízených v PŘÍKAZNÍM řízení na úvazek agendy,prepocet,
115,2017,4.10,Počet přestupků vyřízených v PŘÍKAZNÍM řízení na úvazek agendy,prepocet,186.667
115,2018,4.10,Počet přestupků vyřízených v PŘÍKAZNÍM řízení na úvazek agendy,prepocet,165.5
115,2019,4.10,Počet přestupků vyřízených v PŘÍKAZNÍM řízení na úvazek agendy,prepocet,130.12
115,2020,4.10,Počet přestupků vyřízených v PŘÍKAZNÍM řízení na úvazek agendy,prepocet,64.578
115,2021,4.10,Počet přestupků vyřízených v PŘÍKAZNÍM řízení na úvazek agendy,prepocet,51.139
115,2022,4.10,Počet přestupků vyřízených v PŘÍKAZNÍM řízení na úvazek agendy,prepocet,57.215
115,2023,4.10,Počet přestupků vyřízených v PŘÍKAZNÍM řízení na úvazek agendy,prepocet,69.873
115,2024,4.10,Počet přestupků vyřízených v PŘÍKAZNÍM řízení na úvazek agendy,prepocet,78.481
115,2025,4.10,Počet přestupků vyřízených v PŘÍKAZNÍM řízení na úvazek agendy,prepocet,76.962
115,2010,5.1,Počet pracovníků na 1000 obyvatel správního obvodu,prepocet,0.048
115,2011,5.1,Počet pracovníků na 1000 obyvatel správního obvodu,prepocet,0.049
115,2012,5.1,Počet pracovníků na 1000 obyvatel správního obvodu,prepocet,0.047
115,2013,5.1,Počet pracovníků na 1000 obyvatel správního obvodu,prepocet,0.047
115,2014,5.1,Počet pracovníků na 1000 obyvatel správního obvodu,prepocet,0.047
115,2015,5.1,Počet pracovníků na 1000 obyvatel správního obvodu,prepocet,0.047
115,2016,5.1,Počet pracovníků na 1000 obyvatel správního obvodu,prepocet,0.046
115,2017,5.1,Počet pracovníků na 1000 obyvatel správního obvodu,prepocet,0.047
115,2018,5.1,Počet pracovníků na 1000 obyvatel správního obvodu,prepocet,0.048
115,2019,5.1,Počet pracovníků na 1000 obyvatel správního obvodu,prepocet,0.049
115,2020,5.1,Počet pracovníků na 1000 obyvatel správního obvodu,prepocet,0.05
115,2021,5.1,Počet pracovníků na 1000 obyvatel správního obvodu,prepocet,0.047
115,2022,5.1,Počet pracovníků na 1000 obyvatel správního obvodu,prepocet,0.047
115,2023,5.1,Počet pracovníků na 1000 obyvatel správního obvodu,prepocet,0.047
115,2024,5.1,Počet pracovníků na 1000 obyvatel správního obvodu,prepocet,0.047
115,2025,5.1,Počet pracovníků na 1000 obyvatel správního obvodu,prepocet,0.047
115,2010,5.2,Počet sledovaných úkonů na pracovníka,prepocet,
115,2011,5.2,Počet sledovaných úkonů na pracovníka,prepocet,
115,2012,5.2,Počet sledovaných úkonů na pracovníka,prepocet,
115,2013,5.2,Počet sledovaných úkonů na pracovníka,prepocet,
115,2014,5.2,Počet sledovaných úkonů na pracovníka,prepocet,
115,2015,5.2,Počet sledovaných úkonů na pracovníka,prepocet,
115,2016,5.2,Počet sledovaných úkonů na pracovníka,prepocet,
115,2017,5.2,Počet sledovaných úkonů na pracovníka,prepocet,
115,2018,5.2,Počet sledovaných úkonů na pracovníka,prepocet,2680.5
115,2019,5.2,Počet sledovaných úkonů na pracovníka,prepocet,2123.902
115,2020,5.2,Počet sledovaných úkonů na pracovníka,prepocet,971.707
115,2021,5.2,Počet sledovaných úkonů na pracovníka,prepocet,1448.718
115,2022,5.2,Počet sledovaných úkonů na pracovníka,prepocet,4104.615
115,2023,5.2,Počet sledovaných úkonů na pracovníka,prepocet,3352.821
115,2024,5.2,Počet sledovaných úkonů na pracovníka,prepocet,3477.436
115,2025,5.2,Počet sledovaných úkonů na pracovníka,prepocet,3090.256
115,2010,5.3,Počet úředních hodin v týdnu,prepocet,26.0
115,2011,5.3,Počet úředních hodin v týdnu,prepocet,26.0
115,2012,5.3,Počet úředních hodin v týdnu,prepocet,26.0
115,2013,5.3,Počet úředních hodin v týdnu,prepocet,26.0
115,2014,5.3,Počet úředních hodin v týdnu,prepocet,26.0
115,2015,5.3,Počet úředních hodin v týdnu,prepocet,26.0
115,2016,5.3,Počet úředních hodin v týdnu,prepocet,26.0
115,2017,5.3,Počet úředních hodin v týdnu,prepocet,26.0
115,2018,5.3,Počet úředních hodin v týdnu,prepocet,26.0
115,2019,5.3,Počet úředních hodin v týdnu,prepocet,26.0
115,2020,5.3,Počet úředních hodin v týdnu,prepocet,26.0
115,2021,5.3,Počet úředních hodin v týdnu,prepocet,26.0
115,2022,5.3,Počet úředních hodin v týdnu,prepocet,26.0
115,2023,5.3,Počet úředních hodin v týdnu,prepocet,26.0
115,2024,5.3,Počet úředních hodin v týdnu,prepocet,26.0
115,2025,5.3,Počet úředních hodin v týdnu,prepocet,26.0
115,2010,5.4,Průměrná čekací doba (v minutách),prepocet,5.06
115,2011,5.4,Průměrná čekací doba (v minutách),prepocet,4.41
115,2012,5.4,Průměrná čekací doba (v minutách),prepocet,10.55
115,2013,5.4,Průměrná čekací doba (v minutách),prepocet,7.28
115,2014,5.4,Průměrná čekací doba (v minutách),prepocet,5.37
115,2015,5.4,Průměrná čekací doba (v minutách),prepocet,7.54
115,2016,5.4,Průměrná čekací doba (v minutách),prepocet,5.56
115,2017,5.4,Průměrná čekací doba (v minutách),prepocet,8.33
115,2018,5.4,Průměrná čekací doba (v minutách),prepocet,4.59
115,2019,5.4,Průměrná čekací doba (v minutách),prepocet,3.41
115,2020,5.4,Průměrná čekací doba (v minutách),prepocet,2.5
115,2021,5.4,Průměrná čekací doba (v minutách),prepocet,2.29
115,2022,5.4,Průměrná čekací doba (v minutách),prepocet,5.1
115,2023,5.4,Průměrná čekací doba (v minutách),prepocet,3.46
115,2024,5.4,Průměrná čekací doba (v minutách),prepocet,2.57
115,2025,5.4,Průměrná čekací doba (v minutách),prepocet,2.31
115,2010,5.5,Struktura sledovaných úkonů v %,prepocet,
115,2011,5.5,Struktura sledovaných úkonů v %,prepocet,
115,2012,5.5,Struktura sledovaných úkonů v %,prepocet,
115,2013,5.5,Struktura sledovaných úkonů v %,prepocet,
115,2014,5.5,Struktura sledovaných úkonů v %,prepocet,
115,2015,5.5,Struktura sledovaných úkonů v %,prepocet,
115,2016,5.5,Struktura sledovaných úkonů v %,prepocet,
115,2017,5.5,Struktura sledovaných úkonů v %,prepocet,
115,2018,5.5,Struktura sledovaných úkonů v %,prepocet,50.0
115,2019,5.5,Struktura sledovaných úkonů v %,prepocet,50.0
115,2020,5.5,Struktura sledovaných úkonů v %,prepocet,0.0
115,2021,5.5,Struktura sledovaných úkonů v %,prepocet,49.0
115,2022,5.5,Struktura sledovaných úkonů v %,prepocet,50.0
115,2023,5.5,Struktura sledovaných úkonů v %,prepocet,1.0
115,2024,5.5,Struktura sledovaných úkonů v %,prepocet,50.0
115,2025,5.5,Struktura sledovaných úkonů v %,prepocet,49.0
115,2010,5.6.1,Provozní výdaje na jeden sledovaný úkon v Kč,prepocet,
115,2011,5.6.1,Provozní výdaje na jeden sledovaný úkon v Kč,prepocet,
115,2012,5.6.1,Provozní výdaje na jeden sledovaný úkon v Kč,prepocet,
115,2013,5.6.1,Provozní výdaje na jeden sledovaný úkon v Kč,prepocet,
115,2014,5.6.1,Provozní výdaje na jeden sledovaný úkon v Kč,prepocet,
115,2015,5.6.1,Provozní výdaje na jeden sledovaný úkon v Kč,prepocet,
115,2016,5.6.1,Provozní výdaje na jeden sledovaný úkon v Kč,prepocet,
115,2017,5.6.1,Provozní výdaje na jeden sledovaný úkon v Kč,prepocet,
115,2018,5.6.1,Provozní výdaje na jeden sledovaný úkon v Kč,prepocet,236.574
115,2019,5.6.1,Provozní výdaje na jeden sledovaný úkon v Kč,prepocet,314.439
115,2020,5.6.1,Provozní výdaje na jeden sledovaný úkon v Kč,prepocet,694.963
115,2021,5.6.1,Provozní výdaje na jeden sledovaný úkon v Kč,prepocet,444.809
115,2022,5.6.1,Provozní výdaje na jeden sledovaný úkon v Kč,prepocet,159.874
115,2023,5.6.1,Provozní výdaje na jeden sledovaný úkon v Kč,prepocet,213.241
115,2024,5.6.1,Provozní výdaje na jeden sledovaný úkon v Kč,prepocet,226.298
115,2025,5.6.1,Provozní výdaje na jeden sledovaný úkon v Kč,prepocet,267.607
115,2010,5.6.2,Provozní výdaje na úvazek agendy v tis. Kč,prepocet,949.516
115,2011,5.6.2,Provozní výdaje na úvazek agendy v tis. Kč,prepocet,973.254
115,2012,5.6.2,Provozní výdaje na úvazek agendy v tis. Kč,prepocet,1071.467
115,2013,5.6.2,Provozní výdaje na úvazek agendy v tis. Kč,prepocet,1093.658
115,2014,5.6.2,Provozní výdaje na úvazek agendy v tis. Kč,prepocet,1042.502
115,2015,5.6.2,Provozní výdaje na úvazek agendy v tis. Kč,prepocet,1104.831
115,2016,5.6.2,Provozní výdaje na úvazek agendy v tis. Kč,prepocet,996.884
115,2017,5.6.2,Provozní výdaje na úvazek agendy v tis. Kč,prepocet,1100.44
115,2018,5.6.2,Provozní výdaje na úvazek agendy v tis. Kč,prepocet,1268.271
115,2019,5.6.2,Provozní výdaje na úvazek agendy v tis. Kč,prepocet,1369.066
115,2020,5.6.2,Provozní výdaje na úvazek agendy v tis. Kč,prepocet,1384.365
115,2021,5.6.2,Provozní výdaje na úvazek agendy v tis. Kč,prepocet,1256.586
115,2022,5.6.2,Provozní výdaje na úvazek agendy v tis. Kč,prepocet,1279.628
115,2023,5.6.2,Provozní výdaje na úvazek agendy v tis. Kč,prepocet,1394.168
115,2024,5.6.2,Provozní výdaje na úvazek agendy v tis. Kč,prepocet,1534.529
115,2025,5.6.2,Provozní výdaje na úvazek agendy v tis. Kč,prepocet,1612.6
115,2010,5.6.3,Provozní výdaje na vydaný CD v Kč,prepocet,663.997
115,2011,5.6.3,Provozní výdaje na vydaný CD v Kč,prepocet,407.219
115,2012,5.6.3,Provozní výdaje na vydaný CD v Kč,prepocet,347.428
115,2013,5.6.3,Provozní výdaje na vydaný CD v Kč,prepocet,532.972
115,2014,5.6.3,Provozní výdaje na vydaný CD v Kč,prepocet,404.855
115,2015,5.6.3,Provozní výdaje na vydaný CD v Kč,prepocet,394.583
115,2016,5.6.3,Provozní výdaje na vydaný CD v Kč,prepocet,374.487
115,2017,5.6.3,Provozní výdaje na vydaný CD v Kč,prepocet,318.691
115,2018,5.6.3,Provozní výdaje na vydaný CD v Kč,prepocet,476.614
115,2019,5.6.3,Provozní výdaje na vydaný CD v Kč,prepocet,630.035
115,2020,5.6.3,Provozní výdaje na vydaný CD v Kč,prepocet,1414.061
115,2021,5.6.3,Provozní výdaje na vydaný CD v Kč,prepocet,896.281
115,2022,5.6.3,Provozní výdaje na vydaný CD v Kč,prepocet,327.438
115,2023,5.6.3,Provozní výdaje na vydaný CD v Kč,prepocet,445.421
115,2024,5.6.3,Provozní výdaje na vydaný CD v Kč,prepocet,460.543
115,2025,5.6.3,Provozní výdaje na vydaný CD v Kč,prepocet,536.639
115,2010,5.7,Příjmy ze správních poplatků a pokut na jeden sledovaný úkon v Kč,prepocet,
115,2011,5.7,Příjmy ze správních poplatků a pokut na jeden sledovaný úkon v Kč,prepocet,
115,2012,5.7,Příjmy ze správních poplatků a pokut na jeden sledovaný úkon v Kč,prepocet,
115,2013,5.7,Příjmy ze správních poplatků a pokut na jeden sledovaný úkon v Kč,prepocet,
115,2014,5.7,Příjmy ze správních poplatků a pokut na jeden sledovaný úkon v Kč,prepocet,
115,2015,5.7,Příjmy ze správních poplatků a pokut na jeden sledovaný úkon v Kč,prepocet,
115,2016,5.7,Příjmy ze správních poplatků a pokut na jeden sledovaný úkon v Kč,prepocet,
115,2017,5.7,Příjmy ze správních poplatků a pokut na jeden sledovaný úkon v Kč,prepocet,
115,2018,5.7,Příjmy ze správních poplatků a pokut na jeden sledovaný úkon v Kč,prepocet,262.302
115,2019,5.7,Příjmy ze správních poplatků a pokut na jeden sledovaný úkon v Kč,prepocet,253.56
115,2020,5.7,Příjmy ze správních poplatků a pokut na jeden sledovaný úkon v Kč,prepocet,217.47
115,2021,5.7,Příjmy ze správních poplatků a pokut na jeden sledovaný úkon v Kč,prepocet,238.619
115,2022,5.7,Příjmy ze správních poplatků a pokut na jeden sledovaný úkon v Kč,prepocet,243.616
115,2023,5.7,Příjmy ze správních poplatků a pokut na jeden sledovaný úkon v Kč,prepocet,243.668
115,2024,5.7,Příjmy ze správních poplatků a pokut na jeden sledovaný úkon v Kč,prepocet,263.236
115,2025,5.7,Příjmy ze správních poplatků a pokut na jeden sledovaný úkon v Kč,prepocet,465.815
115,2010,5.8,Počet řešených přestupků celkem na úvazek agendy,prepocet,
115,2011,5.8,Počet řešených přestupků celkem na úvazek agendy,prepocet,
115,2012,5.8,Počet řešených přestupků celkem na úvazek agendy,prepocet,
115,2013,5.8,Počet řešených přestupků celkem na úvazek agendy,prepocet,
115,2014,5.8,Počet řešených přestupků celkem na úvazek agendy,prepocet,
115,2015,5.8,Počet řešených přestupků celkem na úvazek agendy,prepocet,
115,2016,5.8,Počet řešených přestupků celkem na úvazek agendy,prepocet,
115,2017,5.8,Počet řešených přestupků celkem na úvazek agendy,prepocet,
115,2018,5.8,Počet řešených přestupků celkem na úvazek agendy,prepocet,13.5
115,2019,5.8,Počet řešených přestupků celkem na úvazek agendy,prepocet,13.171
115,2020,5.8,Počet řešených přestupků celkem na úvazek agendy,prepocet,8.293
115,2021,5.8,Počet řešených přestupků celkem na úvazek agendy,prepocet,4.103
115,2022,5.8,Počet řešených přestupků celkem na úvazek agendy,prepocet,8.718
115,2023,5.8,Počet řešených přestupků celkem na úvazek agendy,prepocet,11.795
115,2024,5.8,Počet řešených přestupků celkem na úvazek agendy,prepocet,10.769
115,2025,5.8,Počet řešených přestupků celkem na úvazek agendy,prepocet,6.667
115,2010,5.9,Počet přestupků vyřízených v PŘÍKAZNÍM řízení na úvazek agendy,prepocet,
115,2011,5.9,Počet přestupků vyřízených v PŘÍKAZNÍM řízení na úvazek agendy,prepocet,
115,2012,5.9,Počet přestupků vyřízených v PŘÍKAZNÍM řízení na úvazek agendy,prepocet,
115,2013,5.9,Počet přestupků vyřízených v PŘÍKAZNÍM řízení na úvazek agendy,prepocet,
115,2014,5.9,Počet přestupků vyřízených v PŘÍKAZNÍM řízení na úvazek agendy,prepocet,
115,2015,5.9,Počet přestupků vyřízených v PŘÍKAZNÍM řízení na úvazek agendy,prepocet,
115,2016,5.9,Počet přestupků vyřízených v PŘÍKAZNÍM řízení na úvazek agendy,prepocet,
115,2017,5.9,Počet přestupků vyřízených v PŘÍKAZNÍM řízení na úvazek agendy,prepocet,13.333
115,2018,5.9,Počet přestupků vyřízených v PŘÍKAZNÍM řízení na úvazek agendy,prepocet,12.5
115,2019,5.9,Počet přestupků vyřízených v PŘÍKAZNÍM řízení na úvazek agendy,prepocet,12.683
115,2020,5.9,Počet přestupků vyřízených v PŘÍKAZNÍM řízení na úvazek agendy,prepocet,8.293
115,2021,5.9,Počet přestupků vyřízených v PŘÍKAZNÍM řízení na úvazek agendy,prepocet,4.103
115,2022,5.9,Počet přestupků vyřízených v PŘÍKAZNÍM řízení na úvazek agendy,prepocet,8.718
115,2023,5.9,Počet přestupků vyřízených v PŘÍKAZNÍM řízení na úvazek agendy,prepocet,11.282
115,2024,5.9,Počet přestupků vyřízených v PŘÍKAZNÍM řízení na úvazek agendy,prepocet,10.769
115,2025,5.9,Počet přestupků vyřízených v PŘÍKAZNÍM řízení na úvazek agendy,prepocet,6.154
115,2010,6.1,Počet pracovníků na 1000 obyvatel správního obvodu,prepocet,4.365
115,2011,6.1,Počet pracovníků na 1000 obyvatel správního obvodu,prepocet,4.404
115,2012,6.1,Počet pracovníků na 1000 obyvatel správního obvodu,prepocet,4.133
115,2013,6.1,Počet pracovníků na 1000 obyvatel správního obvodu,prepocet,4.188
115,2014,6.1,Počet pracovníků na 1000 obyvatel správního obvodu,prepocet,4.196
115,2015,6.1,Počet pracovníků na 1000 obyvatel správního obvodu,prepocet,4.187
115,2016,6.1,Počet pracovníků na 1000 obyvatel správního obvodu,prepocet,4.119
115,2017,6.1,Počet pracovníků na 1000 obyvatel správního obvodu,prepocet,4.26
115,2018,6.1,Počet pracovníků na 1000 obyvatel správního obvodu,prepocet,4.369
115,2019,6.1,Počet pracovníků na 1000 obyvatel správního obvodu,prepocet,4.61
115,2020,6.1,Počet pracovníků na 1000 obyvatel správního obvodu,prepocet,4.605
115,2021,6.1,Počet pracovníků na 1000 obyvatel správního obvodu,prepocet,4.616
115,2022,6.1,Počet pracovníků na 1000 obyvatel správního obvodu,prepocet,4.567
115,2023,6.1,Počet pracovníků na 1000 obyvatel správního obvodu,prepocet,4.573
115,2024,6.1,Počet pracovníků na 1000 obyvatel správního obvodu,prepocet,4.637
115,2025,6.1,Počet pracovníků na 1000 obyvatel správního obvodu,prepocet,4.822
115,2010,6.3.1,Struktura pracovníků dle pohlaví v %,prepocet,74.0
115,2011,6.3.1,Struktura pracovníků dle pohlaví v %,prepocet,26.0
115,2012,6.3.1,Struktura pracovníků dle pohlaví v %,prepocet,74.0
115,2013,6.3.1,Struktura pracovníků dle pohlaví v %,prepocet,26.0
115,2014,6.3.1,Struktura pracovníků dle pohlaví v %,prepocet,72.0
115,2015,6.3.1,Struktura pracovníků dle pohlaví v %,prepocet,28.0
115,2016,6.3.1,Struktura pracovníků dle pohlaví v %,prepocet,72.0
115,2017,6.3.1,Struktura pracovníků dle pohlaví v %,prepocet,28.0
115,2018,6.3.1,Struktura pracovníků dle pohlaví v %,prepocet,72.0
115,2019,6.3.1,Struktura pracovníků dle pohlaví v %,prepocet,28.0
115,2020,6.3.1,Struktura pracovníků dle pohlaví v %,prepocet,72.0
115,2021,6.3.1,Struktura pracovníků dle pohlaví v %,prepocet,28.0
115,2022,6.3.1,Struktura pracovníků dle pohlaví v %,prepocet,72.0
115,2023,6.3.1,Struktura pracovníků dle pohlaví v %,prepocet,28.0
115,2024,6.3.1,Struktura pracovníků dle pohlaví v %,prepocet,72.0
115,2025,6.3.1,Struktura pracovníků dle pohlaví v %,prepocet,28.0
115,2010,6.3.2,% zastoupení žen z celkového počtu zaměstnanců,prepocet,73.77
115,2011,6.3.2,% zastoupení žen z celkového počtu zaměstnanců,prepocet,73.514
115,2012,6.3.2,% zastoupení žen z celkového počtu zaměstnanců,prepocet,72.254
115,2013,6.3.2,% zastoupení žen z celkového počtu zaměstnanců,prepocet,72.0
115,2014,6.3.2,% zastoupení žen z celkového počtu zaměstnanců,prepocet,72.0
115,2015,6.3.2,% zastoupení žen z celkového počtu zaměstnanců,prepocet,72.414
115,2016,6.3.2,% zastoupení žen z celkového počtu zaměstnanců,prepocet,72.414
115,2017,6.3.2,% zastoupení žen z celkového počtu zaměstnanců,prepocet,71.751
115,2018,6.3.2,% zastoupení žen z celkového počtu zaměstnanců,prepocet,72.928
115,2019,6.3.2,% zastoupení žen z celkového počtu zaměstnanců,prepocet,78.01
115,2020,6.3.2,% zastoupení žen z celkového počtu zaměstnanců,prepocet,76.842
115,2021,6.3.2,% zastoupení žen z celkového počtu zaměstnanců,prepocet,78.947
115,2022,6.3.2,% zastoupení žen z celkového počtu zaměstnanců,prepocet,78.01
115,2023,6.3.2,% zastoupení žen z celkového počtu zaměstnanců,prepocet,78.534
115,2024,6.3.2,% zastoupení žen z celkového počtu zaměstnanců,prepocet,78.125
115,2025,6.3.2,% zastoupení žen z celkového počtu zaměstnanců,prepocet,78.392
115,2010,6.3.3,% zastoupení mužů z celkového počtu zaměstnanců,prepocet,26.23
115,2011,6.3.3,% zastoupení mužů z celkového počtu zaměstnanců,prepocet,26.486
115,2012,6.3.3,% zastoupení mužů z celkového počtu zaměstnanců,prepocet,27.746
115,2013,6.3.3,% zastoupení mužů z celkového počtu zaměstnanců,prepocet,28.0
115,2014,6.3.3,% zastoupení mužů z celkového počtu zaměstnanců,prepocet,28.0
115,2015,6.3.3,% zastoupení mužů z celkového počtu zaměstnanců,prepocet,27.586
115,2016,6.3.3,% zastoupení mužů z celkového počtu zaměstnanců,prepocet,27.586
115,2017,6.3.3,% zastoupení mužů z celkového počtu zaměstnanců,prepocet,28.249
115,2018,6.3.3,% zastoupení mužů z celkového počtu zaměstnanců,prepocet,27.072
115,2019,6.3.3,% zastoupení mužů z celkového počtu zaměstnanců,prepocet,21.99
115,2020,6.3.3,% zastoupení mužů z celkového počtu zaměstnanců,prepocet,23.158
115,2021,6.3.3,% zastoupení mužů z celkového počtu zaměstnanců,prepocet,21.053
115,2022,6.3.3,% zastoupení mužů z celkového počtu zaměstnanců,prepocet,21.99
115,2023,6.3.3,% zastoupení mužů z celkového počtu zaměstnanců,prepocet,21.466
115,2024,6.3.3,% zastoupení mužů z celkového počtu zaměstnanců,prepocet,21.875
115,2025,6.3.3,% zastoupení mužů z celkového počtu zaměstnanců,prepocet,21.608
115,2010,6.4.1,Věková struktura pracovníků v %,prepocet,13.0
115,2011,6.4.1,Věková struktura pracovníků v %,prepocet,65.0
115,2012,6.4.1,Věková struktura pracovníků v %,prepocet,20.0
115,2013,6.4.1,Věková struktura pracovníků v %,prepocet,2.0
115,2014,6.4.1,Věková struktura pracovníků v %,prepocet,14.0
115,2015,6.4.1,Věková struktura pracovníků v %,prepocet,65.0
115,2016,6.4.1,Věková struktura pracovníků v %,prepocet,20.0
115,2017,6.4.1,Věková struktura pracovníků v %,prepocet,1.0
115,2018,6.4.1,Věková struktura pracovníků v %,prepocet,9.0
115,2019,6.4.1,Věková struktura pracovníků v %,prepocet,65.0
115,2020,6.4.1,Věková struktura pracovníků v %,prepocet,24.0
115,2021,6.4.1,Věková struktura pracovníků v %,prepocet,2.0
115,2022,6.4.1,Věková struktura pracovníků v %,prepocet,9.0
115,2023,6.4.1,Věková struktura pracovníků v %,prepocet,65.0
115,2024,6.4.1,Věková struktura pracovníků v %,prepocet,25.0
115,2025,6.4.1,Věková struktura pracovníků v %,prepocet,1.0
115,2010,6.4.2,Index stáří úřadu,prepocet,2.226
115,2011,6.4.2,Index stáří úřadu,prepocet,2.258
115,2012,6.4.2,Index stáří úřadu,prepocet,2.172
115,2013,6.4.2,Index stáří úřadu,prepocet,2.172
115,2014,6.4.2,Index stáří úřadu,prepocet,2.138
115,2015,6.4.2,Index stáří úřadu,prepocet,2.107
115,2016,6.4.2,Index stáří úřadu,prepocet,2.143
115,2017,6.4.2,Index stáří úřadu,prepocet,2.25
115,2018,6.4.2,Index stáří úřadu,prepocet,2.25
115,2019,6.4.2,Index stáří úřadu,prepocet,2.214
115,2020,6.4.2,Index stáří úřadu,prepocet,2.214
115,2021,6.4.2,Index stáří úřadu,prepocet,2.5
115,2022,6.4.2,Index stáří úřadu,prepocet,2.5
115,2023,6.4.2,Index stáří úřadu,prepocet,2.485
115,2024,6.4.2,Index stáří úřadu,prepocet,2.531
115,2025,6.4.2,Index stáří úřadu,prepocet,2.563
115,2010,6.4.3,Index stáří vedoucích zaměstnanců,prepocet,2.104
115,2011,6.4.3,Index stáří vedoucích zaměstnanců,prepocet,2.097
115,2012,6.4.3,Index stáří vedoucích zaměstnanců,prepocet,2.185
115,2013,6.4.3,Index stáří vedoucích zaměstnanců,prepocet,2.171
115,2014,6.4.3,Index stáří vedoucích zaměstnanců,prepocet,2.143
115,2015,6.4.3,Index stáří vedoucích zaměstnanců,prepocet,2.172
115,2016,6.4.3,Index stáří vedoucích zaměstnanců,prepocet,2.167
115,2017,6.4.3,Index stáří vedoucích zaměstnanců,prepocet,2.446
115,2018,6.4.3,Index stáří vedoucích zaměstnanců,prepocet,2.387
115,2019,6.4.3,Index stáří vedoucích zaměstnanců,prepocet,2.461
115,2020,6.4.3,Index stáří vedoucích zaměstnanců,prepocet,2.489
115,2021,6.4.3,Index stáří vedoucích zaměstnanců,prepocet,2.495
115,2022,6.4.3,Index stáří vedoucích zaměstnanců,prepocet,2.534
115,2023,6.4.3,Index stáří vedoucích zaměstnanců,prepocet,2.576
115,2024,6.4.3,Index stáří vedoucích zaměstnanců,prepocet,2.609
115,2025,6.4.3,Index stáří vedoucích zaměstnanců,prepocet,2.568
115,2010,6.4.4,% zastoupení zaměstnanců s nárokem na starobní důchod,prepocet,
115,2011,6.4.4,% zastoupení zaměstnanců s nárokem na starobní důchod,prepocet,
115,2012,6.4.4,% zastoupení zaměstnanců s nárokem na starobní důchod,prepocet,
115,2013,6.4.4,% zastoupení zaměstnanců s nárokem na starobní důchod,prepocet,
115,2014,6.4.4,% zastoupení zaměstnanců s nárokem na starobní důchod,prepocet,
115,2015,6.4.4,% zastoupení zaměstnanců s nárokem na starobní důchod,prepocet,1.724
115,2016,6.4.4,% zastoupení zaměstnanců s nárokem na starobní důchod,prepocet,4.023
115,2017,6.4.4,% zastoupení zaměstnanců s nárokem na starobní důchod,prepocet,4.52
115,2018,6.4.4,% zastoupení zaměstnanců s nárokem na starobní důchod,prepocet,4.42
115,2019,6.4.4,% zastoupení zaměstnanců s nárokem na starobní důchod,prepocet,6.806
115,2020,6.4.4,% zastoupení zaměstnanců s nárokem na starobní důchod,prepocet,5.789
115,2021,6.4.4,% zastoupení zaměstnanců s nárokem na starobní důchod,prepocet,4.737
115,2022,6.4.4,% zastoupení zaměstnanců s nárokem na starobní důchod,prepocet,4.712
115,2023,6.4.4,% zastoupení zaměstnanců s nárokem na starobní důchod,prepocet,4.712
115,2024,6.4.4,% zastoupení zaměstnanců s nárokem na starobní důchod,prepocet,4.167
115,2025,6.4.4,% zastoupení zaměstnanců s nárokem na starobní důchod,prepocet,5.528
115,2010,6.5.1,Vzdělanostní struktura pracovníků v %,prepocet,0.0
115,2011,6.5.1,Vzdělanostní struktura pracovníků v %,prepocet,3.0
115,2012,6.5.1,Vzdělanostní struktura pracovníků v %,prepocet,40.0
115,2013,6.5.1,Vzdělanostní struktura pracovníků v %,prepocet,11.0
115,2014,6.5.1,Vzdělanostní struktura pracovníků v %,prepocet,46.0
115,2015,6.5.1,Vzdělanostní struktura pracovníků v %,prepocet,0.0
115,2016,6.5.1,Vzdělanostní struktura pracovníků v %,prepocet,3.0
115,2017,6.5.1,Vzdělanostní struktura pracovníků v %,prepocet,39.0
115,2018,6.5.1,Vzdělanostní struktura pracovníků v %,prepocet,11.0
115,2019,6.5.1,Vzdělanostní struktura pracovníků v %,prepocet,47.0
115,2020,6.5.1,Vzdělanostní struktura pracovníků v %,prepocet,0.0
115,2021,6.5.1,Vzdělanostní struktura pracovníků v %,prepocet,2.0
115,2022,6.5.1,Vzdělanostní struktura pracovníků v %,prepocet,46.0
115,2023,6.5.1,Vzdělanostní struktura pracovníků v %,prepocet,6.0
115,2024,6.5.1,Vzdělanostní struktura pracovníků v %,prepocet,46.0
115,2025,6.5.1,Vzdělanostní struktura pracovníků v %,prepocet,1.0
115,2010,6.5.2,Ukazatel vzdělanostní úrovně zaměstnanců,prepocet,3.421
115,2011,6.5.2,Ukazatel vzdělanostní úrovně zaměstnanců,prepocet,3.427
115,2012,6.5.2,Ukazatel vzdělanostní úrovně zaměstnanců,prepocet,3.451
115,2013,6.5.2,Ukazatel vzdělanostní úrovně zaměstnanců,prepocet,3.434
115,2014,6.5.2,Ukazatel vzdělanostní úrovně zaměstnanců,prepocet,3.446
115,2015,6.5.2,Ukazatel vzdělanostní úrovně zaměstnanců,prepocet,3.443
115,2016,6.5.2,Ukazatel vzdělanostní úrovně zaměstnanců,prepocet,3.443
115,2017,6.5.2,Ukazatel vzdělanostní úrovně zaměstnanců,prepocet,3.412
115,2018,6.5.2,Ukazatel vzdělanostní úrovně zaměstnanců,prepocet,3.42
115,2019,6.5.2,Ukazatel vzdělanostní úrovně zaměstnanců,prepocet,3.372
115,2020,6.5.2,Ukazatel vzdělanostní úrovně zaměstnanců,prepocet,3.411
115,2021,6.5.2,Ukazatel vzdělanostní úrovně zaměstnanců,prepocet,3.426
115,2022,6.5.2,Ukazatel vzdělanostní úrovně zaměstnanců,prepocet,3.435
115,2023,6.5.2,Ukazatel vzdělanostní úrovně zaměstnanců,prepocet,3.461
115,2024,6.5.2,Ukazatel vzdělanostní úrovně zaměstnanců,prepocet,3.453
115,2025,6.5.2,Ukazatel vzdělanostní úrovně zaměstnanců,prepocet,3.447
115,2010,6.6,Struktura zaměstnanců podle zařazení,prepocet,62.0
115,2011,6.6,Struktura zaměstnanců podle zařazení,prepocet,17.0
115,2012,6.6,Struktura zaměstnanců podle zařazení,prepocet,21.0
115,2013,6.6,Struktura zaměstnanců podle zařazení,prepocet,61.0
115,2014,6.6,Struktura zaměstnanců podle zařazení,prepocet,17.0
115,2015,6.6,Struktura zaměstnanců podle zařazení,prepocet,22.0
115,2016,6.6,Struktura zaměstnanců podle zařazení,prepocet,60.0
115,2017,6.6,Struktura zaměstnanců podle zařazení,prepocet,17.0
115,2018,6.6,Struktura zaměstnanců podle zařazení,prepocet,23.0
115,2019,6.6,Struktura zaměstnanců podle zařazení,prepocet,61.0
115,2020,6.6,Struktura zaměstnanců podle zařazení,prepocet,17.0
115,2021,6.6,Struktura zaměstnanců podle zařazení,prepocet,22.0
115,2022,6.6,Struktura zaměstnanců podle zařazení,prepocet,61.0
115,2023,6.6,Struktura zaměstnanců podle zařazení,prepocet,17.0
115,2024,6.6,Struktura zaměstnanců podle zařazení,prepocet,22.0
115,2025,6.6,Struktura zaměstnanců podle zařazení,prepocet,61.0
115,2010,6.7,Struktura vedoucích úředníků podle pohlaví,prepocet,61.0
115,2011,6.7,Struktura vedoucích úředníků podle pohlaví,prepocet,39.0
115,2012,6.7,Struktura vedoucích úředníků podle pohlaví,prepocet,61.0
115,2013,6.7,Struktura vedoucích úředníků podle pohlaví,prepocet,39.0
115,2014,6.7,Struktura vedoucích úředníků podle pohlaví,prepocet,59.0
115,2015,6.7,Struktura vedoucích úředníků podle pohlaví,prepocet,41.0
115,2016,6.7,Struktura vedoucích úředníků podle pohlaví,prepocet,59.0
115,2017,6.7,Struktura vedoucích úředníků podle pohlaví,prepocet,41.0
115,2018,6.7,Struktura vedoucích úředníků podle pohlaví,prepocet,59.0
115,2019,6.7,Struktura vedoucích úředníků podle pohlaví,prepocet,41.0
115,2020,6.7,Struktura vedoucích úředníků podle pohlaví,prepocet,57.0
115,2021,6.7,Struktura vedoucích úředníků podle pohlaví,prepocet,43.0
115,2022,6.7,Struktura vedoucích úředníků podle pohlaví,prepocet,57.0
115,2023,6.7,Struktura vedoucích úředníků podle pohlaví,prepocet,43.0
115,2024,6.7,Struktura vedoucích úředníků podle pohlaví,prepocet,57.0
115,2025,6.7,Struktura vedoucích úředníků podle pohlaví,prepocet,43.0
115,2010,6.8,Věková struktura vedoucích úředníků,prepocet,3.0
115,2011,6.8,Věková struktura vedoucích úředníků,prepocet,74.0
115,2012,6.8,Věková struktura vedoucích úředníků,prepocet,19.0
115,2013,6.8,Věková struktura vedoucích úředníků,prepocet,4.0
115,2014,6.8,Věková struktura vedoucích úředníků,prepocet,0.0
115,2015,6.8,Věková struktura vedoucích úředníků,prepocet,77.0
115,2016,6.8,Věková struktura vedoucích úředníků,prepocet,19.0
115,2017,6.8,Věková struktura vedoucích úředníků,prepocet,4.0
115,2018,6.8,Věková struktura vedoucích úředníků,prepocet,0.0
115,2019,6.8,Věková struktura vedoucích úředníků,prepocet,83.0
115,2020,6.8,Věková struktura vedoucích úředníků,prepocet,17.0
115,2021,6.8,Věková struktura vedoucích úředníků,prepocet,0.0
115,2022,6.8,Věková struktura vedoucích úředníků,prepocet,0.0
115,2023,6.8,Věková struktura vedoucích úředníků,prepocet,83.0
115,2024,6.8,Věková struktura vedoucích úředníků,prepocet,17.0
115,2025,6.8,Věková struktura vedoucích úředníků,prepocet,0.0
115,2010,6.9.1,% zastoupení vedoucích úředníků s vysokoškolským vzděláním,prepocet,80.645
115,2011,6.9.1,% zastoupení vedoucích úředníků s vysokoškolským vzděláním,prepocet,80.645
115,2012,6.9.1,% zastoupení vedoucích úředníků s vysokoškolským vzděláním,prepocet,93.103
115,2013,6.9.1,% zastoupení vedoucích úředníků s vysokoškolským vzděláním,prepocet,93.103
115,2014,6.9.1,% zastoupení vedoucích úředníků s vysokoškolským vzděláním,prepocet,93.103
115,2015,6.9.1,% zastoupení vedoucích úředníků s vysokoškolským vzděláním,prepocet,89.286
115,2016,6.9.1,% zastoupení vedoucích úředníků s vysokoškolským vzděláním,prepocet,89.286
115,2017,6.9.1,% zastoupení vedoucích úředníků s vysokoškolským vzděláním,prepocet,89.286
115,2018,6.9.1,% zastoupení vedoucích úředníků s vysokoškolským vzděláním,prepocet,96.429
115,2019,6.9.1,% zastoupení vedoucích úředníků s vysokoškolským vzděláním,prepocet,96.429
115,2020,6.9.1,% zastoupení vedoucích úředníků s vysokoškolským vzděláním,prepocet,96.429
115,2021,6.9.1,% zastoupení vedoucích úředníků s vysokoškolským vzděláním,prepocet,80.0
115,2022,6.9.1,% zastoupení vedoucích úředníků s vysokoškolským vzděláním,prepocet,80.0
115,2023,6.9.1,% zastoupení vedoucích úředníků s vysokoškolským vzděláním,prepocet,75.758
115,2024,6.9.1,% zastoupení vedoucích úředníků s vysokoškolským vzděláním,prepocet,75.0
115,2025,6.9.1,% zastoupení vedoucích úředníků s vysokoškolským vzděláním,prepocet,75.0
115,2010,6.9.2,% zastoupení vedoucích úředníků s vyšším odborným vzděláním,prepocet,6.452
115,2011,6.9.2,% zastoupení vedoucích úředníků s vyšším odborným vzděláním,prepocet,6.452
115,2012,6.9.2,% zastoupení vedoucích úředníků s vyšším odborným vzděláním,prepocet,6.897
115,2013,6.9.2,% zastoupení vedoucích úředníků s vyšším odborným vzděláním,prepocet,6.897
115,2014,6.9.2,% zastoupení vedoucích úředníků s vyšším odborným vzděláním,prepocet,6.897
115,2015,6.9.2,% zastoupení vedoucích úředníků s vyšším odborným vzděláním,prepocet,7.143
115,2016,6.9.2,% zastoupení vedoucích úředníků s vyšším odborným vzděláním,prepocet,7.143
115,2017,6.9.2,% zastoupení vedoucích úředníků s vyšším odborným vzděláním,prepocet,7.143
115,2018,6.9.2,% zastoupení vedoucích úředníků s vyšším odborným vzděláním,prepocet,3.571
115,2019,6.9.2,% zastoupení vedoucích úředníků s vyšším odborným vzděláním,prepocet,3.571
115,2020,6.9.2,% zastoupení vedoucích úředníků s vyšším odborným vzděláním,prepocet,3.571
115,2021,6.9.2,% zastoupení vedoucích úředníků s vyšším odborným vzděláním,prepocet,6.667
115,2022,6.9.2,% zastoupení vedoucích úředníků s vyšším odborným vzděláním,prepocet,6.667
115,2023,6.9.2,% zastoupení vedoucích úředníků s vyšším odborným vzděláním,prepocet,9.091
115,2024,6.9.2,% zastoupení vedoucích úředníků s vyšším odborným vzděláním,prepocet,6.25
115,2025,6.9.2,% zastoupení vedoucích úředníků s vyšším odborným vzděláním,prepocet,6.25
115,2010,6.10.1,Náklady v Kč na vzdělávání celkem na jednoho zaměstnance (včetně ZOZ),prepocet,5196.721
115,2011,6.10.1,Náklady v Kč na vzdělávání celkem na jednoho zaměstnance (včetně ZOZ),prepocet,5140.541
115,2012,6.10.1,Náklady v Kč na vzdělávání celkem na jednoho zaměstnance (včetně ZOZ),prepocet,5433.526
115,2013,6.10.1,Náklady v Kč na vzdělávání celkem na jednoho zaměstnance (včetně ZOZ),prepocet,5371.429
115,2014,6.10.1,Náklady v Kč na vzdělávání celkem na jednoho zaměstnance (včetně ZOZ),prepocet,5542.857
115,2015,6.10.1,Náklady v Kč na vzdělávání celkem na jednoho zaměstnance (včetně ZOZ),prepocet,5574.713
115,2016,6.10.1,Náklady v Kč na vzdělávání celkem na jednoho zaměstnance (včetně ZOZ),prepocet,5565.167
115,2017,6.10.1,Náklady v Kč na vzdělávání celkem na jednoho zaměstnance (včetně ZOZ),prepocet,4318.182
115,2018,6.10.1,Náklady v Kč na vzdělávání celkem na jednoho zaměstnance (včetně ZOZ),prepocet,4626.039
115,2019,6.10.1,Náklady v Kč na vzdělávání celkem na jednoho zaměstnance (včetně ZOZ),prepocet,5361.217
115,2020,6.10.1,Náklady v Kč na vzdělávání celkem na jednoho zaměstnance (včetně ZOZ),prepocet,3213.904
115,2021,6.10.1,Náklady v Kč na vzdělávání celkem na jednoho zaměstnance (včetně ZOZ),prepocet,4878.307
115,2022,6.10.1,Náklady v Kč na vzdělávání celkem na jednoho zaměstnance (včetně ZOZ),prepocet,6533.679
115,2023,6.10.1,Náklady v Kč na vzdělávání celkem na jednoho zaměstnance (včetně ZOZ),prepocet,5743.59
115,2024,6.10.1,Náklady v Kč na vzdělávání celkem na jednoho zaměstnance (včetně ZOZ),prepocet,6090.0
115,2025,6.10.1,Náklady v Kč na vzdělávání celkem na jednoho zaměstnance (včetně ZOZ),prepocet,5929.293
115,2010,6.10.2,Náklady v Kč na vzdělávání celkem na jednoho úředníka (včetně ZOZ),prepocet,6604.167
115,2011,6.10.2,Náklady v Kč na vzdělávání celkem na jednoho úředníka (včetně ZOZ),prepocet,6604.167
115,2012,6.10.2,Náklady v Kč na vzdělávání celkem na jednoho úředníka (včetně ZOZ),prepocet,7067.669
115,2013,6.10.2,Náklady v Kč na vzdělávání celkem na jednoho úředníka (včetně ZOZ),prepocet,6962.963
115,2014,6.10.2,Náklady v Kč na vzdělávání celkem na jednoho úředníka (včetně ZOZ),prepocet,7185.185
115,2015,6.10.2,Náklady v Kč na vzdělávání celkem na jednoho úředníka (včetně ZOZ),prepocet,7238.806
115,2016,6.10.2,Náklady v Kč na vzdělávání celkem na jednoho úředníka (včetně ZOZ),prepocet,7201.493
115,2017,6.10.2,Náklady v Kč na vzdělávání celkem na jednoho úředníka (včetně ZOZ),prepocet,5671.642
115,2018,6.10.2,Náklady v Kč na vzdělávání celkem na jednoho úředníka (včetně ZOZ),prepocet,6139.706
115,2019,6.10.2,Náklady v Kč na vzdělávání celkem na jednoho úředníka (včetně ZOZ),prepocet,7204.38
115,2020,6.10.2,Náklady v Kč na vzdělávání celkem na jednoho úředníka (včetně ZOZ),prepocet,4386.861
115,2021,6.10.2,Náklady v Kč na vzdělávání celkem na jednoho úředníka (včetně ZOZ),prepocet,6681.159
115,2022,6.10.2,Náklady v Kč na vzdělávání celkem na jednoho úředníka (včetně ZOZ),prepocet,9071.942
115,2023,6.10.2,Náklady v Kč na vzdělávání celkem na jednoho úředníka (včetně ZOZ),prepocet,8057.554
115,2024,6.10.2,Náklady v Kč na vzdělávání celkem na jednoho úředníka (včetně ZOZ),prepocet,8826.087
115,2025,6.10.2,Náklady v Kč na vzdělávání celkem na jednoho úředníka (včetně ZOZ),prepocet,8267.606
115,2010,6.12.1,Průměrný počet absolvovaných vzdělávacích akcí na jednoho pracovníka,prepocet,5.776
115,2011,6.12.1,Průměrný počet absolvovaných vzdělávacích akcí na jednoho pracovníka,prepocet,5.714
115,2012,6.12.1,Průměrný počet absolvovaných vzdělávacích akcí na jednoho pracovníka,prepocet,5.798
115,2013,6.12.1,Průměrný počet absolvovaných vzdělávacích akcí na jednoho pracovníka,prepocet,6.434
115,2014,6.12.1,Průměrný počet absolvovaných vzdělávacích akcí na jednoho pracovníka,prepocet,6.514
115,2015,6.12.1,Průměrný počet absolvovaných vzdělávacích akcí na jednoho pracovníka,prepocet,5.948
115,2016,6.12.1,Průměrný počet absolvovaných vzdělávacích akcí na jednoho pracovníka,prepocet,6.499
115,2017,6.12.1,Průměrný počet absolvovaných vzdělávacích akcí na jednoho pracovníka,prepocet,4.739
115,2018,6.12.1,Průměrný počet absolvovaných vzdělávacích akcí na jednoho pracovníka,prepocet,3.989
115,2019,6.12.1,Průměrný počet absolvovaných vzdělávacích akcí na jednoho pracovníka,prepocet,3.254
115,2020,6.12.1,Průměrný počet absolvovaných vzdělávacích akcí na jednoho pracovníka,prepocet,2.861
115,2021,6.12.1,Průměrný počet absolvovaných vzdělávacích akcí na jednoho pracovníka,prepocet,5.169
115,2022,6.12.1,Průměrný počet absolvovaných vzdělávacích akcí na jednoho pracovníka,prepocet,5.71
115,2023,6.12.1,Průměrný počet absolvovaných vzdělávacích akcí na jednoho pracovníka,prepocet,5.154
115,2024,6.12.1,Průměrný počet absolvovaných vzdělávacích akcí na jednoho pracovníka,prepocet,5.685
115,2025,6.12.1,Průměrný počet absolvovaných vzdělávacích akcí na jednoho pracovníka,prepocet,4.934
115,2010,6.12.2,Průměrný počet absolvovaných vzdělávacích akcí na jednoho úředníka,prepocet,7.34
115,2011,6.12.2,Průměrný počet absolvovaných vzdělávacích akcí na jednoho úředníka,prepocet,7.34
115,2012,6.12.2,Průměrný počet absolvovaných vzdělávacích akcí na jednoho úředníka,prepocet,7.541
115,2013,6.12.2,Průměrný počet absolvovaných vzdělávacích akcí na jednoho úředníka,prepocet,8.341
115,2014,6.12.2,Průměrný počet absolvovaných vzdělávacích akcí na jednoho úředníka,prepocet,8.444
115,2015,6.12.2,Průměrný počet absolvovaných vzdělávacích akcí na jednoho úředníka,prepocet,7.724
115,2016,6.12.2,Průměrný počet absolvovaných vzdělávacích akcí na jednoho úředníka,prepocet,8.41
115,2017,6.12.2,Průměrný počet absolvovaných vzdělávacích akcí na jednoho úředníka,prepocet,6.224
115,2018,6.12.2,Průměrný počet absolvovaných vzdělávacích akcí na jednoho úředníka,prepocet,5.294
115,2019,6.12.2,Průměrný počet absolvovaných vzdělávacích akcí na jednoho úředníka,prepocet,4.372
115,2020,6.12.2,Průměrný počet absolvovaných vzdělávacích akcí na jednoho úředníka,prepocet,3.905
115,2021,6.12.2,Průměrný počet absolvovaných vzdělávacích akcí na jednoho úředníka,prepocet,7.08
115,2022,6.12.2,Průměrný počet absolvovaných vzdělávacích akcí na jednoho úředníka,prepocet,7.928
115,2023,6.12.2,Průměrný počet absolvovaných vzdělávacích akcí na jednoho úředníka,prepocet,7.23
115,2024,6.12.2,Průměrný počet absolvovaných vzdělávacích akcí na jednoho úředníka,prepocet,8.239
115,2025,6.12.2,Průměrný počet absolvovaných vzdělávacích akcí na jednoho úředníka,prepocet,6.88
115,2010,6.12.3,Průměrný počet absolvovaných vzdělávacích akcí E-learning na jednoho pracovníka,prepocet,
115,2011,6.12.3,Průměrný počet absolvovaných vzdělávacích akcí E-learning na jednoho pracovníka,prepocet,
115,2012,6.12.3,Průměrný počet absolvovaných vzdělávacích akcí E-learning na jednoho pracovníka,prepocet,
115,2013,6.12.3,Průměrný počet absolvovaných vzdělávacích akcí E-learning na jednoho pracovníka,prepocet,
115,2014,6.12.3,Průměrný počet absolvovaných vzdělávacích akcí E-learning na jednoho pracovníka,prepocet,0.0
115,2015,6.12.3,Průměrný počet absolvovaných vzdělávacích akcí E-learning na jednoho pracovníka,prepocet,0.0
115,2016,6.12.3,Průměrný počet absolvovaných vzdělávacích akcí E-learning na jednoho pracovníka,prepocet,0.081
115,2017,6.12.3,Průměrný počet absolvovaných vzdělávacích akcí E-learning na jednoho pracovníka,prepocet,0.085
115,2018,6.12.3,Průměrný počet absolvovaných vzdělávacích akcí E-learning na jednoho pracovníka,prepocet,0.211
115,2019,6.12.3,Průměrný počet absolvovaných vzdělávacích akcí E-learning na jednoho pracovníka,prepocet,0.31
115,2020,6.12.3,Průměrný počet absolvovaných vzdělávacích akcí E-learning na jednoho pracovníka,prepocet,0.422
115,2021,6.12.3,Průměrný počet absolvovaných vzdělávacích akcí E-learning na jednoho pracovníka,prepocet,0.429
115,2022,6.12.3,Průměrný počet absolvovaných vzdělávacích akcí E-learning na jednoho pracovníka,prepocet,0.14
115,2023,6.12.3,Průměrný počet absolvovaných vzdělávacích akcí E-learning na jednoho pracovníka,prepocet,0.164
115,2024,6.12.3,Průměrný počet absolvovaných vzdělávacích akcí E-learning na jednoho pracovníka,prepocet,0.04
115,2025,6.12.3,Průměrný počet absolvovaných vzdělávacích akcí E-learning na jednoho pracovníka,prepocet,0.051
115,2010,6.12.5,Průměrný počet absolvovaných vzdělávacích akcí - ON-LINE kurzy,prepocet,
115,2011,6.12.5,Průměrný počet absolvovaných vzdělávacích akcí - ON-LINE kurzy,prepocet,
115,2012,6.12.5,Průměrný počet absolvovaných vzdělávacích akcí - ON-LINE kurzy,prepocet,
115,2013,6.12.5,Průměrný počet absolvovaných vzdělávacích akcí - ON-LINE kurzy,prepocet,
115,2014,6.12.5,Průměrný počet absolvovaných vzdělávacích akcí - ON-LINE kurzy,prepocet,
115,2015,6.12.5,Průměrný počet absolvovaných vzdělávacích akcí - ON-LINE kurzy,prepocet,
115,2016,6.12.5,Průměrný počet absolvovaných vzdělávacích akcí - ON-LINE kurzy,prepocet,
115,2017,6.12.5,Průměrný počet absolvovaných vzdělávacích akcí - ON-LINE kurzy,prepocet,
115,2018,6.12.5,Průměrný počet absolvovaných vzdělávacích akcí - ON-LINE kurzy,prepocet,
115,2019,6.12.5,Průměrný počet absolvovaných vzdělávacích akcí - ON-LINE kurzy,prepocet,
115,2020,6.12.5,Průměrný počet absolvovaných vzdělávacích akcí - ON-LINE kurzy,prepocet,2.278
115,2021,6.12.5,Průměrný počet absolvovaných vzdělávacích akcí - ON-LINE kurzy,prepocet,4.164
115,2022,6.12.5,Průměrný počet absolvovaných vzdělávacích akcí - ON-LINE kurzy,prepocet,3.523
115,2023,6.12.5,Průměrný počet absolvovaných vzdělávacích akcí - ON-LINE kurzy,prepocet,2.667
115,2024,6.12.5,Průměrný počet absolvovaných vzdělávacích akcí - ON-LINE kurzy,prepocet,2.57
115,2025,6.12.5,Průměrný počet absolvovaných vzdělávacích akcí - ON-LINE kurzy,prepocet,0.848
115,2010,6.13.1,Vážený index stáří úřadu (vážený průměrný věk),prepocet,41.475
115,2011,6.13.1,Vážený index stáří úřadu (vážený průměrný věk),prepocet,41.378
115,2012,6.13.1,Vážený index stáří úřadu (vážený průměrný věk),prepocet,42.688
115,2013,6.13.1,Vážený index stáří úřadu (vážený průměrný věk),prepocet,42.543
115,2014,6.13.1,Vážený index stáří úřadu (vážený průměrný věk),prepocet,42.114
115,2015,6.13.1,Vážený index stáří úřadu (vážený průměrný věk),prepocet,42.5
115,2016,6.13.1,Vážený index stáří úřadu (vážený průměrný věk),prepocet,42.356
115,2017,6.13.1,Vážený index stáří úřadu (vážený průměrný věk),prepocet,46.215
115,2018,6.13.1,Vážený index stáří úřadu (vážený průměrný věk),prepocet,45.359
115,2019,6.13.1,Vážený index stáří úřadu (vážený průměrný věk),prepocet,46.466
115,2020,6.13.1,Vážený index stáří úřadu (vážený průměrný věk),prepocet,46.868
115,2021,6.13.1,Vážený index stáří úřadu (vážený průměrný věk),prepocet,46.974
115,2022,6.13.1,Vážený index stáří úřadu (vážený průměrný věk),prepocet,47.487
115,2023,6.13.1,Vážený index stáří úřadu (vážený průměrný věk),prepocet,48.01
115,2024,6.13.1,Vážený index stáří úřadu (vážený průměrný věk),prepocet,48.411
115,2025,6.13.1,Vážený index stáří úřadu (vážený průměrný věk),prepocet,47.864
115,2010,6.13.2,Vážený index stáří vedoucích úředníků (vážený průměrný věk),prepocet,43.226
115,2011,6.13.2,Vážený index stáří vedoucích úředníků (vážený průměrný věk),prepocet,43.71
115,2012,6.13.2,Vážený index stáří vedoucích úředníků (vážený průměrný věk),prepocet,42.586
115,2013,6.13.2,Vážený index stáří vedoucích úředníků (vážený průměrný věk),prepocet,42.586
115,2014,6.13.2,Vážený index stáří vedoucích úředníků (vážený průměrný věk),prepocet,42.069
115,2015,6.13.2,Vážený index stáří vedoucích úředníků (vážený průměrný věk),prepocet,41.607
115,2016,6.13.2,Vážený index stáří vedoucích úředníků (vážený průměrný věk),prepocet,41.964
115,2017,6.13.2,Vážený index stáří vedoucích úředníků (vážený průměrný věk),prepocet,43.393
115,2018,6.13.2,Vážený index stáří vedoucích úředníků (vážený průměrný věk),prepocet,43.393
115,2019,6.13.2,Vážený index stáří vedoucích úředníků (vážený průměrný věk),prepocet,42.857
115,2020,6.13.2,Vážený index stáří vedoucích úředníků (vážený průměrný věk),prepocet,42.857
115,2021,6.13.2,Vážený index stáří vedoucích úředníků (vážený průměrný věk),prepocet,47.333
115,2022,6.13.2,Vážený index stáří vedoucích úředníků (vážený průměrný věk),prepocet,47.333
115,2023,6.13.2,Vážený index stáří vedoucích úředníků (vážený průměrný věk),prepocet,47.121
115,2024,6.13.2,Vážený index stáří vedoucích úředníků (vážený průměrný věk),prepocet,47.656
115,2025,6.13.2,Vážený index stáří vedoucích úředníků (vážený průměrný věk),prepocet,47.969
115,2010,6.13.3,Index demografického rizika úřadu (počet zam. 51+ na zam. do 30 let),prepocet,1.667
115,2011,6.13.3,Index demografického rizika úřadu (počet zam. 51+ na zam. do 30 let),prepocet,1.6
115,2012,6.13.3,Index demografického rizika úřadu (počet zam. 51+ na zam. do 30 let),prepocet,2.813
115,2013,6.13.3,Index demografického rizika úřadu (počet zam. 51+ na zam. do 30 let),prepocet,2.813
115,2014,6.13.3,Index demografického rizika úřadu (počet zam. 51+ na zam. do 30 let),prepocet,2.333
115,2015,6.13.3,Index demografického rizika úřadu (počet zam. 51+ na zam. do 30 let),prepocet,2.8
115,2016,6.13.3,Index demografického rizika úřadu (počet zam. 51+ na zam. do 30 let),prepocet,2.333
115,2017,6.13.3,Index demografického rizika úřadu (počet zam. 51+ na zam. do 30 let),prepocet,6.636
115,2018,6.13.3,Index demografického rizika úřadu (počet zam. 51+ na zam. do 30 let),prepocet,5.154
115,2019,6.13.3,Index demografického rizika úřadu (počet zam. 51+ na zam. do 30 let),prepocet,8.1
115,2020,6.13.3,Index demografického rizika úřadu (počet zam. 51+ na zam. do 30 let),prepocet,8.5
115,2021,6.13.3,Index demografického rizika úřadu (počet zam. 51+ na zam. do 30 let),prepocet,10.625
115,2022,6.13.3,Index demografického rizika úřadu (počet zam. 51+ na zam. do 30 let),prepocet,17.4
115,2023,6.13.3,Index demografického rizika úřadu (počet zam. 51+ na zam. do 30 let),prepocet,29.667
115,2024,6.13.3,Index demografického rizika úřadu (počet zam. 51+ na zam. do 30 let),prepocet,45.5
115,2025,6.13.3,Index demografického rizika úřadu (počet zam. 51+ na zam. do 30 let),prepocet,30.0
115,2010,6.13.4,Index odchodového rizika (počet zam. s nárokem na důchod na zam. do 30 let),prepocet,
115,2011,6.13.4,Index odchodového rizika (počet zam. s nárokem na důchod na zam. do 30 let),prepocet,
115,2012,6.13.4,Index odchodového rizika (počet zam. s nárokem na důchod na zam. do 30 let),prepocet,
115,2013,6.13.4,Index odchodového rizika (počet zam. s nárokem na důchod na zam. do 30 let),prepocet,
115,2014,6.13.4,Index odchodového rizika (počet zam. s nárokem na důchod na zam. do 30 let),prepocet,
115,2015,6.13.4,Index odchodového rizika (počet zam. s nárokem na důchod na zam. do 30 let),prepocet,0.2
115,2016,6.13.4,Index odchodového rizika (počet zam. s nárokem na důchod na zam. do 30 let),prepocet,0.389
115,2017,6.13.4,Index odchodového rizika (počet zam. s nárokem na důchod na zam. do 30 let),prepocet,0.727
115,2018,6.13.4,Index odchodového rizika (počet zam. s nárokem na důchod na zam. do 30 let),prepocet,0.615
115,2019,6.13.4,Index odchodového rizika (počet zam. s nárokem na důchod na zam. do 30 let),prepocet,1.3
115,2020,6.13.4,Index odchodového rizika (počet zam. s nárokem na důchod na zam. do 30 let),prepocet,1.1
115,2021,6.13.4,Index odchodového rizika (počet zam. s nárokem na důchod na zam. do 30 let),prepocet,1.125
115,2022,6.13.4,Index odchodového rizika (počet zam. s nárokem na důchod na zam. do 30 let),prepocet,1.8
115,2023,6.13.4,Index odchodového rizika (počet zam. s nárokem na důchod na zam. do 30 let),prepocet,3.0
115,2024,6.13.4,Index odchodového rizika (počet zam. s nárokem na důchod na zam. do 30 let),prepocet,4.0
115,2025,6.13.4,Index odchodového rizika (počet zam. s nárokem na důchod na zam. do 30 let),prepocet,3.667
115,2010,6.13.5,Index generační obnovy úřadu (počet zam. do 30 let na zam. 51+),prepocet,0.6
115,2011,6.13.5,Index generační obnovy úřadu (počet zam. do 30 let na zam. 51+),prepocet,0.625
115,2012,6.13.5,Index generační obnovy úřadu (počet zam. do 30 let na zam. 51+),prepocet,0.356
115,2013,6.13.5,Index generační obnovy úřadu (počet zam. do 30 let na zam. 51+),prepocet,0.356
115,2014,6.13.5,Index generační obnovy úřadu (počet zam. do 30 let na zam. 51+),prepocet,0.429
115,2015,6.13.5,Index generační obnovy úřadu (počet zam. do 30 let na zam. 51+),prepocet,0.357
115,2016,6.13.5,Index generační obnovy úřadu (počet zam. do 30 let na zam. 51+),prepocet,0.429
115,2017,6.13.5,Index generační obnovy úřadu (počet zam. do 30 let na zam. 51+),prepocet,0.151
115,2018,6.13.5,Index generační obnovy úřadu (počet zam. do 30 let na zam. 51+),prepocet,0.194
115,2019,6.13.5,Index generační obnovy úřadu (počet zam. do 30 let na zam. 51+),prepocet,0.123
115,2020,6.13.5,Index generační obnovy úřadu (počet zam. do 30 let na zam. 51+),prepocet,0.118
115,2021,6.13.5,Index generační obnovy úřadu (počet zam. do 30 let na zam. 51+),prepocet,0.094
115,2022,6.13.5,Index generační obnovy úřadu (počet zam. do 30 let na zam. 51+),prepocet,0.057
115,2023,6.13.5,Index generační obnovy úřadu (počet zam. do 30 let na zam. 51+),prepocet,0.034
115,2024,6.13.5,Index generační obnovy úřadu (počet zam. do 30 let na zam. 51+),prepocet,0.022
115,2025,6.13.5,Index generační obnovy úřadu (počet zam. do 30 let na zam. 51+),prepocet,0.033
115,2010,7.3,Počet sledovaných úkonů na jednoho pracovníka registru řidičů,prepocet,26703.333
115,2011,7.3,Počet sledovaných úkonů na jednoho pracovníka registru řidičů,prepocet,19245.263
115,2012,7.3,Počet sledovaných úkonů na jednoho pracovníka registru řidičů,prepocet,17128.293
115,2013,7.3,Počet sledovaných úkonů na jednoho pracovníka registru řidičů,prepocet,34241.951
115,2014,7.3,Počet sledovaných úkonů na jednoho pracovníka registru řidičů,prepocet,20023.415
115,2015,7.3,Počet sledovaných úkonů na jednoho pracovníka registru řidičů,prepocet,24635.61
115,2016,7.3,Počet sledovaných úkonů na jednoho pracovníka registru řidičů,prepocet,22151.22
115,2017,7.3,Počet sledovaných úkonů na jednoho pracovníka registru řidičů,prepocet,23180.976
115,2018,7.3,Počet sledovaných úkonů na jednoho pracovníka registru řidičů,prepocet,17418.519
115,2019,7.3,Počet sledovaných úkonů na jednoho pracovníka registru řidičů,prepocet,15837.818
115,2020,7.3,Počet sledovaných úkonů na jednoho pracovníka registru řidičů,prepocet,36726.545
115,2021,7.3,Počet sledovaných úkonů na jednoho pracovníka registru řidičů,prepocet,18326.182
115,2022,7.3,Počet sledovaných úkonů na jednoho pracovníka registru řidičů,prepocet,14263.273
115,2023,7.3,Počet sledovaných úkonů na jednoho pracovníka registru řidičů,prepocet,21762.545
115,2024,7.3,Počet sledovaných úkonů na jednoho pracovníka registru řidičů,prepocet,15252.364
115,2025,7.3,Počet sledovaných úkonů na jednoho pracovníka registru řidičů,prepocet,17259.273
115,2010,7.3.1,Počet všech rozhodnutí vydaných ve správních řízeních na úseku registru řidičů na jednoho pracovníka registru řidičů,prepocet,86.19
115,2011,7.3.1,Počet všech rozhodnutí vydaných ve správních řízeních na úseku registru řidičů na jednoho pracovníka registru řidičů,prepocet,84.737
115,2012,7.3.1,Počet všech rozhodnutí vydaných ve správních řízeních na úseku registru řidičů na jednoho pracovníka registru řidičů,prepocet,114.146
115,2013,7.3.1,Počet všech rozhodnutí vydaných ve správních řízeních na úseku registru řidičů na jednoho pracovníka registru řidičů,prepocet,72.195
115,2014,7.3.1,Počet všech rozhodnutí vydaných ve správních řízeních na úseku registru řidičů na jednoho pracovníka registru řidičů,prepocet,89.268
115,2015,7.3.1,Počet všech rozhodnutí vydaných ve správních řízeních na úseku registru řidičů na jednoho pracovníka registru řidičů,prepocet,90.244
115,2016,7.3.1,Počet všech rozhodnutí vydaných ve správních řízeních na úseku registru řidičů na jednoho pracovníka registru řidičů,prepocet,105.854
115,2017,7.3.1,Počet všech rozhodnutí vydaných ve správních řízeních na úseku registru řidičů na jednoho pracovníka registru řidičů,prepocet,102.439
115,2018,7.3.1,Počet všech rozhodnutí vydaných ve správních řízeních na úseku registru řidičů na jednoho pracovníka registru řidičů,prepocet,135.185
115,2019,7.3.1,Počet všech rozhodnutí vydaných ve správních řízeních na úseku registru řidičů na jednoho pracovníka registru řidičů,prepocet,83.636
115,2020,7.3.1,Počet všech rozhodnutí vydaných ve správních řízeních na úseku registru řidičů na jednoho pracovníka registru řidičů,prepocet,125.818
115,2021,7.3.1,Počet všech rozhodnutí vydaných ve správních řízeních na úseku registru řidičů na jednoho pracovníka registru řidičů,prepocet,86.182
115,2022,7.3.1,Počet všech rozhodnutí vydaných ve správních řízeních na úseku registru řidičů na jednoho pracovníka registru řidičů,prepocet,76.0
115,2023,7.3.1,Počet všech rozhodnutí vydaných ve správních řízeních na úseku registru řidičů na jednoho pracovníka registru řidičů,prepocet,96.727
115,2024,7.3.1,Počet všech rozhodnutí vydaných ve správních řízeních na úseku registru řidičů na jednoho pracovníka registru řidičů,prepocet,89.818
115,2025,7.3.1,Počet všech rozhodnutí vydaných ve správních řízeních na úseku registru řidičů na jednoho pracovníka registru řidičů,prepocet,98.182
115,2010,7.3.2,Počet pracovníků registru řidičů na 1 000 obyvatel správního obvodu,prepocet,0.05
115,2011,7.3.2,Počet pracovníků registru řidičů na 1 000 obyvatel správního obvodu,prepocet,0.045
115,2012,7.3.2,Počet pracovníků registru řidičů na 1 000 obyvatel správního obvodu,prepocet,0.049
115,2013,7.3.2,Počet pracovníků registru řidičů na 1 000 obyvatel správního obvodu,prepocet,0.049
115,2014,7.3.2,Počet pracovníků registru řidičů na 1 000 obyvatel správního obvodu,prepocet,0.049
115,2015,7.3.2,Počet pracovníků registru řidičů na 1 000 obyvatel správního obvodu,prepocet,0.049
115,2016,7.3.2,Počet pracovníků registru řidičů na 1 000 obyvatel správního obvodu,prepocet,0.049
115,2017,7.3.2,Počet pracovníků registru řidičů na 1 000 obyvatel správního obvodu,prepocet,0.049
115,2018,7.3.2,Počet pracovníků registru řidičů na 1 000 obyvatel správního obvodu,prepocet,0.065
115,2019,7.3.2,Počet pracovníků registru řidičů na 1 000 obyvatel správního obvodu,prepocet,0.066
115,2020,7.3.2,Počet pracovníků registru řidičů na 1 000 obyvatel správního obvodu,prepocet,0.067
115,2021,7.3.2,Počet pracovníků registru řidičů na 1 000 obyvatel správního obvodu,prepocet,0.067
115,2022,7.3.2,Počet pracovníků registru řidičů na 1 000 obyvatel správního obvodu,prepocet,0.066
115,2023,7.3.2,Počet pracovníků registru řidičů na 1 000 obyvatel správního obvodu,prepocet,0.066
115,2024,7.3.2,Počet pracovníků registru řidičů na 1 000 obyvatel správního obvodu,prepocet,0.066
115,2025,7.3.2,Počet pracovníků registru řidičů na 1 000 obyvatel správního obvodu,prepocet,0.067
115,2010,7.4,Počet řidičů na jednoho pracovníka registru řidičů,prepocet,14514.286
115,2011,7.4,Počet řidičů na jednoho pracovníka registru řidičů,prepocet,15897.895
115,2012,7.4,Počet řidičů na jednoho pracovníka registru řidičů,prepocet,14916.585
115,2013,7.4,Počet řidičů na jednoho pracovníka registru řidičů,prepocet,15107.317
115,2014,7.4,Počet řidičů na jednoho pracovníka registru řidičů,prepocet,15278.049
115,2015,7.4,Počet řidičů na jednoho pracovníka registru řidičů,prepocet,15415.61
115,2016,7.4,Počet řidičů na jednoho pracovníka registru řidičů,prepocet,15538.537
115,2017,7.4,Počet řidičů na jednoho pracovníka registru řidičů,prepocet,15632.683
115,2018,7.4,Počet řidičů na jednoho pracovníka registru řidičů,prepocet,11961.481
115,2019,7.4,Počet řidičů na jednoho pracovníka registru řidičů,prepocet,11835.273
115,2020,7.4,Počet řidičů na jednoho pracovníka registru řidičů,prepocet,11800.0
115,2021,7.4,Počet řidičů na jednoho pracovníka registru řidičů,prepocet,11795.636
115,2022,7.4,Počet řidičů na jednoho pracovníka registru řidičů,prepocet,11808.0
115,2023,7.4,Počet řidičů na jednoho pracovníka registru řidičů,prepocet,11860.0
115,2024,7.4,Počet řidičů na jednoho pracovníka registru řidičů,prepocet,11923.636
115,2025,7.4,Počet řidičů na jednoho pracovníka registru řidičů,prepocet,12059.636
115,2010,7.6,Průměrná čekací doba (v minutách),prepocet,7.4
115,2011,7.6,Průměrná čekací doba (v minutách),prepocet,4.52
115,2012,7.6,Průměrná čekací doba (v minutách),prepocet,5.49
115,2013,7.6,Průměrná čekací doba (v minutách),prepocet,15.33
115,2014,7.6,Průměrná čekací doba (v minutách),prepocet,5.03
115,2015,7.6,Průměrná čekací doba (v minutách),prepocet,7.04
115,2016,7.6,Průměrná čekací doba (v minutách),prepocet,5.11
115,2017,7.6,Průměrná čekací doba (v minutách),prepocet,9.47
115,2018,7.6,Průměrná čekací doba (v minutách),prepocet,8.31
115,2019,7.6,Průměrná čekací doba (v minutách),prepocet,2.44
115,2020,7.6,Průměrná čekací doba (v minutách),prepocet,2.5
115,2021,7.6,Průměrná čekací doba (v minutách),prepocet,3.38
115,2022,7.6,Průměrná čekací doba (v minutách),prepocet,2.33
115,2023,7.6,Průměrná čekací doba (v minutách),prepocet,2.36
115,2024,7.6,Průměrná čekací doba (v minutách),prepocet,3.09
115,2025,7.6,Průměrná čekací doba (v minutách),prepocet,2.13
115,2010,7.7,Provozní výdaje na jeden sledovaný úkon v Kč,prepocet,17.779
115,2011,7.7,Provozní výdaje na jeden sledovaný úkon v Kč,prepocet,24.669
115,2012,7.7,Provozní výdaje na jeden sledovaný úkon v Kč,prepocet,32.08
115,2013,7.7,Provozní výdaje na jeden sledovaný úkon v Kč,prepocet,16.379
115,2014,7.7,Provozní výdaje na jeden sledovaný úkon v Kč,prepocet,26.7
115,2015,7.7,Provozní výdaje na jeden sledovaný úkon v Kč,prepocet,22.998
115,2016,7.7,Provozní výdaje na jeden sledovaný úkon v Kč,prepocet,23.079
115,2017,7.7,Provozní výdaje na jeden sledovaný úkon v Kč,prepocet,24.344
115,2018,7.7,Provozní výdaje na jeden sledovaný úkon v Kč,prepocet,36.406
115,2019,7.7,Provozní výdaje na jeden sledovaný úkon v Kč,prepocet,42.167
115,2020,7.7,Provozní výdaje na jeden sledovaný úkon v Kč,prepocet,18.387
115,2021,7.7,Provozní výdaje na jeden sledovaný úkon v Kč,prepocet,35.163
115,2022,7.7,Provozní výdaje na jeden sledovaný úkon v Kč,prepocet,46.008
115,2023,7.7,Provozní výdaje na jeden sledovaný úkon v Kč,prepocet,32.853
115,2024,7.7,Provozní výdaje na jeden sledovaný úkon v Kč,prepocet,51.594
115,2025,7.7,Provozní výdaje na jeden sledovaný úkon v Kč,prepocet,47.915
115,2010,7.8,Příjem správních poplatků na jeden sledovaný úkon v Kč,prepocet,3.067
115,2011,7.8,Příjem správních poplatků na jeden sledovaný úkon v Kč,prepocet,5.489
115,2012,7.8,Příjem správních poplatků na jeden sledovaný úkon v Kč,prepocet,5.326
115,2013,7.8,Příjem správních poplatků na jeden sledovaný úkon v Kč,prepocet,5.885
115,2014,7.8,Příjem správních poplatků na jeden sledovaný úkon v Kč,prepocet,5.187
115,2015,7.8,Příjem správních poplatků na jeden sledovaný úkon v Kč,prepocet,5.467
115,2016,7.8,Příjem správních poplatků na jeden sledovaný úkon v Kč,prepocet,5.699
115,2017,7.8,Příjem správních poplatků na jeden sledovaný úkon v Kč,prepocet,5.114
115,2018,7.8,Příjem správních poplatků na jeden sledovaný úkon v Kč,prepocet,11.272
115,2019,7.8,Příjem správních poplatků na jeden sledovaný úkon v Kč,prepocet,7.632
115,2020,7.8,Příjem správních poplatků na jeden sledovaný úkon v Kč,prepocet,2.267
115,2021,7.8,Příjem správních poplatků na jeden sledovaný úkon v Kč,prepocet,5.272
115,2022,7.8,Příjem správních poplatků na jeden sledovaný úkon v Kč,prepocet,7.47
115,2023,7.8,Příjem správních poplatků na jeden sledovaný úkon v Kč,prepocet,9.653
115,2024,7.8,Příjem správních poplatků na jeden sledovaný úkon v Kč,prepocet,7.992
115,2025,7.8,Příjem správních poplatků na jeden sledovaný úkon v Kč,prepocet,7.197
115,2010,7.8.1,Příjem správních poplatků na jeden vydaný řidičský průkaz (včetně mezinárodních) v Kč,prepocet,
115,2011,7.8.1,Příjem správních poplatků na jeden vydaný řidičský průkaz (včetně mezinárodních) v Kč,prepocet,
115,2012,7.8.1,Příjem správních poplatků na jeden vydaný řidičský průkaz (včetně mezinárodních) v Kč,prepocet,78.374
115,2013,7.8.1,Příjem správních poplatků na jeden vydaný řidičský průkaz (včetně mezinárodních) v Kč,prepocet,68.326
115,2014,7.8.1,Příjem správních poplatků na jeden vydaný řidičský průkaz (včetně mezinárodních) v Kč,prepocet,97.215
115,2015,7.8.1,Příjem správních poplatků na jeden vydaný řidičský průkaz (včetně mezinárodních) v Kč,prepocet,77.862
115,2016,7.8.1,Příjem správních poplatků na jeden vydaný řidičský průkaz (včetně mezinárodních) v Kč,prepocet,81.563
115,2017,7.8.1,Příjem správních poplatků na jeden vydaný řidičský průkaz (včetně mezinárodních) v Kč,prepocet,63.863
115,2018,7.8.1,Příjem správních poplatků na jeden vydaný řidičský průkaz (včetně mezinárodních) v Kč,prepocet,133.695
115,2019,7.8.1,Příjem správních poplatků na jeden vydaný řidičský průkaz (včetně mezinárodních) v Kč,prepocet,121.625
115,2020,7.8.1,Příjem správních poplatků na jeden vydaný řidičský průkaz (včetně mezinárodních) v Kč,prepocet,72.081
115,2021,7.8.1,Příjem správních poplatků na jeden vydaný řidičský průkaz (včetně mezinárodních) v Kč,prepocet,119.793
115,2022,7.8.1,Příjem správních poplatků na jeden vydaný řidičský průkaz (včetně mezinárodních) v Kč,prepocet,112.003
115,2023,7.8.1,Příjem správních poplatků na jeden vydaný řidičský průkaz (včetně mezinárodních) v Kč,prepocet,117.157
115,2024,7.8.1,Příjem správních poplatků na jeden vydaný řidičský průkaz (včetně mezinárodních) v Kč,prepocet,113.167
115,2025,7.8.1,Příjem správních poplatků na jeden vydaný řidičský průkaz (včetně mezinárodních) v Kč,prepocet,101.758
115,2010,7.9,Počet zaměstnanců - pracovních úvazků v agendě registr řidičů celkem,prepocet,2.1
115,2011,7.9,Počet zaměstnanců - pracovních úvazků v agendě registr řidičů celkem,prepocet,1.9
115,2012,7.9,Počet zaměstnanců - pracovních úvazků v agendě registr řidičů celkem,prepocet,2.05
115,2013,7.9,Počet zaměstnanců - pracovních úvazků v agendě registr řidičů celkem,prepocet,2.05
115,2014,7.9,Počet zaměstnanců - pracovních úvazků v agendě registr řidičů celkem,prepocet,2.05
115,2015,7.9,Počet zaměstnanců - pracovních úvazků v agendě registr řidičů celkem,prepocet,2.05
115,2016,7.9,Počet zaměstnanců - pracovních úvazků v agendě registr řidičů celkem,prepocet,2.05
115,2017,7.9,Počet zaměstnanců - pracovních úvazků v agendě registr řidičů celkem,prepocet,2.05
115,2018,7.9,Počet zaměstnanců - pracovních úvazků v agendě registr řidičů celkem,prepocet,2.7
115,2019,7.9,Počet zaměstnanců - pracovních úvazků v agendě registr řidičů celkem,prepocet,2.75
115,2020,7.9,Počet zaměstnanců - pracovních úvazků v agendě registr řidičů celkem,prepocet,2.75
115,2021,7.9,Počet zaměstnanců - pracovních úvazků v agendě registr řidičů celkem,prepocet,2.75
115,2022,7.9,Počet zaměstnanců - pracovních úvazků v agendě registr řidičů celkem,prepocet,2.75
115,2023,7.9,Počet zaměstnanců - pracovních úvazků v agendě registr řidičů celkem,prepocet,2.75
115,2024,7.9,Počet zaměstnanců - pracovních úvazků v agendě registr řidičů celkem,prepocet,2.75
115,2025,7.9,Počet zaměstnanců - pracovních úvazků v agendě registr řidičů celkem,prepocet,2.75
115,2010,8.3,Počet sledovaných úkonů na jednoho pracovníka registrace,prepocet,2506.047
115,2011,8.3,Počet sledovaných úkonů na jednoho pracovníka registrace,prepocet,2918.442
115,2012,8.3,Počet sledovaných úkonů na jednoho pracovníka registrace,prepocet,2399.259
115,2013,8.3,Počet sledovaných úkonů na jednoho pracovníka registrace,prepocet,5395.556
115,2014,8.3,Počet sledovaných úkonů na jednoho pracovníka registrace,prepocet,5312.84
115,2015,8.3,Počet sledovaných úkonů na jednoho pracovníka registrace,prepocet,4818.519
115,2016,8.3,Počet sledovaných úkonů na jednoho pracovníka registrace,prepocet,4161.481
115,2017,8.3,Počet sledovaných úkonů na jednoho pracovníka registrace,prepocet,3381.481
115,2018,8.3,Počet sledovaných úkonů na jednoho pracovníka registrace,prepocet,4192.346
115,2019,8.3,Počet sledovaných úkonů na jednoho pracovníka registrace,prepocet,8163.457
115,2020,8.3,Počet sledovaných úkonů na jednoho pracovníka registrace,prepocet,6416.222
115,2021,8.3,Počet sledovaných úkonů na jednoho pracovníka registrace,prepocet,8487.5
115,2022,8.3,Počet sledovaných úkonů na jednoho pracovníka registrace,prepocet,8130.682
115,2023,8.3,Počet sledovaných úkonů na jednoho pracovníka registrace,prepocet,7606.364
115,2024,8.3,Počet sledovaných úkonů na jednoho pracovníka registrace,prepocet,11311.364
115,2025,8.3,Počet sledovaných úkonů na jednoho pracovníka registrace,prepocet,9384.773
115,2010,8.4,Počet vozidel na jednoho pracovníka,prepocet,8489.07
115,2011,8.4,Počet vozidel na jednoho pracovníka,prepocet,9796.104
115,2012,8.4,Počet vozidel na jednoho pracovníka,prepocet,8931.111
115,2013,8.4,Počet vozidel na jednoho pracovníka,prepocet,9299.259
115,2014,8.4,Počet vozidel na jednoho pracovníka,prepocet,9628.148
115,2015,8.4,Počet vozidel na jednoho pracovníka,prepocet,9941.481
115,2016,8.4,Počet vozidel na jednoho pracovníka,prepocet,10329.136
115,2017,8.4,Počet vozidel na jednoho pracovníka,prepocet,10728.148
115,2018,8.4,Počet vozidel na jednoho pracovníka,prepocet,11128.395
115,2019,8.4,Počet vozidel na jednoho pracovníka,prepocet,11535.802
115,2020,8.4,Počet vozidel na jednoho pracovníka,prepocet,10694.667
115,2021,8.4,Počet vozidel na jednoho pracovníka,prepocet,12952.0
115,2022,8.4,Počet vozidel na jednoho pracovníka,prepocet,12327.955
115,2023,8.4,Počet vozidel na jednoho pracovníka,prepocet,12729.773
115,2024,8.4,Počet vozidel na jednoho pracovníka,prepocet,13070.909
115,2025,8.4,Počet vozidel na jednoho pracovníka,prepocet,13404.545
115,2010,8.4.1,Počet pracovníků registru vozidel na 1 000 obyvatel správního obvodu,prepocet,0.103
115,2011,8.4.1,Počet pracovníků registru vozidel na 1 000 obyvatel správního obvodu,prepocet,0.092
115,2012,8.4.1,Počet pracovníků registru vozidel na 1 000 obyvatel správního obvodu,prepocet,0.097
115,2013,8.4.1,Počet pracovníků registru vozidel na 1 000 obyvatel správního obvodu,prepocet,0.097
115,2014,8.4.1,Počet pracovníků registru vozidel na 1 000 obyvatel správního obvodu,prepocet,0.097
115,2015,8.4.1,Počet pracovníků registru vozidel na 1 000 obyvatel správního obvodu,prepocet,0.097
115,2016,8.4.1,Počet pracovníků registru vozidel na 1 000 obyvatel správního obvodu,prepocet,0.096
115,2017,8.4.1,Počet pracovníků registru vozidel na 1 000 obyvatel správního obvodu,prepocet,0.097
115,2018,8.4.1,Počet pracovníků registru vozidel na 1 000 obyvatel správního obvodu,prepocet,0.098
115,2019,8.4.1,Počet pracovníků registru vozidel na 1 000 obyvatel správního obvodu,prepocet,0.098
115,2020,8.4.1,Počet pracovníků registru vozidel na 1 000 obyvatel správního obvodu,prepocet,0.109
115,2021,8.4.1,Počet pracovníků registru vozidel na 1 000 obyvatel správního obvodu,prepocet,0.097
115,2022,8.4.1,Počet pracovníků registru vozidel na 1 000 obyvatel správního obvodu,prepocet,0.105
115,2023,8.4.1,Počet pracovníků registru vozidel na 1 000 obyvatel správního obvodu,prepocet,0.105
115,2024,8.4.1,Počet pracovníků registru vozidel na 1 000 obyvatel správního obvodu,prepocet,0.106
115,2025,8.4.1,Počet pracovníků registru vozidel na 1 000 obyvatel správního obvodu,prepocet,0.107
115,2010,8.6,Průměrná čekací doba (v minutách),prepocet,13.51
115,2011,8.6,Průměrná čekací doba (v minutách),prepocet,9.55
115,2012,8.6,Průměrná čekací doba (v minutách),prepocet,15.35
115,2013,8.6,Průměrná čekací doba (v minutách),prepocet,13.36
115,2014,8.6,Průměrná čekací doba (v minutách),prepocet,10.47
115,2015,8.6,Průměrná čekací doba (v minutách),prepocet,13.36
115,2016,8.6,Průměrná čekací doba (v minutách),prepocet,11.05
115,2017,8.6,Průměrná čekací doba (v minutách),prepocet,10.34
115,2018,8.6,Průměrná čekací doba (v minutách),prepocet,9.44
115,2019,8.6,Průměrná čekací doba (v minutách),prepocet,8.52
115,2020,8.6,Průměrná čekací doba (v minutách),prepocet,13.4
115,2021,8.6,Průměrná čekací doba (v minutách),prepocet,15.24
115,2022,8.6,Průměrná čekací doba (v minutách),prepocet,10.15
115,2023,8.6,Průměrná čekací doba (v minutách),prepocet,9.58
115,2024,8.6,Průměrná čekací doba (v minutách),prepocet,10.33
115,2025,8.6,Průměrná čekací doba (v minutách),prepocet,10.1
115,2010,8.7,Příjem správních poplatků v Kč na jeden sledovaný úkon,prepocet,246.357
115,2011,8.7,Příjem správních poplatků v Kč na jeden sledovaný úkon,prepocet,235.76
115,2012,8.7,Příjem správních poplatků v Kč na jeden sledovaný úkon,prepocet,97.304
115,2013,8.7,Příjem správních poplatků v Kč na jeden sledovaný úkon,prepocet,118.474
115,2014,8.7,Příjem správních poplatků v Kč na jeden sledovaný úkon,prepocet,130.176
115,2015,8.7,Příjem správních poplatků v Kč na jeden sledovaný úkon,prepocet,142.608
115,2016,8.7,Příjem správních poplatků v Kč na jeden sledovaný úkon,prepocet,182.39
115,2017,8.7,Příjem správních poplatků v Kč na jeden sledovaný úkon,prepocet,201.241
115,2018,8.7,Příjem správních poplatků v Kč na jeden sledovaný úkon,prepocet,175.393
115,2019,8.7,Příjem správních poplatků v Kč na jeden sledovaný úkon,prepocet,83.177
115,2020,8.7,Příjem správních poplatků v Kč na jeden sledovaný úkon,prepocet,94.968
115,2021,8.7,Příjem správních poplatků v Kč na jeden sledovaný úkon,prepocet,95.14
115,2022,8.7,Příjem správních poplatků v Kč na jeden sledovaný úkon,prepocet,82.628
115,2023,8.7,Příjem správních poplatků v Kč na jeden sledovaný úkon,prepocet,95.673
115,2024,8.7,Příjem správních poplatků v Kč na jeden sledovaný úkon,prepocet,69.138
115,2025,8.7,Příjem správních poplatků v Kč na jeden sledovaný úkon,prepocet,87.061
115,2010,8.9,Provozní výdaje na jeden sledovaný úkon v Kč,prepocet,189.445
115,2011,8.9,Provozní výdaje na jeden sledovaný úkon v Kč,prepocet,162.675
115,2012,8.9,Provozní výdaje na jeden sledovaný úkon v Kč,prepocet,229.017
115,2013,8.9,Provozní výdaje na jeden sledovaný úkon v Kč,prepocet,103.947
115,2014,8.9,Provozní výdaje na jeden sledovaný úkon v Kč,prepocet,100.627
115,2015,8.9,Provozní výdaje na jeden sledovaný úkon v Kč,prepocet,117.584
115,2016,8.9,Provozní výdaje na jeden sledovaný úkon v Kč,prepocet,122.846
115,2017,8.9,Provozní výdaje na jeden sledovaný úkon v Kč,prepocet,166.888
115,2018,8.9,Provozní výdaje na jeden sledovaný úkon v Kč,prepocet,151.26
115,2019,8.9,Provozní výdaje na jeden sledovaný úkon v Kč,prepocet,81.808
115,2020,8.9,Provozní výdaje na jeden sledovaný úkon v Kč,prepocet,105.249
115,2021,8.9,Provozní výdaje na jeden sledovaný úkon v Kč,prepocet,75.924
115,2022,8.9,Provozní výdaje na jeden sledovaný úkon v Kč,prepocet,80.709
115,2023,8.9,Provozní výdaje na jeden sledovaný úkon v Kč,prepocet,93.995
115,2024,8.9,Provozní výdaje na jeden sledovaný úkon v Kč,prepocet,69.571
115,2025,8.9,Provozní výdaje na jeden sledovaný úkon v Kč,prepocet,88.119
115,2010,8.10,Počet lustrací (výdejů dat z registru) k počtu provedených úkonů celkem (údaj z CRV) v %,prepocet,8.561
115,2011,8.10,Počet lustrací (výdejů dat z registru) k počtu provedených úkonů celkem (údaj z CRV) v %,prepocet,9.905
115,2012,8.10,Počet lustrací (výdejů dat z registru) k počtu provedených úkonů celkem (údaj z CRV) v %,prepocet,6.87
115,2013,8.10,Počet lustrací (výdejů dat z registru) k počtu provedených úkonů celkem (údaj z CRV) v %,prepocet,20.978
115,2014,8.10,Počet lustrací (výdejů dat z registru) k počtu provedených úkonů celkem (údaj z CRV) v %,prepocet,2.302
115,2015,8.10,Počet lustrací (výdejů dat z registru) k počtu provedených úkonů celkem (údaj z CRV) v %,prepocet,2.115
115,2016,8.10,Počet lustrací (výdejů dat z registru) k počtu provedených úkonů celkem (údaj z CRV) v %,prepocet,3.497
115,2017,8.10,Počet lustrací (výdejů dat z registru) k počtu provedených úkonů celkem (údaj z CRV) v %,prepocet,3.583
115,2018,8.10,Počet lustrací (výdejů dat z registru) k počtu provedených úkonů celkem (údaj z CRV) v %,prepocet,3.018
115,2019,8.10,Počet lustrací (výdejů dat z registru) k počtu provedených úkonů celkem (údaj z CRV) v %,prepocet,0.599
115,2020,8.10,Počet lustrací (výdejů dat z registru) k počtu provedených úkonů celkem (údaj z CRV) v %,prepocet,1.586
115,2021,8.10,Počet lustrací (výdejů dat z registru) k počtu provedených úkonů celkem (údaj z CRV) v %,prepocet,1.246
115,2022,8.10,Počet lustrací (výdejů dat z registru) k počtu provedených úkonů celkem (údaj z CRV) v %,prepocet,1.018
115,2023,8.10,Počet lustrací (výdejů dat z registru) k počtu provedených úkonů celkem (údaj z CRV) v %,prepocet,1.121
115,2024,8.10,Počet lustrací (výdejů dat z registru) k počtu provedených úkonů celkem (údaj z CRV) v %,prepocet,0.983
115,2025,8.10,Počet lustrací (výdejů dat z registru) k počtu provedených úkonů celkem (údaj z CRV) v %,prepocet,1.324
115,2010,8.11,Počet všech správních rozhodnutí na úseku registru vozidel k celkovému počtu sledovaných úkonů na registru vozidel v %,prepocet,2.329
115,2011,8.11,Počet všech správních rozhodnutí na úseku registru vozidel k celkovému počtu sledovaných úkonů na registru vozidel v %,prepocet,2.038
115,2012,8.11,Počet všech správních rozhodnutí na úseku registru vozidel k celkovému počtu sledovaných úkonů na registru vozidel v %,prepocet,1.07
115,2013,8.11,Počet všech správních rozhodnutí na úseku registru vozidel k celkovému počtu sledovaných úkonů na registru vozidel v %,prepocet,1.377
115,2014,8.11,Počet všech správních rozhodnutí na úseku registru vozidel k celkovému počtu sledovaných úkonů na registru vozidel v %,prepocet,1.088
115,2015,8.11,Počet všech správních rozhodnutí na úseku registru vozidel k celkovému počtu sledovaných úkonů na registru vozidel v %,prepocet,2.296
115,2016,8.11,Počet všech správních rozhodnutí na úseku registru vozidel k celkovému počtu sledovaných úkonů na registru vozidel v %,prepocet,4.118
115,2017,8.11,Počet všech správních rozhodnutí na úseku registru vozidel k celkovému počtu sledovaných úkonů na registru vozidel v %,prepocet,0.986
115,2018,8.11,Počet všech správních rozhodnutí na úseku registru vozidel k celkovému počtu sledovaných úkonů na registru vozidel v %,prepocet,1.084
115,2019,8.11,Počet všech správních rozhodnutí na úseku registru vozidel k celkovému počtu sledovaných úkonů na registru vozidel v %,prepocet,0.381
115,2020,8.11,Počet všech správních rozhodnutí na úseku registru vozidel k celkovému počtu sledovaných úkonů na registru vozidel v %,prepocet,0.623
115,2021,8.11,Počet všech správních rozhodnutí na úseku registru vozidel k celkovému počtu sledovaných úkonů na registru vozidel v %,prepocet,0.415
115,2022,8.11,Počet všech správních rozhodnutí na úseku registru vozidel k celkovému počtu sledovaných úkonů na registru vozidel v %,prepocet,0.461
115,2023,8.11,Počet všech správních rozhodnutí na úseku registru vozidel k celkovému počtu sledovaných úkonů na registru vozidel v %,prepocet,0.287
115,2024,8.11,Počet všech správních rozhodnutí na úseku registru vozidel k celkovému počtu sledovaných úkonů na registru vozidel v %,prepocet,0.113
115,2025,8.11,Počet všech správních rozhodnutí na úseku registru vozidel k celkovému počtu sledovaných úkonů na registru vozidel v %,prepocet,0.278
115,2010,8.12,Počet zaměstnanců - pracovních úvazků v agendě registr vozidel celkem,prepocet,4.3
115,2011,8.12,Počet zaměstnanců - pracovních úvazků v agendě registr vozidel celkem,prepocet,3.85
115,2012,8.12,Počet zaměstnanců - pracovních úvazků v agendě registr vozidel celkem,prepocet,4.05
115,2013,8.12,Počet zaměstnanců - pracovních úvazků v agendě registr vozidel celkem,prepocet,4.05
115,2014,8.12,Počet zaměstnanců - pracovních úvazků v agendě registr vozidel celkem,prepocet,4.05
115,2015,8.12,Počet zaměstnanců - pracovních úvazků v agendě registr vozidel celkem,prepocet,4.05
115,2016,8.12,Počet zaměstnanců - pracovních úvazků v agendě registr vozidel celkem,prepocet,4.05
115,2017,8.12,Počet zaměstnanců - pracovních úvazků v agendě registr vozidel celkem,prepocet,4.05
115,2018,8.12,Počet zaměstnanců - pracovních úvazků v agendě registr vozidel celkem,prepocet,4.05
115,2019,8.12,Počet zaměstnanců - pracovních úvazků v agendě registr vozidel celkem,prepocet,4.05
115,2020,8.12,Počet zaměstnanců - pracovních úvazků v agendě registr vozidel celkem,prepocet,4.5
115,2021,8.12,Počet zaměstnanců - pracovních úvazků v agendě registr vozidel celkem,prepocet,4.0
115,2022,8.12,Počet zaměstnanců - pracovních úvazků v agendě registr vozidel celkem,prepocet,4.4
115,2023,8.12,Počet zaměstnanců - pracovních úvazků v agendě registr vozidel celkem,prepocet,4.4
115,2024,8.12,Počet zaměstnanců - pracovních úvazků v agendě registr vozidel celkem,prepocet,4.4
115,2025,8.12,Počet zaměstnanců - pracovních úvazků v agendě registr vozidel celkem,prepocet,4.4
115,2010,9.3,Počet zkoušek celkem na jednoho zkušebního komisaře,prepocet,440.4
115,2011,9.3,Počet zkoušek celkem na jednoho zkušebního komisaře,prepocet,780.741
115,2012,9.3,Počet zkoušek celkem na jednoho zkušebního komisaře,prepocet,831.2
115,2013,9.3,Počet zkoušek celkem na jednoho zkušebního komisaře,prepocet,789.6
115,2014,9.3,Počet zkoušek celkem na jednoho zkušebního komisaře,prepocet,778.4
115,2015,9.3,Počet zkoušek celkem na jednoho zkušebního komisaře,prepocet,707.2
115,2016,9.3,Počet zkoušek celkem na jednoho zkušebního komisaře,prepocet,636.8
115,2017,9.3,Počet zkoušek celkem na jednoho zkušebního komisaře,prepocet,668.8
115,2018,9.3,Počet zkoušek celkem na jednoho zkušebního komisaře,prepocet,569.6
115,2019,9.3,Počet zkoušek celkem na jednoho zkušebního komisaře,prepocet,471.2
115,2020,9.3,Počet zkoušek celkem na jednoho zkušebního komisaře,prepocet,524.444
115,2021,9.3,Počet zkoušek celkem na jednoho zkušebního komisaře,prepocet,698.571
115,2022,9.3,Počet zkoušek celkem na jednoho zkušebního komisaře,prepocet,370.0
115,2023,9.3,Počet zkoušek celkem na jednoho zkušebního komisaře,prepocet,355.0
115,2024,9.3,Počet zkoušek celkem na jednoho zkušebního komisaře,prepocet,370.833
115,2025,9.3,Počet zkoušek celkem na jednoho zkušebního komisaře,prepocet,458.333
115,2010,9.3.1,Počet zkušebních komisařů na 1 000 obyvatel správního obvodu,prepocet,0.06
115,2011,9.3.1,Počet zkušebních komisařů na 1 000 obyvatel správního obvodu,prepocet,0.032
115,2012,9.3.1,Počet zkušebních komisařů na 1 000 obyvatel správního obvodu,prepocet,0.03
115,2013,9.3.1,Počet zkušebních komisařů na 1 000 obyvatel správního obvodu,prepocet,0.03
115,2014,9.3.1,Počet zkušebních komisařů na 1 000 obyvatel správního obvodu,prepocet,0.03
115,2015,9.3.1,Počet zkušebních komisařů na 1 000 obyvatel správního obvodu,prepocet,0.03
115,2016,9.3.1,Počet zkušebních komisařů na 1 000 obyvatel správního obvodu,prepocet,0.03
115,2017,9.3.1,Počet zkušebních komisařů na 1 000 obyvatel správního obvodu,prepocet,0.03
115,2018,9.3.1,Počet zkušebních komisařů na 1 000 obyvatel správního obvodu,prepocet,0.03
115,2019,9.3.1,Počet zkušebních komisařů na 1 000 obyvatel správního obvodu,prepocet,0.03
115,2020,9.3.1,Počet zkušebních komisařů na 1 000 obyvatel správního obvodu,prepocet,0.022
115,2021,9.3.1,Počet zkušebních komisařů na 1 000 obyvatel správního obvodu,prepocet,0.017
115,2022,9.3.1,Počet zkušebních komisařů na 1 000 obyvatel správního obvodu,prepocet,0.029
115,2023,9.3.1,Počet zkušebních komisařů na 1 000 obyvatel správního obvodu,prepocet,0.029
115,2024,9.3.1,Počet zkušebních komisařů na 1 000 obyvatel správního obvodu,prepocet,0.029
115,2025,9.3.1,Počet zkušebních komisařů na 1 000 obyvatel správního obvodu,prepocet,0.029
115,2010,9.4,Procento úspěšných žadatelů o řidičské oprávnění při 1. zkoušce,prepocet,56.0
115,2011,9.4,Procento úspěšných žadatelů o řidičské oprávnění při 1. zkoušce,prepocet,44.4
115,2012,9.4,Procento úspěšných žadatelů o řidičské oprávnění při 1. zkoušce,prepocet,43.54
115,2013,9.4,Procento úspěšných žadatelů o řidičské oprávnění při 1. zkoušce,prepocet,43.56
115,2014,9.4,Procento úspěšných žadatelů o řidičské oprávnění při 1. zkoušce,prepocet,42.6
115,2015,9.4,Procento úspěšných žadatelů o řidičské oprávnění při 1. zkoušce,prepocet,53.6
115,2016,9.4,Procento úspěšných žadatelů o řidičské oprávnění při 1. zkoušce,prepocet,57.0
115,2017,9.4,Procento úspěšných žadatelů o řidičské oprávnění při 1. zkoušce,prepocet,58.9
115,2018,9.4,Procento úspěšných žadatelů o řidičské oprávnění při 1. zkoušce,prepocet,56.7
115,2019,9.4,Procento úspěšných žadatelů o řidičské oprávnění při 1. zkoušce,prepocet,52.4
115,2020,9.4,Procento úspěšných žadatelů o řidičské oprávnění při 1. zkoušce,prepocet,50.6
115,2021,9.4,Procento úspěšných žadatelů o řidičské oprávnění při 1. zkoušce,prepocet,28.0
115,2022,9.4,Procento úspěšných žadatelů o řidičské oprávnění při 1. zkoušce,prepocet,31.5
115,2023,9.4,Procento úspěšných žadatelů o řidičské oprávnění při 1. zkoušce,prepocet,31.15
115,2024,9.4,Procento úspěšných žadatelů o řidičské oprávnění při 1. zkoušce,prepocet,25.38
115,2025,9.4,Procento úspěšných žadatelů o řidičské oprávnění při 1. zkoušce,prepocet,27.69
115,2010,9.5,Počet autoškol ve správním obvodu,prepocet,7.0
115,2011,9.5,Počet autoškol ve správním obvodu,prepocet,9.0
115,2012,9.5,Počet autoškol ve správním obvodu,prepocet,10.0
115,2013,9.5,Počet autoškol ve správním obvodu,prepocet,10.0
115,2014,9.5,Počet autoškol ve správním obvodu,prepocet,11.0
115,2015,9.5,Počet autoškol ve správním obvodu,prepocet,11.0
115,2016,9.5,Počet autoškol ve správním obvodu,prepocet,9.0
115,2017,9.5,Počet autoškol ve správním obvodu,prepocet,9.0
115,2018,9.5,Počet autoškol ve správním obvodu,prepocet,8.0
115,2019,9.5,Počet autoškol ve správním obvodu,prepocet,6.0
115,2020,9.5,Počet autoškol ve správním obvodu,prepocet,6.0
115,2021,9.5,Počet autoškol ve správním obvodu,prepocet,6.0
115,2022,9.5,Počet autoškol ve správním obvodu,prepocet,5.0
115,2023,9.5,Počet autoškol ve správním obvodu,prepocet,7.0
115,2024,9.5,Počet autoškol ve správním obvodu,prepocet,6.0
115,2025,9.5,Počet autoškol ve správním obvodu,prepocet,6.0
115,2010,9.6,Provozní výdaje na jednu zkoušku v Kč,prepocet,1078.016
115,2011,9.6,Provozní výdaje na jednu zkoušku v Kč,prepocet,608.087
115,2012,9.6,Provozní výdaje na jednu zkoušku v Kč,prepocet,661.056
115,2013,9.6,Provozní výdaje na jednu zkoušku v Kč,prepocet,710.297
115,2014,9.6,Provozní výdaje na jednu zkoušku v Kč,prepocet,686.815
115,2015,9.6,Provozní výdaje na jednu zkoušku v Kč,prepocet,801.16
115,2016,9.6,Provozní výdaje na jednu zkoušku v Kč,prepocet,802.799
115,2017,9.6,Provozní výdaje na jednu zkoušku v Kč,prepocet,843.792
115,2018,9.6,Provozní výdaje na jednu zkoušku v Kč,prepocet,1113.299
115,2019,9.6,Provozní výdaje na jednu zkoušku v Kč,prepocet,1417.312
115,2020,9.6,Provozní výdaje na jednu zkoušku v Kč,prepocet,1287.649
115,2021,9.6,Provozní výdaje na jednu zkoušku v Kč,prepocet,922.458
115,2022,9.6,Provozní výdaje na jednu zkoušku v Kč,prepocet,1773.566
115,2023,9.6,Provozní výdaje na jednu zkoušku v Kč,prepocet,2013.967
115,2024,9.6,Provozní výdaje na jednu zkoušku v Kč,prepocet,2122.08
115,2025,9.6,Provozní výdaje na jednu zkoušku v Kč,prepocet,1804.307
115,2010,9.7,Příjem správních poplatků na jednu zkoušku v Kč,prepocet,432.334
115,2011,9.7,Příjem správních poplatků na jednu zkoušku v Kč,prepocet,452.562
115,2012,9.7,Příjem správních poplatků na jednu zkoušku v Kč,prepocet,445.236
115,2013,9.7,Příjem správních poplatků na jednu zkoušku v Kč,prepocet,413.678
115,2014,9.7,Příjem správních poplatků na jednu zkoušku v Kč,prepocet,457.348
115,2015,9.7,Příjem správních poplatků na jednu zkoušku v Kč,prepocet,492.081
115,2016,9.7,Příjem správních poplatků na jednu zkoušku v Kč,prepocet,538.945
115,2017,9.7,Příjem správních poplatků na jednu zkoušku v Kč,prepocet,516.746
115,2018,9.7,Příjem správních poplatků na jednu zkoušku v Kč,prepocet,550.562
115,2019,9.7,Příjem správních poplatků na jednu zkoušku v Kč,prepocet,573.854
115,2020,9.7,Příjem správních poplatků na jednu zkoušku v Kč,prepocet,493.644
115,2021,9.7,Příjem správních poplatků na jednu zkoušku v Kč,prepocet,521.472
115,2022,9.7,Příjem správních poplatků na jednu zkoušku v Kč,prepocet,529.279
115,2023,9.7,Příjem správních poplatků na jednu zkoušku v Kč,prepocet,535.211
115,2024,9.7,Příjem správních poplatků na jednu zkoušku v Kč,prepocet,494.382
115,2025,9.7,Příjem správních poplatků na jednu zkoušku v Kč,prepocet,465.455
115,2010,9.8,Počet zaměstnanců - pracovních úvazků v agendě zkušební komisaři celkem,prepocet,2.5
115,2011,9.8,Počet zaměstnanců - pracovních úvazků v agendě zkušební komisaři celkem,prepocet,1.35
115,2012,9.8,Počet zaměstnanců - pracovních úvazků v agendě zkušební komisaři celkem,prepocet,1.25
115,2013,9.8,Počet zaměstnanců - pracovních úvazků v agendě zkušební komisaři celkem,prepocet,1.25
115,2014,9.8,Počet zaměstnanců - pracovních úvazků v agendě zkušební komisaři celkem,prepocet,1.25
115,2015,9.8,Počet zaměstnanců - pracovních úvazků v agendě zkušební komisaři celkem,prepocet,1.25
115,2016,9.8,Počet zaměstnanců - pracovních úvazků v agendě zkušební komisaři celkem,prepocet,1.25
115,2017,9.8,Počet zaměstnanců - pracovních úvazků v agendě zkušební komisaři celkem,prepocet,1.25
115,2018,9.8,Počet zaměstnanců - pracovních úvazků v agendě zkušební komisaři celkem,prepocet,1.25
115,2019,9.8,Počet zaměstnanců - pracovních úvazků v agendě zkušební komisaři celkem,prepocet,1.25
115,2020,9.8,Počet zaměstnanců - pracovních úvazků v agendě zkušební komisaři celkem,prepocet,0.9
115,2021,9.8,Počet zaměstnanců - pracovních úvazků v agendě zkušební komisaři celkem,prepocet,0.7
115,2022,9.8,Počet zaměstnanců - pracovních úvazků v agendě zkušební komisaři celkem,prepocet,1.2
115,2023,9.8,Počet zaměstnanců - pracovních úvazků v agendě zkušební komisaři celkem,prepocet,1.2
115,2024,9.8,Počet zaměstnanců - pracovních úvazků v agendě zkušební komisaři celkem,prepocet,1.2
115,2025,9.8,Počet zaměstnanců - pracovních úvazků v agendě zkušební komisaři celkem,prepocet,1.2
115,2010,10.1,Počet oznámených skutkových podstat na jednoho pracovníka,prepocet,
115,2011,10.1,Počet oznámených skutkových podstat na jednoho pracovníka,prepocet,
115,2012,10.1,Počet oznámených skutkových podstat na jednoho pracovníka,prepocet,
115,2013,10.1,Počet oznámených skutkových podstat na jednoho pracovníka,prepocet,
115,2014,10.1,Počet oznámených skutkových podstat na jednoho pracovníka,prepocet,
115,2015,10.1,Počet oznámených skutkových podstat na jednoho pracovníka,prepocet,
115,2016,10.1,Počet oznámených skutkových podstat na jednoho pracovníka,prepocet,
115,2017,10.1,Počet oznámených skutkových podstat na jednoho pracovníka,prepocet,
115,2018,10.1,Počet oznámených skutkových podstat na jednoho pracovníka,prepocet,3877.586
115,2019,10.1,Počet oznámených skutkových podstat na jednoho pracovníka,prepocet,3827.931
115,2020,10.1,Počet oznámených skutkových podstat na jednoho pracovníka,prepocet,2666.528
115,2021,10.1,Počet oznámených skutkových podstat na jednoho pracovníka,prepocet,2063.0
115,2022,10.1,Počet oznámených skutkových podstat na jednoho pracovníka,prepocet,3094.25
115,2023,10.1,Počet oznámených skutkových podstat na jednoho pracovníka,prepocet,3038.961
115,2024,10.1,Počet oznámených skutkových podstat na jednoho pracovníka,prepocet,2090.488
115,2025,10.1,Počet oznámených skutkových podstat na jednoho pracovníka,prepocet,1606.22
115,2010,10.1.1,"Počet oznámených skutkových podstat na pracovníka (BEZ oznámených skutkových podstat dle §125f, odst. 2, písm. a) zákona 361/2000 Sb.)",prepocet,
115,2011,10.1.1,"Počet oznámených skutkových podstat na pracovníka (BEZ oznámených skutkových podstat dle §125f, odst. 2, písm. a) zákona 361/2000 Sb.)",prepocet,
115,2012,10.1.1,"Počet oznámených skutkových podstat na pracovníka (BEZ oznámených skutkových podstat dle §125f, odst. 2, písm. a) zákona 361/2000 Sb.)",prepocet,
115,2013,10.1.1,"Počet oznámených skutkových podstat na pracovníka (BEZ oznámených skutkových podstat dle §125f, odst. 2, písm. a) zákona 361/2000 Sb.)",prepocet,
115,2014,10.1.1,"Počet oznámených skutkových podstat na pracovníka (BEZ oznámených skutkových podstat dle §125f, odst. 2, písm. a) zákona 361/2000 Sb.)",prepocet,
115,2015,10.1.1,"Počet oznámených skutkových podstat na pracovníka (BEZ oznámených skutkových podstat dle §125f, odst. 2, písm. a) zákona 361/2000 Sb.)",prepocet,
115,2016,10.1.1,"Počet oznámených skutkových podstat na pracovníka (BEZ oznámených skutkových podstat dle §125f, odst. 2, písm. a) zákona 361/2000 Sb.)",prepocet,
115,2017,10.1.1,"Počet oznámených skutkových podstat na pracovníka (BEZ oznámených skutkových podstat dle §125f, odst. 2, písm. a) zákona 361/2000 Sb.)",prepocet,
115,2018,10.1.1,"Počet oznámených skutkových podstat na pracovníka (BEZ oznámených skutkových podstat dle §125f, odst. 2, písm. a) zákona 361/2000 Sb.)",prepocet,943.333
115,2019,10.1.1,"Počet oznámených skutkových podstat na pracovníka (BEZ oznámených skutkových podstat dle §125f, odst. 2, písm. a) zákona 361/2000 Sb.)",prepocet,1027.143
115,2020,10.1.1,"Počet oznámených skutkových podstat na pracovníka (BEZ oznámených skutkových podstat dle §125f, odst. 2, písm. a) zákona 361/2000 Sb.)",prepocet,919.375
115,2021,10.1.1,"Počet oznámených skutkových podstat na pracovníka (BEZ oznámených skutkových podstat dle §125f, odst. 2, písm. a) zákona 361/2000 Sb.)",prepocet,1470.0
115,2022,10.1.1,"Počet oznámených skutkových podstat na pracovníka (BEZ oznámených skutkových podstat dle §125f, odst. 2, písm. a) zákona 361/2000 Sb.)",prepocet,477.2
115,2023,10.1.1,"Počet oznámených skutkových podstat na pracovníka (BEZ oznámených skutkových podstat dle §125f, odst. 2, písm. a) zákona 361/2000 Sb.)",prepocet,1137.727
115,2024,10.1.1,"Počet oznámených skutkových podstat na pracovníka (BEZ oznámených skutkových podstat dle §125f, odst. 2, písm. a) zákona 361/2000 Sb.)",prepocet,614.218
115,2025,10.1.1,"Počet oznámených skutkových podstat na pracovníka (BEZ oznámených skutkových podstat dle §125f, odst. 2, písm. a) zákona 361/2000 Sb.)",prepocet,370.379
115,2010,10.1.2,"Počet oznámených skutkových podstat na pracovníka dle §125f, odst. 2, písm. a) zákona 361/2000 Sb.",prepocet,
115,2011,10.1.2,"Počet oznámených skutkových podstat na pracovníka dle §125f, odst. 2, písm. a) zákona 361/2000 Sb.",prepocet,
115,2012,10.1.2,"Počet oznámených skutkových podstat na pracovníka dle §125f, odst. 2, písm. a) zákona 361/2000 Sb.",prepocet,
115,2013,10.1.2,"Počet oznámených skutkových podstat na pracovníka dle §125f, odst. 2, písm. a) zákona 361/2000 Sb.",prepocet,
115,2014,10.1.2,"Počet oznámených skutkových podstat na pracovníka dle §125f, odst. 2, písm. a) zákona 361/2000 Sb.",prepocet,
115,2015,10.1.2,"Počet oznámených skutkových podstat na pracovníka dle §125f, odst. 2, písm. a) zákona 361/2000 Sb.",prepocet,
115,2016,10.1.2,"Počet oznámených skutkových podstat na pracovníka dle §125f, odst. 2, písm. a) zákona 361/2000 Sb.",prepocet,
115,2017,10.1.2,"Počet oznámených skutkových podstat na pracovníka dle §125f, odst. 2, písm. a) zákona 361/2000 Sb.",prepocet,
115,2018,10.1.2,"Počet oznámených skutkových podstat na pracovníka dle §125f, odst. 2, písm. a) zákona 361/2000 Sb.",prepocet,11580.0
115,2019,10.1.2,"Počet oznámených skutkových podstat na pracovníka dle §125f, odst. 2, písm. a) zákona 361/2000 Sb.",prepocet,4719.091
115,2020,10.1.2,"Počet oznámených skutkových podstat na pracovníka dle §125f, odst. 2, písm. a) zákona 361/2000 Sb.",prepocet,4064.25
115,2021,10.1.2,"Počet oznámených skutkových podstat na pracovníka dle §125f, odst. 2, písm. a) zákona 361/2000 Sb.",prepocet,2332.545
115,2022,10.1.2,"Počet oznámených skutkových podstat na pracovníka dle §125f, odst. 2, písm. a) zákona 361/2000 Sb.",prepocet,4283.818
115,2023,10.1.2,"Počet oznámených skutkových podstat na pracovníka dle §125f, odst. 2, písm. a) zákona 361/2000 Sb.",prepocet,3799.455
115,2024,10.1.2,"Počet oznámených skutkových podstat na pracovníka dle §125f, odst. 2, písm. a) zákona 361/2000 Sb.",prepocet,3655.779
115,2025,10.1.2,"Počet oznámených skutkových podstat na pracovníka dle §125f, odst. 2, písm. a) zákona 361/2000 Sb.",prepocet,2916.583
115,2010,10.2,Počet přestupků vyřízených příkazem na místě na jednoho pracovníka,prepocet,
115,2011,10.2,Počet přestupků vyřízených příkazem na místě na jednoho pracovníka,prepocet,
115,2012,10.2,Počet přestupků vyřízených příkazem na místě na jednoho pracovníka,prepocet,
115,2013,10.2,Počet přestupků vyřízených příkazem na místě na jednoho pracovníka,prepocet,
115,2014,10.2,Počet přestupků vyřízených příkazem na místě na jednoho pracovníka,prepocet,
115,2015,10.2,Počet přestupků vyřízených příkazem na místě na jednoho pracovníka,prepocet,
115,2016,10.2,Počet přestupků vyřízených příkazem na místě na jednoho pracovníka,prepocet,
115,2017,10.2,Počet přestupků vyřízených příkazem na místě na jednoho pracovníka,prepocet,
115,2018,10.2,Počet přestupků vyřízených příkazem na místě na jednoho pracovníka,prepocet,46.207
115,2019,10.2,Počet přestupků vyřízených příkazem na místě na jednoho pracovníka,prepocet,52.759
115,2020,10.2,Počet přestupků vyřízených příkazem na místě na jednoho pracovníka,prepocet,16.111
115,2021,10.2,Počet přestupků vyřízených příkazem na místě na jednoho pracovníka,prepocet,11.5
115,2022,10.2,Počet přestupků vyřízených příkazem na místě na jednoho pracovníka,prepocet,13.25
115,2023,10.2,Počet přestupků vyřízených příkazem na místě na jednoho pracovníka,prepocet,12.078
115,2024,10.2,Počet přestupků vyřízených příkazem na místě na jednoho pracovníka,prepocet,10.61
115,2025,10.2,Počet přestupků vyřízených příkazem na místě na jednoho pracovníka,prepocet,9.146
115,2010,10.3,Počet přestupků vyřízených příkazem na jednoho pracovníka,prepocet,
115,2011,10.3,Počet přestupků vyřízených příkazem na jednoho pracovníka,prepocet,
115,2012,10.3,Počet přestupků vyřízených příkazem na jednoho pracovníka,prepocet,
115,2013,10.3,Počet přestupků vyřízených příkazem na jednoho pracovníka,prepocet,
115,2014,10.3,Počet přestupků vyřízených příkazem na jednoho pracovníka,prepocet,
115,2015,10.3,Počet přestupků vyřízených příkazem na jednoho pracovníka,prepocet,
115,2016,10.3,Počet přestupků vyřízených příkazem na jednoho pracovníka,prepocet,
115,2017,10.3,Počet přestupků vyřízených příkazem na jednoho pracovníka,prepocet,
115,2018,10.3,Počet přestupků vyřízených příkazem na jednoho pracovníka,prepocet,125.862
115,2019,10.3,Počet přestupků vyřízených příkazem na jednoho pracovníka,prepocet,427.931
115,2020,10.3,Počet přestupků vyřízených příkazem na jednoho pracovníka,prepocet,202.5
115,2021,10.3,Počet přestupků vyřízených příkazem na jednoho pracovníka,prepocet,244.0
115,2022,10.3,Počet přestupků vyřízených příkazem na jednoho pracovníka,prepocet,412.375
115,2023,10.3,Počet přestupků vyřízených příkazem na jednoho pracovníka,prepocet,330.26
115,2024,10.3,Počet přestupků vyřízených příkazem na jednoho pracovníka,prepocet,211.22
115,2025,10.3,Počet přestupků vyřízených příkazem na jednoho pracovníka,prepocet,150.0
115,2010,10.4,Počet přestupků vyřízených rozhodnutím na jednoho pracovníka,prepocet,
115,2011,10.4,Počet přestupků vyřízených rozhodnutím na jednoho pracovníka,prepocet,
115,2012,10.4,Počet přestupků vyřízených rozhodnutím na jednoho pracovníka,prepocet,
115,2013,10.4,Počet přestupků vyřízených rozhodnutím na jednoho pracovníka,prepocet,
115,2014,10.4,Počet přestupků vyřízených rozhodnutím na jednoho pracovníka,prepocet,
115,2015,10.4,Počet přestupků vyřízených rozhodnutím na jednoho pracovníka,prepocet,
115,2016,10.4,Počet přestupků vyřízených rozhodnutím na jednoho pracovníka,prepocet,
115,2017,10.4,Počet přestupků vyřízených rozhodnutím na jednoho pracovníka,prepocet,
115,2018,10.4,Počet přestupků vyřízených rozhodnutím na jednoho pracovníka,prepocet,207.931
115,2019,10.4,Počet přestupků vyřízených rozhodnutím na jednoho pracovníka,prepocet,21.724
115,2020,10.4,Počet přestupků vyřízených rozhodnutím na jednoho pracovníka,prepocet,56.806
115,2021,10.4,Počet přestupků vyřízených rozhodnutím na jednoho pracovníka,prepocet,131.75
115,2022,10.4,Počet přestupků vyřízených rozhodnutím na jednoho pracovníka,prepocet,210.125
115,2023,10.4,Počet přestupků vyřízených rozhodnutím na jednoho pracovníka,prepocet,25.714
115,2024,10.4,Počet přestupků vyřízených rozhodnutím na jednoho pracovníka,prepocet,12.927
115,2025,10.4,Počet přestupků vyřízených rozhodnutím na jednoho pracovníka,prepocet,11.22
115,2010,10.5,Počet odložených přestupků na jednoho zaměstnance,prepocet,
115,2011,10.5,Počet odložených přestupků na jednoho zaměstnance,prepocet,
115,2012,10.5,Počet odložených přestupků na jednoho zaměstnance,prepocet,
115,2013,10.5,Počet odložených přestupků na jednoho zaměstnance,prepocet,
115,2014,10.5,Počet odložených přestupků na jednoho zaměstnance,prepocet,
115,2015,10.5,Počet odložených přestupků na jednoho zaměstnance,prepocet,
115,2016,10.5,Počet odložených přestupků na jednoho zaměstnance,prepocet,
115,2017,10.5,Počet odložených přestupků na jednoho zaměstnance,prepocet,
115,2018,10.5,Počet odložených přestupků na jednoho zaměstnance,prepocet,247.931
115,2019,10.5,Počet odložených přestupků na jednoho zaměstnance,prepocet,19.655
115,2020,10.5,Počet odložených přestupků na jednoho zaměstnance,prepocet,34.583
115,2021,10.5,Počet odložených přestupků na jednoho zaměstnance,prepocet,18.375
115,2022,10.5,Počet odložených přestupků na jednoho zaměstnance,prepocet,16.625
115,2023,10.5,Počet odložených přestupků na jednoho zaměstnance,prepocet,3.247
115,2024,10.5,Počet odložených přestupků na jednoho zaměstnance,prepocet,2.683
115,2025,10.5,Počet odložených přestupků na jednoho zaměstnance,prepocet,21.707
115,2010,10.6,Celkový počet odvolání k celkovému počtu rozhodnutí (%),prepocet,
115,2011,10.6,Celkový počet odvolání k celkovému počtu rozhodnutí (%),prepocet,
115,2012,10.6,Celkový počet odvolání k celkovému počtu rozhodnutí (%),prepocet,
115,2013,10.6,Celkový počet odvolání k celkovému počtu rozhodnutí (%),prepocet,
115,2014,10.6,Celkový počet odvolání k celkovému počtu rozhodnutí (%),prepocet,
115,2015,10.6,Celkový počet odvolání k celkovému počtu rozhodnutí (%),prepocet,
115,2016,10.6,Celkový počet odvolání k celkovému počtu rozhodnutí (%),prepocet,
115,2017,10.6,Celkový počet odvolání k celkovému počtu rozhodnutí (%),prepocet,
115,2018,10.6,Celkový počet odvolání k celkovému počtu rozhodnutí (%),prepocet,1.99
115,2019,10.6,Celkový počet odvolání k celkovému počtu rozhodnutí (%),prepocet,19.048
115,2020,10.6,Celkový počet odvolání k celkovému počtu rozhodnutí (%),prepocet,1.711
115,2021,10.6,Celkový počet odvolání k celkovému počtu rozhodnutí (%),prepocet,1.139
115,2022,10.6,Celkový počet odvolání k celkovému počtu rozhodnutí (%),prepocet,0.238
115,2023,10.6,Celkový počet odvolání k celkovému počtu rozhodnutí (%),prepocet,5.051
115,2024,10.6,Celkový počet odvolání k celkovému počtu rozhodnutí (%),prepocet,13.208
115,2025,10.6,Celkový počet odvolání k celkovému počtu rozhodnutí (%),prepocet,27.174
115,2010,10.7,Objem uložených pokut v Kč na počet oznámených skutkových podstat CELKEM,prepocet,
115,2011,10.7,Objem uložených pokut v Kč na počet oznámených skutkových podstat CELKEM,prepocet,
115,2012,10.7,Objem uložených pokut v Kč na počet oznámených skutkových podstat CELKEM,prepocet,
115,2013,10.7,Objem uložených pokut v Kč na počet oznámených skutkových podstat CELKEM,prepocet,
115,2014,10.7,Objem uložených pokut v Kč na počet oznámených skutkových podstat CELKEM,prepocet,
115,2015,10.7,Objem uložených pokut v Kč na počet oznámených skutkových podstat CELKEM,prepocet,
115,2016,10.7,Objem uložených pokut v Kč na počet oznámených skutkových podstat CELKEM,prepocet,
115,2017,10.7,Objem uložených pokut v Kč na počet oznámených skutkových podstat CELKEM,prepocet,
115,2018,10.7,Objem uložených pokut v Kč na počet oznámených skutkových podstat CELKEM,prepocet,617.786
115,2019,10.7,Objem uložených pokut v Kč na počet oznámených skutkových podstat CELKEM,prepocet,758.941
115,2020,10.7,Objem uložených pokut v Kč na počet oznámených skutkových podstat CELKEM,prepocet,632.012
115,2021,10.7,Objem uložených pokut v Kč na počet oznámených skutkových podstat CELKEM,prepocet,650.115
115,2022,10.7,Objem uložených pokut v Kč na počet oznámených skutkových podstat CELKEM,prepocet,651.369
115,2023,10.7,Objem uložených pokut v Kč na počet oznámených skutkových podstat CELKEM,prepocet,686.154
115,2024,10.7,Objem uložených pokut v Kč na počet oznámených skutkových podstat CELKEM,prepocet,949.889
115,2025,10.7,Objem uložených pokut v Kč na počet oznámených skutkových podstat CELKEM,prepocet,952.965
115,2010,10.8,Je provozován automatizovaný systém měření rychlosti a generuje výzvy?,prepocet,
115,2011,10.8,Je provozován automatizovaný systém měření rychlosti a generuje výzvy?,prepocet,
115,2012,10.8,Je provozován automatizovaný systém měření rychlosti a generuje výzvy?,prepocet,
115,2013,10.8,Je provozován automatizovaný systém měření rychlosti a generuje výzvy?,prepocet,
115,2014,10.8,Je provozován automatizovaný systém měření rychlosti a generuje výzvy?,prepocet,
115,2015,10.8,Je provozován automatizovaný systém měření rychlosti a generuje výzvy?,prepocet,
115,2016,10.8,Je provozován automatizovaný systém měření rychlosti a generuje výzvy?,prepocet,
115,2017,10.8,Je provozován automatizovaný systém měření rychlosti a generuje výzvy?,prepocet,
115,2018,10.8,Je provozován automatizovaný systém měření rychlosti a generuje výzvy?,prepocet,1.0
115,2019,10.8,Je provozován automatizovaný systém měření rychlosti a generuje výzvy?,prepocet,1.0
115,2020,10.8,Je provozován automatizovaný systém měření rychlosti a generuje výzvy?,prepocet,1.0
115,2021,10.8,Je provozován automatizovaný systém měření rychlosti a generuje výzvy?,prepocet,1.0
115,2022,10.8,Je provozován automatizovaný systém měření rychlosti a generuje výzvy?,prepocet,1.0
115,2023,10.8,Je provozován automatizovaný systém měření rychlosti a generuje výzvy?,prepocet,12.0
115,2024,10.8,Je provozován automatizovaný systém měření rychlosti a generuje výzvy?,prepocet,12.0
115,2025,10.8,Je provozován automatizovaný systém měření rychlosti a generuje výzvy?,prepocet,12.0
115,2010,10.9,Je provozován automatizovaný systém parkování a generuje výzvy?,prepocet,
115,2011,10.9,Je provozován automatizovaný systém parkování a generuje výzvy?,prepocet,
115,2012,10.9,Je provozován automatizovaný systém parkování a generuje výzvy?,prepocet,
115,2013,10.9,Je provozován automatizovaný systém parkování a generuje výzvy?,prepocet,
115,2014,10.9,Je provozován automatizovaný systém parkování a generuje výzvy?,prepocet,
115,2015,10.9,Je provozován automatizovaný systém parkování a generuje výzvy?,prepocet,
115,2016,10.9,Je provozován automatizovaný systém parkování a generuje výzvy?,prepocet,
115,2017,10.9,Je provozován automatizovaný systém parkování a generuje výzvy?,prepocet,
115,2018,10.9,Je provozován automatizovaný systém parkování a generuje výzvy?,prepocet,0.0
115,2019,10.9,Je provozován automatizovaný systém parkování a generuje výzvy?,prepocet,2.0
115,2020,10.9,Je provozován automatizovaný systém parkování a generuje výzvy?,prepocet,0.0
115,2021,10.9,Je provozován automatizovaný systém parkování a generuje výzvy?,prepocet,0.0
115,2022,10.9,Je provozován automatizovaný systém parkování a generuje výzvy?,prepocet,0.0
115,2023,10.9,Je provozován automatizovaný systém parkování a generuje výzvy?,prepocet,0.0
115,2024,10.9,Je provozován automatizovaný systém parkování a generuje výzvy?,prepocet,0.0
115,2025,10.9,Je provozován automatizovaný systém parkování a generuje výzvy?,prepocet,0.0
115,2010,10.10,Je provozován systém detekce jízdy na červenou a generuje výzvy?,prepocet,
115,2011,10.10,Je provozován systém detekce jízdy na červenou a generuje výzvy?,prepocet,
115,2012,10.10,Je provozován systém detekce jízdy na červenou a generuje výzvy?,prepocet,
115,2013,10.10,Je provozován systém detekce jízdy na červenou a generuje výzvy?,prepocet,
115,2014,10.10,Je provozován systém detekce jízdy na červenou a generuje výzvy?,prepocet,
115,2015,10.10,Je provozován systém detekce jízdy na červenou a generuje výzvy?,prepocet,
115,2016,10.10,Je provozován systém detekce jízdy na červenou a generuje výzvy?,prepocet,
115,2017,10.10,Je provozován systém detekce jízdy na červenou a generuje výzvy?,prepocet,
115,2018,10.10,Je provozován systém detekce jízdy na červenou a generuje výzvy?,prepocet,0.0
115,2019,10.10,Je provozován systém detekce jízdy na červenou a generuje výzvy?,prepocet,2.0
115,2020,10.10,Je provozován systém detekce jízdy na červenou a generuje výzvy?,prepocet,0.0
115,2021,10.10,Je provozován systém detekce jízdy na červenou a generuje výzvy?,prepocet,0.0
115,2022,10.10,Je provozován systém detekce jízdy na červenou a generuje výzvy?,prepocet,0.0
115,2023,10.10,Je provozován systém detekce jízdy na červenou a generuje výzvy?,prepocet,0.0
115,2024,10.10,Je provozován systém detekce jízdy na červenou a generuje výzvy?,prepocet,0.0
115,2025,10.10,Je provozován systém detekce jízdy na červenou a generuje výzvy?,prepocet,0.0
115,2010,10.11,"Počet oznámených skutkových podstat dle §125f, odst. 2, písm. a) k celkovému počtu oznámených skutkových podstat dle zákona 361/2000 Sb. (%)",prepocet,
115,2011,10.11,"Počet oznámených skutkových podstat dle §125f, odst. 2, písm. a) k celkovému počtu oznámených skutkových podstat dle zákona 361/2000 Sb. (%)",prepocet,
115,2012,10.11,"Počet oznámených skutkových podstat dle §125f, odst. 2, písm. a) k celkovému počtu oznámených skutkových podstat dle zákona 361/2000 Sb. (%)",prepocet,
115,2013,10.11,"Počet oznámených skutkových podstat dle §125f, odst. 2, písm. a) k celkovému počtu oznámených skutkových podstat dle zákona 361/2000 Sb. (%)",prepocet,
115,2014,10.11,"Počet oznámených skutkových podstat dle §125f, odst. 2, písm. a) k celkovému počtu oznámených skutkových podstat dle zákona 361/2000 Sb. (%)",prepocet,
115,2015,10.11,"Počet oznámených skutkových podstat dle §125f, odst. 2, písm. a) k celkovému počtu oznámených skutkových podstat dle zákona 361/2000 Sb. (%)",prepocet,
115,2016,10.11,"Počet oznámených skutkových podstat dle §125f, odst. 2, písm. a) k celkovému počtu oznámených skutkových podstat dle zákona 361/2000 Sb. (%)",prepocet,
115,2017,10.11,"Počet oznámených skutkových podstat dle §125f, odst. 2, písm. a) k celkovému počtu oznámených skutkových podstat dle zákona 361/2000 Sb. (%)",prepocet,
115,2018,10.11,"Počet oznámených skutkových podstat dle §125f, odst. 2, písm. a) k celkovému počtu oznámených skutkových podstat dle zákona 361/2000 Sb. (%)",prepocet,83.708
115,2019,10.11,"Počet oznámených skutkových podstat dle §125f, odst. 2, písm. a) k celkovému počtu oznámených skutkových podstat dle zákona 361/2000 Sb. (%)",prepocet,94.451
115,2020,10.11,"Počet oznámených skutkových podstat dle §125f, odst. 2, písm. a) k celkovému počtu oznámených skutkových podstat dle zákona 361/2000 Sb. (%)",prepocet,85.357
115,2021,10.11,"Počet oznámených skutkových podstat dle §125f, odst. 2, písm. a) k celkovému počtu oznámených skutkových podstat dle zákona 361/2000 Sb. (%)",prepocet,78.026
115,2022,10.11,"Počet oznámených skutkových podstat dle §125f, odst. 2, písm. a) k celkovému počtu oznámených skutkových podstat dle zákona 361/2000 Sb. (%)",prepocet,95.505
115,2023,10.11,"Počet oznámených skutkových podstat dle §125f, odst. 2, písm. a) k celkovému počtu oznámených skutkových podstat dle zákona 361/2000 Sb. (%)",prepocet,89.537
115,2024,10.11,"Počet oznámených skutkových podstat dle §125f, odst. 2, písm. a) k celkovému počtu oznámených skutkových podstat dle zákona 361/2000 Sb. (%)",prepocet,85.083
115,2025,10.11,"Počet oznámených skutkových podstat dle §125f, odst. 2, písm. a) k celkovému počtu oznámených skutkových podstat dle zákona 361/2000 Sb. (%)",prepocet,88.408
115,2010,10.12,"Počet zaměstnanců - pracovních úvazků celkem; SOUČET ZA PŘESTUPKY dle zákonů 361/2000 Sb., 168/1999 Sb. a 56/2001 Sb.",prepocet,
115,2011,10.12,"Počet zaměstnanců - pracovních úvazků celkem; SOUČET ZA PŘESTUPKY dle zákonů 361/2000 Sb., 168/1999 Sb. a 56/2001 Sb.",prepocet,
115,2012,10.12,"Počet zaměstnanců - pracovních úvazků celkem; SOUČET ZA PŘESTUPKY dle zákonů 361/2000 Sb., 168/1999 Sb. a 56/2001 Sb.",prepocet,
115,2013,10.12,"Počet zaměstnanců - pracovních úvazků celkem; SOUČET ZA PŘESTUPKY dle zákonů 361/2000 Sb., 168/1999 Sb. a 56/2001 Sb.",prepocet,
115,2014,10.12,"Počet zaměstnanců - pracovních úvazků celkem; SOUČET ZA PŘESTUPKY dle zákonů 361/2000 Sb., 168/1999 Sb. a 56/2001 Sb.",prepocet,
115,2015,10.12,"Počet zaměstnanců - pracovních úvazků celkem; SOUČET ZA PŘESTUPKY dle zákonů 361/2000 Sb., 168/1999 Sb. a 56/2001 Sb.",prepocet,
115,2016,10.12,"Počet zaměstnanců - pracovních úvazků celkem; SOUČET ZA PŘESTUPKY dle zákonů 361/2000 Sb., 168/1999 Sb. a 56/2001 Sb.",prepocet,
115,2017,10.12,"Počet zaměstnanců - pracovních úvazků celkem; SOUČET ZA PŘESTUPKY dle zákonů 361/2000 Sb., 168/1999 Sb. a 56/2001 Sb.",prepocet,
115,2018,10.12,"Počet zaměstnanců - pracovních úvazků celkem; SOUČET ZA PŘESTUPKY dle zákonů 361/2000 Sb., 168/1999 Sb. a 56/2001 Sb.",prepocet,2.9
115,2019,10.12,"Počet zaměstnanců - pracovních úvazků celkem; SOUČET ZA PŘESTUPKY dle zákonů 361/2000 Sb., 168/1999 Sb. a 56/2001 Sb.",prepocet,2.9
115,2020,10.12,"Počet zaměstnanců - pracovních úvazků celkem; SOUČET ZA PŘESTUPKY dle zákonů 361/2000 Sb., 168/1999 Sb. a 56/2001 Sb.",prepocet,7.2
115,2021,10.12,"Počet zaměstnanců - pracovních úvazků celkem; SOUČET ZA PŘESTUPKY dle zákonů 361/2000 Sb., 168/1999 Sb. a 56/2001 Sb.",prepocet,8.0
115,2022,10.12,"Počet zaměstnanců - pracovních úvazků celkem; SOUČET ZA PŘESTUPKY dle zákonů 361/2000 Sb., 168/1999 Sb. a 56/2001 Sb.",prepocet,8.0
115,2023,10.12,"Počet zaměstnanců - pracovních úvazků celkem; SOUČET ZA PŘESTUPKY dle zákonů 361/2000 Sb., 168/1999 Sb. a 56/2001 Sb.",prepocet,7.7
115,2024,10.12,"Počet zaměstnanců - pracovních úvazků celkem; SOUČET ZA PŘESTUPKY dle zákonů 361/2000 Sb., 168/1999 Sb. a 56/2001 Sb.",prepocet,8.2
115,2025,10.12,"Počet zaměstnanců - pracovních úvazků celkem; SOUČET ZA PŘESTUPKY dle zákonů 361/2000 Sb., 168/1999 Sb. a 56/2001 Sb.",prepocet,8.2
115,2010,10.12.1,"Procento úvazků zaměstnanců, kteří zpracovávají zpracovávají přestupky dle §125f, odst. 2, písm. a) zákona 361/2000 Sb.",prepocet,
115,2011,10.12.1,"Procento úvazků zaměstnanců, kteří zpracovávají zpracovávají přestupky dle §125f, odst. 2, písm. a) zákona 361/2000 Sb.",prepocet,
115,2012,10.12.1,"Procento úvazků zaměstnanců, kteří zpracovávají zpracovávají přestupky dle §125f, odst. 2, písm. a) zákona 361/2000 Sb.",prepocet,
115,2013,10.12.1,"Procento úvazků zaměstnanců, kteří zpracovávají zpracovávají přestupky dle §125f, odst. 2, písm. a) zákona 361/2000 Sb.",prepocet,
115,2014,10.12.1,"Procento úvazků zaměstnanců, kteří zpracovávají zpracovávají přestupky dle §125f, odst. 2, písm. a) zákona 361/2000 Sb.",prepocet,
115,2015,10.12.1,"Procento úvazků zaměstnanců, kteří zpracovávají zpracovávají přestupky dle §125f, odst. 2, písm. a) zákona 361/2000 Sb.",prepocet,
115,2016,10.12.1,"Procento úvazků zaměstnanců, kteří zpracovávají zpracovávají přestupky dle §125f, odst. 2, písm. a) zákona 361/2000 Sb.",prepocet,
115,2017,10.12.1,"Procento úvazků zaměstnanců, kteří zpracovávají zpracovávají přestupky dle §125f, odst. 2, písm. a) zákona 361/2000 Sb.",prepocet,
115,2018,10.12.1,"Procento úvazků zaměstnanců, kteří zpracovávají zpracovávají přestupky dle §125f, odst. 2, písm. a) zákona 361/2000 Sb.",prepocet,27.586
115,2019,10.12.1,"Procento úvazků zaměstnanců, kteří zpracovávají zpracovávají přestupky dle §125f, odst. 2, písm. a) zákona 361/2000 Sb.",prepocet,75.862
115,2020,10.12.1,"Procento úvazků zaměstnanců, kteří zpracovávají zpracovávají přestupky dle §125f, odst. 2, písm. a) zákona 361/2000 Sb.",prepocet,55.556
115,2021,10.12.1,"Procento úvazků zaměstnanců, kteří zpracovávají zpracovávají přestupky dle §125f, odst. 2, písm. a) zákona 361/2000 Sb.",prepocet,68.75
115,2022,10.12.1,"Procento úvazků zaměstnanců, kteří zpracovávají zpracovávají přestupky dle §125f, odst. 2, písm. a) zákona 361/2000 Sb.",prepocet,68.75
115,2023,10.12.1,"Procento úvazků zaměstnanců, kteří zpracovávají zpracovávají přestupky dle §125f, odst. 2, písm. a) zákona 361/2000 Sb.",prepocet,71.429
115,2024,10.12.1,"Procento úvazků zaměstnanců, kteří zpracovávají zpracovávají přestupky dle §125f, odst. 2, písm. a) zákona 361/2000 Sb.",prepocet,48.537
115,2025,10.12.1,"Procento úvazků zaměstnanců, kteří zpracovávají zpracovávají přestupky dle §125f, odst. 2, písm. a) zákona 361/2000 Sb.",prepocet,48.537
115,2010,10.13,Struktura počtu oznámených skutkových podstat,prepocet,
115,2011,10.13,Struktura počtu oznámených skutkových podstat,prepocet,
115,2012,10.13,Struktura počtu oznámených skutkových podstat,prepocet,
115,2013,10.13,Struktura počtu oznámených skutkových podstat,prepocet,
115,2014,10.13,Struktura počtu oznámených skutkových podstat,prepocet,
115,2015,10.13,Struktura počtu oznámených skutkových podstat,prepocet,
115,2016,10.13,Struktura počtu oznámených skutkových podstat,prepocet,
115,2017,10.13,Struktura počtu oznámených skutkových podstat,prepocet,
115,2018,10.13,Struktura počtu oznámených skutkových podstat,prepocet,98.0
115,2019,10.13,Struktura počtu oznámených skutkových podstat,prepocet,0.0
115,2020,10.13,Struktura počtu oznámených skutkových podstat,prepocet,2.0
115,2021,10.13,Struktura počtu oznámených skutkových podstat,prepocet,99.0
115,2022,10.13,Struktura počtu oznámených skutkových podstat,prepocet,0.0
115,2023,10.13,Struktura počtu oznámených skutkových podstat,prepocet,1.0
115,2024,10.13,Struktura počtu oznámených skutkových podstat,prepocet,99.0
115,2025,10.13,Struktura počtu oznámených skutkových podstat,prepocet,0.0
115,2010,10.14,Struktura přestupků vyřízených rozhodnutím,prepocet,
115,2011,10.14,Struktura přestupků vyřízených rozhodnutím,prepocet,
115,2012,10.14,Struktura přestupků vyřízených rozhodnutím,prepocet,
115,2013,10.14,Struktura přestupků vyřízených rozhodnutím,prepocet,
115,2014,10.14,Struktura přestupků vyřízených rozhodnutím,prepocet,
115,2015,10.14,Struktura přestupků vyřízených rozhodnutím,prepocet,
115,2016,10.14,Struktura přestupků vyřízených rozhodnutím,prepocet,
115,2017,10.14,Struktura přestupků vyřízených rozhodnutím,prepocet,
115,2018,10.14,Struktura přestupků vyřízených rozhodnutím,prepocet,95.0
115,2019,10.14,Struktura přestupků vyřízených rozhodnutím,prepocet,3.0
115,2020,10.14,Struktura přestupků vyřízených rozhodnutím,prepocet,2.0
115,2021,10.14,Struktura přestupků vyřízených rozhodnutím,prepocet,81.0
115,2022,10.14,Struktura přestupků vyřízených rozhodnutím,prepocet,3.0
115,2023,10.14,Struktura přestupků vyřízených rozhodnutím,prepocet,16.0
115,2024,10.14,Struktura přestupků vyřízených rozhodnutím,prepocet,95.0
115,2025,10.14,Struktura přestupků vyřízených rozhodnutím,prepocet,0.0
115,2010,10.15,Počet oznámených skutkových podstat na 1 000 obyvatel správního obvodu,prepocet,
115,2011,10.15,Počet oznámených skutkových podstat na 1 000 obyvatel správního obvodu,prepocet,
115,2012,10.15,Počet oznámených skutkových podstat na 1 000 obyvatel správního obvodu,prepocet,
115,2013,10.15,Počet oznámených skutkových podstat na 1 000 obyvatel správního obvodu,prepocet,
115,2014,10.15,Počet oznámených skutkových podstat na 1 000 obyvatel správního obvodu,prepocet,
115,2015,10.15,Počet oznámených skutkových podstat na 1 000 obyvatel správního obvodu,prepocet,
115,2016,10.15,Počet oznámených skutkových podstat na 1 000 obyvatel správního obvodu,prepocet,
115,2017,10.15,Počet oznámených skutkových podstat na 1 000 obyvatel správního obvodu,prepocet,
115,2018,10.15,Počet oznámených skutkových podstat na 1 000 obyvatel správního obvodu,prepocet,271.448
115,2019,10.15,Počet oznámených skutkových podstat na 1 000 obyvatel správního obvodu,prepocet,267.907
115,2020,10.15,Počet oznámených skutkových podstat na 1 000 obyvatel správního obvodu,prepocet,465.306
115,2021,10.15,Počet oznámených skutkových podstat na 1 000 obyvatel správního obvodu,prepocet,400.952
115,2022,10.15,Počet oznámených skutkových podstat na 1 000 obyvatel správního obvodu,prepocet,591.918
115,2023,10.15,Počet oznámených skutkových podstat na 1 000 obyvatel správního obvodu,prepocet,560.211
115,2024,10.15,Počet oznámených skutkových podstat na 1 000 obyvatel správního obvodu,prepocet,413.988
115,2025,10.15,Počet oznámených skutkových podstat na 1 000 obyvatel správního obvodu,prepocet,319.158
115,2010,10.16,Počet přestupků vyřízených rozhodnutím na 1 000 obyvatel správního obvodu,prepocet,
115,2011,10.16,Počet přestupků vyřízených rozhodnutím na 1 000 obyvatel správního obvodu,prepocet,
115,2012,10.16,Počet přestupků vyřízených rozhodnutím na 1 000 obyvatel správního obvodu,prepocet,
115,2013,10.16,Počet přestupků vyřízených rozhodnutím na 1 000 obyvatel správního obvodu,prepocet,
115,2014,10.16,Počet přestupků vyřízených rozhodnutím na 1 000 obyvatel správního obvodu,prepocet,
115,2015,10.16,Počet přestupků vyřízených rozhodnutím na 1 000 obyvatel správního obvodu,prepocet,
115,2016,10.16,Počet přestupků vyřízených rozhodnutím na 1 000 obyvatel správního obvodu,prepocet,
115,2017,10.16,Počet přestupků vyřízených rozhodnutím na 1 000 obyvatel správního obvodu,prepocet,
115,2018,10.16,Počet přestupků vyřízených rozhodnutím na 1 000 obyvatel správního obvodu,prepocet,14.556
115,2019,10.16,Počet přestupků vyřízených rozhodnutím na 1 000 obyvatel správního obvodu,prepocet,1.52
115,2020,10.16,Počet přestupků vyřízených rozhodnutím na 1 000 obyvatel správního obvodu,prepocet,9.913
115,2021,10.16,Počet přestupků vyřízených rozhodnutím na 1 000 obyvatel správního obvodu,prepocet,25.606
115,2022,10.16,Počet přestupků vyřízených rozhodnutím na 1 000 obyvatel správního obvodu,prepocet,40.196
115,2023,10.16,Počet přestupků vyřízených rozhodnutím na 1 000 obyvatel správního obvodu,prepocet,4.74
115,2024,10.16,Počet přestupků vyřízených rozhodnutím na 1 000 obyvatel správního obvodu,prepocet,2.56
115,2025,10.16,Počet přestupků vyřízených rozhodnutím na 1 000 obyvatel správního obvodu,prepocet,2.229
115,2010,10.17,Počet zaměstnanců v agendách dopravních přestupků na 1 000 obyvatel správního obvodu,prepocet,
115,2011,10.17,Počet zaměstnanců v agendách dopravních přestupků na 1 000 obyvatel správního obvodu,prepocet,
115,2012,10.17,Počet zaměstnanců v agendách dopravních přestupků na 1 000 obyvatel správního obvodu,prepocet,
115,2013,10.17,Počet zaměstnanců v agendách dopravních přestupků na 1 000 obyvatel správního obvodu,prepocet,
115,2014,10.17,Počet zaměstnanců v agendách dopravních přestupků na 1 000 obyvatel správního obvodu,prepocet,
115,2015,10.17,Počet zaměstnanců v agendách dopravních přestupků na 1 000 obyvatel správního obvodu,prepocet,
115,2016,10.17,Počet zaměstnanců v agendách dopravních přestupků na 1 000 obyvatel správního obvodu,prepocet,
115,2017,10.17,Počet zaměstnanců v agendách dopravních přestupků na 1 000 obyvatel správního obvodu,prepocet,
115,2018,10.17,Počet zaměstnanců v agendách dopravních přestupků na 1 000 obyvatel správního obvodu,prepocet,0.07
115,2019,10.17,Počet zaměstnanců v agendách dopravních přestupků na 1 000 obyvatel správního obvodu,prepocet,0.07
115,2020,10.17,Počet zaměstnanců v agendách dopravních přestupků na 1 000 obyvatel správního obvodu,prepocet,0.174
115,2021,10.17,Počet zaměstnanců v agendách dopravních přestupků na 1 000 obyvatel správního obvodu,prepocet,0.194
115,2022,10.17,Počet zaměstnanců v agendách dopravních přestupků na 1 000 obyvatel správního obvodu,prepocet,0.191
115,2023,10.17,Počet zaměstnanců v agendách dopravních přestupků na 1 000 obyvatel správního obvodu,prepocet,0.184
115,2024,10.17,Počet zaměstnanců v agendách dopravních přestupků na 1 000 obyvatel správního obvodu,prepocet,0.198
115,2025,10.17,Počet zaměstnanců v agendách dopravních přestupků na 1 000 obyvatel správního obvodu,prepocet,0.199
115,2010,11.3,Počet sledovaných úkonů na pracovníka,prepocet,344.0
115,2011,11.3,Počet sledovaných úkonů na pracovníka,prepocet,349.0
115,2012,11.3,Počet sledovaných úkonů na pracovníka,prepocet,306.667
115,2013,11.3,Počet sledovaných úkonů na pracovníka,prepocet,298.0
115,2014,11.3,Počet sledovaných úkonů na pracovníka,prepocet,269.0
115,2015,11.3,Počet sledovaných úkonů na pracovníka,prepocet,288.0
115,2016,11.3,Počet sledovaných úkonů na pracovníka,prepocet,277.0
115,2017,11.3,Počet sledovaných úkonů na pracovníka,prepocet,284.0
115,2018,11.3,Počet sledovaných úkonů na pracovníka,prepocet,283.0
115,2019,11.3,Počet sledovaných úkonů na pracovníka,prepocet,298.0
115,2020,11.3,Počet sledovaných úkonů na pracovníka,prepocet,275.0
115,2021,11.3,Počet sledovaných úkonů na pracovníka,prepocet,302.0
115,2022,11.3,Počet sledovaných úkonů na pracovníka,prepocet,305.0
115,2023,11.3,Počet sledovaných úkonů na pracovníka,prepocet,338.0
115,2024,11.3,Počet sledovaných úkonů na pracovníka,prepocet,355.0
115,2025,11.3,Počet sledovaných úkonů na pracovníka,prepocet,340.0
115,2010,11.4,Struktura sledovaných úkonů,prepocet,55.0
115,2011,11.4,Struktura sledovaných úkonů,prepocet,0.0
115,2012,11.4,Struktura sledovaných úkonů,prepocet,45.0
115,2013,11.4,Struktura sledovaných úkonů,prepocet,57.0
115,2014,11.4,Struktura sledovaných úkonů,prepocet,0.0
115,2015,11.4,Struktura sledovaných úkonů,prepocet,43.0
115,2016,11.4,Struktura sledovaných úkonů,prepocet,59.0
115,2017,11.4,Struktura sledovaných úkonů,prepocet,0.0
115,2018,11.4,Struktura sledovaných úkonů,prepocet,41.0
115,2019,11.4,Struktura sledovaných úkonů,prepocet,53.0
115,2020,11.4,Struktura sledovaných úkonů,prepocet,0.0
115,2021,11.4,Struktura sledovaných úkonů,prepocet,47.0
115,2022,11.4,Struktura sledovaných úkonů,prepocet,49.0
115,2023,11.4,Struktura sledovaných úkonů,prepocet,0.0
115,2024,11.4,Struktura sledovaných úkonů,prepocet,51.0
115,2025,11.4,Struktura sledovaných úkonů,prepocet,57.0
115,2010,11.5,Provozní výdaje na jeden sledovaný úkon v Kč,prepocet,1380.111
115,2011,11.5,Provozní výdaje na jeden sledovaný úkon v Kč,prepocet,1360.338
115,2012,11.5,Provozní výdaje na jeden sledovaný úkon v Kč,prepocet,1791.75
115,2013,11.5,Provozní výdaje na jeden sledovaný úkon v Kč,prepocet,1882.049
115,2014,11.5,Provozní výdaje na jeden sledovaný úkon v Kč,prepocet,1987.422
115,2015,11.5,Provozní výdaje na jeden sledovaný úkon v Kč,prepocet,1967.292
115,2016,11.5,Provozní výdaje na jeden sledovaný úkon v Kč,prepocet,1845.568
115,2017,11.5,Provozní výdaje na jeden sledovaný úkon v Kč,prepocet,1987.072
115,2018,11.5,Provozní výdaje na jeden sledovaný úkon v Kč,prepocet,2240.761
115,2019,11.5,Provozní výdaje na jeden sledovaný úkon v Kč,prepocet,2241.065
115,2020,11.5,Provozní výdaje na jeden sledovaný úkon v Kč,prepocet,2455.637
115,2021,11.5,Provozní výdaje na jeden sledovaný úkon v Kč,prepocet,2133.785
115,2022,11.5,Provozní výdaje na jeden sledovaný úkon v Kč,prepocet,2151.539
115,2023,11.5,Provozní výdaje na jeden sledovaný úkon v Kč,prepocet,2115.261
115,2024,11.5,Provozní výdaje na jeden sledovaný úkon v Kč,prepocet,2216.727
115,2025,11.5,Provozní výdaje na jeden sledovaný úkon v Kč,prepocet,2432.277
115,2010,11.7,Počet zaměstnanců - pracovních úvazků v agendě silniční správní úřad celkem,prepocet,1.0
115,2011,11.7,Počet zaměstnanců - pracovních úvazků v agendě silniční správní úřad celkem,prepocet,1.0
115,2012,11.7,Počet zaměstnanců - pracovních úvazků v agendě silniční správní úřad celkem,prepocet,0.9
115,2013,11.7,Počet zaměstnanců - pracovních úvazků v agendě silniční správní úřad celkem,prepocet,1.0
115,2014,11.7,Počet zaměstnanců - pracovních úvazků v agendě silniční správní úřad celkem,prepocet,1.0
115,2015,11.7,Počet zaměstnanců - pracovních úvazků v agendě silniční správní úřad celkem,prepocet,1.0
115,2016,11.7,Počet zaměstnanců - pracovních úvazků v agendě silniční správní úřad celkem,prepocet,1.0
115,2017,11.7,Počet zaměstnanců - pracovních úvazků v agendě silniční správní úřad celkem,prepocet,1.0
115,2018,11.7,Počet zaměstnanců - pracovních úvazků v agendě silniční správní úřad celkem,prepocet,1.0
115,2019,11.7,Počet zaměstnanců - pracovních úvazků v agendě silniční správní úřad celkem,prepocet,1.0
115,2020,11.7,Počet zaměstnanců - pracovních úvazků v agendě silniční správní úřad celkem,prepocet,1.0
115,2021,11.7,Počet zaměstnanců - pracovních úvazků v agendě silniční správní úřad celkem,prepocet,1.0
115,2022,11.7,Počet zaměstnanců - pracovních úvazků v agendě silniční správní úřad celkem,prepocet,1.0
115,2023,11.7,Počet zaměstnanců - pracovních úvazků v agendě silniční správní úřad celkem,prepocet,1.0
115,2024,11.7,Počet zaměstnanců - pracovních úvazků v agendě silniční správní úřad celkem,prepocet,1.0
115,2025,11.7,Počet zaměstnanců - pracovních úvazků v agendě silniční správní úřad celkem,prepocet,1.0
115,2010,11.8,Počet pracovníků silničního správního úřadu na 1 000 obyvatel správního obvodu,prepocet,0.024
115,2011,11.8,Počet pracovníků silničního správního úřadu na 1 000 obyvatel správního obvodu,prepocet,0.024
115,2012,11.8,Počet pracovníků silničního správního úřadu na 1 000 obyvatel správního obvodu,prepocet,0.022
115,2013,11.8,Počet pracovníků silničního správního úřadu na 1 000 obyvatel správního obvodu,prepocet,0.024
115,2014,11.8,Počet pracovníků silničního správního úřadu na 1 000 obyvatel správního obvodu,prepocet,0.024
115,2015,11.8,Počet pracovníků silničního správního úřadu na 1 000 obyvatel správního obvodu,prepocet,0.024
115,2016,11.8,Počet pracovníků silničního správního úřadu na 1 000 obyvatel správního obvodu,prepocet,0.024
115,2017,11.8,Počet pracovníků silničního správního úřadu na 1 000 obyvatel správního obvodu,prepocet,0.024
115,2018,11.8,Počet pracovníků silničního správního úřadu na 1 000 obyvatel správního obvodu,prepocet,0.024
115,2019,11.8,Počet pracovníků silničního správního úřadu na 1 000 obyvatel správního obvodu,prepocet,0.024
115,2020,11.8,Počet pracovníků silničního správního úřadu na 1 000 obyvatel správního obvodu,prepocet,0.024
115,2021,11.8,Počet pracovníků silničního správního úřadu na 1 000 obyvatel správního obvodu,prepocet,0.024
115,2022,11.8,Počet pracovníků silničního správního úřadu na 1 000 obyvatel správního obvodu,prepocet,0.024
115,2023,11.8,Počet pracovníků silničního správního úřadu na 1 000 obyvatel správního obvodu,prepocet,0.024
115,2024,11.8,Počet pracovníků silničního správního úřadu na 1 000 obyvatel správního obvodu,prepocet,0.024
115,2025,11.8,Počet pracovníků silničního správního úřadu na 1 000 obyvatel správního obvodu,prepocet,0.024
115,2010,12.3,Počet sledovaných úkonů celkem na jednoho pracovníka,prepocet,63.333
115,2011,12.3,Počet sledovaných úkonů celkem na jednoho pracovníka,prepocet,210.0
115,2012,12.3,Počet sledovaných úkonů celkem na jednoho pracovníka,prepocet,180.0
115,2013,12.3,Počet sledovaných úkonů celkem na jednoho pracovníka,prepocet,260.0
115,2014,12.3,Počet sledovaných úkonů celkem na jednoho pracovníka,prepocet,232.5
115,2015,12.3,Počet sledovaných úkonů celkem na jednoho pracovníka,prepocet,135.0
115,2016,12.3,Počet sledovaných úkonů celkem na jednoho pracovníka,prepocet,125.0
115,2017,12.3,Počet sledovaných úkonů celkem na jednoho pracovníka,prepocet,135.0
115,2018,12.3,Počet sledovaných úkonů celkem na jednoho pracovníka,prepocet,122.5
115,2019,12.3,Počet sledovaných úkonů celkem na jednoho pracovníka,prepocet,175.0
115,2020,12.3,Počet sledovaných úkonů celkem na jednoho pracovníka,prepocet,165.0
115,2021,12.3,Počet sledovaných úkonů celkem na jednoho pracovníka,prepocet,240.0
115,2022,12.3,Počet sledovaných úkonů celkem na jednoho pracovníka,prepocet,195.0
115,2023,12.3,Počet sledovaných úkonů celkem na jednoho pracovníka,prepocet,
115,2024,12.3,Počet sledovaných úkonů celkem na jednoho pracovníka,prepocet,370.0
115,2025,12.3,Počet sledovaných úkonů celkem na jednoho pracovníka,prepocet,335.0
115,2010,12.4,"Struktura sledovaných úkonů za agendy MHD, TAXI a SME",prepocet,0.0
115,2011,12.4,"Struktura sledovaných úkonů za agendy MHD, TAXI a SME",prepocet,100.0
115,2012,12.4,"Struktura sledovaných úkonů za agendy MHD, TAXI a SME",prepocet,0.0
115,2013,12.4,"Struktura sledovaných úkonů za agendy MHD, TAXI a SME",prepocet,0.0
115,2014,12.4,"Struktura sledovaných úkonů za agendy MHD, TAXI a SME",prepocet,87.0
115,2015,12.4,"Struktura sledovaných úkonů za agendy MHD, TAXI a SME",prepocet,13.0
115,2016,12.4,"Struktura sledovaných úkonů za agendy MHD, TAXI a SME",prepocet,0.0
115,2017,12.4,"Struktura sledovaných úkonů za agendy MHD, TAXI a SME",prepocet,85.0
115,2018,12.4,"Struktura sledovaných úkonů za agendy MHD, TAXI a SME",prepocet,15.0
115,2019,12.4,"Struktura sledovaných úkonů za agendy MHD, TAXI a SME",prepocet,0.0
115,2020,12.4,"Struktura sledovaných úkonů za agendy MHD, TAXI a SME",prepocet,94.0
115,2021,12.4,"Struktura sledovaných úkonů za agendy MHD, TAXI a SME",prepocet,6.0
115,2022,12.4,"Struktura sledovaných úkonů za agendy MHD, TAXI a SME",prepocet,0.0
115,2023,12.4,"Struktura sledovaných úkonů za agendy MHD, TAXI a SME",prepocet,100.0
115,2024,12.4,"Struktura sledovaných úkonů za agendy MHD, TAXI a SME",prepocet,0.0
115,2025,12.4,"Struktura sledovaných úkonů za agendy MHD, TAXI a SME",prepocet,0.0
115,2010,12.5,Provozní výdaje na jeden sledovaný úkon v Kč,prepocet,7496.18
115,2011,12.5,Provozní výdaje na jeden sledovaný úkon v Kč,prepocet,2260.753
115,2012,12.5,Provozní výdaje na jeden sledovaný úkon v Kč,prepocet,3052.611
115,2013,12.5,Provozní výdaje na jeden sledovaný úkon v Kč,prepocet,2157.117
115,2014,12.5,Provozní výdaje na jeden sledovaný úkon v Kč,prepocet,2299.426
115,2015,12.5,Provozní výdaje na jeden sledovaný úkon v Kč,prepocet,4196.889
115,2016,12.5,Provozní výdaje na jeden sledovaný úkon v Kč,prepocet,4089.779
115,2017,12.5,Provozní výdaje na jeden sledovaný úkon v Kč,prepocet,4180.21
115,2018,12.5,Provozní výdaje na jeden sledovaný úkon v Kč,prepocet,5176.615
115,2019,12.5,Provozní výdaje na jeden sledovaný úkon v Kč,prepocet,3816.213
115,2020,12.5,Provozní výdaje na jeden sledovaný úkon v Kč,prepocet,4092.728
115,2021,12.5,Provozní výdaje na jeden sledovaný úkon v Kč,prepocet,2685.013
115,2022,12.5,Provozní výdaje na jeden sledovaný úkon v Kč,prepocet,3365.228
115,2023,12.5,Provozní výdaje na jeden sledovaný úkon v Kč,prepocet,
115,2024,12.5,Provozní výdaje na jeden sledovaný úkon v Kč,prepocet,2126.859
115,2025,12.5,Provozní výdaje na jeden sledovaný úkon v Kč,prepocet,2468.58
115,2010,12.6,Počet zaměstnanců - pracovních úvazků v agendě dopravní úřad celkem,prepocet,0.6
115,2011,12.6,Počet zaměstnanců - pracovních úvazků v agendě dopravní úřad celkem,prepocet,0.4
115,2012,12.6,Počet zaměstnanců - pracovních úvazků v agendě dopravní úřad celkem,prepocet,0.4
115,2013,12.6,Počet zaměstnanců - pracovních úvazků v agendě dopravní úřad celkem,prepocet,0.4
115,2014,12.6,Počet zaměstnanců - pracovních úvazků v agendě dopravní úřad celkem,prepocet,0.4
115,2015,12.6,Počet zaměstnanců - pracovních úvazků v agendě dopravní úřad celkem,prepocet,0.4
115,2016,12.6,Počet zaměstnanců - pracovních úvazků v agendě dopravní úřad celkem,prepocet,0.4
115,2017,12.6,Počet zaměstnanců - pracovních úvazků v agendě dopravní úřad celkem,prepocet,0.4
115,2018,12.6,Počet zaměstnanců - pracovních úvazků v agendě dopravní úřad celkem,prepocet,0.4
115,2019,12.6,Počet zaměstnanců - pracovních úvazků v agendě dopravní úřad celkem,prepocet,0.4
115,2020,12.6,Počet zaměstnanců - pracovních úvazků v agendě dopravní úřad celkem,prepocet,0.4
115,2021,12.6,Počet zaměstnanců - pracovních úvazků v agendě dopravní úřad celkem,prepocet,0.2
115,2022,12.6,Počet zaměstnanců - pracovních úvazků v agendě dopravní úřad celkem,prepocet,0.2
115,2023,12.6,Počet zaměstnanců - pracovních úvazků v agendě dopravní úřad celkem,prepocet,0.2
115,2024,12.6,Počet zaměstnanců - pracovních úvazků v agendě dopravní úřad celkem,prepocet,0.2
115,2025,12.6,Počet zaměstnanců - pracovních úvazků v agendě dopravní úřad celkem,prepocet,0.2
115,2010,12.7,Počet pracovníků dopravního úřadu na 1 000 obyvatel správního obvodu,prepocet,0.014
115,2011,12.7,Počet pracovníků dopravního úřadu na 1 000 obyvatel správního obvodu,prepocet,0.01
115,2012,12.7,Počet pracovníků dopravního úřadu na 1 000 obyvatel správního obvodu,prepocet,0.01
115,2013,12.7,Počet pracovníků dopravního úřadu na 1 000 obyvatel správního obvodu,prepocet,0.01
115,2014,12.7,Počet pracovníků dopravního úřadu na 1 000 obyvatel správního obvodu,prepocet,0.01
115,2015,12.7,Počet pracovníků dopravního úřadu na 1 000 obyvatel správního obvodu,prepocet,0.01
115,2016,12.7,Počet pracovníků dopravního úřadu na 1 000 obyvatel správního obvodu,prepocet,0.009
115,2017,12.7,Počet pracovníků dopravního úřadu na 1 000 obyvatel správního obvodu,prepocet,0.01
115,2018,12.7,Počet pracovníků dopravního úřadu na 1 000 obyvatel správního obvodu,prepocet,0.01
115,2019,12.7,Počet pracovníků dopravního úřadu na 1 000 obyvatel správního obvodu,prepocet,0.01
115,2020,12.7,Počet pracovníků dopravního úřadu na 1 000 obyvatel správního obvodu,prepocet,0.01
115,2021,12.7,Počet pracovníků dopravního úřadu na 1 000 obyvatel správního obvodu,prepocet,0.005
115,2022,12.7,Počet pracovníků dopravního úřadu na 1 000 obyvatel správního obvodu,prepocet,0.005
115,2023,12.7,Počet pracovníků dopravního úřadu na 1 000 obyvatel správního obvodu,prepocet,0.005
115,2024,12.7,Počet pracovníků dopravního úřadu na 1 000 obyvatel správního obvodu,prepocet,0.005
115,2025,12.7,Počet pracovníků dopravního úřadu na 1 000 obyvatel správního obvodu,prepocet,0.005
115,2010,14.3,Celkem řešených ÚPD a změn ÚPD ve sledovaném roce - město,prepocet,2.0
115,2011,14.3,Celkem řešených ÚPD a změn ÚPD ve sledovaném roce - město,prepocet,1.0
115,2012,14.3,Celkem řešených ÚPD a změn ÚPD ve sledovaném roce - město,prepocet,2.0
115,2013,14.3,Celkem řešených ÚPD a změn ÚPD ve sledovaném roce - město,prepocet,3.0
115,2014,14.3,Celkem řešených ÚPD a změn ÚPD ve sledovaném roce - město,prepocet,2.0
115,2015,14.3,Celkem řešených ÚPD a změn ÚPD ve sledovaném roce - město,prepocet,1.0
115,2016,14.3,Celkem řešených ÚPD a změn ÚPD ve sledovaném roce - město,prepocet,1.0
115,2017,14.3,Celkem řešených ÚPD a změn ÚPD ve sledovaném roce - město,prepocet,1.0
115,2018,14.3,Celkem řešených ÚPD a změn ÚPD ve sledovaném roce - město,prepocet,1.0
115,2019,14.3,Celkem řešených ÚPD a změn ÚPD ve sledovaném roce - město,prepocet,1.0
115,2020,14.3,Celkem řešených ÚPD a změn ÚPD ve sledovaném roce - město,prepocet,0.0
115,2021,14.3,Celkem řešených ÚPD a změn ÚPD ve sledovaném roce - město,prepocet,1.0
115,2022,14.3,Celkem řešených ÚPD a změn ÚPD ve sledovaném roce - město,prepocet,1.0
115,2023,14.3,Celkem řešených ÚPD a změn ÚPD ve sledovaném roce - město,prepocet,1.0
115,2024,14.3,Celkem řešených ÚPD a změn ÚPD ve sledovaném roce - město,prepocet,2.0
115,2025,14.3,Celkem řešených ÚPD a změn ÚPD ve sledovaném roce - město,prepocet,2.0
115,2010,14.4,Celkem řešených ÚPD a změn ÚPD ve sledovaném roce - na žádost obcí správního území,prepocet,9.0
115,2011,14.4,Celkem řešených ÚPD a změn ÚPD ve sledovaném roce - na žádost obcí správního území,prepocet,4.0
115,2012,14.4,Celkem řešených ÚPD a změn ÚPD ve sledovaném roce - na žádost obcí správního území,prepocet,6.0
115,2013,14.4,Celkem řešených ÚPD a změn ÚPD ve sledovaném roce - na žádost obcí správního území,prepocet,6.0
115,2014,14.4,Celkem řešených ÚPD a změn ÚPD ve sledovaném roce - na žádost obcí správního území,prepocet,5.0
115,2015,14.4,Celkem řešených ÚPD a změn ÚPD ve sledovaném roce - na žádost obcí správního území,prepocet,2.0
115,2016,14.4,Celkem řešených ÚPD a změn ÚPD ve sledovaném roce - na žádost obcí správního území,prepocet,4.0
115,2017,14.4,Celkem řešených ÚPD a změn ÚPD ve sledovaném roce - na žádost obcí správního území,prepocet,7.0
115,2018,14.4,Celkem řešených ÚPD a změn ÚPD ve sledovaném roce - na žádost obcí správního území,prepocet,8.0
115,2019,14.4,Celkem řešených ÚPD a změn ÚPD ve sledovaném roce - na žádost obcí správního území,prepocet,7.0
115,2020,14.4,Celkem řešených ÚPD a změn ÚPD ve sledovaném roce - na žádost obcí správního území,prepocet,6.0
115,2021,14.4,Celkem řešených ÚPD a změn ÚPD ve sledovaném roce - na žádost obcí správního území,prepocet,3.0
115,2022,14.4,Celkem řešených ÚPD a změn ÚPD ve sledovaném roce - na žádost obcí správního území,prepocet,2.0
115,2023,14.4,Celkem řešených ÚPD a změn ÚPD ve sledovaném roce - na žádost obcí správního území,prepocet,2.0
115,2024,14.4,Celkem řešených ÚPD a změn ÚPD ve sledovaném roce - na žádost obcí správního území,prepocet,2.0
115,2025,14.4,Celkem řešených ÚPD a změn ÚPD ve sledovaném roce - na žádost obcí správního území,prepocet,6.0
115,2010,14.5,Počet řešených přezkumů ve sledovaném roce,prepocet,0.0
115,2011,14.5,Počet řešených přezkumů ve sledovaném roce,prepocet,0.0
115,2012,14.5,Počet řešených přezkumů ve sledovaném roce,prepocet,0.0
115,2013,14.5,Počet řešených přezkumů ve sledovaném roce,prepocet,0.0
115,2014,14.5,Počet řešených přezkumů ve sledovaném roce,prepocet,1.0
115,2015,14.5,Počet řešených přezkumů ve sledovaném roce,prepocet,1.0
115,2016,14.5,Počet řešených přezkumů ve sledovaném roce,prepocet,0.0
115,2017,14.5,Počet řešených přezkumů ve sledovaném roce,prepocet,0.0
115,2018,14.5,Počet řešených přezkumů ve sledovaném roce,prepocet,0.0
115,2019,14.5,Počet řešených přezkumů ve sledovaném roce,prepocet,0.0
115,2020,14.5,Počet řešených přezkumů ve sledovaném roce,prepocet,1.0
115,2021,14.5,Počet řešených přezkumů ve sledovaném roce,prepocet,0.0
115,2022,14.5,Počet řešených přezkumů ve sledovaném roce,prepocet,0.0
115,2023,14.5,Počet řešených přezkumů ve sledovaném roce,prepocet,0.0
115,2024,14.5,Počet řešených přezkumů ve sledovaném roce,prepocet,0.0
115,2025,14.5,Počet řešených přezkumů ve sledovaném roce,prepocet,1.0
115,2010,14.6,Počet sledovaných úkonů celkem na jednoho pracovníka,prepocet,6.5
115,2011,14.6,Počet sledovaných úkonů celkem na jednoho pracovníka,prepocet,5.0
115,2012,14.6,Počet sledovaných úkonů celkem na jednoho pracovníka,prepocet,10.0
115,2013,14.6,Počet sledovaných úkonů celkem na jednoho pracovníka,prepocet,6.875
115,2014,14.6,Počet sledovaných úkonů celkem na jednoho pracovníka,prepocet,8.0
115,2015,14.6,Počet sledovaných úkonů celkem na jednoho pracovníka,prepocet,3.333
115,2016,14.6,Počet sledovaných úkonů celkem na jednoho pracovníka,prepocet,6.667
115,2017,14.6,Počet sledovaných úkonů celkem na jednoho pracovníka,prepocet,8.125
115,2018,14.6,Počet sledovaných úkonů celkem na jednoho pracovníka,prepocet,4.0
115,2019,14.6,Počet sledovaných úkonů celkem na jednoho pracovníka,prepocet,4.4
115,2020,14.6,Počet sledovaných úkonů celkem na jednoho pracovníka,prepocet,3.81
115,2021,14.6,Počet sledovaných úkonů celkem na jednoho pracovníka,prepocet,3.333
115,2022,14.6,Počet sledovaných úkonů celkem na jednoho pracovníka,prepocet,3.333
115,2023,14.6,Počet sledovaných úkonů celkem na jednoho pracovníka,prepocet,2.083
115,2024,14.6,Počet sledovaných úkonů celkem na jednoho pracovníka,prepocet,3.0
115,2025,14.6,Počet sledovaných úkonů celkem na jednoho pracovníka,prepocet,6.25
115,2010,14.7,Celkem řešených ÚPD a změn ÚPD - město a obce správního území na jednoho pracovníka,prepocet,5.5
115,2011,14.7,Celkem řešených ÚPD a změn ÚPD - město a obce správního území na jednoho pracovníka,prepocet,2.5
115,2012,14.7,Celkem řešených ÚPD a změn ÚPD - město a obce správního území na jednoho pracovníka,prepocet,5.714
115,2013,14.7,Celkem řešených ÚPD a změn ÚPD - město a obce správního území na jednoho pracovníka,prepocet,5.625
115,2014,14.7,Celkem řešených ÚPD a změn ÚPD - město a obce správního území na jednoho pracovníka,prepocet,7.0
115,2015,14.7,Celkem řešených ÚPD a změn ÚPD - město a obce správního území na jednoho pracovníka,prepocet,1.667
115,2016,14.7,Celkem řešených ÚPD a změn ÚPD - město a obce správního území na jednoho pracovníka,prepocet,2.778
115,2017,14.7,Celkem řešených ÚPD a změn ÚPD - město a obce správního území na jednoho pracovníka,prepocet,5.0
115,2018,14.7,Celkem řešených ÚPD a změn ÚPD - město a obce správního území na jednoho pracovníka,prepocet,3.6
115,2019,14.7,Celkem řešených ÚPD a změn ÚPD - město a obce správního území na jednoho pracovníka,prepocet,3.2
115,2020,14.7,Celkem řešených ÚPD a změn ÚPD - město a obce správního území na jednoho pracovníka,prepocet,2.857
115,2021,14.7,Celkem řešených ÚPD a změn ÚPD - město a obce správního území na jednoho pracovníka,prepocet,1.667
115,2022,14.7,Celkem řešených ÚPD a změn ÚPD - město a obce správního území na jednoho pracovníka,prepocet,1.25
115,2023,14.7,Celkem řešených ÚPD a změn ÚPD - město a obce správního území na jednoho pracovníka,prepocet,1.25
115,2024,14.7,Celkem řešených ÚPD a změn ÚPD - město a obce správního území na jednoho pracovníka,prepocet,2.0
115,2025,14.7,Celkem řešených ÚPD a změn ÚPD - město a obce správního území na jednoho pracovníka,prepocet,3.333
115,2010,14.8,"Počet vydaných a sledovaných ÚPI a Počet stanovisek, vyjádření, sdělení na jednoho pracovníka",prepocet,
115,2011,14.8,"Počet vydaných a sledovaných ÚPI a Počet stanovisek, vyjádření, sdělení na jednoho pracovníka",prepocet,
115,2012,14.8,"Počet vydaných a sledovaných ÚPI a Počet stanovisek, vyjádření, sdělení na jednoho pracovníka",prepocet,
115,2013,14.8,"Počet vydaných a sledovaných ÚPI a Počet stanovisek, vyjádření, sdělení na jednoho pracovníka",prepocet,
115,2014,14.8,"Počet vydaných a sledovaných ÚPI a Počet stanovisek, vyjádření, sdělení na jednoho pracovníka",prepocet,
115,2015,14.8,"Počet vydaných a sledovaných ÚPI a Počet stanovisek, vyjádření, sdělení na jednoho pracovníka",prepocet,
115,2016,14.8,"Počet vydaných a sledovaných ÚPI a Počet stanovisek, vyjádření, sdělení na jednoho pracovníka",prepocet,
115,2017,14.8,"Počet vydaných a sledovaných ÚPI a Počet stanovisek, vyjádření, sdělení na jednoho pracovníka",prepocet,
115,2018,14.8,"Počet vydaných a sledovaných ÚPI a Počet stanovisek, vyjádření, sdělení na jednoho pracovníka",prepocet,310.8
115,2019,14.8,"Počet vydaných a sledovaných ÚPI a Počet stanovisek, vyjádření, sdělení na jednoho pracovníka",prepocet,234.0
115,2020,14.8,"Počet vydaných a sledovaných ÚPI a Počet stanovisek, vyjádření, sdělení na jednoho pracovníka",prepocet,282.381
115,2021,14.8,"Počet vydaných a sledovaných ÚPI a Počet stanovisek, vyjádření, sdělení na jednoho pracovníka",prepocet,278.333
115,2022,14.8,"Počet vydaných a sledovaných ÚPI a Počet stanovisek, vyjádření, sdělení na jednoho pracovníka",prepocet,234.583
115,2023,14.8,"Počet vydaných a sledovaných ÚPI a Počet stanovisek, vyjádření, sdělení na jednoho pracovníka",prepocet,245.417
115,2024,14.8,"Počet vydaných a sledovaných ÚPI a Počet stanovisek, vyjádření, sdělení na jednoho pracovníka",prepocet,223.0
115,2025,14.8,"Počet vydaných a sledovaných ÚPI a Počet stanovisek, vyjádření, sdělení na jednoho pracovníka",prepocet,30.0
115,2010,14.8.1,Počet vydaných závazných stanovisek na jednoho pracovníka,prepocet,
115,2011,14.8.1,Počet vydaných závazných stanovisek na jednoho pracovníka,prepocet,
115,2012,14.8.1,Počet vydaných závazných stanovisek na jednoho pracovníka,prepocet,
115,2013,14.8.1,Počet vydaných závazných stanovisek na jednoho pracovníka,prepocet,
115,2014,14.8.1,Počet vydaných závazných stanovisek na jednoho pracovníka,prepocet,
115,2015,14.8.1,Počet vydaných závazných stanovisek na jednoho pracovníka,prepocet,
115,2016,14.8.1,Počet vydaných závazných stanovisek na jednoho pracovníka,prepocet,177.778
115,2017,14.8.1,Počet vydaných závazných stanovisek na jednoho pracovníka,prepocet,229.375
115,2018,14.8.1,Počet vydaných závazných stanovisek na jednoho pracovníka,prepocet,178.0
115,2019,14.8.1,Počet vydaných závazných stanovisek na jednoho pracovníka,prepocet,166.0
115,2020,14.8.1,Počet vydaných závazných stanovisek na jednoho pracovníka,prepocet,120.952
115,2021,14.8.1,Počet vydaných závazných stanovisek na jednoho pracovníka,prepocet,111.25
115,2022,14.8.1,Počet vydaných závazných stanovisek na jednoho pracovníka,prepocet,125.417
115,2023,14.8.1,Počet vydaných závazných stanovisek na jednoho pracovníka,prepocet,134.583
115,2024,14.8.1,Počet vydaných závazných stanovisek na jednoho pracovníka,prepocet,148.0
115,2025,14.8.1,Počet vydaných závazných stanovisek na jednoho pracovníka,prepocet,6.25
115,2010,14.9,Struktura úvazků,prepocet,100.0
115,2011,14.9,Struktura úvazků,prepocet,0.0
115,2012,14.9,Struktura úvazků,prepocet,100.0
115,2013,14.9,Struktura úvazků,prepocet,0.0
115,2014,14.9,Struktura úvazků,prepocet,100.0
115,2015,14.9,Struktura úvazků,prepocet,0.0
115,2016,14.9,Struktura úvazků,prepocet,76.0
115,2017,14.9,Struktura úvazků,prepocet,24.0
115,2018,14.9,Struktura úvazků,prepocet,67.0
115,2019,14.9,Struktura úvazků,prepocet,33.0
115,2020,14.9,Struktura úvazků,prepocet,90.0
115,2021,14.9,Struktura úvazků,prepocet,10.0
115,2022,14.9,Struktura úvazků,prepocet,90.0
115,2023,14.9,Struktura úvazků,prepocet,10.0
115,2024,14.9,Struktura úvazků,prepocet,94.0
115,2025,14.9,Struktura úvazků,prepocet,6.0
115,2010,14.10,Podíl úřadu územního plánování na zpracování ÚAP (%),prepocet,0.0
115,2011,14.10,Podíl úřadu územního plánování na zpracování ÚAP (%),prepocet,0.0
115,2012,14.10,Podíl úřadu územního plánování na zpracování ÚAP (%),prepocet,0.0
115,2013,14.10,Podíl úřadu územního plánování na zpracování ÚAP (%),prepocet,100.0
115,2014,14.10,Podíl úřadu územního plánování na zpracování ÚAP (%),prepocet,100.0
115,2015,14.10,Podíl úřadu územního plánování na zpracování ÚAP (%),prepocet,100.0
115,2016,14.10,Podíl úřadu územního plánování na zpracování ÚAP (%),prepocet,100.0
115,2017,14.10,Podíl úřadu územního plánování na zpracování ÚAP (%),prepocet,100.0
115,2018,14.10,Podíl úřadu územního plánování na zpracování ÚAP (%),prepocet,100.0
115,2019,14.10,Podíl úřadu územního plánování na zpracování ÚAP (%),prepocet,100.0
115,2020,14.10,Podíl úřadu územního plánování na zpracování ÚAP (%),prepocet,100.0
115,2021,14.10,Podíl úřadu územního plánování na zpracování ÚAP (%),prepocet,100.0
115,2022,14.10,Podíl úřadu územního plánování na zpracování ÚAP (%),prepocet,100.0
115,2023,14.10,Podíl úřadu územního plánování na zpracování ÚAP (%),prepocet,100.0
115,2024,14.10,Podíl úřadu územního plánování na zpracování ÚAP (%),prepocet,100.0
115,2025,14.10,Podíl úřadu územního plánování na zpracování ÚAP (%),prepocet,100.0
115,2010,14.11,"Struktura sledovaných úkonů (BEZ ÚPI a stanovisek, vyjádření, sdělení)",prepocet,0.0
115,2011,14.11,"Struktura sledovaných úkonů (BEZ ÚPI a stanovisek, vyjádření, sdělení)",prepocet,15.0
115,2012,14.11,"Struktura sledovaných úkonů (BEZ ÚPI a stanovisek, vyjádření, sdělení)",prepocet,54.0
115,2013,14.11,"Struktura sledovaných úkonů (BEZ ÚPI a stanovisek, vyjádření, sdělení)",prepocet,15.0
115,2014,14.11,"Struktura sledovaných úkonů (BEZ ÚPI a stanovisek, vyjádření, sdělení)",prepocet,15.0
115,2015,14.11,"Struktura sledovaných úkonů (BEZ ÚPI a stanovisek, vyjádření, sdělení)",prepocet,0.0
115,2016,14.11,"Struktura sledovaných úkonů (BEZ ÚPI a stanovisek, vyjádření, sdělení)",prepocet,1.0
115,2017,14.11,"Struktura sledovaných úkonů (BEZ ÚPI a stanovisek, vyjádření, sdělení)",prepocet,0.0
115,2018,14.11,"Struktura sledovaných úkonů (BEZ ÚPI a stanovisek, vyjádření, sdělení)",prepocet,10.0
115,2019,14.11,"Struktura sledovaných úkonů (BEZ ÚPI a stanovisek, vyjádření, sdělení)",prepocet,40.0
115,2020,14.11,"Struktura sledovaných úkonů (BEZ ÚPI a stanovisek, vyjádření, sdělení)",prepocet,0.0
115,2021,14.11,"Struktura sledovaných úkonů (BEZ ÚPI a stanovisek, vyjádření, sdělení)",prepocet,50.0
115,2022,14.11,"Struktura sledovaných úkonů (BEZ ÚPI a stanovisek, vyjádření, sdělení)",prepocet,0.0
115,2023,14.11,"Struktura sledovaných úkonů (BEZ ÚPI a stanovisek, vyjádření, sdělení)",prepocet,0.0
115,2024,14.11,"Struktura sledovaných úkonů (BEZ ÚPI a stanovisek, vyjádření, sdělení)",prepocet,0.0
115,2025,14.11,"Struktura sledovaných úkonů (BEZ ÚPI a stanovisek, vyjádření, sdělení)",prepocet,14.0
115,2010,14.11.1,"Struktura sledovaných úkonů (včetně ÚPI a stanovisek, vyjádření, sdělení)",prepocet,
115,2011,14.11.1,"Struktura sledovaných úkonů (včetně ÚPI a stanovisek, vyjádření, sdělení)",prepocet,
115,2012,14.11.1,"Struktura sledovaných úkonů (včetně ÚPI a stanovisek, vyjádření, sdělení)",prepocet,
115,2013,14.11.1,"Struktura sledovaných úkonů (včetně ÚPI a stanovisek, vyjádření, sdělení)",prepocet,
115,2014,14.11.1,"Struktura sledovaných úkonů (včetně ÚPI a stanovisek, vyjádření, sdělení)",prepocet,
115,2015,14.11.1,"Struktura sledovaných úkonů (včetně ÚPI a stanovisek, vyjádření, sdělení)",prepocet,
115,2016,14.11.1,"Struktura sledovaných úkonů (včetně ÚPI a stanovisek, vyjádření, sdělení)",prepocet,0.0
115,2017,14.11.1,"Struktura sledovaných úkonů (včetně ÚPI a stanovisek, vyjádření, sdělení)",prepocet,0.0
115,2018,14.11.1,"Struktura sledovaných úkonů (včetně ÚPI a stanovisek, vyjádření, sdělení)",prepocet,1.0
115,2019,14.11.1,"Struktura sledovaných úkonů (včetně ÚPI a stanovisek, vyjádření, sdělení)",prepocet,1.0
115,2020,14.11.1,"Struktura sledovaných úkonů (včetně ÚPI a stanovisek, vyjádření, sdělení)",prepocet,0.0
115,2021,14.11.1,"Struktura sledovaných úkonů (včetně ÚPI a stanovisek, vyjádření, sdělení)",prepocet,1.0
115,2022,14.11.1,"Struktura sledovaných úkonů (včetně ÚPI a stanovisek, vyjádření, sdělení)",prepocet,1.0
115,2023,14.11.1,"Struktura sledovaných úkonů (včetně ÚPI a stanovisek, vyjádření, sdělení)",prepocet,1.0
115,2024,14.11.1,"Struktura sledovaných úkonů (včetně ÚPI a stanovisek, vyjádření, sdělení)",prepocet,95.0
115,2025,14.11.1,"Struktura sledovaných úkonů (včetně ÚPI a stanovisek, vyjádření, sdělení)",prepocet,0.0
115,2010,14.12,Provozní výdaje na jeden sledovaný úkon v Kč,prepocet,73039.702
115,2011,14.12,Provozní výdaje na jeden sledovaný úkon v Kč,prepocet,94951.613
115,2012,14.12,Provozní výdaje na jeden sledovaný úkon v Kč,prepocet,54947.006
115,2013,14.12,Provozní výdaje na jeden sledovaný úkon v Kč,prepocet,81578.255
115,2014,14.12,Provozní výdaje na jeden sledovaný úkon v Kč,prepocet,66827.073
115,2015,14.12,Provozní výdaje na jeden sledovaný úkon v Kč,prepocet,169974.0
115,2016,14.12,Provozní výdaje na jeden sledovaný úkon v Kč,prepocet,76683.362
115,2017,14.12,Provozní výdaje na jeden sledovaný úkon v Kč,prepocet,69455.795
115,2018,14.12,Provozní výdaje na jeden sledovaný úkon v Kč,prepocet,158533.829
115,2019,14.12,Provozní výdaje na jeden sledovaný úkon v Kč,prepocet,151781.188
115,2020,14.12,Provozní výdaje na jeden sledovaný úkon v Kč,prepocet,177266.293
115,2021,14.12,Provozní výdaje na jeden sledovaný úkon v Kč,prepocet,193320.942
115,2022,14.12,Provozní výdaje na jeden sledovaný úkon v Kč,prepocet,196865.83
115,2023,14.12,Provozní výdaje na jeden sledovaný úkon v Kč,prepocet,343179.905
115,2024,14.12,Provozní výdaje na jeden sledovaný úkon v Kč,prepocet,262312.65
115,2025,14.12,Provozní výdaje na jeden sledovaný úkon v Kč,prepocet,132315.867
115,2010,14.13,Počet zaměstnanců - pracovních úvazků v agendě územní plánování celkem (BEZ úvazků pro ÚAP),prepocet,2.0
115,2011,14.13,Počet zaměstnanců - pracovních úvazků v agendě územní plánování celkem (BEZ úvazků pro ÚAP),prepocet,2.0
115,2012,14.13,Počet zaměstnanců - pracovních úvazků v agendě územní plánování celkem (BEZ úvazků pro ÚAP),prepocet,1.4
115,2013,14.13,Počet zaměstnanců - pracovních úvazků v agendě územní plánování celkem (BEZ úvazků pro ÚAP),prepocet,1.6
115,2014,14.13,Počet zaměstnanců - pracovních úvazků v agendě územní plánování celkem (BEZ úvazků pro ÚAP),prepocet,1.0
115,2015,14.13,Počet zaměstnanců - pracovních úvazků v agendě územní plánování celkem (BEZ úvazků pro ÚAP),prepocet,1.8
115,2016,14.13,Počet zaměstnanců - pracovních úvazků v agendě územní plánování celkem (BEZ úvazků pro ÚAP),prepocet,1.8
115,2017,14.13,Počet zaměstnanců - pracovních úvazků v agendě územní plánování celkem (BEZ úvazků pro ÚAP),prepocet,1.6
115,2018,14.13,Počet zaměstnanců - pracovních úvazků v agendě územní plánování celkem (BEZ úvazků pro ÚAP),prepocet,2.5
115,2019,14.13,Počet zaměstnanců - pracovních úvazků v agendě územní plánování celkem (BEZ úvazků pro ÚAP),prepocet,2.5
115,2020,14.13,Počet zaměstnanců - pracovních úvazků v agendě územní plánování celkem (BEZ úvazků pro ÚAP),prepocet,2.1
115,2021,14.13,Počet zaměstnanců - pracovních úvazků v agendě územní plánování celkem (BEZ úvazků pro ÚAP),prepocet,2.4
115,2022,14.13,Počet zaměstnanců - pracovních úvazků v agendě územní plánování celkem (BEZ úvazků pro ÚAP),prepocet,2.4
115,2023,14.13,Počet zaměstnanců - pracovních úvazků v agendě územní plánování celkem (BEZ úvazků pro ÚAP),prepocet,2.4
115,2024,14.13,Počet zaměstnanců - pracovních úvazků v agendě územní plánování celkem (BEZ úvazků pro ÚAP),prepocet,2.0
115,2025,14.13,Počet zaměstnanců - pracovních úvazků v agendě územní plánování celkem (BEZ úvazků pro ÚAP),prepocet,2.4
115,2010,14.14,Počet pracovníků územního plánování (včetně ÚAP) na 1 000 obyvatel správního obvodu,prepocet,0.048
115,2011,14.14,Počet pracovníků územního plánování (včetně ÚAP) na 1 000 obyvatel správního obvodu,prepocet,0.048
115,2012,14.14,Počet pracovníků územního plánování (včetně ÚAP) na 1 000 obyvatel správního obvodu,prepocet,0.033
115,2013,14.14,Počet pracovníků územního plánování (včetně ÚAP) na 1 000 obyvatel správního obvodu,prepocet,0.05
115,2014,14.14,Počet pracovníků územního plánování (včetně ÚAP) na 1 000 obyvatel správního obvodu,prepocet,0.036
115,2015,14.14,Počet pracovníků územního plánování (včetně ÚAP) na 1 000 obyvatel správního obvodu,prepocet,0.048
115,2016,14.14,Počet pracovníků územního plánování (včetně ÚAP) na 1 000 obyvatel správního obvodu,prepocet,0.047
115,2017,14.14,Počet pracovníků územního plánování (včetně ÚAP) na 1 000 obyvatel správního obvodu,prepocet,0.041
115,2018,14.14,Počet pracovníků územního plánování (včetně ÚAP) na 1 000 obyvatel správního obvodu,prepocet,0.063
115,2019,14.14,Počet pracovníků územního plánování (včetně ÚAP) na 1 000 obyvatel správního obvodu,prepocet,0.063
115,2020,14.14,Počet pracovníků územního plánování (včetně ÚAP) na 1 000 obyvatel správního obvodu,prepocet,0.063
115,2021,14.14,Počet pracovníků územního plánování (včetně ÚAP) na 1 000 obyvatel správního obvodu,prepocet,0.061
115,2022,14.14,Počet pracovníků územního plánování (včetně ÚAP) na 1 000 obyvatel správního obvodu,prepocet,0.06
115,2023,14.14,Počet pracovníků územního plánování (včetně ÚAP) na 1 000 obyvatel správního obvodu,prepocet,0.06
115,2024,14.14,Počet pracovníků územního plánování (včetně ÚAP) na 1 000 obyvatel správního obvodu,prepocet,0.06
115,2025,14.14,Počet pracovníků územního plánování (včetně ÚAP) na 1 000 obyvatel správního obvodu,prepocet,0.061
115,2010,15.1,Počet rozhodnutí na 1 pracovníka,prepocet,135.0
115,2011,15.1,Počet rozhodnutí na 1 pracovníka,prepocet,67.0
115,2012,15.1,Počet rozhodnutí na 1 pracovníka,prepocet,69.474
115,2013,15.1,Počet rozhodnutí na 1 pracovníka,prepocet,108.0
115,2014,15.1,Počet rozhodnutí na 1 pracovníka,prepocet,78.0
115,2015,15.1,Počet rozhodnutí na 1 pracovníka,prepocet,91.0
115,2016,15.1,Počet rozhodnutí na 1 pracovníka,prepocet,94.0
115,2017,15.1,Počet rozhodnutí na 1 pracovníka,prepocet,95.0
115,2018,15.1,Počet rozhodnutí na 1 pracovníka,prepocet,123.0
115,2019,15.1,Počet rozhodnutí na 1 pracovníka,prepocet,118.0
115,2020,15.1,Počet rozhodnutí na 1 pracovníka,prepocet,86.0
115,2021,15.1,Počet rozhodnutí na 1 pracovníka,prepocet,128.0
115,2022,15.1,Počet rozhodnutí na 1 pracovníka,prepocet,94.0
115,2023,15.1,Počet rozhodnutí na 1 pracovníka,prepocet,84.0
115,2024,15.1,Počet rozhodnutí na 1 pracovníka,prepocet,106.0
115,2025,15.1,Počet rozhodnutí na 1 pracovníka,prepocet,86.0
115,2010,15.2,Počet sledovaných úkonů celkem na jednoho pracovníka,prepocet,223.0
115,2011,15.2,Počet sledovaných úkonů celkem na jednoho pracovníka,prepocet,109.0
115,2012,15.2,Počet sledovaných úkonů celkem na jednoho pracovníka,prepocet,102.105
115,2013,15.2,Počet sledovaných úkonů celkem na jednoho pracovníka,prepocet,131.0
115,2014,15.2,Počet sledovaných úkonů celkem na jednoho pracovníka,prepocet,93.0
115,2015,15.2,Počet sledovaných úkonů celkem na jednoho pracovníka,prepocet,108.0
115,2016,15.2,Počet sledovaných úkonů celkem na jednoho pracovníka,prepocet,104.0
115,2017,15.2,Počet sledovaných úkonů celkem na jednoho pracovníka,prepocet,102.0
115,2018,15.2,Počet sledovaných úkonů celkem na jednoho pracovníka,prepocet,151.0
115,2019,15.2,Počet sledovaných úkonů celkem na jednoho pracovníka,prepocet,150.0
115,2020,15.2,Počet sledovaných úkonů celkem na jednoho pracovníka,prepocet,101.0
115,2021,15.2,Počet sledovaných úkonů celkem na jednoho pracovníka,prepocet,154.0
115,2022,15.2,Počet sledovaných úkonů celkem na jednoho pracovníka,prepocet,110.0
115,2023,15.2,Počet sledovaných úkonů celkem na jednoho pracovníka,prepocet,106.0
115,2024,15.2,Počet sledovaných úkonů celkem na jednoho pracovníka,prepocet,129.0
115,2025,15.2,Počet sledovaných úkonů celkem na jednoho pracovníka,prepocet,111.0
115,2010,15.3,Počet památkově chráněných objektů,prepocet,453.0
115,2011,15.3,Počet památkově chráněných objektů,prepocet,440.0
115,2012,15.3,Počet památkově chráněných objektů,prepocet,438.0
115,2013,15.3,Počet památkově chráněných objektů,prepocet,438.0
115,2014,15.3,Počet památkově chráněných objektů,prepocet,438.0
115,2015,15.3,Počet památkově chráněných objektů,prepocet,438.0
115,2016,15.3,Počet památkově chráněných objektů,prepocet,438.0
115,2017,15.3,Počet památkově chráněných objektů,prepocet,440.0
115,2018,15.3,Počet památkově chráněných objektů,prepocet,441.0
115,2019,15.3,Počet památkově chráněných objektů,prepocet,441.0
115,2020,15.3,Počet památkově chráněných objektů,prepocet,441.0
115,2021,15.3,Počet památkově chráněných objektů,prepocet,440.0
115,2022,15.3,Počet památkově chráněných objektů,prepocet,440.0
115,2023,15.3,Počet památkově chráněných objektů,prepocet,440.0
115,2024,15.3,Počet památkově chráněných objektů,prepocet,436.0
115,2025,15.3,Počet památkově chráněných objektů,prepocet,436.0
115,2010,15.4,"Počet památk. zón, rezervací, ochranných pásem správ. obvodu obce s rozšířenou působností",prepocet,3.0
115,2011,15.4,"Počet památk. zón, rezervací, ochranných pásem správ. obvodu obce s rozšířenou působností",prepocet,3.0
115,2012,15.4,"Počet památk. zón, rezervací, ochranných pásem správ. obvodu obce s rozšířenou působností",prepocet,3.0
115,2013,15.4,"Počet památk. zón, rezervací, ochranných pásem správ. obvodu obce s rozšířenou působností",prepocet,3.0
115,2014,15.4,"Počet památk. zón, rezervací, ochranných pásem správ. obvodu obce s rozšířenou působností",prepocet,3.0
115,2015,15.4,"Počet památk. zón, rezervací, ochranných pásem správ. obvodu obce s rozšířenou působností",prepocet,3.0
115,2016,15.4,"Počet památk. zón, rezervací, ochranných pásem správ. obvodu obce s rozšířenou působností",prepocet,3.0
115,2017,15.4,"Počet památk. zón, rezervací, ochranných pásem správ. obvodu obce s rozšířenou působností",prepocet,3.0
115,2018,15.4,"Počet památk. zón, rezervací, ochranných pásem správ. obvodu obce s rozšířenou působností",prepocet,3.0
115,2019,15.4,"Počet památk. zón, rezervací, ochranných pásem správ. obvodu obce s rozšířenou působností",prepocet,3.0
115,2020,15.4,"Počet památk. zón, rezervací, ochranných pásem správ. obvodu obce s rozšířenou působností",prepocet,3.0
115,2021,15.4,"Počet památk. zón, rezervací, ochranných pásem správ. obvodu obce s rozšířenou působností",prepocet,3.0
115,2022,15.4,"Počet památk. zón, rezervací, ochranných pásem správ. obvodu obce s rozšířenou působností",prepocet,3.0
115,2023,15.4,"Počet památk. zón, rezervací, ochranných pásem správ. obvodu obce s rozšířenou působností",prepocet,3.0
115,2024,15.4,"Počet památk. zón, rezervací, ochranných pásem správ. obvodu obce s rozšířenou působností",prepocet,3.0
115,2025,15.4,"Počet památk. zón, rezervací, ochranných pásem správ. obvodu obce s rozšířenou působností",prepocet,3.0
115,2010,15.5,Provozní výdaje na jeden sledovaný úkon v Kč,prepocet,2128.96
115,2011,15.5,Provozní výdaje na jeden sledovaný úkon v Kč,prepocet,4355.579
115,2012,15.5,Provozní výdaje na jeden sledovaný úkon v Kč,prepocet,5381.408
115,2013,15.5,Provozní výdaje na jeden sledovaný úkon v Kč,prepocet,4281.302
115,2014,15.5,Provozní výdaje na jeden sledovaný úkon v Kč,prepocet,5748.565
115,2015,15.5,Provozní výdaje na jeden sledovaný úkon v Kč,prepocet,5246.111
115,2016,15.5,Provozní výdaje na jeden sledovaný úkon v Kč,prepocet,4915.6
115,2017,15.5,Provozní výdaje na jeden sledovaný úkon v Kč,prepocet,5532.631
115,2018,15.5,Provozní výdaje na jeden sledovaný úkon v Kč,prepocet,4199.572
115,2019,15.5,Provozní výdaje na jeden sledovaný úkon v Kč,prepocet,4452.248
115,2020,15.5,Provozní výdaje na jeden sledovaný úkon v Kč,prepocet,6686.14
115,2021,15.5,Provozní výdaje na jeden sledovaný úkon v Kč,prepocet,4184.436
115,2022,15.5,Provozní výdaje na jeden sledovaný úkon v Kč,prepocet,5965.631
115,2023,15.5,Provozní výdaje na jeden sledovaný úkon v Kč,prepocet,6744.888
115,2024,15.5,Provozní výdaje na jeden sledovaný úkon v Kč,prepocet,6100.294
115,2025,15.5,Provozní výdaje na jeden sledovaný úkon v Kč,prepocet,7450.218
115,2010,15.7,Počet žádostí o finanční podporu na obnovu kulturních památek (podpora obce),prepocet,8.0
115,2011,15.7,Počet žádostí o finanční podporu na obnovu kulturních památek (podpora obce),prepocet,3.0
115,2012,15.7,Počet žádostí o finanční podporu na obnovu kulturních památek (podpora obce),prepocet,2.0
115,2013,15.7,Počet žádostí o finanční podporu na obnovu kulturních památek (podpora obce),prepocet,3.0
115,2014,15.7,Počet žádostí o finanční podporu na obnovu kulturních památek (podpora obce),prepocet,2.0
115,2015,15.7,Počet žádostí o finanční podporu na obnovu kulturních památek (podpora obce),prepocet,4.0
115,2016,15.7,Počet žádostí o finanční podporu na obnovu kulturních památek (podpora obce),prepocet,2.0
115,2017,15.7,Počet žádostí o finanční podporu na obnovu kulturních památek (podpora obce),prepocet,4.0
115,2018,15.7,Počet žádostí o finanční podporu na obnovu kulturních památek (podpora obce),prepocet,5.0
115,2019,15.7,Počet žádostí o finanční podporu na obnovu kulturních památek (podpora obce),prepocet,2.0
115,2020,15.7,Počet žádostí o finanční podporu na obnovu kulturních památek (podpora obce),prepocet,43.0
115,2021,15.7,Počet žádostí o finanční podporu na obnovu kulturních památek (podpora obce),prepocet,42.0
115,2022,15.7,Počet žádostí o finanční podporu na obnovu kulturních památek (podpora obce),prepocet,29.0
115,2023,15.7,Počet žádostí o finanční podporu na obnovu kulturních památek (podpora obce),prepocet,41.0
115,2024,15.7,Počet žádostí o finanční podporu na obnovu kulturních památek (podpora obce),prepocet,38.0
115,2025,15.7,Počet žádostí o finanční podporu na obnovu kulturních památek (podpora obce),prepocet,54.0
115,2010,15.8,Počet uspokojených žádostí (podpora obce),prepocet,5.0
115,2011,15.8,Počet uspokojených žádostí (podpora obce),prepocet,0.0
115,2012,15.8,Počet uspokojených žádostí (podpora obce),prepocet,2.0
115,2013,15.8,Počet uspokojených žádostí (podpora obce),prepocet,2.0
115,2014,15.8,Počet uspokojených žádostí (podpora obce),prepocet,2.0
115,2015,15.8,Počet uspokojených žádostí (podpora obce),prepocet,3.0
115,2016,15.8,Počet uspokojených žádostí (podpora obce),prepocet,2.0
115,2017,15.8,Počet uspokojených žádostí (podpora obce),prepocet,3.0
115,2018,15.8,Počet uspokojených žádostí (podpora obce),prepocet,3.0
115,2019,15.8,Počet uspokojených žádostí (podpora obce),prepocet,2.0
115,2020,15.8,Počet uspokojených žádostí (podpora obce),prepocet,21.0
115,2021,15.8,Počet uspokojených žádostí (podpora obce),prepocet,26.0
115,2022,15.8,Počet uspokojených žádostí (podpora obce),prepocet,21.0
115,2023,15.8,Počet uspokojených žádostí (podpora obce),prepocet,21.0
115,2024,15.8,Počet uspokojených žádostí (podpora obce),prepocet,22.0
115,2025,15.8,Počet uspokojených žádostí (podpora obce),prepocet,25.0
115,2010,15.9,Počet zaměstnanců - pracovních úvazků v agendě památková péče celkem,prepocet,1.0
115,2011,15.9,Počet zaměstnanců - pracovních úvazků v agendě památková péče celkem,prepocet,1.0
115,2012,15.9,Počet zaměstnanců - pracovních úvazků v agendě památková péče celkem,prepocet,0.95
115,2013,15.9,Počet zaměstnanců - pracovních úvazků v agendě památková péče celkem,prepocet,1.0
115,2014,15.9,Počet zaměstnanců - pracovních úvazků v agendě památková péče celkem,prepocet,1.0
115,2015,15.9,Počet zaměstnanců - pracovních úvazků v agendě památková péče celkem,prepocet,1.0
115,2016,15.9,Počet zaměstnanců - pracovních úvazků v agendě památková péče celkem,prepocet,1.0
115,2017,15.9,Počet zaměstnanců - pracovních úvazků v agendě památková péče celkem,prepocet,1.0
115,2018,15.9,Počet zaměstnanců - pracovních úvazků v agendě památková péče celkem,prepocet,1.0
115,2019,15.9,Počet zaměstnanců - pracovních úvazků v agendě památková péče celkem,prepocet,1.0
115,2020,15.9,Počet zaměstnanců - pracovních úvazků v agendě památková péče celkem,prepocet,1.0
115,2021,15.9,Počet zaměstnanců - pracovních úvazků v agendě památková péče celkem,prepocet,1.0
115,2022,15.9,Počet zaměstnanců - pracovních úvazků v agendě památková péče celkem,prepocet,1.0
115,2023,15.9,Počet zaměstnanců - pracovních úvazků v agendě památková péče celkem,prepocet,1.0
115,2024,15.9,Počet zaměstnanců - pracovních úvazků v agendě památková péče celkem,prepocet,1.0
115,2025,15.9,Počet zaměstnanců - pracovních úvazků v agendě památková péče celkem,prepocet,1.0
115,2010,16.1,Celkový počet vydaných rozhodnutí ve věci na pracovníka (agendy),prepocet,
115,2011,16.1,Celkový počet vydaných rozhodnutí ve věci na pracovníka (agendy),prepocet,
115,2012,16.1,Celkový počet vydaných rozhodnutí ve věci na pracovníka (agendy),prepocet,
115,2013,16.1,Celkový počet vydaných rozhodnutí ve věci na pracovníka (agendy),prepocet,
115,2014,16.1,Celkový počet vydaných rozhodnutí ve věci na pracovníka (agendy),prepocet,
115,2015,16.1,Celkový počet vydaných rozhodnutí ve věci na pracovníka (agendy),prepocet,
115,2016,16.1,Celkový počet vydaných rozhodnutí ve věci na pracovníka (agendy),prepocet,
115,2017,16.1,Celkový počet vydaných rozhodnutí ve věci na pracovníka (agendy),prepocet,
115,2018,16.1,Celkový počet vydaných rozhodnutí ve věci na pracovníka (agendy),prepocet,
115,2019,16.1,Celkový počet vydaných rozhodnutí ve věci na pracovníka (agendy),prepocet,
115,2020,16.1,Celkový počet vydaných rozhodnutí ve věci na pracovníka (agendy),prepocet,
115,2021,16.1,Celkový počet vydaných rozhodnutí ve věci na pracovníka (agendy),prepocet,
115,2022,16.1,Celkový počet vydaných rozhodnutí ve věci na pracovníka (agendy),prepocet,
115,2023,16.1,Celkový počet vydaných rozhodnutí ve věci na pracovníka (agendy),prepocet,
115,2024,16.1,Celkový počet vydaných rozhodnutí ve věci na pracovníka (agendy),prepocet,
115,2025,16.1,Celkový počet vydaných rozhodnutí ve věci na pracovníka (agendy),prepocet,65.556
115,2010,16.2,"Celkový počet procesních ""rozhodnutí"" na pracovníka (agendy)",prepocet,
115,2011,16.2,"Celkový počet procesních ""rozhodnutí"" na pracovníka (agendy)",prepocet,
115,2012,16.2,"Celkový počet procesních ""rozhodnutí"" na pracovníka (agendy)",prepocet,
115,2013,16.2,"Celkový počet procesních ""rozhodnutí"" na pracovníka (agendy)",prepocet,
115,2014,16.2,"Celkový počet procesních ""rozhodnutí"" na pracovníka (agendy)",prepocet,
115,2015,16.2,"Celkový počet procesních ""rozhodnutí"" na pracovníka (agendy)",prepocet,
115,2016,16.2,"Celkový počet procesních ""rozhodnutí"" na pracovníka (agendy)",prepocet,
115,2017,16.2,"Celkový počet procesních ""rozhodnutí"" na pracovníka (agendy)",prepocet,
115,2018,16.2,"Celkový počet procesních ""rozhodnutí"" na pracovníka (agendy)",prepocet,
115,2019,16.2,"Celkový počet procesních ""rozhodnutí"" na pracovníka (agendy)",prepocet,
115,2020,16.2,"Celkový počet procesních ""rozhodnutí"" na pracovníka (agendy)",prepocet,
115,2021,16.2,"Celkový počet procesních ""rozhodnutí"" na pracovníka (agendy)",prepocet,
115,2022,16.2,"Celkový počet procesních ""rozhodnutí"" na pracovníka (agendy)",prepocet,
115,2023,16.2,"Celkový počet procesních ""rozhodnutí"" na pracovníka (agendy)",prepocet,
115,2024,16.2,"Celkový počet procesních ""rozhodnutí"" na pracovníka (agendy)",prepocet,
115,2025,16.2,"Celkový počet procesních ""rozhodnutí"" na pracovníka (agendy)",prepocet,7.778
115,2010,16.3,Celkový počet vyjádření na pracovníka (agendy),prepocet,
115,2011,16.3,Celkový počet vyjádření na pracovníka (agendy),prepocet,
115,2012,16.3,Celkový počet vyjádření na pracovníka (agendy),prepocet,
115,2013,16.3,Celkový počet vyjádření na pracovníka (agendy),prepocet,
115,2014,16.3,Celkový počet vyjádření na pracovníka (agendy),prepocet,
115,2015,16.3,Celkový počet vyjádření na pracovníka (agendy),prepocet,
115,2016,16.3,Celkový počet vyjádření na pracovníka (agendy),prepocet,
115,2017,16.3,Celkový počet vyjádření na pracovníka (agendy),prepocet,
115,2018,16.3,Celkový počet vyjádření na pracovníka (agendy),prepocet,
115,2019,16.3,Celkový počet vyjádření na pracovníka (agendy),prepocet,
115,2020,16.3,Celkový počet vyjádření na pracovníka (agendy),prepocet,
115,2021,16.3,Celkový počet vyjádření na pracovníka (agendy),prepocet,
115,2022,16.3,Celkový počet vyjádření na pracovníka (agendy),prepocet,
115,2023,16.3,Celkový počet vyjádření na pracovníka (agendy),prepocet,
115,2024,16.3,Celkový počet vyjádření na pracovníka (agendy),prepocet,
115,2025,16.3,Celkový počet vyjádření na pracovníka (agendy),prepocet,18.254
115,2010,16.4,Celkový počet předběžných informací na pracovníka (agendy),prepocet,
115,2011,16.4,Celkový počet předběžných informací na pracovníka (agendy),prepocet,
115,2012,16.4,Celkový počet předběžných informací na pracovníka (agendy),prepocet,
115,2013,16.4,Celkový počet předběžných informací na pracovníka (agendy),prepocet,
115,2014,16.4,Celkový počet předběžných informací na pracovníka (agendy),prepocet,
115,2015,16.4,Celkový počet předběžných informací na pracovníka (agendy),prepocet,
115,2016,16.4,Celkový počet předběžných informací na pracovníka (agendy),prepocet,
115,2017,16.4,Celkový počet předběžných informací na pracovníka (agendy),prepocet,
115,2018,16.4,Celkový počet předběžných informací na pracovníka (agendy),prepocet,
115,2019,16.4,Celkový počet předběžných informací na pracovníka (agendy),prepocet,
115,2020,16.4,Celkový počet předběžných informací na pracovníka (agendy),prepocet,
115,2021,16.4,Celkový počet předběžných informací na pracovníka (agendy),prepocet,
115,2022,16.4,Celkový počet předběžných informací na pracovníka (agendy),prepocet,
115,2023,16.4,Celkový počet předběžných informací na pracovníka (agendy),prepocet,
115,2024,16.4,Celkový počet předběžných informací na pracovníka (agendy),prepocet,
115,2025,16.4,Celkový počet předběžných informací na pracovníka (agendy),prepocet,4.444
115,2010,16.5,Celkový počet kontrolních prohlídek a kontrol dle kontrolního řádu na pracovníka (agendy),prepocet,
115,2011,16.5,Celkový počet kontrolních prohlídek a kontrol dle kontrolního řádu na pracovníka (agendy),prepocet,
115,2012,16.5,Celkový počet kontrolních prohlídek a kontrol dle kontrolního řádu na pracovníka (agendy),prepocet,
115,2013,16.5,Celkový počet kontrolních prohlídek a kontrol dle kontrolního řádu na pracovníka (agendy),prepocet,
115,2014,16.5,Celkový počet kontrolních prohlídek a kontrol dle kontrolního řádu na pracovníka (agendy),prepocet,
115,2015,16.5,Celkový počet kontrolních prohlídek a kontrol dle kontrolního řádu na pracovníka (agendy),prepocet,
115,2016,16.5,Celkový počet kontrolních prohlídek a kontrol dle kontrolního řádu na pracovníka (agendy),prepocet,
115,2017,16.5,Celkový počet kontrolních prohlídek a kontrol dle kontrolního řádu na pracovníka (agendy),prepocet,
115,2018,16.5,Celkový počet kontrolních prohlídek a kontrol dle kontrolního řádu na pracovníka (agendy),prepocet,
115,2019,16.5,Celkový počet kontrolních prohlídek a kontrol dle kontrolního řádu na pracovníka (agendy),prepocet,
115,2020,16.5,Celkový počet kontrolních prohlídek a kontrol dle kontrolního řádu na pracovníka (agendy),prepocet,
115,2021,16.5,Celkový počet kontrolních prohlídek a kontrol dle kontrolního řádu na pracovníka (agendy),prepocet,
115,2022,16.5,Celkový počet kontrolních prohlídek a kontrol dle kontrolního řádu na pracovníka (agendy),prepocet,
115,2023,16.5,Celkový počet kontrolních prohlídek a kontrol dle kontrolního řádu na pracovníka (agendy),prepocet,
115,2024,16.5,Celkový počet kontrolních prohlídek a kontrol dle kontrolního řádu na pracovníka (agendy),prepocet,
115,2025,16.5,Celkový počet kontrolních prohlídek a kontrol dle kontrolního řádu na pracovníka (agendy),prepocet,0.635
115,2010,16.6,Struktura celkového počtu vydaných rozhodnutí,prepocet,
115,2011,16.6,Struktura celkového počtu vydaných rozhodnutí,prepocet,
115,2012,16.6,Struktura celkového počtu vydaných rozhodnutí,prepocet,
115,2013,16.6,Struktura celkového počtu vydaných rozhodnutí,prepocet,
115,2014,16.6,Struktura celkového počtu vydaných rozhodnutí,prepocet,
115,2015,16.6,Struktura celkového počtu vydaných rozhodnutí,prepocet,
115,2016,16.6,Struktura celkového počtu vydaných rozhodnutí,prepocet,
115,2017,16.6,Struktura celkového počtu vydaných rozhodnutí,prepocet,
115,2018,16.6,Struktura celkového počtu vydaných rozhodnutí,prepocet,
115,2019,16.6,Struktura celkového počtu vydaných rozhodnutí,prepocet,
115,2020,16.6,Struktura celkového počtu vydaných rozhodnutí,prepocet,
115,2021,16.6,Struktura celkového počtu vydaných rozhodnutí,prepocet,
115,2022,16.6,Struktura celkového počtu vydaných rozhodnutí,prepocet,
115,2023,16.6,Struktura celkového počtu vydaných rozhodnutí,prepocet,
115,2024,16.6,Struktura celkového počtu vydaných rozhodnutí,prepocet,
115,2025,16.6,Struktura celkového počtu vydaných rozhodnutí,prepocet,48.0
115,2010,16.7,"Struktura celkového počtu povolení záměru, změny záměru před dokončením, prodloužení doby trvání stavby",prepocet,
115,2011,16.7,"Struktura celkového počtu povolení záměru, změny záměru před dokončením, prodloužení doby trvání stavby",prepocet,
115,2012,16.7,"Struktura celkového počtu povolení záměru, změny záměru před dokončením, prodloužení doby trvání stavby",prepocet,
115,2013,16.7,"Struktura celkového počtu povolení záměru, změny záměru před dokončením, prodloužení doby trvání stavby",prepocet,
115,2014,16.7,"Struktura celkového počtu povolení záměru, změny záměru před dokončením, prodloužení doby trvání stavby",prepocet,
115,2015,16.7,"Struktura celkového počtu povolení záměru, změny záměru před dokončením, prodloužení doby trvání stavby",prepocet,
115,2016,16.7,"Struktura celkového počtu povolení záměru, změny záměru před dokončením, prodloužení doby trvání stavby",prepocet,
115,2017,16.7,"Struktura celkového počtu povolení záměru, změny záměru před dokončením, prodloužení doby trvání stavby",prepocet,
115,2018,16.7,"Struktura celkového počtu povolení záměru, změny záměru před dokončením, prodloužení doby trvání stavby",prepocet,
115,2019,16.7,"Struktura celkového počtu povolení záměru, změny záměru před dokončením, prodloužení doby trvání stavby",prepocet,
115,2020,16.7,"Struktura celkového počtu povolení záměru, změny záměru před dokončením, prodloužení doby trvání stavby",prepocet,
115,2021,16.7,"Struktura celkového počtu povolení záměru, změny záměru před dokončením, prodloužení doby trvání stavby",prepocet,
115,2022,16.7,"Struktura celkového počtu povolení záměru, změny záměru před dokončením, prodloužení doby trvání stavby",prepocet,
115,2023,16.7,"Struktura celkového počtu povolení záměru, změny záměru před dokončením, prodloužení doby trvání stavby",prepocet,
115,2024,16.7,"Struktura celkového počtu povolení záměru, změny záměru před dokončením, prodloužení doby trvání stavby",prepocet,
115,2025,16.7,"Struktura celkového počtu povolení záměru, změny záměru před dokončením, prodloužení doby trvání stavby",prepocet,29.0
115,2010,16.8,Užívání stavby - struktura celkového počtu vydaných rozhodnutí,prepocet,
115,2011,16.8,Užívání stavby - struktura celkového počtu vydaných rozhodnutí,prepocet,
115,2012,16.8,Užívání stavby - struktura celkového počtu vydaných rozhodnutí,prepocet,
115,2013,16.8,Užívání stavby - struktura celkového počtu vydaných rozhodnutí,prepocet,
115,2014,16.8,Užívání stavby - struktura celkového počtu vydaných rozhodnutí,prepocet,
115,2015,16.8,Užívání stavby - struktura celkového počtu vydaných rozhodnutí,prepocet,
115,2016,16.8,Užívání stavby - struktura celkového počtu vydaných rozhodnutí,prepocet,
115,2017,16.8,Užívání stavby - struktura celkového počtu vydaných rozhodnutí,prepocet,
115,2018,16.8,Užívání stavby - struktura celkového počtu vydaných rozhodnutí,prepocet,
115,2019,16.8,Užívání stavby - struktura celkového počtu vydaných rozhodnutí,prepocet,
115,2020,16.8,Užívání stavby - struktura celkového počtu vydaných rozhodnutí,prepocet,
115,2021,16.8,Užívání stavby - struktura celkového počtu vydaných rozhodnutí,prepocet,
115,2022,16.8,Užívání stavby - struktura celkového počtu vydaných rozhodnutí,prepocet,
115,2023,16.8,Užívání stavby - struktura celkového počtu vydaných rozhodnutí,prepocet,
115,2024,16.8,Užívání stavby - struktura celkového počtu vydaných rozhodnutí,prepocet,
115,2025,16.8,Užívání stavby - struktura celkového počtu vydaných rozhodnutí,prepocet,84.0
115,2010,16.9,Odstraňování staveb - struktura celkového počtu vydaných rozhodnutí,prepocet,
115,2011,16.9,Odstraňování staveb - struktura celkového počtu vydaných rozhodnutí,prepocet,
115,2012,16.9,Odstraňování staveb - struktura celkového počtu vydaných rozhodnutí,prepocet,
115,2013,16.9,Odstraňování staveb - struktura celkového počtu vydaných rozhodnutí,prepocet,
115,2014,16.9,Odstraňování staveb - struktura celkového počtu vydaných rozhodnutí,prepocet,
115,2015,16.9,Odstraňování staveb - struktura celkového počtu vydaných rozhodnutí,prepocet,
115,2016,16.9,Odstraňování staveb - struktura celkového počtu vydaných rozhodnutí,prepocet,
115,2017,16.9,Odstraňování staveb - struktura celkového počtu vydaných rozhodnutí,prepocet,
115,2018,16.9,Odstraňování staveb - struktura celkového počtu vydaných rozhodnutí,prepocet,
115,2019,16.9,Odstraňování staveb - struktura celkového počtu vydaných rozhodnutí,prepocet,
115,2020,16.9,Odstraňování staveb - struktura celkového počtu vydaných rozhodnutí,prepocet,
115,2021,16.9,Odstraňování staveb - struktura celkového počtu vydaných rozhodnutí,prepocet,
115,2022,16.9,Odstraňování staveb - struktura celkového počtu vydaných rozhodnutí,prepocet,
115,2023,16.9,Odstraňování staveb - struktura celkového počtu vydaných rozhodnutí,prepocet,
115,2024,16.9,Odstraňování staveb - struktura celkového počtu vydaných rozhodnutí,prepocet,
115,2025,16.9,Odstraňování staveb - struktura celkového počtu vydaných rozhodnutí,prepocet,50.0
115,2010,16.10,Počet projednaných přestupků na pracovníka (agendy),prepocet,
115,2011,16.10,Počet projednaných přestupků na pracovníka (agendy),prepocet,
115,2012,16.10,Počet projednaných přestupků na pracovníka (agendy),prepocet,
115,2013,16.10,Počet projednaných přestupků na pracovníka (agendy),prepocet,
115,2014,16.10,Počet projednaných přestupků na pracovníka (agendy),prepocet,
115,2015,16.10,Počet projednaných přestupků na pracovníka (agendy),prepocet,
115,2016,16.10,Počet projednaných přestupků na pracovníka (agendy),prepocet,
115,2017,16.10,Počet projednaných přestupků na pracovníka (agendy),prepocet,
115,2018,16.10,Počet projednaných přestupků na pracovníka (agendy),prepocet,
115,2019,16.10,Počet projednaných přestupků na pracovníka (agendy),prepocet,
115,2020,16.10,Počet projednaných přestupků na pracovníka (agendy),prepocet,
115,2021,16.10,Počet projednaných přestupků na pracovníka (agendy),prepocet,
115,2022,16.10,Počet projednaných přestupků na pracovníka (agendy),prepocet,
115,2023,16.10,Počet projednaných přestupků na pracovníka (agendy),prepocet,
115,2024,16.10,Počet projednaných přestupků na pracovníka (agendy),prepocet,
115,2025,16.10,Počet projednaných přestupků na pracovníka (agendy),prepocet,0.0
115,2010,16.11,Odvolacím orgánem zrušená rozhodnutí k počtu všech odvolání (v %),prepocet,
115,2011,16.11,Odvolacím orgánem zrušená rozhodnutí k počtu všech odvolání (v %),prepocet,
115,2012,16.11,Odvolacím orgánem zrušená rozhodnutí k počtu všech odvolání (v %),prepocet,
115,2013,16.11,Odvolacím orgánem zrušená rozhodnutí k počtu všech odvolání (v %),prepocet,
115,2014,16.11,Odvolacím orgánem zrušená rozhodnutí k počtu všech odvolání (v %),prepocet,
115,2015,16.11,Odvolacím orgánem zrušená rozhodnutí k počtu všech odvolání (v %),prepocet,
115,2016,16.11,Odvolacím orgánem zrušená rozhodnutí k počtu všech odvolání (v %),prepocet,
115,2017,16.11,Odvolacím orgánem zrušená rozhodnutí k počtu všech odvolání (v %),prepocet,
115,2018,16.11,Odvolacím orgánem zrušená rozhodnutí k počtu všech odvolání (v %),prepocet,
115,2019,16.11,Odvolacím orgánem zrušená rozhodnutí k počtu všech odvolání (v %),prepocet,
115,2020,16.11,Odvolacím orgánem zrušená rozhodnutí k počtu všech odvolání (v %),prepocet,
115,2021,16.11,Odvolacím orgánem zrušená rozhodnutí k počtu všech odvolání (v %),prepocet,
115,2022,16.11,Odvolacím orgánem zrušená rozhodnutí k počtu všech odvolání (v %),prepocet,
115,2023,16.11,Odvolacím orgánem zrušená rozhodnutí k počtu všech odvolání (v %),prepocet,
115,2024,16.11,Odvolacím orgánem zrušená rozhodnutí k počtu všech odvolání (v %),prepocet,
115,2025,16.11,Odvolacím orgánem zrušená rozhodnutí k počtu všech odvolání (v %),prepocet,33.333
115,2010,16.12,Odvolacím orgánem zrušená rozhodnutí k počtu všech vydaných rozhodnutí (v %),prepocet,
115,2011,16.12,Odvolacím orgánem zrušená rozhodnutí k počtu všech vydaných rozhodnutí (v %),prepocet,
115,2012,16.12,Odvolacím orgánem zrušená rozhodnutí k počtu všech vydaných rozhodnutí (v %),prepocet,
115,2013,16.12,Odvolacím orgánem zrušená rozhodnutí k počtu všech vydaných rozhodnutí (v %),prepocet,
115,2014,16.12,Odvolacím orgánem zrušená rozhodnutí k počtu všech vydaných rozhodnutí (v %),prepocet,
115,2015,16.12,Odvolacím orgánem zrušená rozhodnutí k počtu všech vydaných rozhodnutí (v %),prepocet,
115,2016,16.12,Odvolacím orgánem zrušená rozhodnutí k počtu všech vydaných rozhodnutí (v %),prepocet,
115,2017,16.12,Odvolacím orgánem zrušená rozhodnutí k počtu všech vydaných rozhodnutí (v %),prepocet,
115,2018,16.12,Odvolacím orgánem zrušená rozhodnutí k počtu všech vydaných rozhodnutí (v %),prepocet,
115,2019,16.12,Odvolacím orgánem zrušená rozhodnutí k počtu všech vydaných rozhodnutí (v %),prepocet,
115,2020,16.12,Odvolacím orgánem zrušená rozhodnutí k počtu všech vydaných rozhodnutí (v %),prepocet,
115,2021,16.12,Odvolacím orgánem zrušená rozhodnutí k počtu všech vydaných rozhodnutí (v %),prepocet,
115,2022,16.12,Odvolacím orgánem zrušená rozhodnutí k počtu všech vydaných rozhodnutí (v %),prepocet,
115,2023,16.12,Odvolacím orgánem zrušená rozhodnutí k počtu všech vydaných rozhodnutí (v %),prepocet,
115,2024,16.12,Odvolacím orgánem zrušená rozhodnutí k počtu všech vydaných rozhodnutí (v %),prepocet,
115,2025,16.12,Odvolacím orgánem zrušená rozhodnutí k počtu všech vydaných rozhodnutí (v %),prepocet,0.242
115,2010,16.13,"Počet žádostí o informace dle zákona č. 106/1999 Sb., o svobodném přístupu k informacím",prepocet,
115,2011,16.13,"Počet žádostí o informace dle zákona č. 106/1999 Sb., o svobodném přístupu k informacím",prepocet,
115,2012,16.13,"Počet žádostí o informace dle zákona č. 106/1999 Sb., o svobodném přístupu k informacím",prepocet,
115,2013,16.13,"Počet žádostí o informace dle zákona č. 106/1999 Sb., o svobodném přístupu k informacím",prepocet,
115,2014,16.13,"Počet žádostí o informace dle zákona č. 106/1999 Sb., o svobodném přístupu k informacím",prepocet,
115,2015,16.13,"Počet žádostí o informace dle zákona č. 106/1999 Sb., o svobodném přístupu k informacím",prepocet,
115,2016,16.13,"Počet žádostí o informace dle zákona č. 106/1999 Sb., o svobodném přístupu k informacím",prepocet,
115,2017,16.13,"Počet žádostí o informace dle zákona č. 106/1999 Sb., o svobodném přístupu k informacím",prepocet,
115,2018,16.13,"Počet žádostí o informace dle zákona č. 106/1999 Sb., o svobodném přístupu k informacím",prepocet,
115,2019,16.13,"Počet žádostí o informace dle zákona č. 106/1999 Sb., o svobodném přístupu k informacím",prepocet,
115,2020,16.13,"Počet žádostí o informace dle zákona č. 106/1999 Sb., o svobodném přístupu k informacím",prepocet,
115,2021,16.13,"Počet žádostí o informace dle zákona č. 106/1999 Sb., o svobodném přístupu k informacím",prepocet,
115,2022,16.13,"Počet žádostí o informace dle zákona č. 106/1999 Sb., o svobodném přístupu k informacím",prepocet,
115,2023,16.13,"Počet žádostí o informace dle zákona č. 106/1999 Sb., o svobodném přístupu k informacím",prepocet,
115,2024,16.13,"Počet žádostí o informace dle zákona č. 106/1999 Sb., o svobodném přístupu k informacím",prepocet,
115,2025,16.13,"Počet žádostí o informace dle zákona č. 106/1999 Sb., o svobodném přístupu k informacím",prepocet,8.0
115,2010,16.14,Počet katastrálních území ve správním obvodu ORP,prepocet,
115,2011,16.14,Počet katastrálních území ve správním obvodu ORP,prepocet,
115,2012,16.14,Počet katastrálních území ve správním obvodu ORP,prepocet,
115,2013,16.14,Počet katastrálních území ve správním obvodu ORP,prepocet,
115,2014,16.14,Počet katastrálních území ve správním obvodu ORP,prepocet,
115,2015,16.14,Počet katastrálních území ve správním obvodu ORP,prepocet,
115,2016,16.14,Počet katastrálních území ve správním obvodu ORP,prepocet,
115,2017,16.14,Počet katastrálních území ve správním obvodu ORP,prepocet,
115,2018,16.14,Počet katastrálních území ve správním obvodu ORP,prepocet,
115,2019,16.14,Počet katastrálních území ve správním obvodu ORP,prepocet,
115,2020,16.14,Počet katastrálních území ve správním obvodu ORP,prepocet,
115,2021,16.14,Počet katastrálních území ve správním obvodu ORP,prepocet,
115,2022,16.14,Počet katastrálních území ve správním obvodu ORP,prepocet,
115,2023,16.14,Počet katastrálních území ve správním obvodu ORP,prepocet,
115,2024,16.14,Počet katastrálních území ve správním obvodu ORP,prepocet,
115,2025,16.14,Počet katastrálních území ve správním obvodu ORP,prepocet,19.0
115,2010,16.15,Počet zaměstnanců - pracovních úvazků v agendě obecní stavební úřad celkem,prepocet,
115,2011,16.15,Počet zaměstnanců - pracovních úvazků v agendě obecní stavební úřad celkem,prepocet,
115,2012,16.15,Počet zaměstnanců - pracovních úvazků v agendě obecní stavební úřad celkem,prepocet,
115,2013,16.15,Počet zaměstnanců - pracovních úvazků v agendě obecní stavební úřad celkem,prepocet,
115,2014,16.15,Počet zaměstnanců - pracovních úvazků v agendě obecní stavební úřad celkem,prepocet,
115,2015,16.15,Počet zaměstnanců - pracovních úvazků v agendě obecní stavební úřad celkem,prepocet,
115,2016,16.15,Počet zaměstnanců - pracovních úvazků v agendě obecní stavební úřad celkem,prepocet,
115,2017,16.15,Počet zaměstnanců - pracovních úvazků v agendě obecní stavební úřad celkem,prepocet,
115,2018,16.15,Počet zaměstnanců - pracovních úvazků v agendě obecní stavební úřad celkem,prepocet,
115,2019,16.15,Počet zaměstnanců - pracovních úvazků v agendě obecní stavební úřad celkem,prepocet,
115,2020,16.15,Počet zaměstnanců - pracovních úvazků v agendě obecní stavební úřad celkem,prepocet,
115,2021,16.15,Počet zaměstnanců - pracovních úvazků v agendě obecní stavební úřad celkem,prepocet,
115,2022,16.15,Počet zaměstnanců - pracovních úvazků v agendě obecní stavební úřad celkem,prepocet,
115,2023,16.15,Počet zaměstnanců - pracovních úvazků v agendě obecní stavební úřad celkem,prepocet,
115,2024,16.15,Počet zaměstnanců - pracovních úvazků v agendě obecní stavební úřad celkem,prepocet,
115,2025,16.15,Počet zaměstnanců - pracovních úvazků v agendě obecní stavební úřad celkem,prepocet,6.3
115,2010,16.15.1,Procento reálně obsazených pracovních úvazků SÚ,prepocet,
115,2011,16.15.1,Procento reálně obsazených pracovních úvazků SÚ,prepocet,
115,2012,16.15.1,Procento reálně obsazených pracovních úvazků SÚ,prepocet,
115,2013,16.15.1,Procento reálně obsazených pracovních úvazků SÚ,prepocet,
115,2014,16.15.1,Procento reálně obsazených pracovních úvazků SÚ,prepocet,
115,2015,16.15.1,Procento reálně obsazených pracovních úvazků SÚ,prepocet,
115,2016,16.15.1,Procento reálně obsazených pracovních úvazků SÚ,prepocet,
115,2017,16.15.1,Procento reálně obsazených pracovních úvazků SÚ,prepocet,
115,2018,16.15.1,Procento reálně obsazených pracovních úvazků SÚ,prepocet,
115,2019,16.15.1,Procento reálně obsazených pracovních úvazků SÚ,prepocet,
115,2020,16.15.1,Procento reálně obsazených pracovních úvazků SÚ,prepocet,
115,2021,16.15.1,Procento reálně obsazených pracovních úvazků SÚ,prepocet,
115,2022,16.15.1,Procento reálně obsazených pracovních úvazků SÚ,prepocet,
115,2023,16.15.1,Procento reálně obsazených pracovních úvazků SÚ,prepocet,
115,2024,16.15.1,Procento reálně obsazených pracovních úvazků SÚ,prepocet,
115,2025,16.15.1,Procento reálně obsazených pracovních úvazků SÚ,prepocet,100.0
115,2010,16.16,"Počet pracovníků na 1000 obyvatel správního obvodu obce s rozšířenou působností, VČETNĚ cizinců",prepocet,
115,2011,16.16,"Počet pracovníků na 1000 obyvatel správního obvodu obce s rozšířenou působností, VČETNĚ cizinců",prepocet,
115,2012,16.16,"Počet pracovníků na 1000 obyvatel správního obvodu obce s rozšířenou působností, VČETNĚ cizinců",prepocet,
115,2013,16.16,"Počet pracovníků na 1000 obyvatel správního obvodu obce s rozšířenou působností, VČETNĚ cizinců",prepocet,
115,2014,16.16,"Počet pracovníků na 1000 obyvatel správního obvodu obce s rozšířenou působností, VČETNĚ cizinců",prepocet,
115,2015,16.16,"Počet pracovníků na 1000 obyvatel správního obvodu obce s rozšířenou působností, VČETNĚ cizinců",prepocet,
115,2016,16.16,"Počet pracovníků na 1000 obyvatel správního obvodu obce s rozšířenou působností, VČETNĚ cizinců",prepocet,
115,2017,16.16,"Počet pracovníků na 1000 obyvatel správního obvodu obce s rozšířenou působností, VČETNĚ cizinců",prepocet,
115,2018,16.16,"Počet pracovníků na 1000 obyvatel správního obvodu obce s rozšířenou působností, VČETNĚ cizinců",prepocet,
115,2019,16.16,"Počet pracovníků na 1000 obyvatel správního obvodu obce s rozšířenou působností, VČETNĚ cizinců",prepocet,
115,2020,16.16,"Počet pracovníků na 1000 obyvatel správního obvodu obce s rozšířenou působností, VČETNĚ cizinců",prepocet,
115,2021,16.16,"Počet pracovníků na 1000 obyvatel správního obvodu obce s rozšířenou působností, VČETNĚ cizinců",prepocet,
115,2022,16.16,"Počet pracovníků na 1000 obyvatel správního obvodu obce s rozšířenou působností, VČETNĚ cizinců",prepocet,
115,2023,16.16,"Počet pracovníků na 1000 obyvatel správního obvodu obce s rozšířenou působností, VČETNĚ cizinců",prepocet,
115,2024,16.16,"Počet pracovníků na 1000 obyvatel správního obvodu obce s rozšířenou působností, VČETNĚ cizinců",prepocet,
115,2025,16.16,"Počet pracovníků na 1000 obyvatel správního obvodu obce s rozšířenou působností, VČETNĚ cizinců",prepocet,0.153
115,2010,16.17,"Počet pracovníků na 1000 obyvatel správního obvodu s působností stavebního úřadu, VČETNĚ cizinců",prepocet,
115,2011,16.17,"Počet pracovníků na 1000 obyvatel správního obvodu s působností stavebního úřadu, VČETNĚ cizinců",prepocet,
115,2012,16.17,"Počet pracovníků na 1000 obyvatel správního obvodu s působností stavebního úřadu, VČETNĚ cizinců",prepocet,
115,2013,16.17,"Počet pracovníků na 1000 obyvatel správního obvodu s působností stavebního úřadu, VČETNĚ cizinců",prepocet,
115,2014,16.17,"Počet pracovníků na 1000 obyvatel správního obvodu s působností stavebního úřadu, VČETNĚ cizinců",prepocet,
115,2015,16.17,"Počet pracovníků na 1000 obyvatel správního obvodu s působností stavebního úřadu, VČETNĚ cizinců",prepocet,
115,2016,16.17,"Počet pracovníků na 1000 obyvatel správního obvodu s působností stavebního úřadu, VČETNĚ cizinců",prepocet,
115,2017,16.17,"Počet pracovníků na 1000 obyvatel správního obvodu s působností stavebního úřadu, VČETNĚ cizinců",prepocet,
115,2018,16.17,"Počet pracovníků na 1000 obyvatel správního obvodu s působností stavebního úřadu, VČETNĚ cizinců",prepocet,
115,2019,16.17,"Počet pracovníků na 1000 obyvatel správního obvodu s působností stavebního úřadu, VČETNĚ cizinců",prepocet,
115,2020,16.17,"Počet pracovníků na 1000 obyvatel správního obvodu s působností stavebního úřadu, VČETNĚ cizinců",prepocet,
115,2021,16.17,"Počet pracovníků na 1000 obyvatel správního obvodu s působností stavebního úřadu, VČETNĚ cizinců",prepocet,
115,2022,16.17,"Počet pracovníků na 1000 obyvatel správního obvodu s působností stavebního úřadu, VČETNĚ cizinců",prepocet,
115,2023,16.17,"Počet pracovníků na 1000 obyvatel správního obvodu s působností stavebního úřadu, VČETNĚ cizinců",prepocet,
115,2024,16.17,"Počet pracovníků na 1000 obyvatel správního obvodu s působností stavebního úřadu, VČETNĚ cizinců",prepocet,
115,2025,16.17,"Počet pracovníků na 1000 obyvatel správního obvodu s působností stavebního úřadu, VČETNĚ cizinců",prepocet,0.273
115,2010,17.2.1,Počet oznámených skutkových podstat dle zákona 251/2016 Sb. na 1 000 obyvatel obce,prepocet,
115,2011,17.2.1,Počet oznámených skutkových podstat dle zákona 251/2016 Sb. na 1 000 obyvatel obce,prepocet,
115,2012,17.2.1,Počet oznámených skutkových podstat dle zákona 251/2016 Sb. na 1 000 obyvatel obce,prepocet,
115,2013,17.2.1,Počet oznámených skutkových podstat dle zákona 251/2016 Sb. na 1 000 obyvatel obce,prepocet,
115,2014,17.2.1,Počet oznámených skutkových podstat dle zákona 251/2016 Sb. na 1 000 obyvatel obce,prepocet,
115,2015,17.2.1,Počet oznámených skutkových podstat dle zákona 251/2016 Sb. na 1 000 obyvatel obce,prepocet,
115,2016,17.2.1,Počet oznámených skutkových podstat dle zákona 251/2016 Sb. na 1 000 obyvatel obce,prepocet,
115,2017,17.2.1,Počet oznámených skutkových podstat dle zákona 251/2016 Sb. na 1 000 obyvatel obce,prepocet,35.309
115,2018,17.2.1,Počet oznámených skutkových podstat dle zákona 251/2016 Sb. na 1 000 obyvatel obce,prepocet,51.311
115,2019,17.2.1,Počet oznámených skutkových podstat dle zákona 251/2016 Sb. na 1 000 obyvatel obce,prepocet,35.038
115,2020,17.2.1,Počet oznámených skutkových podstat dle zákona 251/2016 Sb. na 1 000 obyvatel obce,prepocet,40.031
115,2021,17.2.1,Počet oznámených skutkových podstat dle zákona 251/2016 Sb. na 1 000 obyvatel obce,prepocet,31.075
115,2022,17.2.1,Počet oznámených skutkových podstat dle zákona 251/2016 Sb. na 1 000 obyvatel obce,prepocet,28.333
115,2023,17.2.1,Počet oznámených skutkových podstat dle zákona 251/2016 Sb. na 1 000 obyvatel obce,prepocet,27.319
115,2024,17.2.1,Počet oznámených skutkových podstat dle zákona 251/2016 Sb. na 1 000 obyvatel obce,prepocet,26.077
115,2025,17.2.1,Počet oznámených skutkových podstat dle zákona 251/2016 Sb. na 1 000 obyvatel obce,prepocet,32.624
115,2010,17.2.1.1,Počet oznámených skutkových podstat dle zákona 251/2016 Sb. na 1 000 obyvatel obce a obcí s nimiž je uzavřena veřejnoprávní smlouva,prepocet,
115,2011,17.2.1.1,Počet oznámených skutkových podstat dle zákona 251/2016 Sb. na 1 000 obyvatel obce a obcí s nimiž je uzavřena veřejnoprávní smlouva,prepocet,
115,2012,17.2.1.1,Počet oznámených skutkových podstat dle zákona 251/2016 Sb. na 1 000 obyvatel obce a obcí s nimiž je uzavřena veřejnoprávní smlouva,prepocet,
115,2013,17.2.1.1,Počet oznámených skutkových podstat dle zákona 251/2016 Sb. na 1 000 obyvatel obce a obcí s nimiž je uzavřena veřejnoprávní smlouva,prepocet,
115,2014,17.2.1.1,Počet oznámených skutkových podstat dle zákona 251/2016 Sb. na 1 000 obyvatel obce a obcí s nimiž je uzavřena veřejnoprávní smlouva,prepocet,
115,2015,17.2.1.1,Počet oznámených skutkových podstat dle zákona 251/2016 Sb. na 1 000 obyvatel obce a obcí s nimiž je uzavřena veřejnoprávní smlouva,prepocet,
115,2016,17.2.1.1,Počet oznámených skutkových podstat dle zákona 251/2016 Sb. na 1 000 obyvatel obce a obcí s nimiž je uzavřena veřejnoprávní smlouva,prepocet,
115,2017,17.2.1.1,Počet oznámených skutkových podstat dle zákona 251/2016 Sb. na 1 000 obyvatel obce a obcí s nimiž je uzavřena veřejnoprávní smlouva,prepocet,
115,2018,17.2.1.1,Počet oznámených skutkových podstat dle zákona 251/2016 Sb. na 1 000 obyvatel obce a obcí s nimiž je uzavřena veřejnoprávní smlouva,prepocet,
115,2019,17.2.1.1,Počet oznámených skutkových podstat dle zákona 251/2016 Sb. na 1 000 obyvatel obce a obcí s nimiž je uzavřena veřejnoprávní smlouva,prepocet,26.627
115,2020,17.2.1.1,Počet oznámených skutkových podstat dle zákona 251/2016 Sb. na 1 000 obyvatel obce a obcí s nimiž je uzavřena veřejnoprávní smlouva,prepocet,30.346
115,2021,17.2.1.1,Počet oznámených skutkových podstat dle zákona 251/2016 Sb. na 1 000 obyvatel obce a obcí s nimiž je uzavřena veřejnoprávní smlouva,prepocet,23.458
115,2022,17.2.1.1,Počet oznámených skutkových podstat dle zákona 251/2016 Sb. na 1 000 obyvatel obce a obcí s nimiž je uzavřena veřejnoprávní smlouva,prepocet,21.488
115,2023,17.2.1.1,Počet oznámených skutkových podstat dle zákona 251/2016 Sb. na 1 000 obyvatel obce a obcí s nimiž je uzavřena veřejnoprávní smlouva,prepocet,20.562
115,2024,17.2.1.1,Počet oznámených skutkových podstat dle zákona 251/2016 Sb. na 1 000 obyvatel obce a obcí s nimiž je uzavřena veřejnoprávní smlouva,prepocet,19.57
115,2025,17.2.1.1,Počet oznámených skutkových podstat dle zákona 251/2016 Sb. na 1 000 obyvatel obce a obcí s nimiž je uzavřena veřejnoprávní smlouva,prepocet,24.475
115,2010,17.2.2,Počet oznámených skutkových podstat dle zákona 251/2016 Sb. na zaměstnance,prepocet,
115,2011,17.2.2,Počet oznámených skutkových podstat dle zákona 251/2016 Sb. na zaměstnance,prepocet,
115,2012,17.2.2,Počet oznámených skutkových podstat dle zákona 251/2016 Sb. na zaměstnance,prepocet,
115,2013,17.2.2,Počet oznámených skutkových podstat dle zákona 251/2016 Sb. na zaměstnance,prepocet,
115,2014,17.2.2,Počet oznámených skutkových podstat dle zákona 251/2016 Sb. na zaměstnance,prepocet,
115,2015,17.2.2,Počet oznámených skutkových podstat dle zákona 251/2016 Sb. na zaměstnance,prepocet,
115,2016,17.2.2,Počet oznámených skutkových podstat dle zákona 251/2016 Sb. na zaměstnance,prepocet,
115,2017,17.2.2,Počet oznámených skutkových podstat dle zákona 251/2016 Sb. na zaměstnance,prepocet,248.287
115,2018,17.2.2,Počet oznámených skutkových podstat dle zákona 251/2016 Sb. na zaměstnance,prepocet,411.071
115,2019,17.2.2,Počet oznámených skutkových podstat dle zákona 251/2016 Sb. na zaměstnance,prepocet,269.31
115,2020,17.2.2,Počet oznámených skutkových podstat dle zákona 251/2016 Sb. na zaměstnance,prepocet,316.071
115,2021,17.2.2,Počet oznámených skutkových podstat dle zákona 251/2016 Sb. na zaměstnance,prepocet,228.0
115,2022,17.2.2,Počet oznámených skutkových podstat dle zákona 251/2016 Sb. na zaměstnance,prepocet,211.333
115,2023,17.2.2,Počet oznámených skutkových podstat dle zákona 251/2016 Sb. na zaměstnance,prepocet,202.333
115,2024,17.2.2,Počet oznámených skutkových podstat dle zákona 251/2016 Sb. na zaměstnance,prepocet,166.377
115,2025,17.2.2,Počet oznámených skutkových podstat dle zákona 251/2016 Sb. na zaměstnance,prepocet,206.957
115,2010,17.2.3,% struktura přestupků dle způsobu vyřízení (zákon 251/2016 Sb.),prepocet,
115,2011,17.2.3,% struktura přestupků dle způsobu vyřízení (zákon 251/2016 Sb.),prepocet,
115,2012,17.2.3,% struktura přestupků dle způsobu vyřízení (zákon 251/2016 Sb.),prepocet,
115,2013,17.2.3,% struktura přestupků dle způsobu vyřízení (zákon 251/2016 Sb.),prepocet,
115,2014,17.2.3,% struktura přestupků dle způsobu vyřízení (zákon 251/2016 Sb.),prepocet,
115,2015,17.2.3,% struktura přestupků dle způsobu vyřízení (zákon 251/2016 Sb.),prepocet,
115,2016,17.2.3,% struktura přestupků dle způsobu vyřízení (zákon 251/2016 Sb.),prepocet,
115,2017,17.2.3,% struktura přestupků dle způsobu vyřízení (zákon 251/2016 Sb.),prepocet,10.0
115,2018,17.2.3,% struktura přestupků dle způsobu vyřízení (zákon 251/2016 Sb.),prepocet,22.0
115,2019,17.2.3,% struktura přestupků dle způsobu vyřízení (zákon 251/2016 Sb.),prepocet,38.0
115,2020,17.2.3,% struktura přestupků dle způsobu vyřízení (zákon 251/2016 Sb.),prepocet,30.0
115,2021,17.2.3,% struktura přestupků dle způsobu vyřízení (zákon 251/2016 Sb.),prepocet,7.0
115,2022,17.2.3,% struktura přestupků dle způsobu vyřízení (zákon 251/2016 Sb.),prepocet,25.0
115,2023,17.2.3,% struktura přestupků dle způsobu vyřízení (zákon 251/2016 Sb.),prepocet,24.0
115,2024,17.2.3,% struktura přestupků dle způsobu vyřízení (zákon 251/2016 Sb.),prepocet,44.0
115,2025,17.2.3,% struktura přestupků dle způsobu vyřízení (zákon 251/2016 Sb.),prepocet,7.0
115,2010,17.2.4,% odvolání z počtu oznámených skutkových podstat (zákon 251/2016 Sb.),prepocet,
115,2011,17.2.4,% odvolání z počtu oznámených skutkových podstat (zákon 251/2016 Sb.),prepocet,
115,2012,17.2.4,% odvolání z počtu oznámených skutkových podstat (zákon 251/2016 Sb.),prepocet,
115,2013,17.2.4,% odvolání z počtu oznámených skutkových podstat (zákon 251/2016 Sb.),prepocet,
115,2014,17.2.4,% odvolání z počtu oznámených skutkových podstat (zákon 251/2016 Sb.),prepocet,
115,2015,17.2.4,% odvolání z počtu oznámených skutkových podstat (zákon 251/2016 Sb.),prepocet,
115,2016,17.2.4,% odvolání z počtu oznámených skutkových podstat (zákon 251/2016 Sb.),prepocet,
115,2017,17.2.4,% odvolání z počtu oznámených skutkových podstat (zákon 251/2016 Sb.),prepocet,0.627
115,2018,17.2.4,% odvolání z počtu oznámených skutkových podstat (zákon 251/2016 Sb.),prepocet,0.521
115,2019,17.2.4,% odvolání z počtu oznámených skutkových podstat (zákon 251/2016 Sb.),prepocet,0.768
115,2020,17.2.4,% odvolání z počtu oznámených skutkových podstat (zákon 251/2016 Sb.),prepocet,0.226
115,2021,17.2.4,% odvolání z počtu oznámených skutkových podstat (zákon 251/2016 Sb.),prepocet,0.292
115,2022,17.2.4,% odvolání z počtu oznámených skutkových podstat (zákon 251/2016 Sb.),prepocet,0.473
115,2023,17.2.4,% odvolání z počtu oznámených skutkových podstat (zákon 251/2016 Sb.),prepocet,1.153
115,2024,17.2.4,% odvolání z počtu oznámených skutkových podstat (zákon 251/2016 Sb.),prepocet,0.697
115,2025,17.2.4,% odvolání z počtu oznámených skutkových podstat (zákon 251/2016 Sb.),prepocet,0.14
115,2010,17.2.5,Počet odvolání dle zákona 251/2016 Sb. na zaměstnance,prepocet,
115,2011,17.2.5,Počet odvolání dle zákona 251/2016 Sb. na zaměstnance,prepocet,
115,2012,17.2.5,Počet odvolání dle zákona 251/2016 Sb. na zaměstnance,prepocet,
115,2013,17.2.5,Počet odvolání dle zákona 251/2016 Sb. na zaměstnance,prepocet,
115,2014,17.2.5,Počet odvolání dle zákona 251/2016 Sb. na zaměstnance,prepocet,
115,2015,17.2.5,Počet odvolání dle zákona 251/2016 Sb. na zaměstnance,prepocet,
115,2016,17.2.5,Počet odvolání dle zákona 251/2016 Sb. na zaměstnance,prepocet,
115,2017,17.2.5,Počet odvolání dle zákona 251/2016 Sb. na zaměstnance,prepocet,1.558
115,2018,17.2.5,Počet odvolání dle zákona 251/2016 Sb. na zaměstnance,prepocet,2.143
115,2019,17.2.5,Počet odvolání dle zákona 251/2016 Sb. na zaměstnance,prepocet,2.069
115,2020,17.2.5,Počet odvolání dle zákona 251/2016 Sb. na zaměstnance,prepocet,0.714
115,2021,17.2.5,Počet odvolání dle zákona 251/2016 Sb. na zaměstnance,prepocet,0.667
115,2022,17.2.5,Počet odvolání dle zákona 251/2016 Sb. na zaměstnance,prepocet,1.0
115,2023,17.2.5,Počet odvolání dle zákona 251/2016 Sb. na zaměstnance,prepocet,2.333
115,2024,17.2.5,Počet odvolání dle zákona 251/2016 Sb. na zaměstnance,prepocet,1.159
115,2025,17.2.5,Počet odvolání dle zákona 251/2016 Sb. na zaměstnance,prepocet,0.29
115,2010,17.3.1,Počet oznámených skutkových podstat OSTATNÍCH PŘESTUPKŮ dle zvláštních právních předpisů na zaměstnance,prepocet,
115,2011,17.3.1,Počet oznámených skutkových podstat OSTATNÍCH PŘESTUPKŮ dle zvláštních právních předpisů na zaměstnance,prepocet,
115,2012,17.3.1,Počet oznámených skutkových podstat OSTATNÍCH PŘESTUPKŮ dle zvláštních právních předpisů na zaměstnance,prepocet,
115,2013,17.3.1,Počet oznámených skutkových podstat OSTATNÍCH PŘESTUPKŮ dle zvláštních právních předpisů na zaměstnance,prepocet,
115,2014,17.3.1,Počet oznámených skutkových podstat OSTATNÍCH PŘESTUPKŮ dle zvláštních právních předpisů na zaměstnance,prepocet,
115,2015,17.3.1,Počet oznámených skutkových podstat OSTATNÍCH PŘESTUPKŮ dle zvláštních právních předpisů na zaměstnance,prepocet,
115,2016,17.3.1,Počet oznámených skutkových podstat OSTATNÍCH PŘESTUPKŮ dle zvláštních právních předpisů na zaměstnance,prepocet,
115,2017,17.3.1,Počet oznámených skutkových podstat OSTATNÍCH PŘESTUPKŮ dle zvláštních právních předpisů na zaměstnance,prepocet,8.723
115,2018,17.3.1,Počet oznámených skutkových podstat OSTATNÍCH PŘESTUPKŮ dle zvláštních právních předpisů na zaměstnance,prepocet,31.786
115,2019,17.3.1,Počet oznámených skutkových podstat OSTATNÍCH PŘESTUPKŮ dle zvláštních právních předpisů na zaměstnance,prepocet,25.517
115,2020,17.3.1,Počet oznámených skutkových podstat OSTATNÍCH PŘESTUPKŮ dle zvláštních právních předpisů na zaměstnance,prepocet,22.857
115,2021,17.3.1,Počet oznámených skutkových podstat OSTATNÍCH PŘESTUPKŮ dle zvláštních právních předpisů na zaměstnance,prepocet,32.0
115,2022,17.3.1,Počet oznámených skutkových podstat OSTATNÍCH PŘESTUPKŮ dle zvláštních právních předpisů na zaměstnance,prepocet,9.0
115,2023,17.3.1,Počet oznámených skutkových podstat OSTATNÍCH PŘESTUPKŮ dle zvláštních právních předpisů na zaměstnance,prepocet,7.667
115,2024,17.3.1,Počet oznámených skutkových podstat OSTATNÍCH PŘESTUPKŮ dle zvláštních právních předpisů na zaměstnance,prepocet,8.406
115,2025,17.3.1,Počet oznámených skutkových podstat OSTATNÍCH PŘESTUPKŮ dle zvláštních právních předpisů na zaměstnance,prepocet,7.826
115,2010,17.3.2,% struktura OSTATNÍCH PŘESTUPKŮ dle způsobu vyřízení,prepocet,
115,2011,17.3.2,% struktura OSTATNÍCH PŘESTUPKŮ dle způsobu vyřízení,prepocet,
115,2012,17.3.2,% struktura OSTATNÍCH PŘESTUPKŮ dle způsobu vyřízení,prepocet,
115,2013,17.3.2,% struktura OSTATNÍCH PŘESTUPKŮ dle způsobu vyřízení,prepocet,
115,2014,17.3.2,% struktura OSTATNÍCH PŘESTUPKŮ dle způsobu vyřízení,prepocet,
115,2015,17.3.2,% struktura OSTATNÍCH PŘESTUPKŮ dle způsobu vyřízení,prepocet,
115,2016,17.3.2,% struktura OSTATNÍCH PŘESTUPKŮ dle způsobu vyřízení,prepocet,
115,2017,17.3.2,% struktura OSTATNÍCH PŘESTUPKŮ dle způsobu vyřízení,prepocet,4.0
115,2018,17.3.2,% struktura OSTATNÍCH PŘESTUPKŮ dle způsobu vyřízení,prepocet,43.0
115,2019,17.3.2,% struktura OSTATNÍCH PŘESTUPKŮ dle způsobu vyřízení,prepocet,4.0
115,2020,17.3.2,% struktura OSTATNÍCH PŘESTUPKŮ dle způsobu vyřízení,prepocet,49.0
115,2021,17.3.2,% struktura OSTATNÍCH PŘESTUPKŮ dle způsobu vyřízení,prepocet,1.0
115,2022,17.3.2,% struktura OSTATNÍCH PŘESTUPKŮ dle způsobu vyřízení,prepocet,7.0
115,2023,17.3.2,% struktura OSTATNÍCH PŘESTUPKŮ dle způsobu vyřízení,prepocet,30.0
115,2024,17.3.2,% struktura OSTATNÍCH PŘESTUPKŮ dle způsobu vyřízení,prepocet,62.0
115,2025,17.3.2,% struktura OSTATNÍCH PŘESTUPKŮ dle způsobu vyřízení,prepocet,9.0
115,2010,17.3.3,% odvolání z počtu oznámených skutkových podstat (OSTATNÍ PŘESTUPKY),prepocet,
115,2011,17.3.3,% odvolání z počtu oznámených skutkových podstat (OSTATNÍ PŘESTUPKY),prepocet,
115,2012,17.3.3,% odvolání z počtu oznámených skutkových podstat (OSTATNÍ PŘESTUPKY),prepocet,
115,2013,17.3.3,% odvolání z počtu oznámených skutkových podstat (OSTATNÍ PŘESTUPKY),prepocet,
115,2014,17.3.3,% odvolání z počtu oznámených skutkových podstat (OSTATNÍ PŘESTUPKY),prepocet,
115,2015,17.3.3,% odvolání z počtu oznámených skutkových podstat (OSTATNÍ PŘESTUPKY),prepocet,
115,2016,17.3.3,% odvolání z počtu oznámených skutkových podstat (OSTATNÍ PŘESTUPKY),prepocet,
115,2017,17.3.3,% odvolání z počtu oznámených skutkových podstat (OSTATNÍ PŘESTUPKY),prepocet,0.0
115,2018,17.3.3,% odvolání z počtu oznámených skutkových podstat (OSTATNÍ PŘESTUPKY),prepocet,0.0
115,2019,17.3.3,% odvolání z počtu oznámených skutkových podstat (OSTATNÍ PŘESTUPKY),prepocet,0.0
115,2020,17.3.3,% odvolání z počtu oznámených skutkových podstat (OSTATNÍ PŘESTUPKY),prepocet,0.0
115,2021,17.3.3,% odvolání z počtu oznámených skutkových podstat (OSTATNÍ PŘESTUPKY),prepocet,0.0
115,2022,17.3.3,% odvolání z počtu oznámených skutkových podstat (OSTATNÍ PŘESTUPKY),prepocet,0.0
115,2023,17.3.3,% odvolání z počtu oznámených skutkových podstat (OSTATNÍ PŘESTUPKY),prepocet,0.0
115,2024,17.3.3,% odvolání z počtu oznámených skutkových podstat (OSTATNÍ PŘESTUPKY),prepocet,0.0
115,2025,17.3.3,% odvolání z počtu oznámených skutkových podstat (OSTATNÍ PŘESTUPKY),prepocet,0.0
115,2010,17.3.4,Počet odvolání na zaměstnance (OSTATNÍ PŘESTUPKY),prepocet,
115,2011,17.3.4,Počet odvolání na zaměstnance (OSTATNÍ PŘESTUPKY),prepocet,
115,2012,17.3.4,Počet odvolání na zaměstnance (OSTATNÍ PŘESTUPKY),prepocet,
115,2013,17.3.4,Počet odvolání na zaměstnance (OSTATNÍ PŘESTUPKY),prepocet,
115,2014,17.3.4,Počet odvolání na zaměstnance (OSTATNÍ PŘESTUPKY),prepocet,
115,2015,17.3.4,Počet odvolání na zaměstnance (OSTATNÍ PŘESTUPKY),prepocet,
115,2016,17.3.4,Počet odvolání na zaměstnance (OSTATNÍ PŘESTUPKY),prepocet,
115,2017,17.3.4,Počet odvolání na zaměstnance (OSTATNÍ PŘESTUPKY),prepocet,0.0
115,2018,17.3.4,Počet odvolání na zaměstnance (OSTATNÍ PŘESTUPKY),prepocet,0.0
115,2019,17.3.4,Počet odvolání na zaměstnance (OSTATNÍ PŘESTUPKY),prepocet,0.0
115,2020,17.3.4,Počet odvolání na zaměstnance (OSTATNÍ PŘESTUPKY),prepocet,0.0
115,2021,17.3.4,Počet odvolání na zaměstnance (OSTATNÍ PŘESTUPKY),prepocet,0.0
115,2022,17.3.4,Počet odvolání na zaměstnance (OSTATNÍ PŘESTUPKY),prepocet,0.0
115,2023,17.3.4,Počet odvolání na zaměstnance (OSTATNÍ PŘESTUPKY),prepocet,0.0
115,2024,17.3.4,Počet odvolání na zaměstnance (OSTATNÍ PŘESTUPKY),prepocet,0.0
115,2025,17.3.4,Počet odvolání na zaměstnance (OSTATNÍ PŘESTUPKY),prepocet,0.0
115,2010,17.4.1,Počet oznámených skutkových podstat CELKEM na zaměstnance,prepocet,
115,2011,17.4.1,Počet oznámených skutkových podstat CELKEM na zaměstnance,prepocet,
115,2012,17.4.1,Počet oznámených skutkových podstat CELKEM na zaměstnance,prepocet,
115,2013,17.4.1,Počet oznámených skutkových podstat CELKEM na zaměstnance,prepocet,
115,2014,17.4.1,Počet oznámených skutkových podstat CELKEM na zaměstnance,prepocet,
115,2015,17.4.1,Počet oznámených skutkových podstat CELKEM na zaměstnance,prepocet,
115,2016,17.4.1,Počet oznámených skutkových podstat CELKEM na zaměstnance,prepocet,
115,2017,17.4.1,Počet oznámených skutkových podstat CELKEM na zaměstnance,prepocet,257.009
115,2018,17.4.1,Počet oznámených skutkových podstat CELKEM na zaměstnance,prepocet,442.857
115,2019,17.4.1,Počet oznámených skutkových podstat CELKEM na zaměstnance,prepocet,294.828
115,2020,17.4.1,Počet oznámených skutkových podstat CELKEM na zaměstnance,prepocet,338.929
115,2021,17.4.1,Počet oznámených skutkových podstat CELKEM na zaměstnance,prepocet,260.0
115,2022,17.4.1,Počet oznámených skutkových podstat CELKEM na zaměstnance,prepocet,220.333
115,2023,17.4.1,Počet oznámených skutkových podstat CELKEM na zaměstnance,prepocet,210.0
115,2024,17.4.1,Počet oznámených skutkových podstat CELKEM na zaměstnance,prepocet,174.783
115,2025,17.4.1,Počet oznámených skutkových podstat CELKEM na zaměstnance,prepocet,214.783
115,2010,17.4.2,Počet oznámených skutkových podstat CELKEM na 1 000 obyvatel obce,prepocet,
115,2011,17.4.2,Počet oznámených skutkových podstat CELKEM na 1 000 obyvatel obce,prepocet,
115,2012,17.4.2,Počet oznámených skutkových podstat CELKEM na 1 000 obyvatel obce,prepocet,
115,2013,17.4.2,Počet oznámených skutkových podstat CELKEM na 1 000 obyvatel obce,prepocet,
115,2014,17.4.2,Počet oznámených skutkových podstat CELKEM na 1 000 obyvatel obce,prepocet,
115,2015,17.4.2,Počet oznámených skutkových podstat CELKEM na 1 000 obyvatel obce,prepocet,
115,2016,17.4.2,Počet oznámených skutkových podstat CELKEM na 1 000 obyvatel obce,prepocet,
115,2017,17.4.2,Počet oznámených skutkových podstat CELKEM na 1 000 obyvatel obce,prepocet,36.55
115,2018,17.4.2,Počet oznámených skutkových podstat CELKEM na 1 000 obyvatel obce,prepocet,55.278
115,2019,17.4.2,Počet oznámených skutkových podstat CELKEM na 1 000 obyvatel obce,prepocet,38.358
115,2020,17.4.2,Počet oznámených skutkových podstat CELKEM na 1 000 obyvatel obce,prepocet,42.926
115,2021,17.4.2,Počet oznámených skutkových podstat CELKEM na 1 000 obyvatel obce,prepocet,35.437
115,2022,17.4.2,Počet oznámených skutkových podstat CELKEM na 1 000 obyvatel obce,prepocet,29.539
115,2023,17.4.2,Počet oznámených skutkových podstat CELKEM na 1 000 obyvatel obce,prepocet,28.354
115,2024,17.4.2,Počet oznámených skutkových podstat CELKEM na 1 000 obyvatel obce,prepocet,27.394
115,2025,17.4.2,Počet oznámených skutkových podstat CELKEM na 1 000 obyvatel obce,prepocet,33.857
115,2010,17.4.3,Objem uložených pokut v Kč včetně nákladů řízení dle zákona 251/2016 Sb. a ostatních právních předpisů na počet oznámení CELKEM,prepocet,
115,2011,17.4.3,Objem uložených pokut v Kč včetně nákladů řízení dle zákona 251/2016 Sb. a ostatních právních předpisů na počet oznámení CELKEM,prepocet,
115,2012,17.4.3,Objem uložených pokut v Kč včetně nákladů řízení dle zákona 251/2016 Sb. a ostatních právních předpisů na počet oznámení CELKEM,prepocet,
115,2013,17.4.3,Objem uložených pokut v Kč včetně nákladů řízení dle zákona 251/2016 Sb. a ostatních právních předpisů na počet oznámení CELKEM,prepocet,
115,2014,17.4.3,Objem uložených pokut v Kč včetně nákladů řízení dle zákona 251/2016 Sb. a ostatních právních předpisů na počet oznámení CELKEM,prepocet,
115,2015,17.4.3,Objem uložených pokut v Kč včetně nákladů řízení dle zákona 251/2016 Sb. a ostatních právních předpisů na počet oznámení CELKEM,prepocet,
115,2016,17.4.3,Objem uložených pokut v Kč včetně nákladů řízení dle zákona 251/2016 Sb. a ostatních právních předpisů na počet oznámení CELKEM,prepocet,
115,2017,17.4.3,Objem uložených pokut v Kč včetně nákladů řízení dle zákona 251/2016 Sb. a ostatních právních předpisů na počet oznámení CELKEM,prepocet,961.212
115,2018,17.4.3,Objem uložených pokut v Kč včetně nákladů řízení dle zákona 251/2016 Sb. a ostatních právních předpisů na počet oznámení CELKEM,prepocet,1075.0
115,2019,17.4.3,Objem uložených pokut v Kč včetně nákladů řízení dle zákona 251/2016 Sb. a ostatních právních předpisů na počet oznámení CELKEM,prepocet,1341.871
115,2020,17.4.3,Objem uložených pokut v Kč včetně nákladů řízení dle zákona 251/2016 Sb. a ostatních právních předpisů na počet oznámení CELKEM,prepocet,810.327
115,2021,17.4.3,Objem uložených pokut v Kč včetně nákladů řízení dle zákona 251/2016 Sb. a ostatních právních předpisů na počet oznámení CELKEM,prepocet,680.641
115,2022,17.4.3,Objem uložených pokut v Kč včetně nákladů řízení dle zákona 251/2016 Sb. a ostatních právních předpisů na počet oznámení CELKEM,prepocet,843.116
115,2023,17.4.3,Objem uložených pokut v Kč včetně nákladů řízení dle zákona 251/2016 Sb. a ostatních právních předpisů na počet oznámení CELKEM,prepocet,805.556
115,2024,17.4.3,Objem uložených pokut v Kč včetně nákladů řízení dle zákona 251/2016 Sb. a ostatních právních předpisů na počet oznámení CELKEM,prepocet,916.915
115,2025,17.4.3,Objem uložených pokut v Kč včetně nákladů řízení dle zákona 251/2016 Sb. a ostatních právních předpisů na počet oznámení CELKEM,prepocet,437.922
115,2010,17.5.1,Počet zaměstnanců - pracovních úvazků,prepocet,
115,2011,17.5.1,Počet zaměstnanců - pracovních úvazků,prepocet,
115,2012,17.5.1,Počet zaměstnanců - pracovních úvazků,prepocet,
115,2013,17.5.1,Počet zaměstnanců - pracovních úvazků,prepocet,
115,2014,17.5.1,Počet zaměstnanců - pracovních úvazků,prepocet,
115,2015,17.5.1,Počet zaměstnanců - pracovních úvazků,prepocet,
115,2016,17.5.1,Počet zaměstnanců - pracovních úvazků,prepocet,
115,2017,17.5.1,Počet zaměstnanců - pracovních úvazků,prepocet,3.21
115,2018,17.5.1,Počet zaměstnanců - pracovních úvazků,prepocet,2.8
115,2019,17.5.1,Počet zaměstnanců - pracovních úvazků,prepocet,2.9
115,2020,17.5.1,Počet zaměstnanců - pracovních úvazků,prepocet,2.8
115,2021,17.5.1,Počet zaměstnanců - pracovních úvazků,prepocet,3.0
115,2022,17.5.1,Počet zaměstnanců - pracovních úvazků,prepocet,3.0
115,2023,17.5.1,Počet zaměstnanců - pracovních úvazků,prepocet,3.0
115,2024,17.5.1,Počet zaměstnanců - pracovních úvazků,prepocet,3.45
115,2025,17.5.1,Počet zaměstnanců - pracovních úvazků,prepocet,3.45
115,2010,17.5.2,Počet zaměstnanců agendy přestupků dle zákona 251/2016 Sb. na 1 000 obyvatel obvodu pro nějž výkon agendy zajišťuje,prepocet,
115,2011,17.5.2,Počet zaměstnanců agendy přestupků dle zákona 251/2016 Sb. na 1 000 obyvatel obvodu pro nějž výkon agendy zajišťuje,prepocet,
115,2012,17.5.2,Počet zaměstnanců agendy přestupků dle zákona 251/2016 Sb. na 1 000 obyvatel obvodu pro nějž výkon agendy zajišťuje,prepocet,
115,2013,17.5.2,Počet zaměstnanců agendy přestupků dle zákona 251/2016 Sb. na 1 000 obyvatel obvodu pro nějž výkon agendy zajišťuje,prepocet,
115,2014,17.5.2,Počet zaměstnanců agendy přestupků dle zákona 251/2016 Sb. na 1 000 obyvatel obvodu pro nějž výkon agendy zajišťuje,prepocet,
115,2015,17.5.2,Počet zaměstnanců agendy přestupků dle zákona 251/2016 Sb. na 1 000 obyvatel obvodu pro nějž výkon agendy zajišťuje,prepocet,
115,2016,17.5.2,Počet zaměstnanců agendy přestupků dle zákona 251/2016 Sb. na 1 000 obyvatel obvodu pro nějž výkon agendy zajišťuje,prepocet,
115,2017,17.5.2,Počet zaměstnanců agendy přestupků dle zákona 251/2016 Sb. na 1 000 obyvatel obvodu pro nějž výkon agendy zajišťuje,prepocet,
115,2018,17.5.2,Počet zaměstnanců agendy přestupků dle zákona 251/2016 Sb. na 1 000 obyvatel obvodu pro nějž výkon agendy zajišťuje,prepocet,
115,2019,17.5.2,Počet zaměstnanců agendy přestupků dle zákona 251/2016 Sb. na 1 000 obyvatel obvodu pro nějž výkon agendy zajišťuje,prepocet,
115,2020,17.5.2,Počet zaměstnanců agendy přestupků dle zákona 251/2016 Sb. na 1 000 obyvatel obvodu pro nějž výkon agendy zajišťuje,prepocet,
115,2021,17.5.2,Počet zaměstnanců agendy přestupků dle zákona 251/2016 Sb. na 1 000 obyvatel obvodu pro nějž výkon agendy zajišťuje,prepocet,
115,2022,17.5.2,Počet zaměstnanců agendy přestupků dle zákona 251/2016 Sb. na 1 000 obyvatel obvodu pro nějž výkon agendy zajišťuje,prepocet,
115,2023,17.5.2,Počet zaměstnanců agendy přestupků dle zákona 251/2016 Sb. na 1 000 obyvatel obvodu pro nějž výkon agendy zajišťuje,prepocet,
115,2024,17.5.2,Počet zaměstnanců agendy přestupků dle zákona 251/2016 Sb. na 1 000 obyvatel obvodu pro nějž výkon agendy zajišťuje,prepocet,0.083
115,2025,17.5.2,Počet zaměstnanců agendy přestupků dle zákona 251/2016 Sb. na 1 000 obyvatel obvodu pro nějž výkon agendy zajišťuje,prepocet,0.084
115,2010,17.6.1,"Počet obcí, za které úřad projednává přestupky dle zákona 251/2016 Sb. na základě rozhodnutí Krajského úřadu ve věci převodu výkonu této agendy",prepocet,
115,2011,17.6.1,"Počet obcí, za které úřad projednává přestupky dle zákona 251/2016 Sb. na základě rozhodnutí Krajského úřadu ve věci převodu výkonu této agendy",prepocet,
115,2012,17.6.1,"Počet obcí, za které úřad projednává přestupky dle zákona 251/2016 Sb. na základě rozhodnutí Krajského úřadu ve věci převodu výkonu této agendy",prepocet,
115,2013,17.6.1,"Počet obcí, za které úřad projednává přestupky dle zákona 251/2016 Sb. na základě rozhodnutí Krajského úřadu ve věci převodu výkonu této agendy",prepocet,
115,2014,17.6.1,"Počet obcí, za které úřad projednává přestupky dle zákona 251/2016 Sb. na základě rozhodnutí Krajského úřadu ve věci převodu výkonu této agendy",prepocet,
115,2015,17.6.1,"Počet obcí, za které úřad projednává přestupky dle zákona 251/2016 Sb. na základě rozhodnutí Krajského úřadu ve věci převodu výkonu této agendy",prepocet,
115,2016,17.6.1,"Počet obcí, za které úřad projednává přestupky dle zákona 251/2016 Sb. na základě rozhodnutí Krajského úřadu ve věci převodu výkonu této agendy",prepocet,
115,2017,17.6.1,"Počet obcí, za které úřad projednává přestupky dle zákona 251/2016 Sb. na základě rozhodnutí Krajského úřadu ve věci převodu výkonu této agendy",prepocet,
115,2018,17.6.1,"Počet obcí, za které úřad projednává přestupky dle zákona 251/2016 Sb. na základě rozhodnutí Krajského úřadu ve věci převodu výkonu této agendy",prepocet,
115,2019,17.6.1,"Počet obcí, za které úřad projednává přestupky dle zákona 251/2016 Sb. na základě rozhodnutí Krajského úřadu ve věci převodu výkonu této agendy",prepocet,
115,2020,17.6.1,"Počet obcí, za které úřad projednává přestupky dle zákona 251/2016 Sb. na základě rozhodnutí Krajského úřadu ve věci převodu výkonu této agendy",prepocet,
115,2021,17.6.1,"Počet obcí, za které úřad projednává přestupky dle zákona 251/2016 Sb. na základě rozhodnutí Krajského úřadu ve věci převodu výkonu této agendy",prepocet,
115,2022,17.6.1,"Počet obcí, za které úřad projednává přestupky dle zákona 251/2016 Sb. na základě rozhodnutí Krajského úřadu ve věci převodu výkonu této agendy",prepocet,
115,2023,17.6.1,"Počet obcí, za které úřad projednává přestupky dle zákona 251/2016 Sb. na základě rozhodnutí Krajského úřadu ve věci převodu výkonu této agendy",prepocet,
115,2024,17.6.1,"Počet obcí, za které úřad projednává přestupky dle zákona 251/2016 Sb. na základě rozhodnutí Krajského úřadu ve věci převodu výkonu této agendy",prepocet,0.0
115,2025,17.6.1,"Počet obcí, za které úřad projednává přestupky dle zákona 251/2016 Sb. na základě rozhodnutí Krajského úřadu ve věci převodu výkonu této agendy",prepocet,0.0
115,2010,17.6.2,Počet uzavřených veřejnoprávních smluv o řešení přestupků dle zákona 251/2016 Sb.,prepocet,
115,2011,17.6.2,Počet uzavřených veřejnoprávních smluv o řešení přestupků dle zákona 251/2016 Sb.,prepocet,
115,2012,17.6.2,Počet uzavřených veřejnoprávních smluv o řešení přestupků dle zákona 251/2016 Sb.,prepocet,
115,2013,17.6.2,Počet uzavřených veřejnoprávních smluv o řešení přestupků dle zákona 251/2016 Sb.,prepocet,
115,2014,17.6.2,Počet uzavřených veřejnoprávních smluv o řešení přestupků dle zákona 251/2016 Sb.,prepocet,
115,2015,17.6.2,Počet uzavřených veřejnoprávních smluv o řešení přestupků dle zákona 251/2016 Sb.,prepocet,
115,2016,17.6.2,Počet uzavřených veřejnoprávních smluv o řešení přestupků dle zákona 251/2016 Sb.,prepocet,
115,2017,17.6.2,Počet uzavřených veřejnoprávních smluv o řešení přestupků dle zákona 251/2016 Sb.,prepocet,7.0
115,2018,17.6.2,Počet uzavřených veřejnoprávních smluv o řešení přestupků dle zákona 251/2016 Sb.,prepocet,7.0
115,2019,17.6.2,Počet uzavřených veřejnoprávních smluv o řešení přestupků dle zákona 251/2016 Sb.,prepocet,7.0
115,2020,17.6.2,Počet uzavřených veřejnoprávních smluv o řešení přestupků dle zákona 251/2016 Sb.,prepocet,7.0
115,2021,17.6.2,Počet uzavřených veřejnoprávních smluv o řešení přestupků dle zákona 251/2016 Sb.,prepocet,7.0
115,2022,17.6.2,Počet uzavřených veřejnoprávních smluv o řešení přestupků dle zákona 251/2016 Sb.,prepocet,7.0
115,2023,17.6.2,Počet uzavřených veřejnoprávních smluv o řešení přestupků dle zákona 251/2016 Sb.,prepocet,7.0
115,2024,17.6.2,Počet uzavřených veřejnoprávních smluv o řešení přestupků dle zákona 251/2016 Sb.,prepocet,7.0
115,2025,17.6.2,Počet uzavřených veřejnoprávních smluv o řešení přestupků dle zákona 251/2016 Sb.,prepocet,7.0
115,2010,17.7.1,"Počet OBYVATEL OBCÍ, za které úřad projednává přestupky na základě rozhodnutí Krajského úřadu ve věci převodu výkonu agendy a OBCÍ, s nimiž jsou uzavřeny veřejnoprávní smlouvy",prepocet,
115,2011,17.7.1,"Počet OBYVATEL OBCÍ, za které úřad projednává přestupky na základě rozhodnutí Krajského úřadu ve věci převodu výkonu agendy a OBCÍ, s nimiž jsou uzavřeny veřejnoprávní smlouvy",prepocet,
115,2012,17.7.1,"Počet OBYVATEL OBCÍ, za které úřad projednává přestupky na základě rozhodnutí Krajského úřadu ve věci převodu výkonu agendy a OBCÍ, s nimiž jsou uzavřeny veřejnoprávní smlouvy",prepocet,
115,2013,17.7.1,"Počet OBYVATEL OBCÍ, za které úřad projednává přestupky na základě rozhodnutí Krajského úřadu ve věci převodu výkonu agendy a OBCÍ, s nimiž jsou uzavřeny veřejnoprávní smlouvy",prepocet,
115,2014,17.7.1,"Počet OBYVATEL OBCÍ, za které úřad projednává přestupky na základě rozhodnutí Krajského úřadu ve věci převodu výkonu agendy a OBCÍ, s nimiž jsou uzavřeny veřejnoprávní smlouvy",prepocet,
115,2015,17.7.1,"Počet OBYVATEL OBCÍ, za které úřad projednává přestupky na základě rozhodnutí Krajského úřadu ve věci převodu výkonu agendy a OBCÍ, s nimiž jsou uzavřeny veřejnoprávní smlouvy",prepocet,
115,2016,17.7.1,"Počet OBYVATEL OBCÍ, za které úřad projednává přestupky na základě rozhodnutí Krajského úřadu ve věci převodu výkonu agendy a OBCÍ, s nimiž jsou uzavřeny veřejnoprávní smlouvy",prepocet,
115,2017,17.7.1,"Počet OBYVATEL OBCÍ, za které úřad projednává přestupky na základě rozhodnutí Krajského úřadu ve věci převodu výkonu agendy a OBCÍ, s nimiž jsou uzavřeny veřejnoprávní smlouvy",prepocet,
115,2018,17.7.1,"Počet OBYVATEL OBCÍ, za které úřad projednává přestupky na základě rozhodnutí Krajského úřadu ve věci převodu výkonu agendy a OBCÍ, s nimiž jsou uzavřeny veřejnoprávní smlouvy",prepocet,
115,2019,17.7.1,"Počet OBYVATEL OBCÍ, za které úřad projednává přestupky na základě rozhodnutí Krajského úřadu ve věci převodu výkonu agendy a OBCÍ, s nimiž jsou uzavřeny veřejnoprávní smlouvy",prepocet,
115,2020,17.7.1,"Počet OBYVATEL OBCÍ, za které úřad projednává přestupky na základě rozhodnutí Krajského úřadu ve věci převodu výkonu agendy a OBCÍ, s nimiž jsou uzavřeny veřejnoprávní smlouvy",prepocet,
115,2021,17.7.1,"Počet OBYVATEL OBCÍ, za které úřad projednává přestupky na základě rozhodnutí Krajského úřadu ve věci převodu výkonu agendy a OBCÍ, s nimiž jsou uzavřeny veřejnoprávní smlouvy",prepocet,
115,2022,17.7.1,"Počet OBYVATEL OBCÍ, za které úřad projednává přestupky na základě rozhodnutí Krajského úřadu ve věci převodu výkonu agendy a OBCÍ, s nimiž jsou uzavřeny veřejnoprávní smlouvy",prepocet,
115,2023,17.7.1,"Počet OBYVATEL OBCÍ, za které úřad projednává přestupky na základě rozhodnutí Krajského úřadu ve věci převodu výkonu agendy a OBCÍ, s nimiž jsou uzavřeny veřejnoprávní smlouvy",prepocet,
115,2024,17.7.1,"Počet OBYVATEL OBCÍ, za které úřad projednává přestupky na základě rozhodnutí Krajského úřadu ve věci převodu výkonu agendy a OBCÍ, s nimiž jsou uzavřeny veřejnoprávní smlouvy",prepocet,7318.0
115,2025,17.7.1,"Počet OBYVATEL OBCÍ, za které úřad projednává přestupky na základě rozhodnutí Krajského úřadu ve věci převodu výkonu agendy a OBCÍ, s nimiž jsou uzavřeny veřejnoprávní smlouvy",prepocet,7287.0
115,2010,17.7.2,Projednáváte přestupky v přestupkové komisi? (ano = 1),prepocet,
115,2011,17.7.2,Projednáváte přestupky v přestupkové komisi? (ano = 1),prepocet,
115,2012,17.7.2,Projednáváte přestupky v přestupkové komisi? (ano = 1),prepocet,
115,2013,17.7.2,Projednáváte přestupky v přestupkové komisi? (ano = 1),prepocet,
115,2014,17.7.2,Projednáváte přestupky v přestupkové komisi? (ano = 1),prepocet,
115,2015,17.7.2,Projednáváte přestupky v přestupkové komisi? (ano = 1),prepocet,
115,2016,17.7.2,Projednáváte přestupky v přestupkové komisi? (ano = 1),prepocet,
115,2017,17.7.2,Projednáváte přestupky v přestupkové komisi? (ano = 1),prepocet,0.0
115,2018,17.7.2,Projednáváte přestupky v přestupkové komisi? (ano = 1),prepocet,0.0
115,2019,17.7.2,Projednáváte přestupky v přestupkové komisi? (ano = 1),prepocet,0.0
115,2020,17.7.2,Projednáváte přestupky v přestupkové komisi? (ano = 1),prepocet,0.0
115,2021,17.7.2,Projednáváte přestupky v přestupkové komisi? (ano = 1),prepocet,0.0
115,2022,17.7.2,Projednáváte přestupky v přestupkové komisi? (ano = 1),prepocet,0.0
115,2023,17.7.2,Projednáváte přestupky v přestupkové komisi? (ano = 1),prepocet,0.0
115,2024,17.7.2,Projednáváte přestupky v přestupkové komisi? (ano = 1),prepocet,0.0
115,2025,17.7.2,Projednáváte přestupky v přestupkové komisi? (ano = 1),prepocet,0.0
115,2010,18.1,Počet držitelů živnostenských oprávnění na 1000 obyvatel správního obvodu obce s rozšířenou působností,prepocet,165.156
115,2011,18.1,Počet držitelů živnostenských oprávnění na 1000 obyvatel správního obvodu obce s rozšířenou působností,prepocet,165.826
115,2012,18.1,Počet držitelů živnostenských oprávnění na 1000 obyvatel správního obvodu obce s rozšířenou působností,prepocet,167.439
115,2013,18.1,Počet držitelů živnostenských oprávnění na 1000 obyvatel správního obvodu obce s rozšířenou působností,prepocet,169.188
115,2014,18.1,Počet držitelů živnostenských oprávnění na 1000 obyvatel správního obvodu obce s rozšířenou působností,prepocet,169.64
115,2015,18.1,Počet držitelů živnostenských oprávnění na 1000 obyvatel správního obvodu obce s rozšířenou působností,prepocet,170.036
115,2016,18.1,Počet držitelů živnostenských oprávnění na 1000 obyvatel správního obvodu obce s rozšířenou působností,prepocet,166.335
115,2017,18.1,Počet držitelů živnostenských oprávnění na 1000 obyvatel správního obvodu obce s rozšířenou působností,prepocet,169.884
115,2018,18.1,Počet držitelů živnostenských oprávnění na 1000 obyvatel správního obvodu obce s rozšířenou působností,prepocet,170.69
115,2019,18.1,Počet držitelů živnostenských oprávnění na 1000 obyvatel správního obvodu obce s rozšířenou působností,prepocet,170.576
115,2020,18.1,Počet držitelů živnostenských oprávnění na 1000 obyvatel správního obvodu obce s rozšířenou působností,prepocet,173.529
115,2021,18.1,Počet držitelů živnostenských oprávnění na 1000 obyvatel správního obvodu obce s rozšířenou působností,prepocet,177.348
115,2022,18.1,Počet držitelů živnostenských oprávnění na 1000 obyvatel správního obvodu obce s rozšířenou působností,prepocet,173.816
115,2023,18.1,Počet držitelů živnostenských oprávnění na 1000 obyvatel správního obvodu obce s rozšířenou působností,prepocet,152.358
115,2024,18.1,Počet držitelů živnostenských oprávnění na 1000 obyvatel správního obvodu obce s rozšířenou působností,prepocet,152.172
115,2025,18.1,Počet držitelů živnostenských oprávnění na 1000 obyvatel správního obvodu obce s rozšířenou působností,prepocet,154.551
115,2010,18.2.1,Počet držitelů živnostenských oprávnění připadajících na jednoho pracovníka ŽÚ,prepocet,1154.0
115,2011,18.2.1,Počet držitelů živnostenských oprávnění připadajících na jednoho pracovníka ŽÚ,prepocet,1161.0
115,2012,18.2.1,Počet držitelů živnostenských oprávnění připadajících na jednoho pracovníka ŽÚ,prepocet,1168.167
115,2013,18.2.1,Počet držitelů živnostenských oprávnění připadajících na jednoho pracovníka ŽÚ,prepocet,1178.167
115,2014,18.2.1,Počet držitelů živnostenských oprávnění připadajících na jednoho pracovníka ŽÚ,prepocet,1179.167
115,2015,18.2.1,Počet držitelů živnostenských oprávnění připadajících na jednoho pracovníka ŽÚ,prepocet,1177.667
115,2016,18.2.1,Počet držitelů živnostenských oprávnění připadajících na jednoho pracovníka ŽÚ,prepocet,1171.167
115,2017,18.2.1,Počet držitelů živnostenských oprávnění připadajících na jednoho pracovníka ŽÚ,prepocet,1176.5
115,2018,18.2.1,Počet držitelů živnostenských oprávnění připadajících na jednoho pracovníka ŽÚ,prepocet,1414.2
115,2019,18.2.1,Počet držitelů živnostenských oprávnění připadajících na jednoho pracovníka ŽÚ,prepocet,1413.6
115,2020,18.2.1,Počet držitelů živnostenských oprávnění připadajících na jednoho pracovníka ŽÚ,prepocet,1432.0
115,2021,18.2.1,Počet držitelů živnostenských oprávnění připadajících na jednoho pracovníka ŽÚ,prepocet,1825.0
115,2022,18.2.1,Počet držitelů živnostenských oprávnění připadajících na jednoho pracovníka ŽÚ,prepocet,1817.25
115,2023,18.2.1,Počet držitelů živnostenských oprávnění připadajících na jednoho pracovníka ŽÚ,prepocet,1591.0
115,2024,18.2.1,Počet držitelů živnostenských oprávnění připadajících na jednoho pracovníka ŽÚ,prepocet,1575.25
115,2025,18.2.1,Počet držitelů živnostenských oprávnění připadajících na jednoho pracovníka ŽÚ,prepocet,1594.5
115,2010,18.2.2,Počet všech živnostenských oprávnění připadajících na jednoho pracovníka ŽÚ,prepocet,1550.5
115,2011,18.2.2,Počet všech živnostenských oprávnění připadajících na jednoho pracovníka ŽÚ,prepocet,1592.0
115,2012,18.2.2,Počet všech živnostenských oprávnění připadajících na jednoho pracovníka ŽÚ,prepocet,1622.167
115,2013,18.2.2,Počet všech živnostenských oprávnění připadajících na jednoho pracovníka ŽÚ,prepocet,1670.5
115,2014,18.2.2,Počet všech živnostenských oprávnění připadajících na jednoho pracovníka ŽÚ,prepocet,1729.833
115,2015,18.2.2,Počet všech živnostenských oprávnění připadajících na jednoho pracovníka ŽÚ,prepocet,1755.0
115,2016,18.2.2,Počet všech živnostenských oprávnění připadajících na jednoho pracovníka ŽÚ,prepocet,1763.333
115,2017,18.2.2,Počet všech živnostenských oprávnění připadajících na jednoho pracovníka ŽÚ,prepocet,1746.833
115,2018,18.2.2,Počet všech živnostenských oprávnění připadajících na jednoho pracovníka ŽÚ,prepocet,2126.2
115,2019,18.2.2,Počet všech živnostenských oprávnění připadajících na jednoho pracovníka ŽÚ,prepocet,2148.6
115,2020,18.2.2,Počet všech živnostenských oprávnění připadajících na jednoho pracovníka ŽÚ,prepocet,2202.8
115,2021,18.2.2,Počet všech živnostenských oprávnění připadajících na jednoho pracovníka ŽÚ,prepocet,2831.25
115,2022,18.2.2,Počet všech živnostenských oprávnění připadajících na jednoho pracovníka ŽÚ,prepocet,2856.75
115,2023,18.2.2,Počet všech živnostenských oprávnění připadajících na jednoho pracovníka ŽÚ,prepocet,2612.25
115,2024,18.2.2,Počet všech živnostenských oprávnění připadajících na jednoho pracovníka ŽÚ,prepocet,2623.25
115,2025,18.2.2,Počet všech živnostenských oprávnění připadajících na jednoho pracovníka ŽÚ,prepocet,2687.0
115,2010,18.2.3,Počet pracovníků ŽÚ na 10 000 obyvatel správního obvodu,prepocet,1.431
115,2011,18.2.3,Počet pracovníků ŽÚ na 10 000 obyvatel správního obvodu,prepocet,1.428
115,2012,18.2.3,Počet pracovníků ŽÚ na 10 000 obyvatel správního obvodu,prepocet,1.075
115,2013,18.2.3,Počet pracovníků ŽÚ na 10 000 obyvatel správního obvodu,prepocet,1.077
115,2014,18.2.3,Počet pracovníků ŽÚ na 10 000 obyvatel správního obvodu,prepocet,1.079
115,2015,18.2.3,Počet pracovníků ŽÚ na 10 000 obyvatel správního obvodu,prepocet,1.083
115,2016,18.2.3,Počet pracovníků ŽÚ na 10 000 obyvatel správního obvodu,prepocet,1.065
115,2017,18.2.3,Počet pracovníků ŽÚ na 10 000 obyvatel správního obvodu,prepocet,1.083
115,2018,18.2.3,Počet pracovníků ŽÚ na 10 000 obyvatel správního obvodu,prepocet,0.845
115,2019,18.2.3,Počet pracovníků ŽÚ na 10 000 obyvatel správního obvodu,prepocet,0.845
115,2020,18.2.3,Počet pracovníků ŽÚ na 10 000 obyvatel správního obvodu,prepocet,0.921
115,2021,18.2.3,Počet pracovníků ŽÚ na 10 000 obyvatel správního obvodu,prepocet,0.777
115,2022,18.2.3,Počet pracovníků ŽÚ na 10 000 obyvatel správního obvodu,prepocet,0.765
115,2023,18.2.3,Počet pracovníků ŽÚ na 10 000 obyvatel správního obvodu,prepocet,0.766
115,2024,18.2.3,Počet pracovníků ŽÚ na 10 000 obyvatel správního obvodu,prepocet,0.773
115,2025,18.2.3,Počet pracovníků ŽÚ na 10 000 obyvatel správního obvodu,prepocet,0.775
115,2010,18.3.1,Počet vybraných úkonů v registraci celkem na jednoho registračního pracovníka ŽÚ,prepocet,
115,2011,18.3.1,Počet vybraných úkonů v registraci celkem na jednoho registračního pracovníka ŽÚ,prepocet,
115,2012,18.3.1,Počet vybraných úkonů v registraci celkem na jednoho registračního pracovníka ŽÚ,prepocet,1549.688
115,2013,18.3.1,Počet vybraných úkonů v registraci celkem na jednoho registračního pracovníka ŽÚ,prepocet,1626.875
115,2014,18.3.1,Počet vybraných úkonů v registraci celkem na jednoho registračního pracovníka ŽÚ,prepocet,1711.25
115,2015,18.3.1,Počet vybraných úkonů v registraci celkem na jednoho registračního pracovníka ŽÚ,prepocet,1908.75
115,2016,18.3.1,Počet vybraných úkonů v registraci celkem na jednoho registračního pracovníka ŽÚ,prepocet,2000.938
115,2017,18.3.1,Počet vybraných úkonů v registraci celkem na jednoho registračního pracovníka ŽÚ,prepocet,1817.188
115,2018,18.3.1,Počet vybraných úkonů v registraci celkem na jednoho registračního pracovníka ŽÚ,prepocet,2150.0
115,2019,18.3.1,Počet vybraných úkonů v registraci celkem na jednoho registračního pracovníka ŽÚ,prepocet,2113.6
115,2020,18.3.1,Počet vybraných úkonů v registraci celkem na jednoho registračního pracovníka ŽÚ,prepocet,1633.125
115,2021,18.3.1,Počet vybraných úkonů v registraci celkem na jednoho registračního pracovníka ŽÚ,prepocet,1808.966
115,2022,18.3.1,Počet vybraných úkonů v registraci celkem na jednoho registračního pracovníka ŽÚ,prepocet,2182.593
115,2023,18.3.1,Počet vybraných úkonů v registraci celkem na jednoho registračního pracovníka ŽÚ,prepocet,2834.815
115,2024,18.3.1,Počet vybraných úkonů v registraci celkem na jednoho registračního pracovníka ŽÚ,prepocet,2148.148
115,2025,18.3.1,Počet vybraných úkonů v registraci celkem na jednoho registračního pracovníka ŽÚ,prepocet,2171.111
115,2010,18.3.2,Struktura sledovaných úkonů registrace v %,prepocet,
115,2011,18.3.2,Struktura sledovaných úkonů registrace v %,prepocet,
115,2012,18.3.2,Struktura sledovaných úkonů registrace v %,prepocet,10.0
115,2013,18.3.2,Struktura sledovaných úkonů registrace v %,prepocet,20.0
115,2014,18.3.2,Struktura sledovaných úkonů registrace v %,prepocet,5.0
115,2015,18.3.2,Struktura sledovaných úkonů registrace v %,prepocet,15.0
115,2016,18.3.2,Struktura sledovaných úkonů registrace v %,prepocet,2.0
115,2017,18.3.2,Struktura sledovaných úkonů registrace v %,prepocet,11.0
115,2018,18.3.2,Struktura sledovaných úkonů registrace v %,prepocet,0.0
115,2019,18.3.2,Struktura sledovaných úkonů registrace v %,prepocet,37.0
115,2020,18.3.2,Struktura sledovaných úkonů registrace v %,prepocet,0.0
115,2021,18.3.2,Struktura sledovaných úkonů registrace v %,prepocet,8.0
115,2022,18.3.2,Struktura sledovaných úkonů registrace v %,prepocet,21.0
115,2023,18.3.2,Struktura sledovaných úkonů registrace v %,prepocet,6.0
115,2024,18.3.2,Struktura sledovaných úkonů registrace v %,prepocet,14.0
115,2025,18.3.2,Struktura sledovaných úkonů registrace v %,prepocet,3.0
115,2010,18.4,% podíl sankčních zrušení živnostenských oprávnění z počtu zrušení živnostenských oprávnění celkem,prepocet,6.542
115,2011,18.4,% podíl sankčních zrušení živnostenských oprávnění z počtu zrušení živnostenských oprávnění celkem,prepocet,1.613
115,2012,18.4,% podíl sankčních zrušení živnostenských oprávnění z počtu zrušení živnostenských oprávnění celkem,prepocet,0.87
115,2013,18.4,% podíl sankčních zrušení živnostenských oprávnění z počtu zrušení živnostenských oprávnění celkem,prepocet,3.053
115,2014,18.4,% podíl sankčních zrušení živnostenských oprávnění z počtu zrušení živnostenských oprávnění celkem,prepocet,0.0
115,2015,18.4,% podíl sankčních zrušení živnostenských oprávnění z počtu zrušení živnostenských oprávnění celkem,prepocet,11.538
115,2016,18.4,% podíl sankčních zrušení živnostenských oprávnění z počtu zrušení živnostenských oprávnění celkem,prepocet,2.721
115,2017,18.4,% podíl sankčních zrušení živnostenských oprávnění z počtu zrušení živnostenských oprávnění celkem,prepocet,0.0
115,2018,18.4,% podíl sankčních zrušení živnostenských oprávnění z počtu zrušení živnostenských oprávnění celkem,prepocet,6.875
115,2019,18.4,% podíl sankčních zrušení živnostenských oprávnění z počtu zrušení živnostenských oprávnění celkem,prepocet,33.714
115,2020,18.4,% podíl sankčních zrušení živnostenských oprávnění z počtu zrušení živnostenských oprávnění celkem,prepocet,20.0
115,2021,18.4,% podíl sankčních zrušení živnostenských oprávnění z počtu zrušení živnostenských oprávnění celkem,prepocet,12.5
115,2022,18.4,% podíl sankčních zrušení živnostenských oprávnění z počtu zrušení živnostenských oprávnění celkem,prepocet,5.417
115,2023,18.4,% podíl sankčních zrušení živnostenských oprávnění z počtu zrušení živnostenských oprávnění celkem,prepocet,1.249
115,2024,18.4,% podíl sankčních zrušení živnostenských oprávnění z počtu zrušení živnostenských oprávnění celkem,prepocet,5.611
115,2025,18.4,% podíl sankčních zrušení živnostenských oprávnění z počtu zrušení živnostenských oprávnění celkem,prepocet,11.111
115,2010,18.5,Počet podnětů celkem na jeden úvazek zaměstnanců Živnostenského úřadu,prepocet,
115,2011,18.5,Počet podnětů celkem na jeden úvazek zaměstnanců Živnostenského úřadu,prepocet,
115,2012,18.5,Počet podnětů celkem na jeden úvazek zaměstnanců Živnostenského úřadu,prepocet,372.667
115,2013,18.5,Počet podnětů celkem na jeden úvazek zaměstnanců Živnostenského úřadu,prepocet,414.5
115,2014,18.5,Počet podnětů celkem na jeden úvazek zaměstnanců Živnostenského úřadu,prepocet,382.833
115,2015,18.5,Počet podnětů celkem na jeden úvazek zaměstnanců Živnostenského úřadu,prepocet,311.5
115,2016,18.5,Počet podnětů celkem na jeden úvazek zaměstnanců Živnostenského úřadu,prepocet,327.333
115,2017,18.5,Počet podnětů celkem na jeden úvazek zaměstnanců Živnostenského úřadu,prepocet,300.833
115,2018,18.5,Počet podnětů celkem na jeden úvazek zaměstnanců Živnostenského úřadu,prepocet,330.2
115,2019,18.5,Počet podnětů celkem na jeden úvazek zaměstnanců Živnostenského úřadu,prepocet,327.8
115,2020,18.5,Počet podnětů celkem na jeden úvazek zaměstnanců Živnostenského úřadu,prepocet,304.0
115,2021,18.5,Počet podnětů celkem na jeden úvazek zaměstnanců Živnostenského úřadu,prepocet,374.0
115,2022,18.5,Počet podnětů celkem na jeden úvazek zaměstnanců Živnostenského úřadu,prepocet,449.25
115,2023,18.5,Počet podnětů celkem na jeden úvazek zaměstnanců Živnostenského úřadu,prepocet,677.5
115,2024,18.5,Počet podnětů celkem na jeden úvazek zaměstnanců Živnostenského úřadu,prepocet,477.0
115,2025,18.5,Počet podnětů celkem na jeden úvazek zaměstnanců Živnostenského úřadu,prepocet,480.5
115,2010,18.5.1,% podíl podnětů od cizích osob z počtu podnětů celkem,prepocet,
115,2011,18.5.1,% podíl podnětů od cizích osob z počtu podnětů celkem,prepocet,
115,2012,18.5.1,% podíl podnětů od cizích osob z počtu podnětů celkem,prepocet,14.937
115,2013,18.5.1,% podíl podnětů od cizích osob z počtu podnětů celkem,prepocet,14.435
115,2014,18.5.1,% podíl podnětů od cizích osob z počtu podnětů celkem,prepocet,14.671
115,2015,18.5.1,% podíl podnětů od cizích osob z počtu podnětů celkem,prepocet,15.249
115,2016,18.5.1,% podíl podnětů od cizích osob z počtu podnětů celkem,prepocet,17.312
115,2017,18.5.1,% podíl podnětů od cizích osob z počtu podnětů celkem,prepocet,15.845
115,2018,18.5.1,% podíl podnětů od cizích osob z počtu podnětů celkem,prepocet,16.233
115,2019,18.5.1,% podíl podnětů od cizích osob z počtu podnětů celkem,prepocet,17.633
115,2020,18.5.1,% podíl podnětů od cizích osob z počtu podnětů celkem,prepocet,15.329
115,2021,18.5.1,% podíl podnětů od cizích osob z počtu podnětů celkem,prepocet,15.909
115,2022,18.5.1,% podíl podnětů od cizích osob z počtu podnětů celkem,prepocet,17.807
115,2023,18.5.1,% podíl podnětů od cizích osob z počtu podnětů celkem,prepocet,14.207
115,2024,18.5.1,% podíl podnětů od cizích osob z počtu podnětů celkem,prepocet,18.029
115,2025,18.5.1,% podíl podnětů od cizích osob z počtu podnětů celkem,prepocet,18.887
115,2010,18.5.2,% podíl avíz a usnesení z počtu podnětů celkem,prepocet,
115,2011,18.5.2,% podíl avíz a usnesení z počtu podnětů celkem,prepocet,
115,2012,18.5.2,% podíl avíz a usnesení z počtu podnětů celkem,prepocet,82.871
115,2013,18.5.2,% podíl avíz a usnesení z počtu podnětů celkem,prepocet,72.698
115,2014,18.5.2,% podíl avíz a usnesení z počtu podnětů celkem,prepocet,89.334
115,2015,18.5.2,% podíl avíz a usnesení z počtu podnětů celkem,prepocet,110.915
115,2016,18.5.2,% podíl avíz a usnesení z počtu podnětů celkem,prepocet,113.595
115,2017,18.5.2,% podíl avíz a usnesení z počtu podnětů celkem,prepocet,106.039
115,2018,18.5.2,% podíl avíz a usnesení z počtu podnětů celkem,prepocet,110.115
115,2019,18.5.2,% podíl avíz a usnesení z počtu podnětů celkem,prepocet,101.708
115,2020,18.5.2,% podíl avíz a usnesení z počtu podnětů celkem,prepocet,123.158
115,2021,18.5.2,% podíl avíz a usnesení z počtu podnětů celkem,prepocet,128.275
115,2022,18.5.2,% podíl avíz a usnesení z počtu podnětů celkem,prepocet,110.851
115,2023,18.5.2,% podíl avíz a usnesení z počtu podnětů celkem,prepocet,72.214
115,2024,18.5.2,% podíl avíz a usnesení z počtu podnětů celkem,prepocet,89.99
115,2025,18.5.2,% podíl avíz a usnesení z počtu podnětů celkem,prepocet,93.34
115,2010,18.6,"Počet kontrol, úkonů a úředních záznamů na jednoho kontrolního pracovníka ŽÚ",prepocet,54.286
115,2011,18.6,"Počet kontrol, úkonů a úředních záznamů na jednoho kontrolního pracovníka ŽÚ",prepocet,65.0
115,2012,18.6,"Počet kontrol, úkonů a úředních záznamů na jednoho kontrolního pracovníka ŽÚ",prepocet,148.182
115,2013,18.6,"Počet kontrol, úkonů a úředních záznamů na jednoho kontrolního pracovníka ŽÚ",prepocet,125.455
115,2014,18.6,"Počet kontrol, úkonů a úředních záznamů na jednoho kontrolního pracovníka ŽÚ",prepocet,113.636
115,2015,18.6,"Počet kontrol, úkonů a úředních záznamů na jednoho kontrolního pracovníka ŽÚ",prepocet,117.273
115,2016,18.6,"Počet kontrol, úkonů a úředních záznamů na jednoho kontrolního pracovníka ŽÚ",prepocet,109.091
115,2017,18.6,"Počet kontrol, úkonů a úředních záznamů na jednoho kontrolního pracovníka ŽÚ",prepocet,101.818
115,2018,18.6,"Počet kontrol, úkonů a úředních záznamů na jednoho kontrolního pracovníka ŽÚ",prepocet,151.25
115,2019,18.6,"Počet kontrol, úkonů a úředních záznamů na jednoho kontrolního pracovníka ŽÚ",prepocet,116.25
115,2020,18.6,"Počet kontrol, úkonů a úředních záznamů na jednoho kontrolního pracovníka ŽÚ",prepocet,28.0
115,2021,18.6,"Počet kontrol, úkonů a úředních záznamů na jednoho kontrolního pracovníka ŽÚ",prepocet,70.0
115,2022,18.6,"Počet kontrol, úkonů a úředních záznamů na jednoho kontrolního pracovníka ŽÚ",prepocet,145.0
115,2023,18.6,"Počet kontrol, úkonů a úředních záznamů na jednoho kontrolního pracovníka ŽÚ",prepocet,185.0
115,2024,18.6,"Počet kontrol, úkonů a úředních záznamů na jednoho kontrolního pracovníka ŽÚ",prepocet,245.0
115,2025,18.6,"Počet kontrol, úkonů a úředních záznamů na jednoho kontrolního pracovníka ŽÚ",prepocet,257.5
115,2010,18.6.1,Počet předmětů kontrol připadajících na jednu kontrolu,prepocet,
115,2011,18.6.1,Počet předmětů kontrol připadajících na jednu kontrolu,prepocet,
115,2012,18.6.1,Počet předmětů kontrol připadajících na jednu kontrolu,prepocet,
115,2013,18.6.1,Počet předmětů kontrol připadajících na jednu kontrolu,prepocet,
115,2014,18.6.1,Počet předmětů kontrol připadajících na jednu kontrolu,prepocet,
115,2015,18.6.1,Počet předmětů kontrol připadajících na jednu kontrolu,prepocet,
115,2016,18.6.1,Počet předmětů kontrol připadajících na jednu kontrolu,prepocet,
115,2017,18.6.1,Počet předmětů kontrol připadajících na jednu kontrolu,prepocet,
115,2018,18.6.1,Počet předmětů kontrol připadajících na jednu kontrolu,prepocet,
115,2019,18.6.1,Počet předmětů kontrol připadajících na jednu kontrolu,prepocet,0.065
115,2020,18.6.1,Počet předmětů kontrol připadajících na jednu kontrolu,prepocet,1.071
115,2021,18.6.1,Počet předmětů kontrol připadajících na jednu kontrolu,prepocet,1.071
115,2022,18.6.1,Počet předmětů kontrol připadajících na jednu kontrolu,prepocet,1.4
115,2023,18.6.1,Počet předmětů kontrol připadajících na jednu kontrolu,prepocet,1.563
115,2024,18.6.1,Počet předmětů kontrol připadajících na jednu kontrolu,prepocet,1.737
115,2025,18.6.1,Počet předmětů kontrol připadajících na jednu kontrolu,prepocet,2.2
115,2010,18.7.1,Počet uložených pokut příkazem a pokut v přestupkovém řízení (v ks) na jednoho kontrolního pracovníka,prepocet,6.071
115,2011,18.7.1,Počet uložených pokut příkazem a pokut v přestupkovém řízení (v ks) na jednoho kontrolního pracovníka,prepocet,8.333
115,2012,18.7.1,Počet uložených pokut příkazem a pokut v přestupkovém řízení (v ks) na jednoho kontrolního pracovníka,prepocet,25.455
115,2013,18.7.1,Počet uložených pokut příkazem a pokut v přestupkovém řízení (v ks) na jednoho kontrolního pracovníka,prepocet,20.909
115,2014,18.7.1,Počet uložených pokut příkazem a pokut v přestupkovém řízení (v ks) na jednoho kontrolního pracovníka,prepocet,20.909
115,2015,18.7.1,Počet uložených pokut příkazem a pokut v přestupkovém řízení (v ks) na jednoho kontrolního pracovníka,prepocet,16.364
115,2016,18.7.1,Počet uložených pokut příkazem a pokut v přestupkovém řízení (v ks) na jednoho kontrolního pracovníka,prepocet,21.818
115,2017,18.7.1,Počet uložených pokut příkazem a pokut v přestupkovém řízení (v ks) na jednoho kontrolního pracovníka,prepocet,20.909
115,2018,18.7.1,Počet uložených pokut příkazem a pokut v přestupkovém řízení (v ks) na jednoho kontrolního pracovníka,prepocet,22.5
115,2019,18.7.1,Počet uložených pokut příkazem a pokut v přestupkovém řízení (v ks) na jednoho kontrolního pracovníka,prepocet,32.5
115,2020,18.7.1,Počet uložených pokut příkazem a pokut v přestupkovém řízení (v ks) na jednoho kontrolního pracovníka,prepocet,12.0
115,2021,18.7.1,Počet uložených pokut příkazem a pokut v přestupkovém řízení (v ks) na jednoho kontrolního pracovníka,prepocet,10.0
115,2022,18.7.1,Počet uložených pokut příkazem a pokut v přestupkovém řízení (v ks) na jednoho kontrolního pracovníka,prepocet,15.0
115,2023,18.7.1,Počet uložených pokut příkazem a pokut v přestupkovém řízení (v ks) na jednoho kontrolního pracovníka,prepocet,32.5
115,2024,18.7.1,Počet uložených pokut příkazem a pokut v přestupkovém řízení (v ks) na jednoho kontrolního pracovníka,prepocet,47.5
115,2025,18.7.1,Počet uložených pokut příkazem a pokut v přestupkovém řízení (v ks) na jednoho kontrolního pracovníka,prepocet,35.0
115,2010,18.7.2,Počet uložených pokut příkazem a pokut v přestupkovém řízení (v ks) na počet kontrol,prepocet,0.159
115,2011,18.7.2,Počet uložených pokut příkazem a pokut v přestupkovém řízení (v ks) na počet kontrol,prepocet,0.147
115,2012,18.7.2,Počet uložených pokut příkazem a pokut v přestupkovém řízení (v ks) na počet kontrol,prepocet,0.181
115,2013,18.7.2,Počet uložených pokut příkazem a pokut v přestupkovém řízení (v ks) na počet kontrol,prepocet,0.18
115,2014,18.7.2,Počet uložených pokut příkazem a pokut v přestupkovém řízení (v ks) na počet kontrol,prepocet,0.195
115,2015,18.7.2,Počet uložených pokut příkazem a pokut v přestupkovém řízení (v ks) na počet kontrol,prepocet,0.143
115,2016,18.7.2,Počet uložených pokut příkazem a pokut v přestupkovém řízení (v ks) na počet kontrol,prepocet,0.211
115,2017,18.7.2,Počet uložených pokut příkazem a pokut v přestupkovém řízení (v ks) na počet kontrol,prepocet,0.207
115,2018,18.7.2,Počet uložených pokut příkazem a pokut v přestupkovém řízení (v ks) na počet kontrol,prepocet,0.149
115,2019,18.7.2,Počet uložených pokut příkazem a pokut v přestupkovém řízení (v ks) na počet kontrol,prepocet,0.28
115,2020,18.7.2,Počet uložených pokut příkazem a pokut v přestupkovém řízení (v ks) na počet kontrol,prepocet,0.429
115,2021,18.7.2,Počet uložených pokut příkazem a pokut v přestupkovém řízení (v ks) na počet kontrol,prepocet,0.143
115,2022,18.7.2,Počet uložených pokut příkazem a pokut v přestupkovém řízení (v ks) na počet kontrol,prepocet,0.12
115,2023,18.7.2,Počet uložených pokut příkazem a pokut v přestupkovém řízení (v ks) na počet kontrol,prepocet,0.183
115,2024,18.7.2,Počet uložených pokut příkazem a pokut v přestupkovém řízení (v ks) na počet kontrol,prepocet,0.2
115,2025,18.7.2,Počet uložených pokut příkazem a pokut v přestupkovém řízení (v ks) na počet kontrol,prepocet,0.14
115,2010,18.8,Průměrná výše pokuty uložené příkazem na místě v Kč,prepocet,231.25
115,2011,18.8,Průměrná výše pokuty uložené příkazem na místě v Kč,prepocet,275.0
115,2012,18.8,Průměrná výše pokuty uložené příkazem na místě v Kč,prepocet,222.222
115,2013,18.8,Průměrná výše pokuty uložené příkazem na místě v Kč,prepocet,300.0
115,2014,18.8,Průměrná výše pokuty uložené příkazem na místě v Kč,prepocet,504.348
115,2015,18.8,Průměrná výše pokuty uložené příkazem na místě v Kč,prepocet,652.778
115,2016,18.8,Průměrná výše pokuty uložené příkazem na místě v Kč,prepocet,465.217
115,2017,18.8,Průměrná výše pokuty uložené příkazem na místě v Kč,prepocet,669.565
115,2018,18.8,Průměrná výše pokuty uložené příkazem na místě v Kč,prepocet,583.333
115,2019,18.8,Průměrná výše pokuty uložené příkazem na místě v Kč,prepocet,1116.667
115,2020,18.8,Průměrná výše pokuty uložené příkazem na místě v Kč,prepocet,450.0
115,2021,18.8,Průměrná výše pokuty uložené příkazem na místě v Kč,prepocet,650.0
115,2022,18.8,Průměrná výše pokuty uložené příkazem na místě v Kč,prepocet,1000.0
115,2023,18.8,Průměrná výše pokuty uložené příkazem na místě v Kč,prepocet,730.769
115,2024,18.8,Průměrná výše pokuty uložené příkazem na místě v Kč,prepocet,722.222
115,2025,18.8,Průměrná výše pokuty uložené příkazem na místě v Kč,prepocet,666.667
115,2010,18.9,Průměrná výše pokuty uložené v přestupkovém řízení v Kč,prepocet,2000.0
115,2011,18.9,Průměrná výše pokuty uložené v přestupkovém řízení v Kč,prepocet,
115,2012,18.9,Průměrná výše pokuty uložené v přestupkovém řízení v Kč,prepocet,1500.0
115,2013,18.9,Průměrná výše pokuty uložené v přestupkovém řízení v Kč,prepocet,
115,2014,18.9,Průměrná výše pokuty uložené v přestupkovém řízení v Kč,prepocet,
115,2015,18.9,Průměrná výše pokuty uložené v přestupkovém řízení v Kč,prepocet,
115,2016,18.9,Průměrná výše pokuty uložené v přestupkovém řízení v Kč,prepocet,10000.0
115,2017,18.9,Průměrná výše pokuty uložené v přestupkovém řízení v Kč,prepocet,
115,2018,18.9,Průměrná výše pokuty uložené v přestupkovém řízení v Kč,prepocet,
115,2019,18.9,Průměrná výše pokuty uložené v přestupkovém řízení v Kč,prepocet,12500.0
115,2020,18.9,Průměrná výše pokuty uložené v přestupkovém řízení v Kč,prepocet,
115,2021,18.9,Průměrná výše pokuty uložené v přestupkovém řízení v Kč,prepocet,
115,2022,18.9,Průměrná výše pokuty uložené v přestupkovém řízení v Kč,prepocet,
115,2023,18.9,Průměrná výše pokuty uložené v přestupkovém řízení v Kč,prepocet,
115,2024,18.9,Průměrná výše pokuty uložené v přestupkovém řízení v Kč,prepocet,2000.0
115,2025,18.9,Průměrná výše pokuty uložené v přestupkovém řízení v Kč,prepocet,2500.0
115,2010,18.10,Počet kontrol připadajících na 1 000 držitelů živnostenského oprávnění,prepocet,15.453
115,2011,18.10,Počet kontrol připadajících na 1 000 držitelů živnostenského oprávnění,prepocet,19.523
115,2012,18.10,Počet kontrol připadajících na 1 000 držitelů živnostenského oprávnění,prepocet,22.114
115,2013,18.10,Počet kontrol připadajících na 1 000 držitelů živnostenského oprávnění,prepocet,18.107
115,2014,18.10,Počet kontrol připadajících na 1 000 držitelů živnostenského oprávnění,prepocet,16.678
115,2015,18.10,Počet kontrol připadajících na 1 000 držitelů živnostenského oprávnění,prepocet,17.832
115,2016,18.10,Počet kontrol připadajících na 1 000 držitelů živnostenského oprávnění,prepocet,16.223
115,2017,18.10,Počet kontrol připadajících na 1 000 držitelů živnostenského oprávnění,prepocet,15.725
115,2018,18.10,Počet kontrol připadajících na 1 000 držitelů živnostenského oprávnění,prepocet,17.112
115,2019,18.10,Počet kontrol připadajících na 1 000 držitelů živnostenského oprávnění,prepocet,13.158
115,2020,18.10,Počet kontrol připadajících na 1 000 držitelů živnostenského oprávnění,prepocet,1.955
115,2021,18.10,Počet kontrol připadajících na 1 000 držitelů živnostenského oprávnění,prepocet,1.918
115,2022,18.10,Počet kontrol připadajících na 1 000 držitelů živnostenského oprávnění,prepocet,6.879
115,2023,18.10,Počet kontrol připadajících na 1 000 držitelů živnostenského oprávnění,prepocet,11.157
115,2024,18.10,Počet kontrol připadajících na 1 000 držitelů živnostenského oprávnění,prepocet,15.077
115,2025,18.10,Počet kontrol připadajících na 1 000 držitelů živnostenského oprávnění,prepocet,15.679
115,2010,18.11,Počet registrovaných zemědělských podnikatelů na jednoho pracovníka této agendy,prepocet,470.0
115,2011,18.11,Počet registrovaných zemědělských podnikatelů na jednoho pracovníka této agendy,prepocet,505.0
115,2012,18.11,Počet registrovaných zemědělských podnikatelů na jednoho pracovníka této agendy,prepocet,580.0
115,2013,18.11,Počet registrovaných zemědělských podnikatelů na jednoho pracovníka této agendy,prepocet,600.0
115,2014,18.11,Počet registrovaných zemědělských podnikatelů na jednoho pracovníka této agendy,prepocet,620.0
115,2015,18.11,Počet registrovaných zemědělských podnikatelů na jednoho pracovníka této agendy,prepocet,745.0
115,2016,18.11,Počet registrovaných zemědělských podnikatelů na jednoho pracovníka této agendy,prepocet,790.0
115,2017,18.11,Počet registrovaných zemědělských podnikatelů na jednoho pracovníka této agendy,prepocet,825.0
115,2018,18.11,Počet registrovaných zemědělských podnikatelů na jednoho pracovníka této agendy,prepocet,845.0
115,2019,18.11,Počet registrovaných zemědělských podnikatelů na jednoho pracovníka této agendy,prepocet,865.0
115,2020,18.11,Počet registrovaných zemědělských podnikatelů na jednoho pracovníka této agendy,prepocet,1780.0
115,2021,18.11,Počet registrovaných zemědělských podnikatelů na jednoho pracovníka této agendy,prepocet,1810.0
115,2022,18.11,Počet registrovaných zemědělských podnikatelů na jednoho pracovníka této agendy,prepocet,1780.0
115,2023,18.11,Počet registrovaných zemědělských podnikatelů na jednoho pracovníka této agendy,prepocet,1850.0
115,2024,18.11,Počet registrovaných zemědělských podnikatelů na jednoho pracovníka této agendy,prepocet,1870.0
115,2025,18.11,Počet registrovaných zemědělských podnikatelů na jednoho pracovníka této agendy,prepocet,1730.0
115,2010,18.11.1,Počet registrovaných zemědělských podnikatelů,prepocet,94.0
115,2011,18.11.1,Počet registrovaných zemědělských podnikatelů,prepocet,101.0
115,2012,18.11.1,Počet registrovaných zemědělských podnikatelů,prepocet,116.0
115,2013,18.11.1,Počet registrovaných zemědělských podnikatelů,prepocet,120.0
115,2014,18.11.1,Počet registrovaných zemědělských podnikatelů,prepocet,124.0
115,2015,18.11.1,Počet registrovaných zemědělských podnikatelů,prepocet,149.0
115,2016,18.11.1,Počet registrovaných zemědělských podnikatelů,prepocet,158.0
115,2017,18.11.1,Počet registrovaných zemědělských podnikatelů,prepocet,165.0
115,2018,18.11.1,Počet registrovaných zemědělských podnikatelů,prepocet,169.0
115,2019,18.11.1,Počet registrovaných zemědělských podnikatelů,prepocet,173.0
115,2020,18.11.1,Počet registrovaných zemědělských podnikatelů,prepocet,178.0
115,2021,18.11.1,Počet registrovaných zemědělských podnikatelů,prepocet,181.0
115,2022,18.11.1,Počet registrovaných zemědělských podnikatelů,prepocet,178.0
115,2023,18.11.1,Počet registrovaných zemědělských podnikatelů,prepocet,185.0
115,2024,18.11.1,Počet registrovaných zemědělských podnikatelů,prepocet,187.0
115,2025,18.11.1,Počet registrovaných zemědělských podnikatelů,prepocet,173.0
115,2010,18.12,Provozní výdaje v Kč na jeden sledovaný úkon v registraci,prepocet,
115,2011,18.12,Provozní výdaje v Kč na jeden sledovaný úkon v registraci,prepocet,
115,2012,18.12,Provozní výdaje v Kč na jeden sledovaný úkon v registraci,prepocet,354.568
115,2013,18.12,Provozní výdaje v Kč na jeden sledovaný úkon v registraci,prepocet,344.741
115,2014,18.12,Provozní výdaje v Kč na jeden sledovaný úkon v registraci,prepocet,312.413
115,2015,18.12,Provozní výdaje v Kč na jeden sledovaný úkon v registraci,prepocet,296.833
115,2016,18.12,Provozní výdaje v Kč na jeden sledovaný úkon v registraci,prepocet,255.491
115,2017,18.12,Provozní výdaje v Kč na jeden sledovaný úkon v registraci,prepocet,310.55
115,2018,18.12,Provozní výdaje v Kč na jeden sledovaný úkon v registraci,prepocet,294.947
115,2019,18.12,Provozní výdaje v Kč na jeden sledovaný úkon v registraci,prepocet,315.971
115,2020,18.12,Provozní výdaje v Kč na jeden sledovaný úkon v registraci,prepocet,413.502
115,2021,18.12,Provozní výdaje v Kč na jeden sledovaný úkon v registraci,prepocet,356.227
115,2022,18.12,Provozní výdaje v Kč na jeden sledovaný úkon v registraci,prepocet,300.661
115,2023,18.12,Provozní výdaje v Kč na jeden sledovaný úkon v registraci,prepocet,252.206
115,2024,18.12,Provozní výdaje v Kč na jeden sledovaný úkon v registraci,prepocet,366.333
115,2025,18.12,Provozní výdaje v Kč na jeden sledovaný úkon v registraci,prepocet,380.899
115,2010,18.13,Struktura pracovních úvazků v agendě Živnostenského úřadu v %,prepocet,50.0
115,2011,18.13,Struktura pracovních úvazků v agendě Živnostenského úřadu v %,prepocet,47.0
115,2012,18.13,Struktura pracovních úvazků v agendě Živnostenského úřadu v %,prepocet,3.0
115,2013,18.13,Struktura pracovních úvazků v agendě Živnostenského úřadu v %,prepocet,0.0
115,2014,18.13,Struktura pracovních úvazků v agendě Živnostenského úřadu v %,prepocet,57.0
115,2015,18.13,Struktura pracovních úvazků v agendě Živnostenského úřadu v %,prepocet,40.0
115,2016,18.13,Struktura pracovních úvazků v agendě Živnostenského úřadu v %,prepocet,3.0
115,2017,18.13,Struktura pracovních úvazků v agendě Živnostenského úřadu v %,prepocet,0.0
115,2018,18.13,Struktura pracovních úvazků v agendě Živnostenského úřadu v %,prepocet,53.0
115,2019,18.13,Struktura pracovních úvazků v agendě Živnostenského úřadu v %,prepocet,18.0
115,2020,18.13,Struktura pracovních úvazků v agendě Živnostenského úřadu v %,prepocet,3.0
115,2021,18.13,Struktura pracovních úvazků v agendě Živnostenského úřadu v %,prepocet,26.0
115,2022,18.13,Struktura pracovních úvazků v agendě Živnostenského úřadu v %,prepocet,53.0
115,2023,18.13,Struktura pracovních úvazků v agendě Živnostenského úřadu v %,prepocet,18.0
115,2024,18.13,Struktura pracovních úvazků v agendě Živnostenského úřadu v %,prepocet,3.0
115,2025,18.13,Struktura pracovních úvazků v agendě Živnostenského úřadu v %,prepocet,26.0
115,2010,18.14,Struktura pracovních úvazků na odboru celkem v %,prepocet,50.0
115,2011,18.14,Struktura pracovních úvazků na odboru celkem v %,prepocet,47.0
115,2012,18.14,Struktura pracovních úvazků na odboru celkem v %,prepocet,3.0
115,2013,18.14,Struktura pracovních úvazků na odboru celkem v %,prepocet,0.0
115,2014,18.14,Struktura pracovních úvazků na odboru celkem v %,prepocet,0.0
115,2015,18.14,Struktura pracovních úvazků na odboru celkem v %,prepocet,57.0
115,2016,18.14,Struktura pracovních úvazků na odboru celkem v %,prepocet,40.0
115,2017,18.14,Struktura pracovních úvazků na odboru celkem v %,prepocet,3.0
115,2018,18.14,Struktura pracovních úvazků na odboru celkem v %,prepocet,0.0
115,2019,18.14,Struktura pracovních úvazků na odboru celkem v %,prepocet,0.0
115,2020,18.14,Struktura pracovních úvazků na odboru celkem v %,prepocet,53.0
115,2021,18.14,Struktura pracovních úvazků na odboru celkem v %,prepocet,18.0
115,2022,18.14,Struktura pracovních úvazků na odboru celkem v %,prepocet,3.0
115,2023,18.14,Struktura pracovních úvazků na odboru celkem v %,prepocet,25.0
115,2024,18.14,Struktura pracovních úvazků na odboru celkem v %,prepocet,1.0
115,2025,18.14,Struktura pracovních úvazků na odboru celkem v %,prepocet,53.0
115,2010,18.15,Počet úředních hodin v týdnu,prepocet,26.0
115,2011,18.15,Počet úředních hodin v týdnu,prepocet,29.5
115,2012,18.15,Počet úředních hodin v týdnu,prepocet,26.0
115,2013,18.15,Počet úředních hodin v týdnu,prepocet,26.0
115,2014,18.15,Počet úředních hodin v týdnu,prepocet,26.0
115,2015,18.15,Počet úředních hodin v týdnu,prepocet,26.0
115,2016,18.15,Počet úředních hodin v týdnu,prepocet,26.0
115,2017,18.15,Počet úředních hodin v týdnu,prepocet,26.0
115,2018,18.15,Počet úředních hodin v týdnu,prepocet,26.0
115,2019,18.15,Počet úředních hodin v týdnu,prepocet,26.0
115,2020,18.15,Počet úředních hodin v týdnu,prepocet,26.0
115,2021,18.15,Počet úředních hodin v týdnu,prepocet,26.0
115,2022,18.15,Počet úředních hodin v týdnu,prepocet,26.0
115,2023,18.15,Počet úředních hodin v týdnu,prepocet,26.0
115,2024,18.15,Počet úředních hodin v týdnu,prepocet,26.0
115,2025,18.15,Počet úředních hodin v týdnu,prepocet,26.0
115,2010,19.1,Podíl nezaměstnaných na obyvatelstvu v % ve správním obvodu obce s rozšířenou působností (nebo v okrese),prepocet,10.83
115,2011,19.1,Podíl nezaměstnaných na obyvatelstvu v % ve správním obvodu obce s rozšířenou působností (nebo v okrese),prepocet,8.28
115,2012,19.1,Podíl nezaměstnaných na obyvatelstvu v % ve správním obvodu obce s rozšířenou působností (nebo v okrese),prepocet,9.38
115,2013,19.1,Podíl nezaměstnaných na obyvatelstvu v % ve správním obvodu obce s rozšířenou působností (nebo v okrese),prepocet,7.41
115,2014,19.1,Podíl nezaměstnaných na obyvatelstvu v % ve správním obvodu obce s rozšířenou působností (nebo v okrese),prepocet,7.0
115,2015,19.1,Podíl nezaměstnaných na obyvatelstvu v % ve správním obvodu obce s rozšířenou působností (nebo v okrese),prepocet,5.1
115,2016,19.1,Podíl nezaměstnaných na obyvatelstvu v % ve správním obvodu obce s rozšířenou působností (nebo v okrese),prepocet,4.5
115,2017,19.1,Podíl nezaměstnaných na obyvatelstvu v % ve správním obvodu obce s rozšířenou působností (nebo v okrese),prepocet,3.8
115,2018,19.1,Podíl nezaměstnaných na obyvatelstvu v % ve správním obvodu obce s rozšířenou působností (nebo v okrese),prepocet,3.2
115,2019,19.1,Podíl nezaměstnaných na obyvatelstvu v % ve správním obvodu obce s rozšířenou působností (nebo v okrese),prepocet,3.4
115,2020,19.1,Podíl nezaměstnaných na obyvatelstvu v % ve správním obvodu obce s rozšířenou působností (nebo v okrese),prepocet,3.99
115,2021,19.1,Podíl nezaměstnaných na obyvatelstvu v % ve správním obvodu obce s rozšířenou působností (nebo v okrese),prepocet,2.46
115,2022,19.1,Podíl nezaměstnaných na obyvatelstvu v % ve správním obvodu obce s rozšířenou působností (nebo v okrese),prepocet,3.4
115,2023,19.1,Podíl nezaměstnaných na obyvatelstvu v % ve správním obvodu obce s rozšířenou působností (nebo v okrese),prepocet,3.9
115,2024,19.1,Podíl nezaměstnaných na obyvatelstvu v % ve správním obvodu obce s rozšířenou působností (nebo v okrese),prepocet,4.5
115,2025,19.1,Podíl nezaměstnaných na obyvatelstvu v % ve správním obvodu obce s rozšířenou působností (nebo v okrese),prepocet,5.15
115,2010,19.2,% podíl dětí do 18 let ve správním obvodu ORP k celkovému počtu obyvatel,prepocet,
115,2011,19.2,% podíl dětí do 18 let ve správním obvodu ORP k celkovému počtu obyvatel,prepocet,
115,2012,19.2,% podíl dětí do 18 let ve správním obvodu ORP k celkovému počtu obyvatel,prepocet,
115,2013,19.2,% podíl dětí do 18 let ve správním obvodu ORP k celkovému počtu obyvatel,prepocet,
115,2014,19.2,% podíl dětí do 18 let ve správním obvodu ORP k celkovému počtu obyvatel,prepocet,
115,2015,19.2,% podíl dětí do 18 let ve správním obvodu ORP k celkovému počtu obyvatel,prepocet,18.005
115,2016,19.2,% podíl dětí do 18 let ve správním obvodu ORP k celkovému počtu obyvatel,prepocet,17.99
115,2017,19.2,% podíl dětí do 18 let ve správním obvodu ORP k celkovému počtu obyvatel,prepocet,18.307
115,2018,19.2,% podíl dětí do 18 let ve správním obvodu ORP k celkovému počtu obyvatel,prepocet,17.974
115,2019,19.2,% podíl dětí do 18 let ve správním obvodu ORP k celkovému počtu obyvatel,prepocet,18.527
115,2020,19.2,% podíl dětí do 18 let ve správním obvodu ORP k celkovému počtu obyvatel,prepocet,18.599
115,2021,19.2,% podíl dětí do 18 let ve správním obvodu ORP k celkovému počtu obyvatel,prepocet,18.984
115,2022,19.2,% podíl dětí do 18 let ve správním obvodu ORP k celkovému počtu obyvatel,prepocet,18.348
115,2023,19.2,% podíl dětí do 18 let ve správním obvodu ORP k celkovému počtu obyvatel,prepocet,18.228
115,2024,19.2,% podíl dětí do 18 let ve správním obvodu ORP k celkovému počtu obyvatel,prepocet,17.995
115,2025,19.2,% podíl dětí do 18 let ve správním obvodu ORP k celkovému počtu obyvatel,prepocet,18.082
115,2010,19.3,Míra náročnosti výkonu sociální práce,prepocet,
115,2011,19.3,Míra náročnosti výkonu sociální práce,prepocet,
115,2012,19.3,Míra náročnosti výkonu sociální práce,prepocet,
115,2013,19.3,Míra náročnosti výkonu sociální práce,prepocet,
115,2014,19.3,Míra náročnosti výkonu sociální práce,prepocet,
115,2015,19.3,Míra náročnosti výkonu sociální práce,prepocet,3.0
115,2016,19.3,Míra náročnosti výkonu sociální práce,prepocet,3.0
115,2017,19.3,Míra náročnosti výkonu sociální práce,prepocet,3.0
115,2018,19.3,Míra náročnosti výkonu sociální práce,prepocet,3.0
115,2019,19.3,Míra náročnosti výkonu sociální práce,prepocet,3.0
115,2020,19.3,Míra náročnosti výkonu sociální práce,prepocet,3.0
115,2021,19.3,Míra náročnosti výkonu sociální práce,prepocet,3.0
115,2022,19.3,Míra náročnosti výkonu sociální práce,prepocet,3.0
115,2023,19.3,Míra náročnosti výkonu sociální práce,prepocet,3.0
115,2024,19.3,Míra náročnosti výkonu sociální práce,prepocet,3.0
115,2025,19.3,Míra náročnosti výkonu sociální práce,prepocet,3.0
115,2010,19.4,Evidovaný počet případů SPOD na 1 000 obyvatel správního obvodu,prepocet,
115,2011,19.4,Evidovaný počet případů SPOD na 1 000 obyvatel správního obvodu,prepocet,
115,2012,19.4,Evidovaný počet případů SPOD na 1 000 obyvatel správního obvodu,prepocet,
115,2013,19.4,Evidovaný počet případů SPOD na 1 000 obyvatel správního obvodu,prepocet,
115,2014,19.4,Evidovaný počet případů SPOD na 1 000 obyvatel správního obvodu,prepocet,
115,2015,19.4,Evidovaný počet případů SPOD na 1 000 obyvatel správního obvodu,prepocet,21.585
115,2016,19.4,Evidovaný počet případů SPOD na 1 000 obyvatel správního obvodu,prepocet,12.072
115,2017,19.4,Evidovaný počet případů SPOD na 1 000 obyvatel správního obvodu,prepocet,9.939
115,2018,19.4,Evidovaný počet případů SPOD na 1 000 obyvatel správního obvodu,prepocet,10.452
115,2019,19.4,Evidovaný počet případů SPOD na 1 000 obyvatel správního obvodu,prepocet,8.012
115,2020,19.4,Evidovaný počet případů SPOD na 1 000 obyvatel správního obvodu,prepocet,7.198
115,2021,19.4,Evidovaný počet případů SPOD na 1 000 obyvatel správního obvodu,prepocet,8.163
115,2022,19.4,Evidovaný počet případů SPOD na 1 000 obyvatel správního obvodu,prepocet,6.098
115,2023,19.4,Evidovaný počet případů SPOD na 1 000 obyvatel správního obvodu,prepocet,6.272
115,2024,19.4,Evidovaný počet případů SPOD na 1 000 obyvatel správního obvodu,prepocet,6.448
115,2025,19.4,Evidovaný počet případů SPOD na 1 000 obyvatel správního obvodu,prepocet,6.252
115,2010,19.5,Evidovaný počet případů SPOD na zaměstnance (bez úvazků na zajištění náhradní rodinné péče),prepocet,
115,2011,19.5,Evidovaný počet případů SPOD na zaměstnance (bez úvazků na zajištění náhradní rodinné péče),prepocet,
115,2012,19.5,Evidovaný počet případů SPOD na zaměstnance (bez úvazků na zajištění náhradní rodinné péče),prepocet,
115,2013,19.5,Evidovaný počet případů SPOD na zaměstnance (bez úvazků na zajištění náhradní rodinné péče),prepocet,
115,2014,19.5,Evidovaný počet případů SPOD na zaměstnance (bez úvazků na zajištění náhradní rodinné péče),prepocet,
115,2015,19.5,Evidovaný počet případů SPOD na zaměstnance (bez úvazků na zajištění náhradní rodinné péče),prepocet,119.6
115,2016,19.5,Evidovaný počet případů SPOD na zaměstnance (bez úvazků na zajištění náhradní rodinné péče),prepocet,62.963
115,2017,19.5,Evidovaný počet případů SPOD na zaměstnance (bez úvazků na zajištění náhradní rodinné péče),prepocet,60.735
115,2018,19.5,Evidovaný počet případů SPOD na zaměstnance (bez úvazků na zajištění náhradní rodinné péče),prepocet,57.733
115,2019,19.5,Evidovaný počet případů SPOD na zaměstnance (bez úvazků na zajištění náhradní rodinné péče),prepocet,45.109
115,2020,19.5,Evidovaný počet případů SPOD na zaměstnance (bez úvazků na zajištění náhradní rodinné péče),prepocet,39.6
115,2021,19.5,Evidovaný počet případů SPOD na zaměstnance (bez úvazků na zajištění náhradní rodinné péče),prepocet,44.8
115,2022,19.5,Evidovaný počet případů SPOD na zaměstnance (bez úvazků na zajištění náhradní rodinné péče),prepocet,34.0
115,2023,19.5,Evidovaný počet případů SPOD na zaměstnance (bez úvazků na zajištění náhradní rodinné péče),prepocet,38.872
115,2024,19.5,Evidovaný počet případů SPOD na zaměstnance (bez úvazků na zajištění náhradní rodinné péče),prepocet,39.614
115,2025,19.5,Evidovaný počet případů SPOD na zaměstnance (bez úvazků na zajištění náhradní rodinné péče),prepocet,36.857
115,2010,19.5.1,Počet případů SPOD zaevidovaných za sledovaný rok na zaměstnance (bez úvazků na zajištění náhradní rodinné péče),prepocet,
115,2011,19.5.1,Počet případů SPOD zaevidovaných za sledovaný rok na zaměstnance (bez úvazků na zajištění náhradní rodinné péče),prepocet,
115,2012,19.5.1,Počet případů SPOD zaevidovaných za sledovaný rok na zaměstnance (bez úvazků na zajištění náhradní rodinné péče),prepocet,
115,2013,19.5.1,Počet případů SPOD zaevidovaných za sledovaný rok na zaměstnance (bez úvazků na zajištění náhradní rodinné péče),prepocet,
115,2014,19.5.1,Počet případů SPOD zaevidovaných za sledovaný rok na zaměstnance (bez úvazků na zajištění náhradní rodinné péče),prepocet,
115,2015,19.5.1,Počet případů SPOD zaevidovaných za sledovaný rok na zaměstnance (bez úvazků na zajištění náhradní rodinné péče),prepocet,
115,2016,19.5.1,Počet případů SPOD zaevidovaných za sledovaný rok na zaměstnance (bez úvazků na zajištění náhradní rodinné péče),prepocet,
115,2017,19.5.1,Počet případů SPOD zaevidovaných za sledovaný rok na zaměstnance (bez úvazků na zajištění náhradní rodinné péče),prepocet,
115,2018,19.5.1,Počet případů SPOD zaevidovaných za sledovaný rok na zaměstnance (bez úvazků na zajištění náhradní rodinné péče),prepocet,
115,2019,19.5.1,Počet případů SPOD zaevidovaných za sledovaný rok na zaměstnance (bez úvazků na zajištění náhradní rodinné péče),prepocet,33.152
115,2020,19.5.1,Počet případů SPOD zaevidovaných za sledovaný rok na zaměstnance (bez úvazků na zajištění náhradní rodinné péče),prepocet,30.133
115,2021,19.5.1,Počet případů SPOD zaevidovaných za sledovaný rok na zaměstnance (bez úvazků na zajištění náhradní rodinné péče),prepocet,29.067
115,2022,19.5.1,Počet případů SPOD zaevidovaných za sledovaný rok na zaměstnance (bez úvazků na zajištění náhradní rodinné péče),prepocet,35.733
115,2023,19.5.1,Počet případů SPOD zaevidovaných za sledovaný rok na zaměstnance (bez úvazků na zajištění náhradní rodinné péče),prepocet,41.246
115,2024,19.5.1,Počet případů SPOD zaevidovaných za sledovaný rok na zaměstnance (bez úvazků na zajištění náhradní rodinné péče),prepocet,42.136
115,2025,19.5.1,Počet případů SPOD zaevidovaných za sledovaný rok na zaměstnance (bez úvazků na zajištění náhradní rodinné péče),prepocet,44.714
115,2010,19.5.2,"Počet případů kolizního opatrovnictví, poručnictví na zaměstnance (bez úvazků na zajištění náhradní rodinné péče)",prepocet,
115,2011,19.5.2,"Počet případů kolizního opatrovnictví, poručnictví na zaměstnance (bez úvazků na zajištění náhradní rodinné péče)",prepocet,
115,2012,19.5.2,"Počet případů kolizního opatrovnictví, poručnictví na zaměstnance (bez úvazků na zajištění náhradní rodinné péče)",prepocet,
115,2013,19.5.2,"Počet případů kolizního opatrovnictví, poručnictví na zaměstnance (bez úvazků na zajištění náhradní rodinné péče)",prepocet,
115,2014,19.5.2,"Počet případů kolizního opatrovnictví, poručnictví na zaměstnance (bez úvazků na zajištění náhradní rodinné péče)",prepocet,
115,2015,19.5.2,"Počet případů kolizního opatrovnictví, poručnictví na zaměstnance (bez úvazků na zajištění náhradní rodinné péče)",prepocet,
115,2016,19.5.2,"Počet případů kolizního opatrovnictví, poručnictví na zaměstnance (bez úvazků na zajištění náhradní rodinné péče)",prepocet,
115,2017,19.5.2,"Počet případů kolizního opatrovnictví, poručnictví na zaměstnance (bez úvazků na zajištění náhradní rodinné péče)",prepocet,
115,2018,19.5.2,"Počet případů kolizního opatrovnictví, poručnictví na zaměstnance (bez úvazků na zajištění náhradní rodinné péče)",prepocet,
115,2019,19.5.2,"Počet případů kolizního opatrovnictví, poručnictví na zaměstnance (bez úvazků na zajištění náhradní rodinné péče)",prepocet,
115,2020,19.5.2,"Počet případů kolizního opatrovnictví, poručnictví na zaměstnance (bez úvazků na zajištění náhradní rodinné péče)",prepocet,
115,2021,19.5.2,"Počet případů kolizního opatrovnictví, poručnictví na zaměstnance (bez úvazků na zajištění náhradní rodinné péče)",prepocet,
115,2022,19.5.2,"Počet případů kolizního opatrovnictví, poručnictví na zaměstnance (bez úvazků na zajištění náhradní rodinné péče)",prepocet,32.0
115,2023,19.5.2,"Počet případů kolizního opatrovnictví, poručnictví na zaměstnance (bez úvazků na zajištění náhradní rodinné péče)",prepocet,36.499
115,2024,19.5.2,"Počet případů kolizního opatrovnictví, poručnictví na zaměstnance (bez úvazků na zajištění náhradní rodinné péče)",prepocet,38.576
115,2025,19.5.2,"Počet případů kolizního opatrovnictví, poručnictví na zaměstnance (bez úvazků na zajištění náhradní rodinné péče)",prepocet,37.0
115,2010,19.5.3,Počet spisů pomocné evidence na zaměstnance (bez úvazků na zajištění náhradní rodinné péče),prepocet,
115,2011,19.5.3,Počet spisů pomocné evidence na zaměstnance (bez úvazků na zajištění náhradní rodinné péče),prepocet,
115,2012,19.5.3,Počet spisů pomocné evidence na zaměstnance (bez úvazků na zajištění náhradní rodinné péče),prepocet,
115,2013,19.5.3,Počet spisů pomocné evidence na zaměstnance (bez úvazků na zajištění náhradní rodinné péče),prepocet,
115,2014,19.5.3,Počet spisů pomocné evidence na zaměstnance (bez úvazků na zajištění náhradní rodinné péče),prepocet,
115,2015,19.5.3,Počet spisů pomocné evidence na zaměstnance (bez úvazků na zajištění náhradní rodinné péče),prepocet,31.733
115,2016,19.5.3,Počet spisů pomocné evidence na zaměstnance (bez úvazků na zajištění náhradní rodinné péče),prepocet,28.642
115,2017,19.5.3,Počet spisů pomocné evidence na zaměstnance (bez úvazků na zajištění náhradní rodinné péče),prepocet,31.912
115,2018,19.5.3,Počet spisů pomocné evidence na zaměstnance (bez úvazků na zajištění náhradní rodinné péče),prepocet,12.4
115,2019,19.5.3,Počet spisů pomocné evidence na zaměstnance (bez úvazků na zajištění náhradní rodinné péče),prepocet,18.342
115,2020,19.5.3,Počet spisů pomocné evidence na zaměstnance (bez úvazků na zajištění náhradní rodinné péče),prepocet,22.4
115,2021,19.5.3,Počet spisů pomocné evidence na zaměstnance (bez úvazků na zajištění náhradní rodinné péče),prepocet,22.667
115,2022,19.5.3,Počet spisů pomocné evidence na zaměstnance (bez úvazků na zajištění náhradní rodinné péče),prepocet,22.533
115,2023,19.5.3,Počet spisů pomocné evidence na zaměstnance (bez úvazků na zajištění náhradní rodinné péče),prepocet,26.855
115,2024,19.5.3,Počet spisů pomocné evidence na zaměstnance (bez úvazků na zajištění náhradní rodinné péče),prepocet,32.196
115,2025,19.5.3,Počet spisů pomocné evidence na zaměstnance (bez úvazků na zajištění náhradní rodinné péče),prepocet,34.0
115,2010,19.5.4.1,Počet dětí umístěných v náhradní péči zařízení pro péči o děti na zaměstnance (bez úvazků na zajištění náhradní rodinné péče),prepocet,
115,2011,19.5.4.1,Počet dětí umístěných v náhradní péči zařízení pro péči o děti na zaměstnance (bez úvazků na zajištění náhradní rodinné péče),prepocet,
115,2012,19.5.4.1,Počet dětí umístěných v náhradní péči zařízení pro péči o děti na zaměstnance (bez úvazků na zajištění náhradní rodinné péče),prepocet,
115,2013,19.5.4.1,Počet dětí umístěných v náhradní péči zařízení pro péči o děti na zaměstnance (bez úvazků na zajištění náhradní rodinné péče),prepocet,
115,2014,19.5.4.1,Počet dětí umístěných v náhradní péči zařízení pro péči o děti na zaměstnance (bez úvazků na zajištění náhradní rodinné péče),prepocet,
115,2015,19.5.4.1,Počet dětí umístěných v náhradní péči zařízení pro péči o děti na zaměstnance (bez úvazků na zajištění náhradní rodinné péče),prepocet,4.133
115,2016,19.5.4.1,Počet dětí umístěných v náhradní péči zařízení pro péči o děti na zaměstnance (bez úvazků na zajištění náhradní rodinné péče),prepocet,3.58
115,2017,19.5.4.1,Počet dětí umístěných v náhradní péči zařízení pro péči o děti na zaměstnance (bez úvazků na zajištění náhradní rodinné péče),prepocet,3.824
115,2018,19.5.4.1,Počet dětí umístěných v náhradní péči zařízení pro péči o děti na zaměstnance (bez úvazků na zajištění náhradní rodinné péče),prepocet,2.267
115,2019,19.5.4.1,Počet dětí umístěných v náhradní péči zařízení pro péči o děti na zaměstnance (bez úvazků na zajištění náhradní rodinné péče),prepocet,3.397
115,2020,19.5.4.1,Počet dětí umístěných v náhradní péči zařízení pro péči o děti na zaměstnance (bez úvazků na zajištění náhradní rodinné péče),prepocet,2.267
115,2021,19.5.4.1,Počet dětí umístěných v náhradní péči zařízení pro péči o děti na zaměstnance (bez úvazků na zajištění náhradní rodinné péče),prepocet,2.4
115,2022,19.5.4.1,Počet dětí umístěných v náhradní péči zařízení pro péči o děti na zaměstnance (bez úvazků na zajištění náhradní rodinné péče),prepocet,1.6
115,2023,19.5.4.1,Počet dětí umístěných v náhradní péči zařízení pro péči o děti na zaměstnance (bez úvazků na zajištění náhradní rodinné péče),prepocet,2.226
115,2024,19.5.4.1,Počet dětí umístěných v náhradní péči zařízení pro péči o děti na zaměstnance (bez úvazků na zajištění náhradní rodinné péče),prepocet,2.077
115,2025,19.5.4.1,Počet dětí umístěných v náhradní péči zařízení pro péči o děti na zaměstnance (bez úvazků na zajištění náhradní rodinné péče),prepocet,1.0
115,2010,19.5.4.2,Celkový počet dětí umístěných v náhradní péči zařízení pro péči o děti na zaměstnance (bez úvazků na zajištění náhradní rodinné péče),prepocet,
115,2011,19.5.4.2,Celkový počet dětí umístěných v náhradní péči zařízení pro péči o děti na zaměstnance (bez úvazků na zajištění náhradní rodinné péče),prepocet,
115,2012,19.5.4.2,Celkový počet dětí umístěných v náhradní péči zařízení pro péči o děti na zaměstnance (bez úvazků na zajištění náhradní rodinné péče),prepocet,
115,2013,19.5.4.2,Celkový počet dětí umístěných v náhradní péči zařízení pro péči o děti na zaměstnance (bez úvazků na zajištění náhradní rodinné péče),prepocet,
115,2014,19.5.4.2,Celkový počet dětí umístěných v náhradní péči zařízení pro péči o děti na zaměstnance (bez úvazků na zajištění náhradní rodinné péče),prepocet,
115,2015,19.5.4.2,Celkový počet dětí umístěných v náhradní péči zařízení pro péči o děti na zaměstnance (bez úvazků na zajištění náhradní rodinné péče),prepocet,
115,2016,19.5.4.2,Celkový počet dětí umístěných v náhradní péči zařízení pro péči o děti na zaměstnance (bez úvazků na zajištění náhradní rodinné péče),prepocet,
115,2017,19.5.4.2,Celkový počet dětí umístěných v náhradní péči zařízení pro péči o děti na zaměstnance (bez úvazků na zajištění náhradní rodinné péče),prepocet,
115,2018,19.5.4.2,Celkový počet dětí umístěných v náhradní péči zařízení pro péči o děti na zaměstnance (bez úvazků na zajištění náhradní rodinné péče),prepocet,2.533
115,2019,19.5.4.2,Celkový počet dětí umístěných v náhradní péči zařízení pro péči o děti na zaměstnance (bez úvazků na zajištění náhradní rodinné péče),prepocet,3.125
115,2020,19.5.4.2,Celkový počet dětí umístěných v náhradní péči zařízení pro péči o děti na zaměstnance (bez úvazků na zajištění náhradní rodinné péče),prepocet,1.6
115,2021,19.5.4.2,Celkový počet dětí umístěných v náhradní péči zařízení pro péči o děti na zaměstnance (bez úvazků na zajištění náhradní rodinné péče),prepocet,2.0
115,2022,19.5.4.2,Celkový počet dětí umístěných v náhradní péči zařízení pro péči o děti na zaměstnance (bez úvazků na zajištění náhradní rodinné péče),prepocet,1.6
115,2023,19.5.4.2,Celkový počet dětí umístěných v náhradní péči zařízení pro péči o děti na zaměstnance (bez úvazků na zajištění náhradní rodinné péče),prepocet,2.077
115,2024,19.5.4.2,Celkový počet dětí umístěných v náhradní péči zařízení pro péči o děti na zaměstnance (bez úvazků na zajištění náhradní rodinné péče),prepocet,1.335
115,2025,19.5.4.2,Celkový počet dětí umístěných v náhradní péči zařízení pro péči o děti na zaměstnance (bez úvazků na zajištění náhradní rodinné péče),prepocet,1.857
115,2010,19.5.4.3,Počet vypracovaných IPOD dětí dle § 6 zákona č. 359/1999 Sb. na zaměstnance,prepocet,
115,2011,19.5.4.3,Počet vypracovaných IPOD dětí dle § 6 zákona č. 359/1999 Sb. na zaměstnance,prepocet,
115,2012,19.5.4.3,Počet vypracovaných IPOD dětí dle § 6 zákona č. 359/1999 Sb. na zaměstnance,prepocet,
115,2013,19.5.4.3,Počet vypracovaných IPOD dětí dle § 6 zákona č. 359/1999 Sb. na zaměstnance,prepocet,
115,2014,19.5.4.3,Počet vypracovaných IPOD dětí dle § 6 zákona č. 359/1999 Sb. na zaměstnance,prepocet,
115,2015,19.5.4.3,Počet vypracovaných IPOD dětí dle § 6 zákona č. 359/1999 Sb. na zaměstnance,prepocet,
115,2016,19.5.4.3,Počet vypracovaných IPOD dětí dle § 6 zákona č. 359/1999 Sb. na zaměstnance,prepocet,
115,2017,19.5.4.3,Počet vypracovaných IPOD dětí dle § 6 zákona č. 359/1999 Sb. na zaměstnance,prepocet,
115,2018,19.5.4.3,Počet vypracovaných IPOD dětí dle § 6 zákona č. 359/1999 Sb. na zaměstnance,prepocet,
115,2019,19.5.4.3,Počet vypracovaných IPOD dětí dle § 6 zákona č. 359/1999 Sb. na zaměstnance,prepocet,
115,2020,19.5.4.3,Počet vypracovaných IPOD dětí dle § 6 zákona č. 359/1999 Sb. na zaměstnance,prepocet,
115,2021,19.5.4.3,Počet vypracovaných IPOD dětí dle § 6 zákona č. 359/1999 Sb. na zaměstnance,prepocet,
115,2022,19.5.4.3,Počet vypracovaných IPOD dětí dle § 6 zákona č. 359/1999 Sb. na zaměstnance,prepocet,20.222
115,2023,19.5.4.3,Počet vypracovaných IPOD dětí dle § 6 zákona č. 359/1999 Sb. na zaměstnance,prepocet,26.316
115,2024,19.5.4.3,Počet vypracovaných IPOD dětí dle § 6 zákona č. 359/1999 Sb. na zaměstnance,prepocet,29.519
115,2025,19.5.4.3,Počet vypracovaných IPOD dětí dle § 6 zákona č. 359/1999 Sb. na zaměstnance,prepocet,30.667
115,2010,19.5.5,"Počet dětí, u kterých byl soudem či OSPOD stanoven dohled na zaměstnance",prepocet,
115,2011,19.5.5,"Počet dětí, u kterých byl soudem či OSPOD stanoven dohled na zaměstnance",prepocet,
115,2012,19.5.5,"Počet dětí, u kterých byl soudem či OSPOD stanoven dohled na zaměstnance",prepocet,
115,2013,19.5.5,"Počet dětí, u kterých byl soudem či OSPOD stanoven dohled na zaměstnance",prepocet,
115,2014,19.5.5,"Počet dětí, u kterých byl soudem či OSPOD stanoven dohled na zaměstnance",prepocet,
115,2015,19.5.5,"Počet dětí, u kterých byl soudem či OSPOD stanoven dohled na zaměstnance",prepocet,4.222
115,2016,19.5.5,"Počet dětí, u kterých byl soudem či OSPOD stanoven dohled na zaměstnance",prepocet,3.646
115,2017,19.5.5,"Počet dětí, u kterých byl soudem či OSPOD stanoven dohled na zaměstnance",prepocet,4.819
115,2018,19.5.5,"Počet dětí, u kterých byl soudem či OSPOD stanoven dohled na zaměstnance",prepocet,4.444
115,2019,19.5.5,"Počet dětí, u kterých byl soudem či OSPOD stanoven dohled na zaměstnance",prepocet,3.499
115,2020,19.5.5,"Počet dětí, u kterých byl soudem či OSPOD stanoven dohled na zaměstnance",prepocet,2.444
115,2021,19.5.5,"Počet dětí, u kterých byl soudem či OSPOD stanoven dohled na zaměstnance",prepocet,3.333
115,2022,19.5.5,"Počet dětí, u kterých byl soudem či OSPOD stanoven dohled na zaměstnance",prepocet,3.0
115,2023,19.5.5,"Počet dětí, u kterých byl soudem či OSPOD stanoven dohled na zaměstnance",prepocet,3.204
115,2024,19.5.5,"Počet dětí, u kterých byl soudem či OSPOD stanoven dohled na zaměstnance",prepocet,3.204
115,2025,19.5.5,"Počet dětí, u kterých byl soudem či OSPOD stanoven dohled na zaměstnance",prepocet,2.444
115,2010,19.5.6,Počet zásahů v rámci pohotovostní služby OSPOD mimo pracovní dobu na zaměstnance (bez úvazků na zajištění náhradní rodinné péče),prepocet,
115,2011,19.5.6,Počet zásahů v rámci pohotovostní služby OSPOD mimo pracovní dobu na zaměstnance (bez úvazků na zajištění náhradní rodinné péče),prepocet,
115,2012,19.5.6,Počet zásahů v rámci pohotovostní služby OSPOD mimo pracovní dobu na zaměstnance (bez úvazků na zajištění náhradní rodinné péče),prepocet,
115,2013,19.5.6,Počet zásahů v rámci pohotovostní služby OSPOD mimo pracovní dobu na zaměstnance (bez úvazků na zajištění náhradní rodinné péče),prepocet,
115,2014,19.5.6,Počet zásahů v rámci pohotovostní služby OSPOD mimo pracovní dobu na zaměstnance (bez úvazků na zajištění náhradní rodinné péče),prepocet,
115,2015,19.5.6,Počet zásahů v rámci pohotovostní služby OSPOD mimo pracovní dobu na zaměstnance (bez úvazků na zajištění náhradní rodinné péče),prepocet,0.133
115,2016,19.5.6,Počet zásahů v rámci pohotovostní služby OSPOD mimo pracovní dobu na zaměstnance (bez úvazků na zajištění náhradní rodinné péče),prepocet,0.494
115,2017,19.5.6,Počet zásahů v rámci pohotovostní služby OSPOD mimo pracovní dobu na zaměstnance (bez úvazků na zajištění náhradní rodinné péče),prepocet,0.147
115,2018,19.5.6,Počet zásahů v rámci pohotovostní služby OSPOD mimo pracovní dobu na zaměstnance (bez úvazků na zajištění náhradní rodinné péče),prepocet,0.0
115,2019,19.5.6,Počet zásahů v rámci pohotovostní služby OSPOD mimo pracovní dobu na zaměstnance (bez úvazků na zajištění náhradní rodinné péče),prepocet,0.543
115,2020,19.5.6,Počet zásahů v rámci pohotovostní služby OSPOD mimo pracovní dobu na zaměstnance (bez úvazků na zajištění náhradní rodinné péče),prepocet,0.533
115,2021,19.5.6,Počet zásahů v rámci pohotovostní služby OSPOD mimo pracovní dobu na zaměstnance (bez úvazků na zajištění náhradní rodinné péče),prepocet,0.267
115,2022,19.5.6,Počet zásahů v rámci pohotovostní služby OSPOD mimo pracovní dobu na zaměstnance (bez úvazků na zajištění náhradní rodinné péče),prepocet,1.467
115,2023,19.5.6,Počet zásahů v rámci pohotovostní služby OSPOD mimo pracovní dobu na zaměstnance (bez úvazků na zajištění náhradní rodinné péče),prepocet,2.671
115,2024,19.5.6,Počet zásahů v rámci pohotovostní služby OSPOD mimo pracovní dobu na zaměstnance (bez úvazků na zajištění náhradní rodinné péče),prepocet,1.632
115,2025,19.5.6,Počet zásahů v rámci pohotovostní služby OSPOD mimo pracovní dobu na zaměstnance (bez úvazků na zajištění náhradní rodinné péče),prepocet,1.286
115,2010,19.5.7,Počet pořádaných případových konferencí na zaměstnance,prepocet,
115,2011,19.5.7,Počet pořádaných případových konferencí na zaměstnance,prepocet,
115,2012,19.5.7,Počet pořádaných případových konferencí na zaměstnance,prepocet,
115,2013,19.5.7,Počet pořádaných případových konferencí na zaměstnance,prepocet,
115,2014,19.5.7,Počet pořádaných případových konferencí na zaměstnance,prepocet,
115,2015,19.5.7,Počet pořádaných případových konferencí na zaměstnance,prepocet,0.222
115,2016,19.5.7,Počet pořádaných případových konferencí na zaměstnance,prepocet,0.313
115,2017,19.5.7,Počet pořádaných případových konferencí na zaměstnance,prepocet,0.482
115,2018,19.5.7,Počet pořádaných případových konferencí na zaměstnance,prepocet,0.111
115,2019,19.5.7,Počet pořádaných případových konferencí na zaměstnance,prepocet,0.339
115,2020,19.5.7,Počet pořádaných případových konferencí na zaměstnance,prepocet,0.333
115,2021,19.5.7,Počet pořádaných případových konferencí na zaměstnance,prepocet,0.556
115,2022,19.5.7,Počet pořádaných případových konferencí na zaměstnance,prepocet,0.667
115,2023,19.5.7,Počet pořádaných případových konferencí na zaměstnance,prepocet,1.259
115,2024,19.5.7,Počet pořádaných případových konferencí na zaměstnance,prepocet,1.144
115,2025,19.5.7,Počet pořádaných případových konferencí na zaměstnance,prepocet,0.667
115,2010,19.5.8,Počet dohod o výkonu pěstounské péče uzavřených OSPOD na zaměstnance (bez úvazků na zajištění náhradní rodinné péče),prepocet,
115,2011,19.5.8,Počet dohod o výkonu pěstounské péče uzavřených OSPOD na zaměstnance (bez úvazků na zajištění náhradní rodinné péče),prepocet,
115,2012,19.5.8,Počet dohod o výkonu pěstounské péče uzavřených OSPOD na zaměstnance (bez úvazků na zajištění náhradní rodinné péče),prepocet,
115,2013,19.5.8,Počet dohod o výkonu pěstounské péče uzavřených OSPOD na zaměstnance (bez úvazků na zajištění náhradní rodinné péče),prepocet,
115,2014,19.5.8,Počet dohod o výkonu pěstounské péče uzavřených OSPOD na zaměstnance (bez úvazků na zajištění náhradní rodinné péče),prepocet,
115,2015,19.5.8,Počet dohod o výkonu pěstounské péče uzavřených OSPOD na zaměstnance (bez úvazků na zajištění náhradní rodinné péče),prepocet,0.0
115,2016,19.5.8,Počet dohod o výkonu pěstounské péče uzavřených OSPOD na zaměstnance (bez úvazků na zajištění náhradní rodinné péče),prepocet,0.0
115,2017,19.5.8,Počet dohod o výkonu pěstounské péče uzavřených OSPOD na zaměstnance (bez úvazků na zajištění náhradní rodinné péče),prepocet,0.0
115,2018,19.5.8,Počet dohod o výkonu pěstounské péče uzavřených OSPOD na zaměstnance (bez úvazků na zajištění náhradní rodinné péče),prepocet,0.0
115,2019,19.5.8,Počet dohod o výkonu pěstounské péče uzavřených OSPOD na zaměstnance (bez úvazků na zajištění náhradní rodinné péče),prepocet,0.0
115,2020,19.5.8,Počet dohod o výkonu pěstounské péče uzavřených OSPOD na zaměstnance (bez úvazků na zajištění náhradní rodinné péče),prepocet,0.0
115,2021,19.5.8,Počet dohod o výkonu pěstounské péče uzavřených OSPOD na zaměstnance (bez úvazků na zajištění náhradní rodinné péče),prepocet,0.0
115,2022,19.5.8,Počet dohod o výkonu pěstounské péče uzavřených OSPOD na zaměstnance (bez úvazků na zajištění náhradní rodinné péče),prepocet,0.0
115,2023,19.5.8,Počet dohod o výkonu pěstounské péče uzavřených OSPOD na zaměstnance (bez úvazků na zajištění náhradní rodinné péče),prepocet,0.0
115,2024,19.5.8,Počet dohod o výkonu pěstounské péče uzavřených OSPOD na zaměstnance (bez úvazků na zajištění náhradní rodinné péče),prepocet,0.0
115,2025,19.5.8,Počet dohod o výkonu pěstounské péče uzavřených OSPOD na zaměstnance (bez úvazků na zajištění náhradní rodinné péče),prepocet,0.0
115,2010,19.5.9,Počet sociálních šetření a soudních jednání na zaměstnance,prepocet,
115,2011,19.5.9,Počet sociálních šetření a soudních jednání na zaměstnance,prepocet,
115,2012,19.5.9,Počet sociálních šetření a soudních jednání na zaměstnance,prepocet,
115,2013,19.5.9,Počet sociálních šetření a soudních jednání na zaměstnance,prepocet,
115,2014,19.5.9,Počet sociálních šetření a soudních jednání na zaměstnance,prepocet,
115,2015,19.5.9,Počet sociálních šetření a soudních jednání na zaměstnance,prepocet,
115,2016,19.5.9,Počet sociálních šetření a soudních jednání na zaměstnance,prepocet,
115,2017,19.5.9,Počet sociálních šetření a soudních jednání na zaměstnance,prepocet,
115,2018,19.5.9,Počet sociálních šetření a soudních jednání na zaměstnance,prepocet,44.933
115,2019,19.5.9,Počet sociálních šetření a soudních jednání na zaměstnance,prepocet,
115,2020,19.5.9,Počet sociálních šetření a soudních jednání na zaměstnance,prepocet,0.0
115,2021,19.5.9,Počet sociálních šetření a soudních jednání na zaměstnance,prepocet,
115,2022,19.5.9,Počet sociálních šetření a soudních jednání na zaměstnance,prepocet,0.0
115,2023,19.5.9,Počet sociálních šetření a soudních jednání na zaměstnance,prepocet,0.0
115,2024,19.5.9,Počet sociálních šetření a soudních jednání na zaměstnance,prepocet,37.24
115,2025,19.5.9,Počet sociálních šetření a soudních jednání na zaměstnance,prepocet,39.143
115,2010,19.5.10.1,"Počet sociálních šetření na zaměstnance (bez úvazků na zajištění náhradní rodinné péče) - vyplňují pouze OSPOD, které průkazně sledují",prepocet,
115,2011,19.5.10.1,"Počet sociálních šetření na zaměstnance (bez úvazků na zajištění náhradní rodinné péče) - vyplňují pouze OSPOD, které průkazně sledují",prepocet,
115,2012,19.5.10.1,"Počet sociálních šetření na zaměstnance (bez úvazků na zajištění náhradní rodinné péče) - vyplňují pouze OSPOD, které průkazně sledují",prepocet,
115,2013,19.5.10.1,"Počet sociálních šetření na zaměstnance (bez úvazků na zajištění náhradní rodinné péče) - vyplňují pouze OSPOD, které průkazně sledují",prepocet,
115,2014,19.5.10.1,"Počet sociálních šetření na zaměstnance (bez úvazků na zajištění náhradní rodinné péče) - vyplňují pouze OSPOD, které průkazně sledují",prepocet,
115,2015,19.5.10.1,"Počet sociálních šetření na zaměstnance (bez úvazků na zajištění náhradní rodinné péče) - vyplňují pouze OSPOD, které průkazně sledují",prepocet,64.933
115,2016,19.5.10.1,"Počet sociálních šetření na zaměstnance (bez úvazků na zajištění náhradní rodinné péče) - vyplňují pouze OSPOD, které průkazně sledují",prepocet,
115,2017,19.5.10.1,"Počet sociálních šetření na zaměstnance (bez úvazků na zajištění náhradní rodinné péče) - vyplňují pouze OSPOD, které průkazně sledují",prepocet,
115,2018,19.5.10.1,"Počet sociálních šetření na zaměstnance (bez úvazků na zajištění náhradní rodinné péče) - vyplňují pouze OSPOD, které průkazně sledují",prepocet,0.0
115,2019,19.5.10.1,"Počet sociálních šetření na zaměstnance (bez úvazků na zajištění náhradní rodinné péče) - vyplňují pouze OSPOD, které průkazně sledují",prepocet,
115,2020,19.5.10.1,"Počet sociálních šetření na zaměstnance (bez úvazků na zajištění náhradní rodinné péče) - vyplňují pouze OSPOD, které průkazně sledují",prepocet,0.0
115,2021,19.5.10.1,"Počet sociálních šetření na zaměstnance (bez úvazků na zajištění náhradní rodinné péče) - vyplňují pouze OSPOD, které průkazně sledují",prepocet,
115,2022,19.5.10.1,"Počet sociálních šetření na zaměstnance (bez úvazků na zajištění náhradní rodinné péče) - vyplňují pouze OSPOD, které průkazně sledují",prepocet,0.0
115,2023,19.5.10.1,"Počet sociálních šetření na zaměstnance (bez úvazků na zajištění náhradní rodinné péče) - vyplňují pouze OSPOD, které průkazně sledují",prepocet,0.0
115,2024,19.5.10.1,"Počet sociálních šetření na zaměstnance (bez úvazků na zajištění náhradní rodinné péče) - vyplňují pouze OSPOD, které průkazně sledují",prepocet,0.0
115,2025,19.5.10.1,"Počet sociálních šetření na zaměstnance (bez úvazků na zajištění náhradní rodinné péče) - vyplňují pouze OSPOD, které průkazně sledují",prepocet,0.0
115,2010,19.5.10.2,"Počet soudních jednání na zaměstnance (bez úvazků na zajištění náhradní rodinné péče) - vyplňují pouze OSPOD, které průkazně sledují",prepocet,
115,2011,19.5.10.2,"Počet soudních jednání na zaměstnance (bez úvazků na zajištění náhradní rodinné péče) - vyplňují pouze OSPOD, které průkazně sledují",prepocet,
115,2012,19.5.10.2,"Počet soudních jednání na zaměstnance (bez úvazků na zajištění náhradní rodinné péče) - vyplňují pouze OSPOD, které průkazně sledují",prepocet,
115,2013,19.5.10.2,"Počet soudních jednání na zaměstnance (bez úvazků na zajištění náhradní rodinné péče) - vyplňují pouze OSPOD, které průkazně sledují",prepocet,
115,2014,19.5.10.2,"Počet soudních jednání na zaměstnance (bez úvazků na zajištění náhradní rodinné péče) - vyplňují pouze OSPOD, které průkazně sledují",prepocet,
115,2015,19.5.10.2,"Počet soudních jednání na zaměstnance (bez úvazků na zajištění náhradní rodinné péče) - vyplňují pouze OSPOD, které průkazně sledují",prepocet,
115,2016,19.5.10.2,"Počet soudních jednání na zaměstnance (bez úvazků na zajištění náhradní rodinné péče) - vyplňují pouze OSPOD, které průkazně sledují",prepocet,
115,2017,19.5.10.2,"Počet soudních jednání na zaměstnance (bez úvazků na zajištění náhradní rodinné péče) - vyplňují pouze OSPOD, které průkazně sledují",prepocet,
115,2018,19.5.10.2,"Počet soudních jednání na zaměstnance (bez úvazků na zajištění náhradní rodinné péče) - vyplňují pouze OSPOD, které průkazně sledují",prepocet,44.933
115,2019,19.5.10.2,"Počet soudních jednání na zaměstnance (bez úvazků na zajištění náhradní rodinné péče) - vyplňují pouze OSPOD, které průkazně sledují",prepocet,43.886
115,2020,19.5.10.2,"Počet soudních jednání na zaměstnance (bez úvazků na zajištění náhradní rodinné péče) - vyplňují pouze OSPOD, které průkazně sledují",prepocet,0.0
115,2021,19.5.10.2,"Počet soudních jednání na zaměstnance (bez úvazků na zajištění náhradní rodinné péče) - vyplňují pouze OSPOD, které průkazně sledují",prepocet,
115,2022,19.5.10.2,"Počet soudních jednání na zaměstnance (bez úvazků na zajištění náhradní rodinné péče) - vyplňují pouze OSPOD, které průkazně sledují",prepocet,0.0
115,2023,19.5.10.2,"Počet soudních jednání na zaměstnance (bez úvazků na zajištění náhradní rodinné péče) - vyplňují pouze OSPOD, které průkazně sledují",prepocet,0.0
115,2024,19.5.10.2,"Počet soudních jednání na zaměstnance (bez úvazků na zajištění náhradní rodinné péče) - vyplňují pouze OSPOD, které průkazně sledují",prepocet,37.24
115,2025,19.5.10.2,"Počet soudních jednání na zaměstnance (bez úvazků na zajištění náhradní rodinné péče) - vyplňují pouze OSPOD, které průkazně sledují",prepocet,39.143
115,2010,19.5.10.3,Poměr soudních jednání a sociálních šetření v %,prepocet,
115,2011,19.5.10.3,Poměr soudních jednání a sociálních šetření v %,prepocet,
115,2012,19.5.10.3,Poměr soudních jednání a sociálních šetření v %,prepocet,
115,2013,19.5.10.3,Poměr soudních jednání a sociálních šetření v %,prepocet,
115,2014,19.5.10.3,Poměr soudních jednání a sociálních šetření v %,prepocet,
115,2015,19.5.10.3,Poměr soudních jednání a sociálních šetření v %,prepocet,
115,2016,19.5.10.3,Poměr soudních jednání a sociálních šetření v %,prepocet,
115,2017,19.5.10.3,Poměr soudních jednání a sociálních šetření v %,prepocet,
115,2018,19.5.10.3,Poměr soudních jednání a sociálních šetření v %,prepocet,0.0
115,2019,19.5.10.3,Poměr soudních jednání a sociálních šetření v %,prepocet,100.0
115,2020,19.5.10.3,Poměr soudních jednání a sociálních šetření v %,prepocet,
115,2021,19.5.10.3,Poměr soudních jednání a sociálních šetření v %,prepocet,0.0
115,2022,19.5.10.3,Poměr soudních jednání a sociálních šetření v %,prepocet,0.0
115,2023,19.5.10.3,Poměr soudních jednání a sociálních šetření v %,prepocet,
115,2024,19.5.10.3,Poměr soudních jednání a sociálních šetření v %,prepocet,0.0
115,2025,19.5.10.3,Poměr soudních jednání a sociálních šetření v %,prepocet,0.0
115,2010,19.5.10.4,Struktura sledovaných případů a úkonů v %,prepocet,
115,2011,19.5.10.4,Struktura sledovaných případů a úkonů v %,prepocet,
115,2012,19.5.10.4,Struktura sledovaných případů a úkonů v %,prepocet,
115,2013,19.5.10.4,Struktura sledovaných případů a úkonů v %,prepocet,
115,2014,19.5.10.4,Struktura sledovaných případů a úkonů v %,prepocet,
115,2015,19.5.10.4,Struktura sledovaných případů a úkonů v %,prepocet,0.0
115,2016,19.5.10.4,Struktura sledovaných případů a úkonů v %,prepocet,43.0
115,2017,19.5.10.4,Struktura sledovaných případů a úkonů v %,prepocet,3.0
115,2018,19.5.10.4,Struktura sledovaných případů a úkonů v %,prepocet,53.0
115,2019,19.5.10.4,Struktura sledovaných případů a úkonů v %,prepocet,1.0
115,2020,19.5.10.4,Struktura sledovaných případů a úkonů v %,prepocet,0.0
115,2021,19.5.10.4,Struktura sledovaných případů a úkonů v %,prepocet,41.0
115,2022,19.5.10.4,Struktura sledovaných případů a úkonů v %,prepocet,4.0
115,2023,19.5.10.4,Struktura sledovaných případů a úkonů v %,prepocet,49.0
115,2024,19.5.10.4,Struktura sledovaných případů a úkonů v %,prepocet,6.0
115,2025,19.5.10.4,Struktura sledovaných případů a úkonů v %,prepocet,0.0
115,2010,19.5.11.1,Náklady (příjmy) na výkon OSPOD dle vyúčtování dotace MPSV v tis. Kč na úvazek,prepocet,
115,2011,19.5.11.1,Náklady (příjmy) na výkon OSPOD dle vyúčtování dotace MPSV v tis. Kč na úvazek,prepocet,
115,2012,19.5.11.1,Náklady (příjmy) na výkon OSPOD dle vyúčtování dotace MPSV v tis. Kč na úvazek,prepocet,
115,2013,19.5.11.1,Náklady (příjmy) na výkon OSPOD dle vyúčtování dotace MPSV v tis. Kč na úvazek,prepocet,
115,2014,19.5.11.1,Náklady (příjmy) na výkon OSPOD dle vyúčtování dotace MPSV v tis. Kč na úvazek,prepocet,
115,2015,19.5.11.1,Náklady (příjmy) na výkon OSPOD dle vyúčtování dotace MPSV v tis. Kč na úvazek,prepocet,439.556
115,2016,19.5.11.1,Náklady (příjmy) na výkon OSPOD dle vyúčtování dotace MPSV v tis. Kč na úvazek,prepocet,465.417
115,2017,19.5.11.1,Náklady (příjmy) na výkon OSPOD dle vyúčtování dotace MPSV v tis. Kč na úvazek,prepocet,549.036
115,2018,19.5.11.1,Náklady (příjmy) na výkon OSPOD dle vyúčtování dotace MPSV v tis. Kč na úvazek,prepocet,491.444
115,2019,19.5.11.1,Náklady (příjmy) na výkon OSPOD dle vyúčtování dotace MPSV v tis. Kč na úvazek,prepocet,565.124
115,2020,19.5.11.1,Náklady (příjmy) na výkon OSPOD dle vyúčtování dotace MPSV v tis. Kč na úvazek,prepocet,616.556
115,2021,19.5.11.1,Náklady (příjmy) na výkon OSPOD dle vyúčtování dotace MPSV v tis. Kč na úvazek,prepocet,645.667
115,2022,19.5.11.1,Náklady (příjmy) na výkon OSPOD dle vyúčtování dotace MPSV v tis. Kč na úvazek,prepocet,647.333
115,2023,19.5.11.1,Náklady (příjmy) na výkon OSPOD dle vyúčtování dotace MPSV v tis. Kč na úvazek,prepocet,753.547
115,2024,19.5.11.1,Náklady (příjmy) na výkon OSPOD dle vyúčtování dotace MPSV v tis. Kč na úvazek,prepocet,791.19
115,2025,19.5.11.1,Náklady (příjmy) na výkon OSPOD dle vyúčtování dotace MPSV v tis. Kč na úvazek,prepocet,810.667
115,2010,19.5.11.2,Náklady (příjmy) na výkon OSPOD dle vyúčtování dotace MPSV v tis. Kč na evidovaný případ,prepocet,
115,2011,19.5.11.2,Náklady (příjmy) na výkon OSPOD dle vyúčtování dotace MPSV v tis. Kč na evidovaný případ,prepocet,
115,2012,19.5.11.2,Náklady (příjmy) na výkon OSPOD dle vyúčtování dotace MPSV v tis. Kč na evidovaný případ,prepocet,
115,2013,19.5.11.2,Náklady (příjmy) na výkon OSPOD dle vyúčtování dotace MPSV v tis. Kč na evidovaný případ,prepocet,
115,2014,19.5.11.2,Náklady (příjmy) na výkon OSPOD dle vyúčtování dotace MPSV v tis. Kč na evidovaný případ,prepocet,
115,2015,19.5.11.2,Náklady (příjmy) na výkon OSPOD dle vyúčtování dotace MPSV v tis. Kč na evidovaný případ,prepocet,4.41
115,2016,19.5.11.2,Náklady (příjmy) na výkon OSPOD dle vyúčtování dotace MPSV v tis. Kč na evidovaný případ,prepocet,8.761
115,2017,19.5.11.2,Náklady (příjmy) na výkon OSPOD dle vyúčtování dotace MPSV v tis. Kč na evidovaný případ,prepocet,11.034
115,2018,19.5.11.2,Náklady (příjmy) na výkon OSPOD dle vyúčtování dotace MPSV v tis. Kč na evidovaný případ,prepocet,10.215
115,2019,19.5.11.2,Náklady (příjmy) na výkon OSPOD dle vyúčtování dotace MPSV v tis. Kč na evidovaný případ,prepocet,15.081
115,2020,19.5.11.2,Náklady (příjmy) na výkon OSPOD dle vyúčtování dotace MPSV v tis. Kč na evidovaný případ,prepocet,18.684
115,2021,19.5.11.2,Náklady (příjmy) na výkon OSPOD dle vyúčtování dotace MPSV v tis. Kč na evidovaný případ,prepocet,17.295
115,2022,19.5.11.2,Náklady (příjmy) na výkon OSPOD dle vyúčtování dotace MPSV v tis. Kč na evidovaný případ,prepocet,22.847
115,2023,19.5.11.2,Náklady (příjmy) na výkon OSPOD dle vyúčtování dotace MPSV v tis. Kč na evidovaný případ,prepocet,25.137
115,2024,19.5.11.2,Náklady (příjmy) na výkon OSPOD dle vyúčtování dotace MPSV v tis. Kč na evidovaný případ,prepocet,25.899
115,2025,19.5.11.2,Náklady (příjmy) na výkon OSPOD dle vyúčtování dotace MPSV v tis. Kč na evidovaný případ,prepocet,28.279
115,2010,19.6.1,Počet dětí v náhradní rodinné péči na zaměstnance zajišťujícího tuto agendu,prepocet,
115,2011,19.6.1,Počet dětí v náhradní rodinné péči na zaměstnance zajišťujícího tuto agendu,prepocet,
115,2012,19.6.1,Počet dětí v náhradní rodinné péči na zaměstnance zajišťujícího tuto agendu,prepocet,
115,2013,19.6.1,Počet dětí v náhradní rodinné péči na zaměstnance zajišťujícího tuto agendu,prepocet,
115,2014,19.6.1,Počet dětí v náhradní rodinné péči na zaměstnance zajišťujícího tuto agendu,prepocet,
115,2015,19.6.1,Počet dětí v náhradní rodinné péči na zaměstnance zajišťujícího tuto agendu,prepocet,37.333
115,2016,19.6.1,Počet dětí v náhradní rodinné péči na zaměstnance zajišťujícího tuto agendu,prepocet,38.0
115,2017,19.6.1,Počet dětí v náhradní rodinné péči na zaměstnance zajišťujícího tuto agendu,prepocet,45.333
115,2018,19.6.1,Počet dětí v náhradní rodinné péči na zaměstnance zajišťujícího tuto agendu,prepocet,41.333
115,2019,19.6.1,Počet dětí v náhradní rodinné péči na zaměstnance zajišťujícího tuto agendu,prepocet,47.333
115,2020,19.6.1,Počet dětí v náhradní rodinné péči na zaměstnance zajišťujícího tuto agendu,prepocet,45.333
115,2021,19.6.1,Počet dětí v náhradní rodinné péči na zaměstnance zajišťujícího tuto agendu,prepocet,44.667
115,2022,19.6.1,Počet dětí v náhradní rodinné péči na zaměstnance zajišťujícího tuto agendu,prepocet,46.0
115,2023,19.6.1,Počet dětí v náhradní rodinné péči na zaměstnance zajišťujícího tuto agendu,prepocet,32.0
115,2024,19.6.1,Počet dětí v náhradní rodinné péči na zaměstnance zajišťujícího tuto agendu,prepocet,35.0
115,2025,19.6.1,Počet dětí v náhradní rodinné péči na zaměstnance zajišťujícího tuto agendu,prepocet,35.5
115,2010,19.6.2,Počet osob vykonávajících náhradní rodinnou péči na zaměstnance zajišťujícího tuto agendu,prepocet,
115,2011,19.6.2,Počet osob vykonávajících náhradní rodinnou péči na zaměstnance zajišťujícího tuto agendu,prepocet,
115,2012,19.6.2,Počet osob vykonávajících náhradní rodinnou péči na zaměstnance zajišťujícího tuto agendu,prepocet,
115,2013,19.6.2,Počet osob vykonávajících náhradní rodinnou péči na zaměstnance zajišťujícího tuto agendu,prepocet,
115,2014,19.6.2,Počet osob vykonávajících náhradní rodinnou péči na zaměstnance zajišťujícího tuto agendu,prepocet,
115,2015,19.6.2,Počet osob vykonávajících náhradní rodinnou péči na zaměstnance zajišťujícího tuto agendu,prepocet,47.333
115,2016,19.6.2,Počet osob vykonávajících náhradní rodinnou péči na zaměstnance zajišťujícího tuto agendu,prepocet,52.0
115,2017,19.6.2,Počet osob vykonávajících náhradní rodinnou péči na zaměstnance zajišťujícího tuto agendu,prepocet,57.333
115,2018,19.6.2,Počet osob vykonávajících náhradní rodinnou péči na zaměstnance zajišťujícího tuto agendu,prepocet,57.333
115,2019,19.6.2,Počet osob vykonávajících náhradní rodinnou péči na zaměstnance zajišťujícího tuto agendu,prepocet,19.333
115,2020,19.6.2,Počet osob vykonávajících náhradní rodinnou péči na zaměstnance zajišťujícího tuto agendu,prepocet,57.333
115,2021,19.6.2,Počet osob vykonávajících náhradní rodinnou péči na zaměstnance zajišťujícího tuto agendu,prepocet,51.333
115,2022,19.6.2,Počet osob vykonávajících náhradní rodinnou péči na zaměstnance zajišťujícího tuto agendu,prepocet,50.667
115,2023,19.6.2,Počet osob vykonávajících náhradní rodinnou péči na zaměstnance zajišťujícího tuto agendu,prepocet,38.0
115,2024,19.6.2,Počet osob vykonávajících náhradní rodinnou péči na zaměstnance zajišťujícího tuto agendu,prepocet,5.0
115,2025,19.6.2,Počet osob vykonávajících náhradní rodinnou péči na zaměstnance zajišťujícího tuto agendu,prepocet,42.5
115,2010,19.6.3,Počet dětí v náhradní rodinné péči na 1 000 obyvatel správního obvodu,prepocet,
115,2011,19.6.3,Počet dětí v náhradní rodinné péči na 1 000 obyvatel správního obvodu,prepocet,
115,2012,19.6.3,Počet dětí v náhradní rodinné péči na 1 000 obyvatel správního obvodu,prepocet,
115,2013,19.6.3,Počet dětí v náhradní rodinné péči na 1 000 obyvatel správního obvodu,prepocet,
115,2014,19.6.3,Počet dětí v náhradní rodinné péči na 1 000 obyvatel správního obvodu,prepocet,
115,2015,19.6.3,Počet dětí v náhradní rodinné péči na 1 000 obyvatel správního obvodu,prepocet,1.348
115,2016,19.6.3,Počet dětí v náhradní rodinné péči na 1 000 obyvatel správního obvodu,prepocet,1.349
115,2017,19.6.3,Počet dětí v náhradní rodinné péči na 1 000 obyvatel správního obvodu,prepocet,1.637
115,2018,19.6.3,Počet dětí v náhradní rodinné péči na 1 000 obyvatel správního obvodu,prepocet,1.497
115,2019,19.6.3,Počet dětí v náhradní rodinné péči na 1 000 obyvatel správního obvodu,prepocet,1.713
115,2020,19.6.3,Počet dětí v náhradní rodinné péči na 1 000 obyvatel správního obvodu,prepocet,1.648
115,2021,19.6.3,Počet dětí v náhradní rodinné péči na 1 000 obyvatel správního obvodu,prepocet,1.628
115,2022,19.6.3,Počet dětí v náhradní rodinné péči na 1 000 obyvatel správního obvodu,prepocet,1.65
115,2023,19.6.3,Počet dětí v náhradní rodinné péči na 1 000 obyvatel správního obvodu,prepocet,1.532
115,2024,19.6.3,Počet dětí v náhradní rodinné péči na 1 000 obyvatel správního obvodu,prepocet,1.691
115,2025,19.6.3,Počet dětí v náhradní rodinné péči na 1 000 obyvatel správního obvodu,prepocet,1.72
115,2010,19.6.4,Celkový počet dětí svěřených do pěstounské péče na přechodnou dobu na zaměstnance zajišťujícího tuto agendu,prepocet,
115,2011,19.6.4,Celkový počet dětí svěřených do pěstounské péče na přechodnou dobu na zaměstnance zajišťujícího tuto agendu,prepocet,
115,2012,19.6.4,Celkový počet dětí svěřených do pěstounské péče na přechodnou dobu na zaměstnance zajišťujícího tuto agendu,prepocet,
115,2013,19.6.4,Celkový počet dětí svěřených do pěstounské péče na přechodnou dobu na zaměstnance zajišťujícího tuto agendu,prepocet,
115,2014,19.6.4,Celkový počet dětí svěřených do pěstounské péče na přechodnou dobu na zaměstnance zajišťujícího tuto agendu,prepocet,
115,2015,19.6.4,Celkový počet dětí svěřených do pěstounské péče na přechodnou dobu na zaměstnance zajišťujícího tuto agendu,prepocet,
115,2016,19.6.4,Celkový počet dětí svěřených do pěstounské péče na přechodnou dobu na zaměstnance zajišťujícího tuto agendu,prepocet,
115,2017,19.6.4,Celkový počet dětí svěřených do pěstounské péče na přechodnou dobu na zaměstnance zajišťujícího tuto agendu,prepocet,
115,2018,19.6.4,Celkový počet dětí svěřených do pěstounské péče na přechodnou dobu na zaměstnance zajišťujícího tuto agendu,prepocet,3.333
115,2019,19.6.4,Celkový počet dětí svěřených do pěstounské péče na přechodnou dobu na zaměstnance zajišťujícího tuto agendu,prepocet,2.667
115,2020,19.6.4,Celkový počet dětí svěřených do pěstounské péče na přechodnou dobu na zaměstnance zajišťujícího tuto agendu,prepocet,2.0
115,2021,19.6.4,Celkový počet dětí svěřených do pěstounské péče na přechodnou dobu na zaměstnance zajišťujícího tuto agendu,prepocet,0.0
115,2022,19.6.4,Celkový počet dětí svěřených do pěstounské péče na přechodnou dobu na zaměstnance zajišťujícího tuto agendu,prepocet,4.667
115,2023,19.6.4,Celkový počet dětí svěřených do pěstounské péče na přechodnou dobu na zaměstnance zajišťujícího tuto agendu,prepocet,2.0
115,2024,19.6.4,Celkový počet dětí svěřených do pěstounské péče na přechodnou dobu na zaměstnance zajišťujícího tuto agendu,prepocet,3.0
115,2025,19.6.4,Celkový počet dětí svěřených do pěstounské péče na přechodnou dobu na zaměstnance zajišťujícího tuto agendu,prepocet,5.0
115,2010,19.7,Počet klientů kurátora pro děti a mládež na zaměstnance (kurátora),prepocet,
115,2011,19.7,Počet klientů kurátora pro děti a mládež na zaměstnance (kurátora),prepocet,
115,2012,19.7,Počet klientů kurátora pro děti a mládež na zaměstnance (kurátora),prepocet,
115,2013,19.7,Počet klientů kurátora pro děti a mládež na zaměstnance (kurátora),prepocet,
115,2014,19.7,Počet klientů kurátora pro děti a mládež na zaměstnance (kurátora),prepocet,
115,2015,19.7,Počet klientů kurátora pro děti a mládež na zaměstnance (kurátora),prepocet,90.667
115,2016,19.7,Počet klientů kurátora pro děti a mládež na zaměstnance (kurátora),prepocet,105.0
115,2017,19.7,Počet klientů kurátora pro děti a mládež na zaměstnance (kurátora),prepocet,111.0
115,2018,19.7,Počet klientů kurátora pro děti a mládež na zaměstnance (kurátora),prepocet,97.0
115,2019,19.7,Počet klientů kurátora pro děti a mládež na zaměstnance (kurátora),prepocet,89.0
115,2020,19.7,Počet klientů kurátora pro děti a mládež na zaměstnance (kurátora),prepocet,53.0
115,2021,19.7,Počet klientů kurátora pro děti a mládež na zaměstnance (kurátora),prepocet,72.0
115,2022,19.7,Počet klientů kurátora pro děti a mládež na zaměstnance (kurátora),prepocet,68.0
115,2023,19.7,Počet klientů kurátora pro děti a mládež na zaměstnance (kurátora),prepocet,62.0
115,2024,19.7,Počet klientů kurátora pro děti a mládež na zaměstnance (kurátora),prepocet,96.0
115,2025,19.7,Počet klientů kurátora pro děti a mládež na zaměstnance (kurátora),prepocet,116.0
115,2010,19.8.1,ZVLÁŠTNÍ PŘÍJEMCE DÁVEK DŮCHODOVÉHO POJIŠTĚNÍ - počet správních rozhodnutí na 1 000 obyvatel obce,prepocet,
115,2011,19.8.1,ZVLÁŠTNÍ PŘÍJEMCE DÁVEK DŮCHODOVÉHO POJIŠTĚNÍ - počet správních rozhodnutí na 1 000 obyvatel obce,prepocet,
115,2012,19.8.1,ZVLÁŠTNÍ PŘÍJEMCE DÁVEK DŮCHODOVÉHO POJIŠTĚNÍ - počet správních rozhodnutí na 1 000 obyvatel obce,prepocet,
115,2013,19.8.1,ZVLÁŠTNÍ PŘÍJEMCE DÁVEK DŮCHODOVÉHO POJIŠTĚNÍ - počet správních rozhodnutí na 1 000 obyvatel obce,prepocet,
115,2014,19.8.1,ZVLÁŠTNÍ PŘÍJEMCE DÁVEK DŮCHODOVÉHO POJIŠTĚNÍ - počet správních rozhodnutí na 1 000 obyvatel obce,prepocet,
115,2015,19.8.1,ZVLÁŠTNÍ PŘÍJEMCE DÁVEK DŮCHODOVÉHO POJIŠTĚNÍ - počet správních rozhodnutí na 1 000 obyvatel obce,prepocet,0.749
115,2016,19.8.1,ZVLÁŠTNÍ PŘÍJEMCE DÁVEK DŮCHODOVÉHO POJIŠTĚNÍ - počet správních rozhodnutí na 1 000 obyvatel obce,prepocet,0.397
115,2017,19.8.1,ZVLÁŠTNÍ PŘÍJEMCE DÁVEK DŮCHODOVÉHO POJIŠTĚNÍ - počet správních rozhodnutí na 1 000 obyvatel obce,prepocet,0.62
115,2018,19.8.1,ZVLÁŠTNÍ PŘÍJEMCE DÁVEK DŮCHODOVÉHO POJIŠTĚNÍ - počet správních rozhodnutí na 1 000 obyvatel obce,prepocet,0.49
115,2019,19.8.1,ZVLÁŠTNÍ PŘÍJEMCE DÁVEK DŮCHODOVÉHO POJIŠTĚNÍ - počet správních rozhodnutí na 1 000 obyvatel obce,prepocet,0.314
115,2020,19.8.1,ZVLÁŠTNÍ PŘÍJEMCE DÁVEK DŮCHODOVÉHO POJIŠTĚNÍ - počet správních rozhodnutí na 1 000 obyvatel obce,prepocet,0.045
115,2021,19.8.1,ZVLÁŠTNÍ PŘÍJEMCE DÁVEK DŮCHODOVÉHO POJIŠTĚNÍ - počet správních rozhodnutí na 1 000 obyvatel obce,prepocet,0.091
115,2022,19.8.1,ZVLÁŠTNÍ PŘÍJEMCE DÁVEK DŮCHODOVÉHO POJIŠTĚNÍ - počet správních rozhodnutí na 1 000 obyvatel obce,prepocet,0.179
115,2023,19.8.1,ZVLÁŠTNÍ PŘÍJEMCE DÁVEK DŮCHODOVÉHO POJIŠTĚNÍ - počet správních rozhodnutí na 1 000 obyvatel obce,prepocet,0.0
115,2024,19.8.1,ZVLÁŠTNÍ PŘÍJEMCE DÁVEK DŮCHODOVÉHO POJIŠTĚNÍ - počet správních rozhodnutí na 1 000 obyvatel obce,prepocet,0.0
115,2025,19.8.1,ZVLÁŠTNÍ PŘÍJEMCE DÁVEK DŮCHODOVÉHO POJIŠTĚNÍ - počet správních rozhodnutí na 1 000 obyvatel obce,prepocet,0.091
115,2010,19.8.2,ZVLÁŠTNÍ PŘÍJEMCE DÁVEK DŮCHODOVÉHO POJIŠTĚNÍ - počet evidovaných zvláštních příjemců dávek důchodového pojištění na 1 000 obyvatel obce,prepocet,
115,2011,19.8.2,ZVLÁŠTNÍ PŘÍJEMCE DÁVEK DŮCHODOVÉHO POJIŠTĚNÍ - počet evidovaných zvláštních příjemců dávek důchodového pojištění na 1 000 obyvatel obce,prepocet,
115,2012,19.8.2,ZVLÁŠTNÍ PŘÍJEMCE DÁVEK DŮCHODOVÉHO POJIŠTĚNÍ - počet evidovaných zvláštních příjemců dávek důchodového pojištění na 1 000 obyvatel obce,prepocet,
115,2013,19.8.2,ZVLÁŠTNÍ PŘÍJEMCE DÁVEK DŮCHODOVÉHO POJIŠTĚNÍ - počet evidovaných zvláštních příjemců dávek důchodového pojištění na 1 000 obyvatel obce,prepocet,
115,2014,19.8.2,ZVLÁŠTNÍ PŘÍJEMCE DÁVEK DŮCHODOVÉHO POJIŠTĚNÍ - počet evidovaných zvláštních příjemců dávek důchodového pojištění na 1 000 obyvatel obce,prepocet,
115,2015,19.8.2,ZVLÁŠTNÍ PŘÍJEMCE DÁVEK DŮCHODOVÉHO POJIŠTĚNÍ - počet evidovaných zvláštních příjemců dávek důchodového pojištění na 1 000 obyvatel obce,prepocet,0.661
115,2016,19.8.2,ZVLÁŠTNÍ PŘÍJEMCE DÁVEK DŮCHODOVÉHO POJIŠTĚNÍ - počet evidovaných zvláštních příjemců dávek důchodového pojištění na 1 000 obyvatel obce,prepocet,0.882
115,2017,19.8.2,ZVLÁŠTNÍ PŘÍJEMCE DÁVEK DŮCHODOVÉHO POJIŠTĚNÍ - počet evidovaných zvláštních příjemců dávek důchodového pojištění na 1 000 obyvatel obce,prepocet,1.063
115,2018,19.8.2,ZVLÁŠTNÍ PŘÍJEMCE DÁVEK DŮCHODOVÉHO POJIŠTĚNÍ - počet evidovaných zvláštních příjemců dávek důchodového pojištění na 1 000 obyvatel obce,prepocet,1.025
115,2019,19.8.2,ZVLÁŠTNÍ PŘÍJEMCE DÁVEK DŮCHODOVÉHO POJIŠTĚNÍ - počet evidovaných zvláštních příjemců dávek důchodového pojištění na 1 000 obyvatel obce,prepocet,0.673
115,2020,19.8.2,ZVLÁŠTNÍ PŘÍJEMCE DÁVEK DŮCHODOVÉHO POJIŠTĚNÍ - počet evidovaných zvláštních příjemců dávek důchodového pojištění na 1 000 obyvatel obce,prepocet,0.724
115,2021,19.8.2,ZVLÁŠTNÍ PŘÍJEMCE DÁVEK DŮCHODOVÉHO POJIŠTĚNÍ - počet evidovaných zvláštních příjemců dávek důchodového pojištění na 1 000 obyvatel obce,prepocet,0.5
115,2022,19.8.2,ZVLÁŠTNÍ PŘÍJEMCE DÁVEK DŮCHODOVÉHO POJIŠTĚNÍ - počet evidovaných zvláštních příjemců dávek důchodového pojištění na 1 000 obyvatel obce,prepocet,0.581
115,2023,19.8.2,ZVLÁŠTNÍ PŘÍJEMCE DÁVEK DŮCHODOVÉHO POJIŠTĚNÍ - počet evidovaných zvláštních příjemců dávek důchodového pojištění na 1 000 obyvatel obce,prepocet,0.495
115,2024,19.8.2,ZVLÁŠTNÍ PŘÍJEMCE DÁVEK DŮCHODOVÉHO POJIŠTĚNÍ - počet evidovaných zvláštních příjemců dávek důchodového pojištění na 1 000 obyvatel obce,prepocet,0.409
115,2025,19.8.2,ZVLÁŠTNÍ PŘÍJEMCE DÁVEK DŮCHODOVÉHO POJIŠTĚNÍ - počet evidovaných zvláštních příjemců dávek důchodového pojištění na 1 000 obyvatel obce,prepocet,0.411
115,2010,19.9.1,VEŘEJNÉ OPATROVNICTVÍ - počet opatrovanců na 1 000 obyvatel obce,prepocet,
115,2011,19.9.1,VEŘEJNÉ OPATROVNICTVÍ - počet opatrovanců na 1 000 obyvatel obce,prepocet,
115,2012,19.9.1,VEŘEJNÉ OPATROVNICTVÍ - počet opatrovanců na 1 000 obyvatel obce,prepocet,
115,2013,19.9.1,VEŘEJNÉ OPATROVNICTVÍ - počet opatrovanců na 1 000 obyvatel obce,prepocet,
115,2014,19.9.1,VEŘEJNÉ OPATROVNICTVÍ - počet opatrovanců na 1 000 obyvatel obce,prepocet,
115,2015,19.9.1,VEŘEJNÉ OPATROVNICTVÍ - počet opatrovanců na 1 000 obyvatel obce,prepocet,0.573
115,2016,19.9.1,VEŘEJNÉ OPATROVNICTVÍ - počet opatrovanců na 1 000 obyvatel obce,prepocet,0.706
115,2017,19.9.1,VEŘEJNÉ OPATROVNICTVÍ - počet opatrovanců na 1 000 obyvatel obce,prepocet,0.93
115,2018,19.9.1,VEŘEJNÉ OPATROVNICTVÍ - počet opatrovanců na 1 000 obyvatel obce,prepocet,0.936
115,2019,19.9.1,VEŘEJNÉ OPATROVNICTVÍ - počet opatrovanců na 1 000 obyvatel obce,prepocet,0.942
115,2020,19.9.1,VEŘEJNÉ OPATROVNICTVÍ - počet opatrovanců na 1 000 obyvatel obce,prepocet,0.905
115,2021,19.9.1,VEŘEJNÉ OPATROVNICTVÍ - počet opatrovanců na 1 000 obyvatel obce,prepocet,0.818
115,2022,19.9.1,VEŘEJNÉ OPATROVNICTVÍ - počet opatrovanců na 1 000 obyvatel obce,prepocet,1.028
115,2023,19.9.1,VEŘEJNÉ OPATROVNICTVÍ - počet opatrovanců na 1 000 obyvatel obce,prepocet,0.99
115,2024,19.9.1,VEŘEJNÉ OPATROVNICTVÍ - počet opatrovanců na 1 000 obyvatel obce,prepocet,1.09
115,2025,19.9.1,VEŘEJNÉ OPATROVNICTVÍ - počet opatrovanců na 1 000 obyvatel obce,prepocet,1.051
115,2010,19.9.2,VEŘEJNÉ OPATROVNICTVÍ - počet opatrovanců na úvazek zaměstnance agendy,prepocet,
115,2011,19.9.2,VEŘEJNÉ OPATROVNICTVÍ - počet opatrovanců na úvazek zaměstnance agendy,prepocet,
115,2012,19.9.2,VEŘEJNÉ OPATROVNICTVÍ - počet opatrovanců na úvazek zaměstnance agendy,prepocet,
115,2013,19.9.2,VEŘEJNÉ OPATROVNICTVÍ - počet opatrovanců na úvazek zaměstnance agendy,prepocet,
115,2014,19.9.2,VEŘEJNÉ OPATROVNICTVÍ - počet opatrovanců na úvazek zaměstnance agendy,prepocet,
115,2015,19.9.2,VEŘEJNÉ OPATROVNICTVÍ - počet opatrovanců na úvazek zaměstnance agendy,prepocet,10.0
115,2016,19.9.2,VEŘEJNÉ OPATROVNICTVÍ - počet opatrovanců na úvazek zaměstnance agendy,prepocet,12.308
115,2017,19.9.2,VEŘEJNÉ OPATROVNICTVÍ - počet opatrovanců na úvazek zaměstnance agendy,prepocet,14.0
115,2018,19.9.2,VEŘEJNÉ OPATROVNICTVÍ - počet opatrovanců na úvazek zaměstnance agendy,prepocet,15.0
115,2019,19.9.2,VEŘEJNÉ OPATROVNICTVÍ - počet opatrovanců na úvazek zaměstnance agendy,prepocet,15.0
115,2020,19.9.2,VEŘEJNÉ OPATROVNICTVÍ - počet opatrovanců na úvazek zaměstnance agendy,prepocet,15.385
115,2021,19.9.2,VEŘEJNÉ OPATROVNICTVÍ - počet opatrovanců na úvazek zaměstnance agendy,prepocet,13.846
115,2022,19.9.2,VEŘEJNÉ OPATROVNICTVÍ - počet opatrovanců na úvazek zaměstnance agendy,prepocet,17.692
115,2023,19.9.2,VEŘEJNÉ OPATROVNICTVÍ - počet opatrovanců na úvazek zaměstnance agendy,prepocet,16.923
115,2024,19.9.2,VEŘEJNÉ OPATROVNICTVÍ - počet opatrovanců na úvazek zaměstnance agendy,prepocet,18.462
115,2025,19.9.2,VEŘEJNÉ OPATROVNICTVÍ - počet opatrovanců na úvazek zaměstnance agendy,prepocet,17.692
115,2010,19.9.3,VEŘEJNÉ OPATROVNICTVÍ - % opatrovanců v pobytových zařízeních,prepocet,
115,2011,19.9.3,VEŘEJNÉ OPATROVNICTVÍ - % opatrovanců v pobytových zařízeních,prepocet,
115,2012,19.9.3,VEŘEJNÉ OPATROVNICTVÍ - % opatrovanců v pobytových zařízeních,prepocet,
115,2013,19.9.3,VEŘEJNÉ OPATROVNICTVÍ - % opatrovanců v pobytových zařízeních,prepocet,
115,2014,19.9.3,VEŘEJNÉ OPATROVNICTVÍ - % opatrovanců v pobytových zařízeních,prepocet,
115,2015,19.9.3,VEŘEJNÉ OPATROVNICTVÍ - % opatrovanců v pobytových zařízeních,prepocet,15.385
115,2016,19.9.3,VEŘEJNÉ OPATROVNICTVÍ - % opatrovanců v pobytových zařízeních,prepocet,25.0
115,2017,19.9.3,VEŘEJNÉ OPATROVNICTVÍ - % opatrovanců v pobytových zařízeních,prepocet,38.095
115,2018,19.9.3,VEŘEJNÉ OPATROVNICTVÍ - % opatrovanců v pobytových zařízeních,prepocet,42.857
115,2019,19.9.3,VEŘEJNÉ OPATROVNICTVÍ - % opatrovanců v pobytových zařízeních,prepocet,33.333
115,2020,19.9.3,VEŘEJNÉ OPATROVNICTVÍ - % opatrovanců v pobytových zařízeních,prepocet,30.0
115,2021,19.9.3,VEŘEJNÉ OPATROVNICTVÍ - % opatrovanců v pobytových zařízeních,prepocet,33.333
115,2022,19.9.3,VEŘEJNÉ OPATROVNICTVÍ - % opatrovanců v pobytových zařízeních,prepocet,34.783
115,2023,19.9.3,VEŘEJNÉ OPATROVNICTVÍ - % opatrovanců v pobytových zařízeních,prepocet,36.364
115,2024,19.9.3,VEŘEJNÉ OPATROVNICTVÍ - % opatrovanců v pobytových zařízeních,prepocet,37.5
115,2025,19.9.3,VEŘEJNÉ OPATROVNICTVÍ - % opatrovanců v pobytových zařízeních,prepocet,34.783
115,2010,19.9.4,VEŘEJNÉ OPATROVNICTVÍ - Počty případů a sledovaných úkonů na zaměstnance agendy,prepocet,
115,2011,19.9.4,VEŘEJNÉ OPATROVNICTVÍ - Počty případů a sledovaných úkonů na zaměstnance agendy,prepocet,
115,2012,19.9.4,VEŘEJNÉ OPATROVNICTVÍ - Počty případů a sledovaných úkonů na zaměstnance agendy,prepocet,
115,2013,19.9.4,VEŘEJNÉ OPATROVNICTVÍ - Počty případů a sledovaných úkonů na zaměstnance agendy,prepocet,
115,2014,19.9.4,VEŘEJNÉ OPATROVNICTVÍ - Počty případů a sledovaných úkonů na zaměstnance agendy,prepocet,
115,2015,19.9.4,VEŘEJNÉ OPATROVNICTVÍ - Počty případů a sledovaných úkonů na zaměstnance agendy,prepocet,794.615
115,2016,19.9.4,VEŘEJNÉ OPATROVNICTVÍ - Počty případů a sledovaných úkonů na zaměstnance agendy,prepocet,952.308
115,2017,19.9.4,VEŘEJNÉ OPATROVNICTVÍ - Počty případů a sledovaných úkonů na zaměstnance agendy,prepocet,530.0
115,2018,19.9.4,VEŘEJNÉ OPATROVNICTVÍ - Počty případů a sledovaných úkonů na zaměstnance agendy,prepocet,878.571
115,2019,19.9.4,VEŘEJNÉ OPATROVNICTVÍ - Počty případů a sledovaných úkonů na zaměstnance agendy,prepocet,1096.429
115,2020,19.9.4,VEŘEJNÉ OPATROVNICTVÍ - Počty případů a sledovaných úkonů na zaměstnance agendy,prepocet,560.0
115,2021,19.9.4,VEŘEJNÉ OPATROVNICTVÍ - Počty případů a sledovaných úkonů na zaměstnance agendy,prepocet,756.154
115,2022,19.9.4,VEŘEJNÉ OPATROVNICTVÍ - Počty případů a sledovaných úkonů na zaměstnance agendy,prepocet,519.231
115,2023,19.9.4,VEŘEJNÉ OPATROVNICTVÍ - Počty případů a sledovaných úkonů na zaměstnance agendy,prepocet,695.385
115,2024,19.9.4,VEŘEJNÉ OPATROVNICTVÍ - Počty případů a sledovaných úkonů na zaměstnance agendy,prepocet,691.538
115,2025,19.9.4,VEŘEJNÉ OPATROVNICTVÍ - Počty případů a sledovaných úkonů na zaměstnance agendy,prepocet,580.0
115,2010,19.9.5,VEŘEJNÉ OPATROVNICTVÍ - % poměr sociálních šetření a návštěv,prepocet,
115,2011,19.9.5,VEŘEJNÉ OPATROVNICTVÍ - % poměr sociálních šetření a návštěv,prepocet,
115,2012,19.9.5,VEŘEJNÉ OPATROVNICTVÍ - % poměr sociálních šetření a návštěv,prepocet,
115,2013,19.9.5,VEŘEJNÉ OPATROVNICTVÍ - % poměr sociálních šetření a návštěv,prepocet,
115,2014,19.9.5,VEŘEJNÉ OPATROVNICTVÍ - % poměr sociálních šetření a návštěv,prepocet,
115,2015,19.9.5,VEŘEJNÉ OPATROVNICTVÍ - % poměr sociálních šetření a návštěv,prepocet,97.0
115,2016,19.9.5,VEŘEJNÉ OPATROVNICTVÍ - % poměr sociálních šetření a návštěv,prepocet,3.0
115,2017,19.9.5,VEŘEJNÉ OPATROVNICTVÍ - % poměr sociálních šetření a návštěv,prepocet,98.0
115,2018,19.9.5,VEŘEJNÉ OPATROVNICTVÍ - % poměr sociálních šetření a návštěv,prepocet,2.0
115,2019,19.9.5,VEŘEJNÉ OPATROVNICTVÍ - % poměr sociálních šetření a návštěv,prepocet,96.0
115,2020,19.9.5,VEŘEJNÉ OPATROVNICTVÍ - % poměr sociálních šetření a návštěv,prepocet,4.0
115,2021,19.9.5,VEŘEJNÉ OPATROVNICTVÍ - % poměr sociálních šetření a návštěv,prepocet,97.0
115,2022,19.9.5,VEŘEJNÉ OPATROVNICTVÍ - % poměr sociálních šetření a návštěv,prepocet,3.0
115,2023,19.9.5,VEŘEJNÉ OPATROVNICTVÍ - % poměr sociálních šetření a návštěv,prepocet,98.0
115,2024,19.9.5,VEŘEJNÉ OPATROVNICTVÍ - % poměr sociálních šetření a návštěv,prepocet,2.0
115,2025,19.9.5,VEŘEJNÉ OPATROVNICTVÍ - % poměr sociálních šetření a návštěv,prepocet,94.0
115,2010,19.10.1,SOCIÁLNÍ PRÁCE - OHROŽENÉ A VYLOUČENÉ OSOBY - počet spisů NA 1 000 OBYVATEL OBCE S POVĚŘENÝM ÚŘADEM,prepocet,
115,2011,19.10.1,SOCIÁLNÍ PRÁCE - OHROŽENÉ A VYLOUČENÉ OSOBY - počet spisů NA 1 000 OBYVATEL OBCE S POVĚŘENÝM ÚŘADEM,prepocet,
115,2012,19.10.1,SOCIÁLNÍ PRÁCE - OHROŽENÉ A VYLOUČENÉ OSOBY - počet spisů NA 1 000 OBYVATEL OBCE S POVĚŘENÝM ÚŘADEM,prepocet,
115,2013,19.10.1,SOCIÁLNÍ PRÁCE - OHROŽENÉ A VYLOUČENÉ OSOBY - počet spisů NA 1 000 OBYVATEL OBCE S POVĚŘENÝM ÚŘADEM,prepocet,
115,2014,19.10.1,SOCIÁLNÍ PRÁCE - OHROŽENÉ A VYLOUČENÉ OSOBY - počet spisů NA 1 000 OBYVATEL OBCE S POVĚŘENÝM ÚŘADEM,prepocet,
115,2015,19.10.1,SOCIÁLNÍ PRÁCE - OHROŽENÉ A VYLOUČENÉ OSOBY - počet spisů NA 1 000 OBYVATEL OBCE S POVĚŘENÝM ÚŘADEM,prepocet,58.491
115,2016,19.10.1,SOCIÁLNÍ PRÁCE - OHROŽENÉ A VYLOUČENÉ OSOBY - počet spisů NA 1 000 OBYVATEL OBCE S POVĚŘENÝM ÚŘADEM,prepocet,11.284
115,2017,19.10.1,SOCIÁLNÍ PRÁCE - OHROŽENÉ A VYLOUČENÉ OSOBY - počet spisů NA 1 000 OBYVATEL OBCE S POVĚŘENÝM ÚŘADEM,prepocet,10.997
115,2018,19.10.1,SOCIÁLNÍ PRÁCE - OHROŽENÉ A VYLOUČENÉ OSOBY - počet spisů NA 1 000 OBYVATEL OBCE S POVĚŘENÝM ÚŘADEM,prepocet,10.752
115,2019,19.10.1,SOCIÁLNÍ PRÁCE - OHROŽENÉ A VYLOUČENÉ OSOBY - počet spisů NA 1 000 OBYVATEL OBCE S POVĚŘENÝM ÚŘADEM,prepocet,2.586
115,2020,19.10.1,SOCIÁLNÍ PRÁCE - OHROŽENÉ A VYLOUČENÉ OSOBY - počet spisů NA 1 000 OBYVATEL OBCE S POVĚŘENÝM ÚŘADEM,prepocet,12.324
115,2021,19.10.1,SOCIÁLNÍ PRÁCE - OHROŽENÉ A VYLOUČENÉ OSOBY - počet spisů NA 1 000 OBYVATEL OBCE S POVĚŘENÝM ÚŘADEM,prepocet,13.176
115,2022,19.10.1,SOCIÁLNÍ PRÁCE - OHROŽENÉ A VYLOUČENÉ OSOBY - počet spisů NA 1 000 OBYVATEL OBCE S POVĚŘENÝM ÚŘADEM,prepocet,13.662
115,2023,19.10.1,SOCIÁLNÍ PRÁCE - OHROŽENÉ A VYLOUČENÉ OSOBY - počet spisů NA 1 000 OBYVATEL OBCE S POVĚŘENÝM ÚŘADEM,prepocet,12.011
115,2024,19.10.1,SOCIÁLNÍ PRÁCE - OHROŽENÉ A VYLOUČENÉ OSOBY - počet spisů NA 1 000 OBYVATEL OBCE S POVĚŘENÝM ÚŘADEM,prepocet,12.571
115,2025,19.10.1,SOCIÁLNÍ PRÁCE - OHROŽENÉ A VYLOUČENÉ OSOBY - počet spisů NA 1 000 OBYVATEL OBCE S POVĚŘENÝM ÚŘADEM,prepocet,11.015
115,2010,19.10.2,SOCIÁLNÍ PRÁCE - OHROŽENÉ A VYLOUČENÉ OSOBY - počet anonymních klientů na 1 000 OBYVATEL OBCE S POVĚŘENÝM ÚŘADEM,prepocet,
115,2011,19.10.2,SOCIÁLNÍ PRÁCE - OHROŽENÉ A VYLOUČENÉ OSOBY - počet anonymních klientů na 1 000 OBYVATEL OBCE S POVĚŘENÝM ÚŘADEM,prepocet,
115,2012,19.10.2,SOCIÁLNÍ PRÁCE - OHROŽENÉ A VYLOUČENÉ OSOBY - počet anonymních klientů na 1 000 OBYVATEL OBCE S POVĚŘENÝM ÚŘADEM,prepocet,
115,2013,19.10.2,SOCIÁLNÍ PRÁCE - OHROŽENÉ A VYLOUČENÉ OSOBY - počet anonymních klientů na 1 000 OBYVATEL OBCE S POVĚŘENÝM ÚŘADEM,prepocet,
115,2014,19.10.2,SOCIÁLNÍ PRÁCE - OHROŽENÉ A VYLOUČENÉ OSOBY - počet anonymních klientů na 1 000 OBYVATEL OBCE S POVĚŘENÝM ÚŘADEM,prepocet,
115,2015,19.10.2,SOCIÁLNÍ PRÁCE - OHROŽENÉ A VYLOUČENÉ OSOBY - počet anonymních klientů na 1 000 OBYVATEL OBCE S POVĚŘENÝM ÚŘADEM,prepocet,14.093
115,2016,19.10.2,SOCIÁLNÍ PRÁCE - OHROŽENÉ A VYLOUČENÉ OSOBY - počet anonymních klientů na 1 000 OBYVATEL OBCE S POVĚŘENÝM ÚŘADEM,prepocet,14.786
115,2017,19.10.2,SOCIÁLNÍ PRÁCE - OHROŽENÉ A VYLOUČENÉ OSOBY - počet anonymních klientů na 1 000 OBYVATEL OBCE S POVĚŘENÝM ÚŘADEM,prepocet,16.839
115,2018,19.10.2,SOCIÁLNÍ PRÁCE - OHROŽENÉ A VYLOUČENÉ OSOBY - počet anonymních klientů na 1 000 OBYVATEL OBCE S POVĚŘENÝM ÚŘADEM,prepocet,8.064
115,2019,19.10.2,SOCIÁLNÍ PRÁCE - OHROŽENÉ A VYLOUČENÉ OSOBY - počet anonymních klientů na 1 000 OBYVATEL OBCE S POVĚŘENÝM ÚŘADEM,prepocet,27.722
115,2020,19.10.2,SOCIÁLNÍ PRÁCE - OHROŽENÉ A VYLOUČENÉ OSOBY - počet anonymních klientů na 1 000 OBYVATEL OBCE S POVĚŘENÝM ÚŘADEM,prepocet,14.928
115,2021,19.10.2,SOCIÁLNÍ PRÁCE - OHROŽENÉ A VYLOUČENÉ OSOBY - počet anonymních klientů na 1 000 OBYVATEL OBCE S POVĚŘENÝM ÚŘADEM,prepocet,34.503
115,2022,19.10.2,SOCIÁLNÍ PRÁCE - OHROŽENÉ A VYLOUČENÉ OSOBY - počet anonymních klientů na 1 000 OBYVATEL OBCE S POVĚŘENÝM ÚŘADEM,prepocet,8.671
115,2023,19.10.2,SOCIÁLNÍ PRÁCE - OHROŽENÉ A VYLOUČENÉ OSOBY - počet anonymních klientů na 1 000 OBYVATEL OBCE S POVĚŘENÝM ÚŘADEM,prepocet,20.444
115,2024,19.10.2,SOCIÁLNÍ PRÁCE - OHROŽENÉ A VYLOUČENÉ OSOBY - počet anonymních klientů na 1 000 OBYVATEL OBCE S POVĚŘENÝM ÚŘADEM,prepocet,6.84
115,2025,19.10.2,SOCIÁLNÍ PRÁCE - OHROŽENÉ A VYLOUČENÉ OSOBY - počet anonymních klientů na 1 000 OBYVATEL OBCE S POVĚŘENÝM ÚŘADEM,prepocet,28.078
115,2010,19.10.3,SOCIÁLNÍ PRÁCE - OHROŽENÉ A VYLOUČENÉ OSOBY - počet spisů na zaměstnance agendy,prepocet,
115,2011,19.10.3,SOCIÁLNÍ PRÁCE - OHROŽENÉ A VYLOUČENÉ OSOBY - počet spisů na zaměstnance agendy,prepocet,
115,2012,19.10.3,SOCIÁLNÍ PRÁCE - OHROŽENÉ A VYLOUČENÉ OSOBY - počet spisů na zaměstnance agendy,prepocet,
115,2013,19.10.3,SOCIÁLNÍ PRÁCE - OHROŽENÉ A VYLOUČENÉ OSOBY - počet spisů na zaměstnance agendy,prepocet,
115,2014,19.10.3,SOCIÁLNÍ PRÁCE - OHROŽENÉ A VYLOUČENÉ OSOBY - počet spisů na zaměstnance agendy,prepocet,
115,2015,19.10.3,SOCIÁLNÍ PRÁCE - OHROŽENÉ A VYLOUČENÉ OSOBY - počet spisů na zaměstnance agendy,prepocet,419.241
115,2016,19.10.3,SOCIÁLNÍ PRÁCE - OHROŽENÉ A VYLOUČENÉ OSOBY - počet spisů na zaměstnance agendy,prepocet,80.759
115,2017,19.10.3,SOCIÁLNÍ PRÁCE - OHROŽENÉ A VYLOUČENÉ OSOBY - počet spisů na zaměstnance agendy,prepocet,77.215
115,2018,19.10.3,SOCIÁLNÍ PRÁCE - OHROŽENÉ A VYLOUČENÉ OSOBY - počet spisů na zaměstnance agendy,prepocet,80.0
115,2019,19.10.3,SOCIÁLNÍ PRÁCE - OHROŽENÉ A VYLOUČENÉ OSOBY - počet spisů na zaměstnance agendy,prepocet,18.933
115,2020,19.10.3,SOCIÁLNÍ PRÁCE - OHROŽENÉ A VYLOUČENÉ OSOBY - počet spisů na zaměstnance agendy,prepocet,87.273
115,2021,19.10.3,SOCIÁLNÍ PRÁCE - OHROŽENÉ A VYLOUČENÉ OSOBY - počet spisů na zaměstnance agendy,prepocet,80.0
115,2022,19.10.3,SOCIÁLNÍ PRÁCE - OHROŽENÉ A VYLOUČENÉ OSOBY - počet spisů na zaměstnance agendy,prepocet,98.974
115,2023,19.10.3,SOCIÁLNÍ PRÁCE - OHROŽENÉ A VYLOUČENÉ OSOBY - počet spisů na zaměstnance agendy,prepocet,82.683
115,2024,19.10.3,SOCIÁLNÍ PRÁCE - OHROŽENÉ A VYLOUČENÉ OSOBY - počet spisů na zaměstnance agendy,prepocet,85.61
115,2025,19.10.3,SOCIÁLNÍ PRÁCE - OHROŽENÉ A VYLOUČENÉ OSOBY - počet spisů na zaměstnance agendy,prepocet,74.634
115,2010,19.10.4,SOCIÁLNÍ PRÁCE - OHROŽENÉ A VYLOUČENÉ OSOBY - počet anonymních klientů na zaměstnance agendy,prepocet,
115,2011,19.10.4,SOCIÁLNÍ PRÁCE - OHROŽENÉ A VYLOUČENÉ OSOBY - počet anonymních klientů na zaměstnance agendy,prepocet,
115,2012,19.10.4,SOCIÁLNÍ PRÁCE - OHROŽENÉ A VYLOUČENÉ OSOBY - počet anonymních klientů na zaměstnance agendy,prepocet,
115,2013,19.10.4,SOCIÁLNÍ PRÁCE - OHROŽENÉ A VYLOUČENÉ OSOBY - počet anonymních klientů na zaměstnance agendy,prepocet,
115,2014,19.10.4,SOCIÁLNÍ PRÁCE - OHROŽENÉ A VYLOUČENÉ OSOBY - počet anonymních klientů na zaměstnance agendy,prepocet,
115,2015,19.10.4,SOCIÁLNÍ PRÁCE - OHROŽENÉ A VYLOUČENÉ OSOBY - počet anonymních klientů na zaměstnance agendy,prepocet,101.013
115,2016,19.10.4,SOCIÁLNÍ PRÁCE - OHROŽENÉ A VYLOUČENÉ OSOBY - počet anonymních klientů na zaměstnance agendy,prepocet,105.823
115,2017,19.10.4,SOCIÁLNÍ PRÁCE - OHROŽENÉ A VYLOUČENÉ OSOBY - počet anonymních klientů na zaměstnance agendy,prepocet,118.228
115,2018,19.10.4,SOCIÁLNÍ PRÁCE - OHROŽENÉ A VYLOUČENÉ OSOBY - počet anonymních klientů na zaměstnance agendy,prepocet,60.0
115,2019,19.10.4,SOCIÁLNÍ PRÁCE - OHROŽENÉ A VYLOUČENÉ OSOBY - počet anonymních klientů na zaměstnance agendy,prepocet,202.933
115,2020,19.10.4,SOCIÁLNÍ PRÁCE - OHROŽENÉ A VYLOUČENÉ OSOBY - počet anonymních klientů na zaměstnance agendy,prepocet,105.714
115,2021,19.10.4,SOCIÁLNÍ PRÁCE - OHROŽENÉ A VYLOUČENÉ OSOBY - počet anonymních klientů na zaměstnance agendy,prepocet,209.487
115,2022,19.10.4,SOCIÁLNÍ PRÁCE - OHROŽENÉ A VYLOUČENÉ OSOBY - počet anonymních klientů na zaměstnance agendy,prepocet,62.821
115,2023,19.10.4,SOCIÁLNÍ PRÁCE - OHROŽENÉ A VYLOUČENÉ OSOBY - počet anonymních klientů na zaměstnance agendy,prepocet,140.732
115,2024,19.10.4,SOCIÁLNÍ PRÁCE - OHROŽENÉ A VYLOUČENÉ OSOBY - počet anonymních klientů na zaměstnance agendy,prepocet,46.585
115,2025,19.10.4,SOCIÁLNÍ PRÁCE - OHROŽENÉ A VYLOUČENÉ OSOBY - počet anonymních klientů na zaměstnance agendy,prepocet,190.244
115,2010,19.10.5,SOCIÁLNÍ PRÁCE - OHROŽENÉ A VYLOUČENÉ OSOBY - počet sociálních šetření na zaměstnance agendy,prepocet,
115,2011,19.10.5,SOCIÁLNÍ PRÁCE - OHROŽENÉ A VYLOUČENÉ OSOBY - počet sociálních šetření na zaměstnance agendy,prepocet,
115,2012,19.10.5,SOCIÁLNÍ PRÁCE - OHROŽENÉ A VYLOUČENÉ OSOBY - počet sociálních šetření na zaměstnance agendy,prepocet,
115,2013,19.10.5,SOCIÁLNÍ PRÁCE - OHROŽENÉ A VYLOUČENÉ OSOBY - počet sociálních šetření na zaměstnance agendy,prepocet,
115,2014,19.10.5,SOCIÁLNÍ PRÁCE - OHROŽENÉ A VYLOUČENÉ OSOBY - počet sociálních šetření na zaměstnance agendy,prepocet,
115,2015,19.10.5,SOCIÁLNÍ PRÁCE - OHROŽENÉ A VYLOUČENÉ OSOBY - počet sociálních šetření na zaměstnance agendy,prepocet,101.266
115,2016,19.10.5,SOCIÁLNÍ PRÁCE - OHROŽENÉ A VYLOUČENÉ OSOBY - počet sociálních šetření na zaměstnance agendy,prepocet,108.354
115,2017,19.10.5,SOCIÁLNÍ PRÁCE - OHROŽENÉ A VYLOUČENÉ OSOBY - počet sociálních šetření na zaměstnance agendy,prepocet,128.861
115,2018,19.10.5,SOCIÁLNÍ PRÁCE - OHROŽENÉ A VYLOUČENÉ OSOBY - počet sociálních šetření na zaměstnance agendy,prepocet,131.081
115,2019,19.10.5,SOCIÁLNÍ PRÁCE - OHROŽENÉ A VYLOUČENÉ OSOBY - počet sociálních šetření na zaměstnance agendy,prepocet,126.667
115,2020,19.10.5,SOCIÁLNÍ PRÁCE - OHROŽENÉ A VYLOUČENÉ OSOBY - počet sociálních šetření na zaměstnance agendy,prepocet,106.494
115,2021,19.10.5,SOCIÁLNÍ PRÁCE - OHROŽENÉ A VYLOUČENÉ OSOBY - počet sociálních šetření na zaměstnance agendy,prepocet,148.718
115,2022,19.10.5,SOCIÁLNÍ PRÁCE - OHROŽENÉ A VYLOUČENÉ OSOBY - počet sociálních šetření na zaměstnance agendy,prepocet,158.718
115,2023,19.10.5,SOCIÁLNÍ PRÁCE - OHROŽENÉ A VYLOUČENÉ OSOBY - počet sociálních šetření na zaměstnance agendy,prepocet,124.634
115,2024,19.10.5,SOCIÁLNÍ PRÁCE - OHROŽENÉ A VYLOUČENÉ OSOBY - počet sociálních šetření na zaměstnance agendy,prepocet,183.659
115,2025,19.10.5,SOCIÁLNÍ PRÁCE - OHROŽENÉ A VYLOUČENÉ OSOBY - počet sociálních šetření na zaměstnance agendy,prepocet,139.024
115,2010,19.11.1,SOCIÁLNÍ KURATELA - OSOBY VE VÝKONU VAZBY A TRESTU ODNĚTÍ SVOBODY - počet návštěv ve věznicích na zaměstnance agendy,prepocet,
115,2011,19.11.1,SOCIÁLNÍ KURATELA - OSOBY VE VÝKONU VAZBY A TRESTU ODNĚTÍ SVOBODY - počet návštěv ve věznicích na zaměstnance agendy,prepocet,
115,2012,19.11.1,SOCIÁLNÍ KURATELA - OSOBY VE VÝKONU VAZBY A TRESTU ODNĚTÍ SVOBODY - počet návštěv ve věznicích na zaměstnance agendy,prepocet,
115,2013,19.11.1,SOCIÁLNÍ KURATELA - OSOBY VE VÝKONU VAZBY A TRESTU ODNĚTÍ SVOBODY - počet návštěv ve věznicích na zaměstnance agendy,prepocet,
115,2014,19.11.1,SOCIÁLNÍ KURATELA - OSOBY VE VÝKONU VAZBY A TRESTU ODNĚTÍ SVOBODY - počet návštěv ve věznicích na zaměstnance agendy,prepocet,
115,2015,19.11.1,SOCIÁLNÍ KURATELA - OSOBY VE VÝKONU VAZBY A TRESTU ODNĚTÍ SVOBODY - počet návštěv ve věznicích na zaměstnance agendy,prepocet,0.0
115,2016,19.11.1,SOCIÁLNÍ KURATELA - OSOBY VE VÝKONU VAZBY A TRESTU ODNĚTÍ SVOBODY - počet návštěv ve věznicích na zaměstnance agendy,prepocet,2.0
115,2017,19.11.1,SOCIÁLNÍ KURATELA - OSOBY VE VÝKONU VAZBY A TRESTU ODNĚTÍ SVOBODY - počet návštěv ve věznicích na zaměstnance agendy,prepocet,0.0
115,2018,19.11.1,SOCIÁLNÍ KURATELA - OSOBY VE VÝKONU VAZBY A TRESTU ODNĚTÍ SVOBODY - počet návštěv ve věznicích na zaměstnance agendy,prepocet,2.857
115,2019,19.11.1,SOCIÁLNÍ KURATELA - OSOBY VE VÝKONU VAZBY A TRESTU ODNĚTÍ SVOBODY - počet návštěv ve věznicích na zaměstnance agendy,prepocet,0.0
115,2020,19.11.1,SOCIÁLNÍ KURATELA - OSOBY VE VÝKONU VAZBY A TRESTU ODNĚTÍ SVOBODY - počet návštěv ve věznicích na zaměstnance agendy,prepocet,0.0
115,2021,19.11.1,SOCIÁLNÍ KURATELA - OSOBY VE VÝKONU VAZBY A TRESTU ODNĚTÍ SVOBODY - počet návštěv ve věznicích na zaměstnance agendy,prepocet,0.0
115,2022,19.11.1,SOCIÁLNÍ KURATELA - OSOBY VE VÝKONU VAZBY A TRESTU ODNĚTÍ SVOBODY - počet návštěv ve věznicích na zaměstnance agendy,prepocet,0.0
115,2023,19.11.1,SOCIÁLNÍ KURATELA - OSOBY VE VÝKONU VAZBY A TRESTU ODNĚTÍ SVOBODY - počet návštěv ve věznicích na zaměstnance agendy,prepocet,0.0
115,2024,19.11.1,SOCIÁLNÍ KURATELA - OSOBY VE VÝKONU VAZBY A TRESTU ODNĚTÍ SVOBODY - počet návštěv ve věznicích na zaměstnance agendy,prepocet,0.0
115,2025,19.11.1,SOCIÁLNÍ KURATELA - OSOBY VE VÝKONU VAZBY A TRESTU ODNĚTÍ SVOBODY - počet návštěv ve věznicích na zaměstnance agendy,prepocet,0.0
115,2010,19.11.2,SOCIÁLNÍ KURATELA - počet vypracovaných IPMD na zaměstnance agendy,prepocet,
115,2011,19.11.2,SOCIÁLNÍ KURATELA - počet vypracovaných IPMD na zaměstnance agendy,prepocet,
115,2012,19.11.2,SOCIÁLNÍ KURATELA - počet vypracovaných IPMD na zaměstnance agendy,prepocet,
115,2013,19.11.2,SOCIÁLNÍ KURATELA - počet vypracovaných IPMD na zaměstnance agendy,prepocet,
115,2014,19.11.2,SOCIÁLNÍ KURATELA - počet vypracovaných IPMD na zaměstnance agendy,prepocet,
115,2015,19.11.2,SOCIÁLNÍ KURATELA - počet vypracovaných IPMD na zaměstnance agendy,prepocet,
115,2016,19.11.2,SOCIÁLNÍ KURATELA - počet vypracovaných IPMD na zaměstnance agendy,prepocet,
115,2017,19.11.2,SOCIÁLNÍ KURATELA - počet vypracovaných IPMD na zaměstnance agendy,prepocet,
115,2018,19.11.2,SOCIÁLNÍ KURATELA - počet vypracovaných IPMD na zaměstnance agendy,prepocet,
115,2019,19.11.2,SOCIÁLNÍ KURATELA - počet vypracovaných IPMD na zaměstnance agendy,prepocet,
115,2020,19.11.2,SOCIÁLNÍ KURATELA - počet vypracovaných IPMD na zaměstnance agendy,prepocet,
115,2021,19.11.2,SOCIÁLNÍ KURATELA - počet vypracovaných IPMD na zaměstnance agendy,prepocet,
115,2022,19.11.2,SOCIÁLNÍ KURATELA - počet vypracovaných IPMD na zaměstnance agendy,prepocet,5.714
115,2023,19.11.2,SOCIÁLNÍ KURATELA - počet vypracovaných IPMD na zaměstnance agendy,prepocet,11.429
115,2024,19.11.2,SOCIÁLNÍ KURATELA - počet vypracovaných IPMD na zaměstnance agendy,prepocet,22.857
115,2025,19.11.2,SOCIÁLNÍ KURATELA - počet vypracovaných IPMD na zaměstnance agendy,prepocet,8.571
115,2010,19.12.1,VÝMĚNA A VÝDEJ PARKOVACÍCH PRŮKAZŮ počet ks za období sledovaného roku,prepocet,
115,2011,19.12.1,VÝMĚNA A VÝDEJ PARKOVACÍCH PRŮKAZŮ počet ks za období sledovaného roku,prepocet,
115,2012,19.12.1,VÝMĚNA A VÝDEJ PARKOVACÍCH PRŮKAZŮ počet ks za období sledovaného roku,prepocet,
115,2013,19.12.1,VÝMĚNA A VÝDEJ PARKOVACÍCH PRŮKAZŮ počet ks za období sledovaného roku,prepocet,
115,2014,19.12.1,VÝMĚNA A VÝDEJ PARKOVACÍCH PRŮKAZŮ počet ks za období sledovaného roku,prepocet,
115,2015,19.12.1,VÝMĚNA A VÝDEJ PARKOVACÍCH PRŮKAZŮ počet ks za období sledovaného roku,prepocet,955.0
115,2016,19.12.1,VÝMĚNA A VÝDEJ PARKOVACÍCH PRŮKAZŮ počet ks za období sledovaného roku,prepocet,257.0
115,2017,19.12.1,VÝMĚNA A VÝDEJ PARKOVACÍCH PRŮKAZŮ počet ks za období sledovaného roku,prepocet,168.0
115,2018,19.12.1,VÝMĚNA A VÝDEJ PARKOVACÍCH PRŮKAZŮ počet ks za období sledovaného roku,prepocet,247.0
115,2019,19.12.1,VÝMĚNA A VÝDEJ PARKOVACÍCH PRŮKAZŮ počet ks za období sledovaného roku,prepocet,220.0
115,2020,19.12.1,VÝMĚNA A VÝDEJ PARKOVACÍCH PRŮKAZŮ počet ks za období sledovaného roku,prepocet,189.0
115,2021,19.12.1,VÝMĚNA A VÝDEJ PARKOVACÍCH PRŮKAZŮ počet ks za období sledovaného roku,prepocet,169.0
115,2022,19.12.1,VÝMĚNA A VÝDEJ PARKOVACÍCH PRŮKAZŮ počet ks za období sledovaného roku,prepocet,198.0
115,2023,19.12.1,VÝMĚNA A VÝDEJ PARKOVACÍCH PRŮKAZŮ počet ks za období sledovaného roku,prepocet,193.0
115,2024,19.12.1,VÝMĚNA A VÝDEJ PARKOVACÍCH PRŮKAZŮ počet ks za období sledovaného roku,prepocet,134.0
115,2025,19.12.1,VÝMĚNA A VÝDEJ PARKOVACÍCH PRŮKAZŮ počet ks za období sledovaného roku,prepocet,435.0
115,2010,19.12.2,VÝMĚNA A VÝDEJ PARKOVACÍCH PRŮKAZŮ počet ks na 1 000 obyvatel správního obvodu,prepocet,
115,2011,19.12.2,VÝMĚNA A VÝDEJ PARKOVACÍCH PRŮKAZŮ počet ks na 1 000 obyvatel správního obvodu,prepocet,
115,2012,19.12.2,VÝMĚNA A VÝDEJ PARKOVACÍCH PRŮKAZŮ počet ks na 1 000 obyvatel správního obvodu,prepocet,
115,2013,19.12.2,VÝMĚNA A VÝDEJ PARKOVACÍCH PRŮKAZŮ počet ks na 1 000 obyvatel správního obvodu,prepocet,
115,2014,19.12.2,VÝMĚNA A VÝDEJ PARKOVACÍCH PRŮKAZŮ počet ks na 1 000 obyvatel správního obvodu,prepocet,
115,2015,19.12.2,VÝMĚNA A VÝDEJ PARKOVACÍCH PRŮKAZŮ počet ks na 1 000 obyvatel správního obvodu,prepocet,22.981
115,2016,19.12.2,VÝMĚNA A VÝDEJ PARKOVACÍCH PRŮKAZŮ počet ks na 1 000 obyvatel správního obvodu,prepocet,6.083
115,2017,19.12.2,VÝMĚNA A VÝDEJ PARKOVACÍCH PRŮKAZŮ počet ks na 1 000 obyvatel správního obvodu,prepocet,4.043
115,2018,19.12.2,VÝMĚNA A VÝDEJ PARKOVACÍCH PRŮKAZŮ počet ks na 1 000 obyvatel správního obvodu,prepocet,5.962
115,2019,19.12.2,VÝMĚNA A VÝDEJ PARKOVACÍCH PRŮKAZŮ počet ks na 1 000 obyvatel správního obvodu,prepocet,5.309
115,2020,19.12.2,VÝMĚNA A VÝDEJ PARKOVACÍCH PRŮKAZŮ počet ks na 1 000 obyvatel správního obvodu,prepocet,4.581
115,2021,19.12.2,VÝMĚNA A VÝDEJ PARKOVACÍCH PRŮKAZŮ počet ks na 1 000 obyvatel správního obvodu,prepocet,4.106
115,2022,19.12.2,VÝMĚNA A VÝDEJ PARKOVACÍCH PRŮKAZŮ počet ks na 1 000 obyvatel správního obvodu,prepocet,4.735
115,2023,19.12.2,VÝMĚNA A VÝDEJ PARKOVACÍCH PRŮKAZŮ počet ks na 1 000 obyvatel správního obvodu,prepocet,4.621
115,2024,19.12.2,VÝMĚNA A VÝDEJ PARKOVACÍCH PRŮKAZŮ počet ks na 1 000 obyvatel správního obvodu,prepocet,3.236
115,2025,19.12.2,VÝMĚNA A VÝDEJ PARKOVACÍCH PRŮKAZŮ počet ks na 1 000 obyvatel správního obvodu,prepocet,10.541
115,2010,19.13.1,POČET UZAVŘENÝCH (PODEPSANÝCH) SMLUV A DODATKŮ DLE § 91 odst. 6 zák. č. 108/2006 Sb.,prepocet,
115,2011,19.13.1,POČET UZAVŘENÝCH (PODEPSANÝCH) SMLUV A DODATKŮ DLE § 91 odst. 6 zák. č. 108/2006 Sb.,prepocet,
115,2012,19.13.1,POČET UZAVŘENÝCH (PODEPSANÝCH) SMLUV A DODATKŮ DLE § 91 odst. 6 zák. č. 108/2006 Sb.,prepocet,
115,2013,19.13.1,POČET UZAVŘENÝCH (PODEPSANÝCH) SMLUV A DODATKŮ DLE § 91 odst. 6 zák. č. 108/2006 Sb.,prepocet,
115,2014,19.13.1,POČET UZAVŘENÝCH (PODEPSANÝCH) SMLUV A DODATKŮ DLE § 91 odst. 6 zák. č. 108/2006 Sb.,prepocet,
115,2015,19.13.1,POČET UZAVŘENÝCH (PODEPSANÝCH) SMLUV A DODATKŮ DLE § 91 odst. 6 zák. č. 108/2006 Sb.,prepocet,32.0
115,2016,19.13.1,POČET UZAVŘENÝCH (PODEPSANÝCH) SMLUV A DODATKŮ DLE § 91 odst. 6 zák. č. 108/2006 Sb.,prepocet,80.0
115,2017,19.13.1,POČET UZAVŘENÝCH (PODEPSANÝCH) SMLUV A DODATKŮ DLE § 91 odst. 6 zák. č. 108/2006 Sb.,prepocet,48.0
115,2018,19.13.1,POČET UZAVŘENÝCH (PODEPSANÝCH) SMLUV A DODATKŮ DLE § 91 odst. 6 zák. č. 108/2006 Sb.,prepocet,76.0
115,2019,19.13.1,POČET UZAVŘENÝCH (PODEPSANÝCH) SMLUV A DODATKŮ DLE § 91 odst. 6 zák. č. 108/2006 Sb.,prepocet,30.0
115,2020,19.13.1,POČET UZAVŘENÝCH (PODEPSANÝCH) SMLUV A DODATKŮ DLE § 91 odst. 6 zák. č. 108/2006 Sb.,prepocet,36.0
115,2021,19.13.1,POČET UZAVŘENÝCH (PODEPSANÝCH) SMLUV A DODATKŮ DLE § 91 odst. 6 zák. č. 108/2006 Sb.,prepocet,34.0
115,2022,19.13.1,POČET UZAVŘENÝCH (PODEPSANÝCH) SMLUV A DODATKŮ DLE § 91 odst. 6 zák. č. 108/2006 Sb.,prepocet,49.0
115,2023,19.13.1,POČET UZAVŘENÝCH (PODEPSANÝCH) SMLUV A DODATKŮ DLE § 91 odst. 6 zák. č. 108/2006 Sb.,prepocet,65.0
115,2024,19.13.1,POČET UZAVŘENÝCH (PODEPSANÝCH) SMLUV A DODATKŮ DLE § 91 odst. 6 zák. č. 108/2006 Sb.,prepocet,54.0
115,2025,19.13.1,POČET UZAVŘENÝCH (PODEPSANÝCH) SMLUV A DODATKŮ DLE § 91 odst. 6 zák. č. 108/2006 Sb.,prepocet,59.0
115,2010,19.13.2,POČET UZAVŘENÝCH (PODEPSANÝCH) SMLUV A DODATKŮ DLE § 91 odst. 6 zák. č. 108/2006 Sb. na 1 000 obyvatel správního obvodu,prepocet,
115,2011,19.13.2,POČET UZAVŘENÝCH (PODEPSANÝCH) SMLUV A DODATKŮ DLE § 91 odst. 6 zák. č. 108/2006 Sb. na 1 000 obyvatel správního obvodu,prepocet,
115,2012,19.13.2,POČET UZAVŘENÝCH (PODEPSANÝCH) SMLUV A DODATKŮ DLE § 91 odst. 6 zák. č. 108/2006 Sb. na 1 000 obyvatel správního obvodu,prepocet,
115,2013,19.13.2,POČET UZAVŘENÝCH (PODEPSANÝCH) SMLUV A DODATKŮ DLE § 91 odst. 6 zák. č. 108/2006 Sb. na 1 000 obyvatel správního obvodu,prepocet,
115,2014,19.13.2,POČET UZAVŘENÝCH (PODEPSANÝCH) SMLUV A DODATKŮ DLE § 91 odst. 6 zák. č. 108/2006 Sb. na 1 000 obyvatel správního obvodu,prepocet,
115,2015,19.13.2,POČET UZAVŘENÝCH (PODEPSANÝCH) SMLUV A DODATKŮ DLE § 91 odst. 6 zák. č. 108/2006 Sb. na 1 000 obyvatel správního obvodu,prepocet,0.77
115,2016,19.13.2,POČET UZAVŘENÝCH (PODEPSANÝCH) SMLUV A DODATKŮ DLE § 91 odst. 6 zák. č. 108/2006 Sb. na 1 000 obyvatel správního obvodu,prepocet,1.894
115,2017,19.13.2,POČET UZAVŘENÝCH (PODEPSANÝCH) SMLUV A DODATKŮ DLE § 91 odst. 6 zák. č. 108/2006 Sb. na 1 000 obyvatel správního obvodu,prepocet,1.155
115,2018,19.13.2,POČET UZAVŘENÝCH (PODEPSANÝCH) SMLUV A DODATKŮ DLE § 91 odst. 6 zák. č. 108/2006 Sb. na 1 000 obyvatel správního obvodu,prepocet,1.835
115,2019,19.13.2,POČET UZAVŘENÝCH (PODEPSANÝCH) SMLUV A DODATKŮ DLE § 91 odst. 6 zák. č. 108/2006 Sb. na 1 000 obyvatel správního obvodu,prepocet,0.724
115,2020,19.13.2,POČET UZAVŘENÝCH (PODEPSANÝCH) SMLUV A DODATKŮ DLE § 91 odst. 6 zák. č. 108/2006 Sb. na 1 000 obyvatel správního obvodu,prepocet,0.872
115,2021,19.13.2,POČET UZAVŘENÝCH (PODEPSANÝCH) SMLUV A DODATKŮ DLE § 91 odst. 6 zák. č. 108/2006 Sb. na 1 000 obyvatel správního obvodu,prepocet,0.826
115,2022,19.13.2,POČET UZAVŘENÝCH (PODEPSANÝCH) SMLUV A DODATKŮ DLE § 91 odst. 6 zák. č. 108/2006 Sb. na 1 000 obyvatel správního obvodu,prepocet,1.172
115,2023,19.13.2,POČET UZAVŘENÝCH (PODEPSANÝCH) SMLUV A DODATKŮ DLE § 91 odst. 6 zák. č. 108/2006 Sb. na 1 000 obyvatel správního obvodu,prepocet,1.556
115,2024,19.13.2,POČET UZAVŘENÝCH (PODEPSANÝCH) SMLUV A DODATKŮ DLE § 91 odst. 6 zák. č. 108/2006 Sb. na 1 000 obyvatel správního obvodu,prepocet,1.304
115,2025,19.13.2,POČET UZAVŘENÝCH (PODEPSANÝCH) SMLUV A DODATKŮ DLE § 91 odst. 6 zák. č. 108/2006 Sb. na 1 000 obyvatel správního obvodu,prepocet,1.43
115,2010,19.14.1,POČET SOCIÁLNÍCH POHŘBŮ na 1 000 obyvatel obce,prepocet,
115,2011,19.14.1,POČET SOCIÁLNÍCH POHŘBŮ na 1 000 obyvatel obce,prepocet,
115,2012,19.14.1,POČET SOCIÁLNÍCH POHŘBŮ na 1 000 obyvatel obce,prepocet,
115,2013,19.14.1,POČET SOCIÁLNÍCH POHŘBŮ na 1 000 obyvatel obce,prepocet,
115,2014,19.14.1,POČET SOCIÁLNÍCH POHŘBŮ na 1 000 obyvatel obce,prepocet,
115,2015,19.14.1,POČET SOCIÁLNÍCH POHŘBŮ na 1 000 obyvatel obce,prepocet,0.397
115,2016,19.14.1,POČET SOCIÁLNÍCH POHŘBŮ na 1 000 obyvatel obce,prepocet,0.132
115,2017,19.14.1,POČET SOCIÁLNÍCH POHŘBŮ na 1 000 obyvatel obce,prepocet,0.133
115,2018,19.14.1,POČET SOCIÁLNÍCH POHŘBŮ na 1 000 obyvatel obce,prepocet,0.223
115,2019,19.14.1,POČET SOCIÁLNÍCH POHŘBŮ na 1 000 obyvatel obce,prepocet,0.0
115,2020,19.14.1,POČET SOCIÁLNÍCH POHŘBŮ na 1 000 obyvatel obce,prepocet,0.09
115,2021,19.14.1,POČET SOCIÁLNÍCH POHŘBŮ na 1 000 obyvatel obce,prepocet,0.136
115,2022,19.14.1,POČET SOCIÁLNÍCH POHŘBŮ na 1 000 obyvatel obce,prepocet,0.134
115,2023,19.14.1,POČET SOCIÁLNÍCH POHŘBŮ na 1 000 obyvatel obce,prepocet,0.09
115,2024,19.14.1,POČET SOCIÁLNÍCH POHŘBŮ na 1 000 obyvatel obce,prepocet,0.182
115,2025,19.14.1,POČET SOCIÁLNÍCH POHŘBŮ na 1 000 obyvatel obce,prepocet,0.091
115,2010,19.14.2,POČET SOCIÁLNÍCH POHŘBŮ ve sledovaném roce,prepocet,
115,2011,19.14.2,POČET SOCIÁLNÍCH POHŘBŮ ve sledovaném roce,prepocet,
115,2012,19.14.2,POČET SOCIÁLNÍCH POHŘBŮ ve sledovaném roce,prepocet,
115,2013,19.14.2,POČET SOCIÁLNÍCH POHŘBŮ ve sledovaném roce,prepocet,
115,2014,19.14.2,POČET SOCIÁLNÍCH POHŘBŮ ve sledovaném roce,prepocet,
115,2015,19.14.2,POČET SOCIÁLNÍCH POHŘBŮ ve sledovaném roce,prepocet,9.0
115,2016,19.14.2,POČET SOCIÁLNÍCH POHŘBŮ ve sledovaném roce,prepocet,3.0
115,2017,19.14.2,POČET SOCIÁLNÍCH POHŘBŮ ve sledovaném roce,prepocet,3.0
115,2018,19.14.2,POČET SOCIÁLNÍCH POHŘBŮ ve sledovaném roce,prepocet,5.0
115,2019,19.14.2,POČET SOCIÁLNÍCH POHŘBŮ ve sledovaném roce,prepocet,0.0
115,2020,19.14.2,POČET SOCIÁLNÍCH POHŘBŮ ve sledovaném roce,prepocet,2.0
115,2021,19.14.2,POČET SOCIÁLNÍCH POHŘBŮ ve sledovaném roce,prepocet,3.0
115,2022,19.14.2,POČET SOCIÁLNÍCH POHŘBŮ ve sledovaném roce,prepocet,3.0
115,2023,19.14.2,POČET SOCIÁLNÍCH POHŘBŮ ve sledovaném roce,prepocet,2.0
115,2024,19.14.2,POČET SOCIÁLNÍCH POHŘBŮ ve sledovaném roce,prepocet,4.0
115,2025,19.14.2,POČET SOCIÁLNÍCH POHŘBŮ ve sledovaném roce,prepocet,2.0
115,2010,19.15.1,Počet pracovních úvazků odboru sociálních věcí celkem (bez kategorie ostatní) na 1 000 obyvatel správního obvodu,prepocet,
115,2011,19.15.1,Počet pracovních úvazků odboru sociálních věcí celkem (bez kategorie ostatní) na 1 000 obyvatel správního obvodu,prepocet,
115,2012,19.15.1,Počet pracovních úvazků odboru sociálních věcí celkem (bez kategorie ostatní) na 1 000 obyvatel správního obvodu,prepocet,
115,2013,19.15.1,Počet pracovních úvazků odboru sociálních věcí celkem (bez kategorie ostatní) na 1 000 obyvatel správního obvodu,prepocet,
115,2014,19.15.1,Počet pracovních úvazků odboru sociálních věcí celkem (bez kategorie ostatní) na 1 000 obyvatel správního obvodu,prepocet,
115,2015,19.15.1,Počet pracovních úvazků odboru sociálních věcí celkem (bez kategorie ostatní) na 1 000 obyvatel správního obvodu,prepocet,0.355
115,2016,19.15.1,Počet pracovních úvazků odboru sociálních věcí celkem (bez kategorie ostatní) na 1 000 obyvatel správního obvodu,prepocet,0.363
115,2017,19.15.1,Počet pracovních úvazků odboru sociálních věcí celkem (bez kategorie ostatní) na 1 000 obyvatel správního obvodu,prepocet,0.339
115,2018,19.15.1,Počet pracovních úvazků odboru sociálních věcí celkem (bez kategorie ostatní) na 1 000 obyvatel správního obvodu,prepocet,0.349
115,2019,19.15.1,Počet pracovních úvazků odboru sociálních věcí celkem (bez kategorie ostatní) na 1 000 obyvatel správního obvodu,prepocet,0.347
115,2020,19.15.1,Počet pracovních úvazků odboru sociálních věcí celkem (bez kategorie ostatní) na 1 000 obyvatel správního obvodu,prepocet,0.351
115,2021,19.15.1,Počet pracovních úvazků odboru sociálních věcí celkem (bez kategorie ostatní) na 1 000 obyvatel správního obvodu,prepocet,0.353
115,2022,19.15.1,Počet pracovních úvazků odboru sociálních věcí celkem (bez kategorie ostatní) na 1 000 obyvatel správního obvodu,prepocet,0.348
115,2023,19.15.1,Počet pracovních úvazků odboru sociálních věcí celkem (bez kategorie ostatní) na 1 000 obyvatel správního obvodu,prepocet,0.347
115,2024,19.15.1,Počet pracovních úvazků odboru sociálních věcí celkem (bez kategorie ostatní) na 1 000 obyvatel správního obvodu,prepocet,0.35
115,2025,19.15.1,Počet pracovních úvazků odboru sociálních věcí celkem (bez kategorie ostatní) na 1 000 obyvatel správního obvodu,prepocet,0.357
115,2010,19.15.2,Struktura úvazků (bez kategorie ostatních zaměstnanců) v %,prepocet,
115,2011,19.15.2,Struktura úvazků (bez kategorie ostatních zaměstnanců) v %,prepocet,
115,2012,19.15.2,Struktura úvazků (bez kategorie ostatních zaměstnanců) v %,prepocet,
115,2013,19.15.2,Struktura úvazků (bez kategorie ostatních zaměstnanců) v %,prepocet,
115,2014,19.15.2,Struktura úvazků (bez kategorie ostatních zaměstnanců) v %,prepocet,
115,2015,19.15.2,Struktura úvazků (bez kategorie ostatních zaměstnanců) v %,prepocet,41.0
115,2016,19.15.2,Struktura úvazků (bez kategorie ostatních zaměstnanců) v %,prepocet,10.0
115,2017,19.15.2,Struktura úvazků (bez kategorie ostatních zaměstnanců) v %,prepocet,10.0
115,2018,19.15.2,Struktura úvazků (bez kategorie ostatních zaměstnanců) v %,prepocet,9.0
115,2019,19.15.2,Struktura úvazků (bez kategorie ostatních zaměstnanců) v %,prepocet,27.0
115,2020,19.15.2,Struktura úvazků (bez kategorie ostatních zaměstnanců) v %,prepocet,3.0
115,2021,19.15.2,Struktura úvazků (bez kategorie ostatních zaměstnanců) v %,prepocet,46.0
115,2022,19.15.2,Struktura úvazků (bez kategorie ostatních zaměstnanců) v %,prepocet,10.0
115,2023,19.15.2,Struktura úvazků (bez kategorie ostatních zaměstnanců) v %,prepocet,7.0
115,2024,19.15.2,Struktura úvazků (bez kategorie ostatních zaměstnanců) v %,prepocet,8.0
115,2025,19.15.2,Struktura úvazků (bez kategorie ostatních zaměstnanců) v %,prepocet,26.0
115,2010,19.15.3,Počet ostatních zaměstnanců - pracovních úvazků odboru sociálních věcí na 1 000 obyvatel správního obvodu,prepocet,
115,2011,19.15.3,Počet ostatních zaměstnanců - pracovních úvazků odboru sociálních věcí na 1 000 obyvatel správního obvodu,prepocet,
115,2012,19.15.3,Počet ostatních zaměstnanců - pracovních úvazků odboru sociálních věcí na 1 000 obyvatel správního obvodu,prepocet,
115,2013,19.15.3,Počet ostatních zaměstnanců - pracovních úvazků odboru sociálních věcí na 1 000 obyvatel správního obvodu,prepocet,
115,2014,19.15.3,Počet ostatních zaměstnanců - pracovních úvazků odboru sociálních věcí na 1 000 obyvatel správního obvodu,prepocet,
115,2015,19.15.3,Počet ostatních zaměstnanců - pracovních úvazků odboru sociálních věcí na 1 000 obyvatel správního obvodu,prepocet,0.066
115,2016,19.15.3,Počet ostatních zaměstnanců - pracovních úvazků odboru sociálních věcí na 1 000 obyvatel správního obvodu,prepocet,0.039
115,2017,19.15.3,Počet ostatních zaměstnanců - pracovních úvazků odboru sociálních věcí na 1 000 obyvatel správního obvodu,prepocet,0.046
115,2018,19.15.3,Počet ostatních zaměstnanců - pracovních úvazků odboru sociálních věcí na 1 000 obyvatel správního obvodu,prepocet,0.049
115,2019,19.15.3,Počet ostatních zaměstnanců - pracovních úvazků odboru sociálních věcí na 1 000 obyvatel správního obvodu,prepocet,0.048
115,2020,19.15.3,Počet ostatních zaměstnanců - pracovních úvazků odboru sociálních věcí na 1 000 obyvatel správního obvodu,prepocet,0.048
115,2021,19.15.3,Počet ostatních zaměstnanců - pracovních úvazků odboru sociálních věcí na 1 000 obyvatel správního obvodu,prepocet,0.047
115,2022,19.15.3,Počet ostatních zaměstnanců - pracovních úvazků odboru sociálních věcí na 1 000 obyvatel správního obvodu,prepocet,0.047
115,2023,19.15.3,Počet ostatních zaměstnanců - pracovních úvazků odboru sociálních věcí na 1 000 obyvatel správního obvodu,prepocet,0.054
115,2024,19.15.3,Počet ostatních zaměstnanců - pracovních úvazků odboru sociálních věcí na 1 000 obyvatel správního obvodu,prepocet,0.054
115,2025,19.15.3,Počet ostatních zaměstnanců - pracovních úvazků odboru sociálních věcí na 1 000 obyvatel správního obvodu,prepocet,0.055
115,2010,20.1,Počet pravomocně vydaných rozhodnutí na jednoho zaměstnance,prepocet,
115,2011,20.1,Počet pravomocně vydaných rozhodnutí na jednoho zaměstnance,prepocet,
115,2012,20.1,Počet pravomocně vydaných rozhodnutí na jednoho zaměstnance,prepocet,
115,2013,20.1,Počet pravomocně vydaných rozhodnutí na jednoho zaměstnance,prepocet,
115,2014,20.1,Počet pravomocně vydaných rozhodnutí na jednoho zaměstnance,prepocet,
115,2015,20.1,Počet pravomocně vydaných rozhodnutí na jednoho zaměstnance,prepocet,
115,2016,20.1,Počet pravomocně vydaných rozhodnutí na jednoho zaměstnance,prepocet,
115,2017,20.1,Počet pravomocně vydaných rozhodnutí na jednoho zaměstnance,prepocet,
115,2018,20.1,Počet pravomocně vydaných rozhodnutí na jednoho zaměstnance,prepocet,
115,2019,20.1,Počet pravomocně vydaných rozhodnutí na jednoho zaměstnance,prepocet,
115,2020,20.1,Počet pravomocně vydaných rozhodnutí na jednoho zaměstnance,prepocet,
115,2021,20.1,Počet pravomocně vydaných rozhodnutí na jednoho zaměstnance,prepocet,
115,2022,20.1,Počet pravomocně vydaných rozhodnutí na jednoho zaměstnance,prepocet,
115,2023,20.1,Počet pravomocně vydaných rozhodnutí na jednoho zaměstnance,prepocet,
115,2024,20.1,Počet pravomocně vydaných rozhodnutí na jednoho zaměstnance,prepocet,
115,2025,20.1,Počet pravomocně vydaných rozhodnutí na jednoho zaměstnance,prepocet,23.929
115,2010,20.2.1,"Celkový počet přestupků řešených rozhodnutím, příkazem, příkazem na místě nebo blokovou pokutou na jednoho zaměstnance",prepocet,
115,2011,20.2.1,"Celkový počet přestupků řešených rozhodnutím, příkazem, příkazem na místě nebo blokovou pokutou na jednoho zaměstnance",prepocet,
115,2012,20.2.1,"Celkový počet přestupků řešených rozhodnutím, příkazem, příkazem na místě nebo blokovou pokutou na jednoho zaměstnance",prepocet,
115,2013,20.2.1,"Celkový počet přestupků řešených rozhodnutím, příkazem, příkazem na místě nebo blokovou pokutou na jednoho zaměstnance",prepocet,
115,2014,20.2.1,"Celkový počet přestupků řešených rozhodnutím, příkazem, příkazem na místě nebo blokovou pokutou na jednoho zaměstnance",prepocet,
115,2015,20.2.1,"Celkový počet přestupků řešených rozhodnutím, příkazem, příkazem na místě nebo blokovou pokutou na jednoho zaměstnance",prepocet,
115,2016,20.2.1,"Celkový počet přestupků řešených rozhodnutím, příkazem, příkazem na místě nebo blokovou pokutou na jednoho zaměstnance",prepocet,
115,2017,20.2.1,"Celkový počet přestupků řešených rozhodnutím, příkazem, příkazem na místě nebo blokovou pokutou na jednoho zaměstnance",prepocet,
115,2018,20.2.1,"Celkový počet přestupků řešených rozhodnutím, příkazem, příkazem na místě nebo blokovou pokutou na jednoho zaměstnance",prepocet,
115,2019,20.2.1,"Celkový počet přestupků řešených rozhodnutím, příkazem, příkazem na místě nebo blokovou pokutou na jednoho zaměstnance",prepocet,
115,2020,20.2.1,"Celkový počet přestupků řešených rozhodnutím, příkazem, příkazem na místě nebo blokovou pokutou na jednoho zaměstnance",prepocet,
115,2021,20.2.1,"Celkový počet přestupků řešených rozhodnutím, příkazem, příkazem na místě nebo blokovou pokutou na jednoho zaměstnance",prepocet,
115,2022,20.2.1,"Celkový počet přestupků řešených rozhodnutím, příkazem, příkazem na místě nebo blokovou pokutou na jednoho zaměstnance",prepocet,
115,2023,20.2.1,"Celkový počet přestupků řešených rozhodnutím, příkazem, příkazem na místě nebo blokovou pokutou na jednoho zaměstnance",prepocet,
115,2024,20.2.1,"Celkový počet přestupků řešených rozhodnutím, příkazem, příkazem na místě nebo blokovou pokutou na jednoho zaměstnance",prepocet,
115,2025,20.2.1,"Celkový počet přestupků řešených rozhodnutím, příkazem, příkazem na místě nebo blokovou pokutou na jednoho zaměstnance",prepocet,0.357
115,2010,20.2.2,"Vyplňte 1 pokud přestupky řešíte sami na odboru, 0 pokud je předáváte k řešení na specializované pracoviště, odbor, oddělení nebo 2 (kombinace, jiné)",prepocet,
115,2011,20.2.2,"Vyplňte 1 pokud přestupky řešíte sami na odboru, 0 pokud je předáváte k řešení na specializované pracoviště, odbor, oddělení nebo 2 (kombinace, jiné)",prepocet,
115,2012,20.2.2,"Vyplňte 1 pokud přestupky řešíte sami na odboru, 0 pokud je předáváte k řešení na specializované pracoviště, odbor, oddělení nebo 2 (kombinace, jiné)",prepocet,
115,2013,20.2.2,"Vyplňte 1 pokud přestupky řešíte sami na odboru, 0 pokud je předáváte k řešení na specializované pracoviště, odbor, oddělení nebo 2 (kombinace, jiné)",prepocet,
115,2014,20.2.2,"Vyplňte 1 pokud přestupky řešíte sami na odboru, 0 pokud je předáváte k řešení na specializované pracoviště, odbor, oddělení nebo 2 (kombinace, jiné)",prepocet,
115,2015,20.2.2,"Vyplňte 1 pokud přestupky řešíte sami na odboru, 0 pokud je předáváte k řešení na specializované pracoviště, odbor, oddělení nebo 2 (kombinace, jiné)",prepocet,
115,2016,20.2.2,"Vyplňte 1 pokud přestupky řešíte sami na odboru, 0 pokud je předáváte k řešení na specializované pracoviště, odbor, oddělení nebo 2 (kombinace, jiné)",prepocet,
115,2017,20.2.2,"Vyplňte 1 pokud přestupky řešíte sami na odboru, 0 pokud je předáváte k řešení na specializované pracoviště, odbor, oddělení nebo 2 (kombinace, jiné)",prepocet,
115,2018,20.2.2,"Vyplňte 1 pokud přestupky řešíte sami na odboru, 0 pokud je předáváte k řešení na specializované pracoviště, odbor, oddělení nebo 2 (kombinace, jiné)",prepocet,
115,2019,20.2.2,"Vyplňte 1 pokud přestupky řešíte sami na odboru, 0 pokud je předáváte k řešení na specializované pracoviště, odbor, oddělení nebo 2 (kombinace, jiné)",prepocet,
115,2020,20.2.2,"Vyplňte 1 pokud přestupky řešíte sami na odboru, 0 pokud je předáváte k řešení na specializované pracoviště, odbor, oddělení nebo 2 (kombinace, jiné)",prepocet,
115,2021,20.2.2,"Vyplňte 1 pokud přestupky řešíte sami na odboru, 0 pokud je předáváte k řešení na specializované pracoviště, odbor, oddělení nebo 2 (kombinace, jiné)",prepocet,
115,2022,20.2.2,"Vyplňte 1 pokud přestupky řešíte sami na odboru, 0 pokud je předáváte k řešení na specializované pracoviště, odbor, oddělení nebo 2 (kombinace, jiné)",prepocet,
115,2023,20.2.2,"Vyplňte 1 pokud přestupky řešíte sami na odboru, 0 pokud je předáváte k řešení na specializované pracoviště, odbor, oddělení nebo 2 (kombinace, jiné)",prepocet,
115,2024,20.2.2,"Vyplňte 1 pokud přestupky řešíte sami na odboru, 0 pokud je předáváte k řešení na specializované pracoviště, odbor, oddělení nebo 2 (kombinace, jiné)",prepocet,
115,2025,20.2.2,"Vyplňte 1 pokud přestupky řešíte sami na odboru, 0 pokud je předáváte k řešení na specializované pracoviště, odbor, oddělení nebo 2 (kombinace, jiné)",prepocet,1.0
115,2010,20.3,% povolení nakládání s vodami z vydaných rozhodnutí celkem,prepocet,
115,2011,20.3,% povolení nakládání s vodami z vydaných rozhodnutí celkem,prepocet,
115,2012,20.3,% povolení nakládání s vodami z vydaných rozhodnutí celkem,prepocet,
115,2013,20.3,% povolení nakládání s vodami z vydaných rozhodnutí celkem,prepocet,
115,2014,20.3,% povolení nakládání s vodami z vydaných rozhodnutí celkem,prepocet,
115,2015,20.3,% povolení nakládání s vodami z vydaných rozhodnutí celkem,prepocet,
115,2016,20.3,% povolení nakládání s vodami z vydaných rozhodnutí celkem,prepocet,
115,2017,20.3,% povolení nakládání s vodami z vydaných rozhodnutí celkem,prepocet,
115,2018,20.3,% povolení nakládání s vodami z vydaných rozhodnutí celkem,prepocet,
115,2019,20.3,% povolení nakládání s vodami z vydaných rozhodnutí celkem,prepocet,
115,2020,20.3,% povolení nakládání s vodami z vydaných rozhodnutí celkem,prepocet,
115,2021,20.3,% povolení nakládání s vodami z vydaných rozhodnutí celkem,prepocet,
115,2022,20.3,% povolení nakládání s vodami z vydaných rozhodnutí celkem,prepocet,
115,2023,20.3,% povolení nakládání s vodami z vydaných rozhodnutí celkem,prepocet,
115,2024,20.3,% povolení nakládání s vodami z vydaných rozhodnutí celkem,prepocet,
115,2025,20.3,% povolení nakládání s vodami z vydaných rozhodnutí celkem,prepocet,80.597
115,2010,20.4,% vydaných opatření obecné povahy z vydaných rozhodnutí celkem,prepocet,
115,2011,20.4,% vydaných opatření obecné povahy z vydaných rozhodnutí celkem,prepocet,
115,2012,20.4,% vydaných opatření obecné povahy z vydaných rozhodnutí celkem,prepocet,
115,2013,20.4,% vydaných opatření obecné povahy z vydaných rozhodnutí celkem,prepocet,
115,2014,20.4,% vydaných opatření obecné povahy z vydaných rozhodnutí celkem,prepocet,
115,2015,20.4,% vydaných opatření obecné povahy z vydaných rozhodnutí celkem,prepocet,
115,2016,20.4,% vydaných opatření obecné povahy z vydaných rozhodnutí celkem,prepocet,
115,2017,20.4,% vydaných opatření obecné povahy z vydaných rozhodnutí celkem,prepocet,
115,2018,20.4,% vydaných opatření obecné povahy z vydaných rozhodnutí celkem,prepocet,
115,2019,20.4,% vydaných opatření obecné povahy z vydaných rozhodnutí celkem,prepocet,
115,2020,20.4,% vydaných opatření obecné povahy z vydaných rozhodnutí celkem,prepocet,
115,2021,20.4,% vydaných opatření obecné povahy z vydaných rozhodnutí celkem,prepocet,
115,2022,20.4,% vydaných opatření obecné povahy z vydaných rozhodnutí celkem,prepocet,
115,2023,20.4,% vydaných opatření obecné povahy z vydaných rozhodnutí celkem,prepocet,
115,2024,20.4,% vydaných opatření obecné povahy z vydaných rozhodnutí celkem,prepocet,
115,2025,20.4,% vydaných opatření obecné povahy z vydaných rozhodnutí celkem,prepocet,0.0
115,2010,20.5,Počet vydaných souhlasů dle §17 MIMO JES na jednoho zaměstnance,prepocet,
115,2011,20.5,Počet vydaných souhlasů dle §17 MIMO JES na jednoho zaměstnance,prepocet,
115,2012,20.5,Počet vydaných souhlasů dle §17 MIMO JES na jednoho zaměstnance,prepocet,
115,2013,20.5,Počet vydaných souhlasů dle §17 MIMO JES na jednoho zaměstnance,prepocet,
115,2014,20.5,Počet vydaných souhlasů dle §17 MIMO JES na jednoho zaměstnance,prepocet,
115,2015,20.5,Počet vydaných souhlasů dle §17 MIMO JES na jednoho zaměstnance,prepocet,
115,2016,20.5,Počet vydaných souhlasů dle §17 MIMO JES na jednoho zaměstnance,prepocet,
115,2017,20.5,Počet vydaných souhlasů dle §17 MIMO JES na jednoho zaměstnance,prepocet,
115,2018,20.5,Počet vydaných souhlasů dle §17 MIMO JES na jednoho zaměstnance,prepocet,
115,2019,20.5,Počet vydaných souhlasů dle §17 MIMO JES na jednoho zaměstnance,prepocet,
115,2020,20.5,Počet vydaných souhlasů dle §17 MIMO JES na jednoho zaměstnance,prepocet,
115,2021,20.5,Počet vydaných souhlasů dle §17 MIMO JES na jednoho zaměstnance,prepocet,
115,2022,20.5,Počet vydaných souhlasů dle §17 MIMO JES na jednoho zaměstnance,prepocet,
115,2023,20.5,Počet vydaných souhlasů dle §17 MIMO JES na jednoho zaměstnance,prepocet,
115,2024,20.5,Počet vydaných souhlasů dle §17 MIMO JES na jednoho zaměstnance,prepocet,
115,2025,20.5,Počet vydaných souhlasů dle §17 MIMO JES na jednoho zaměstnance,prepocet,2.857
115,2010,20.6,Počet řešených havarijních situací na jednoho zaměstnance,prepocet,
115,2011,20.6,Počet řešených havarijních situací na jednoho zaměstnance,prepocet,
115,2012,20.6,Počet řešených havarijních situací na jednoho zaměstnance,prepocet,
115,2013,20.6,Počet řešených havarijních situací na jednoho zaměstnance,prepocet,
115,2014,20.6,Počet řešených havarijních situací na jednoho zaměstnance,prepocet,
115,2015,20.6,Počet řešených havarijních situací na jednoho zaměstnance,prepocet,
115,2016,20.6,Počet řešených havarijních situací na jednoho zaměstnance,prepocet,
115,2017,20.6,Počet řešených havarijních situací na jednoho zaměstnance,prepocet,
115,2018,20.6,Počet řešených havarijních situací na jednoho zaměstnance,prepocet,
115,2019,20.6,Počet řešených havarijních situací na jednoho zaměstnance,prepocet,
115,2020,20.6,Počet řešených havarijních situací na jednoho zaměstnance,prepocet,
115,2021,20.6,Počet řešených havarijních situací na jednoho zaměstnance,prepocet,
115,2022,20.6,Počet řešených havarijních situací na jednoho zaměstnance,prepocet,
115,2023,20.6,Počet řešených havarijních situací na jednoho zaměstnance,prepocet,
115,2024,20.6,Počet řešených havarijních situací na jednoho zaměstnance,prepocet,
115,2025,20.6,Počet řešených havarijních situací na jednoho zaměstnance,prepocet,2.5
115,2010,20.7,Počet provedených kontrol (dozorů) se zápisem na jednoho zaměstnance,prepocet,
115,2011,20.7,Počet provedených kontrol (dozorů) se zápisem na jednoho zaměstnance,prepocet,
115,2012,20.7,Počet provedených kontrol (dozorů) se zápisem na jednoho zaměstnance,prepocet,
115,2013,20.7,Počet provedených kontrol (dozorů) se zápisem na jednoho zaměstnance,prepocet,
115,2014,20.7,Počet provedených kontrol (dozorů) se zápisem na jednoho zaměstnance,prepocet,
115,2015,20.7,Počet provedených kontrol (dozorů) se zápisem na jednoho zaměstnance,prepocet,
115,2016,20.7,Počet provedených kontrol (dozorů) se zápisem na jednoho zaměstnance,prepocet,
115,2017,20.7,Počet provedených kontrol (dozorů) se zápisem na jednoho zaměstnance,prepocet,
115,2018,20.7,Počet provedených kontrol (dozorů) se zápisem na jednoho zaměstnance,prepocet,
115,2019,20.7,Počet provedených kontrol (dozorů) se zápisem na jednoho zaměstnance,prepocet,
115,2020,20.7,Počet provedených kontrol (dozorů) se zápisem na jednoho zaměstnance,prepocet,
115,2021,20.7,Počet provedených kontrol (dozorů) se zápisem na jednoho zaměstnance,prepocet,
115,2022,20.7,Počet provedených kontrol (dozorů) se zápisem na jednoho zaměstnance,prepocet,
115,2023,20.7,Počet provedených kontrol (dozorů) se zápisem na jednoho zaměstnance,prepocet,
115,2024,20.7,Počet provedených kontrol (dozorů) se zápisem na jednoho zaměstnance,prepocet,
115,2025,20.7,Počet provedených kontrol (dozorů) se zápisem na jednoho zaměstnance,prepocet,1.429
115,2010,21.1,Počet vydaných správních rozhodnutí na jednoho zaměstnance,prepocet,
115,2011,21.1,Počet vydaných správních rozhodnutí na jednoho zaměstnance,prepocet,
115,2012,21.1,Počet vydaných správních rozhodnutí na jednoho zaměstnance,prepocet,
115,2013,21.1,Počet vydaných správních rozhodnutí na jednoho zaměstnance,prepocet,
115,2014,21.1,Počet vydaných správních rozhodnutí na jednoho zaměstnance,prepocet,
115,2015,21.1,Počet vydaných správních rozhodnutí na jednoho zaměstnance,prepocet,
115,2016,21.1,Počet vydaných správních rozhodnutí na jednoho zaměstnance,prepocet,
115,2017,21.1,Počet vydaných správních rozhodnutí na jednoho zaměstnance,prepocet,
115,2018,21.1,Počet vydaných správních rozhodnutí na jednoho zaměstnance,prepocet,
115,2019,21.1,Počet vydaných správních rozhodnutí na jednoho zaměstnance,prepocet,
115,2020,21.1,Počet vydaných správních rozhodnutí na jednoho zaměstnance,prepocet,
115,2021,21.1,Počet vydaných správních rozhodnutí na jednoho zaměstnance,prepocet,
115,2022,21.1,Počet vydaných správních rozhodnutí na jednoho zaměstnance,prepocet,
115,2023,21.1,Počet vydaných správních rozhodnutí na jednoho zaměstnance,prepocet,
115,2024,21.1,Počet vydaných správních rozhodnutí na jednoho zaměstnance,prepocet,
115,2025,21.1,Počet vydaných správních rozhodnutí na jednoho zaměstnance,prepocet,35.0
115,2010,21.1.1,% vydaných správních rozhodnutí z moci úřední z vydaných rozhodnutí celkem,prepocet,
115,2011,21.1.1,% vydaných správních rozhodnutí z moci úřední z vydaných rozhodnutí celkem,prepocet,
115,2012,21.1.1,% vydaných správních rozhodnutí z moci úřední z vydaných rozhodnutí celkem,prepocet,
115,2013,21.1.1,% vydaných správních rozhodnutí z moci úřední z vydaných rozhodnutí celkem,prepocet,
115,2014,21.1.1,% vydaných správních rozhodnutí z moci úřední z vydaných rozhodnutí celkem,prepocet,
115,2015,21.1.1,% vydaných správních rozhodnutí z moci úřední z vydaných rozhodnutí celkem,prepocet,
115,2016,21.1.1,% vydaných správních rozhodnutí z moci úřední z vydaných rozhodnutí celkem,prepocet,
115,2017,21.1.1,% vydaných správních rozhodnutí z moci úřední z vydaných rozhodnutí celkem,prepocet,
115,2018,21.1.1,% vydaných správních rozhodnutí z moci úřední z vydaných rozhodnutí celkem,prepocet,
115,2019,21.1.1,% vydaných správních rozhodnutí z moci úřední z vydaných rozhodnutí celkem,prepocet,
115,2020,21.1.1,% vydaných správních rozhodnutí z moci úřední z vydaných rozhodnutí celkem,prepocet,
115,2021,21.1.1,% vydaných správních rozhodnutí z moci úřední z vydaných rozhodnutí celkem,prepocet,
115,2022,21.1.1,% vydaných správních rozhodnutí z moci úřední z vydaných rozhodnutí celkem,prepocet,
115,2023,21.1.1,% vydaných správních rozhodnutí z moci úřední z vydaných rozhodnutí celkem,prepocet,
115,2024,21.1.1,% vydaných správních rozhodnutí z moci úřední z vydaných rozhodnutí celkem,prepocet,
115,2025,21.1.1,% vydaných správních rozhodnutí z moci úřední z vydaných rozhodnutí celkem,prepocet,0.0
115,2010,21.1.2,"Celkový počet přestupků řešených rozhodnutím, příkazem, příkazem na místě nebo blokovou pokutou na jednoho zaměstnance",prepocet,
115,2011,21.1.2,"Celkový počet přestupků řešených rozhodnutím, příkazem, příkazem na místě nebo blokovou pokutou na jednoho zaměstnance",prepocet,
115,2012,21.1.2,"Celkový počet přestupků řešených rozhodnutím, příkazem, příkazem na místě nebo blokovou pokutou na jednoho zaměstnance",prepocet,
115,2013,21.1.2,"Celkový počet přestupků řešených rozhodnutím, příkazem, příkazem na místě nebo blokovou pokutou na jednoho zaměstnance",prepocet,
115,2014,21.1.2,"Celkový počet přestupků řešených rozhodnutím, příkazem, příkazem na místě nebo blokovou pokutou na jednoho zaměstnance",prepocet,
115,2015,21.1.2,"Celkový počet přestupků řešených rozhodnutím, příkazem, příkazem na místě nebo blokovou pokutou na jednoho zaměstnance",prepocet,
115,2016,21.1.2,"Celkový počet přestupků řešených rozhodnutím, příkazem, příkazem na místě nebo blokovou pokutou na jednoho zaměstnance",prepocet,
115,2017,21.1.2,"Celkový počet přestupků řešených rozhodnutím, příkazem, příkazem na místě nebo blokovou pokutou na jednoho zaměstnance",prepocet,
115,2018,21.1.2,"Celkový počet přestupků řešených rozhodnutím, příkazem, příkazem na místě nebo blokovou pokutou na jednoho zaměstnance",prepocet,
115,2019,21.1.2,"Celkový počet přestupků řešených rozhodnutím, příkazem, příkazem na místě nebo blokovou pokutou na jednoho zaměstnance",prepocet,
115,2020,21.1.2,"Celkový počet přestupků řešených rozhodnutím, příkazem, příkazem na místě nebo blokovou pokutou na jednoho zaměstnance",prepocet,
115,2021,21.1.2,"Celkový počet přestupků řešených rozhodnutím, příkazem, příkazem na místě nebo blokovou pokutou na jednoho zaměstnance",prepocet,
115,2022,21.1.2,"Celkový počet přestupků řešených rozhodnutím, příkazem, příkazem na místě nebo blokovou pokutou na jednoho zaměstnance",prepocet,
115,2023,21.1.2,"Celkový počet přestupků řešených rozhodnutím, příkazem, příkazem na místě nebo blokovou pokutou na jednoho zaměstnance",prepocet,
115,2024,21.1.2,"Celkový počet přestupků řešených rozhodnutím, příkazem, příkazem na místě nebo blokovou pokutou na jednoho zaměstnance",prepocet,
115,2025,21.1.2,"Celkový počet přestupků řešených rozhodnutím, příkazem, příkazem na místě nebo blokovou pokutou na jednoho zaměstnance",prepocet,0.0
115,2010,21.1.3,"Vyplňte 1 pokud přestupky řešíte sami na odboru, 0 pokud je předáváte k řešení na specializované pracoviště, odbor, oddělení nebo 2 (kombinace, jiné)",prepocet,
115,2011,21.1.3,"Vyplňte 1 pokud přestupky řešíte sami na odboru, 0 pokud je předáváte k řešení na specializované pracoviště, odbor, oddělení nebo 2 (kombinace, jiné)",prepocet,
115,2012,21.1.3,"Vyplňte 1 pokud přestupky řešíte sami na odboru, 0 pokud je předáváte k řešení na specializované pracoviště, odbor, oddělení nebo 2 (kombinace, jiné)",prepocet,
115,2013,21.1.3,"Vyplňte 1 pokud přestupky řešíte sami na odboru, 0 pokud je předáváte k řešení na specializované pracoviště, odbor, oddělení nebo 2 (kombinace, jiné)",prepocet,
115,2014,21.1.3,"Vyplňte 1 pokud přestupky řešíte sami na odboru, 0 pokud je předáváte k řešení na specializované pracoviště, odbor, oddělení nebo 2 (kombinace, jiné)",prepocet,
115,2015,21.1.3,"Vyplňte 1 pokud přestupky řešíte sami na odboru, 0 pokud je předáváte k řešení na specializované pracoviště, odbor, oddělení nebo 2 (kombinace, jiné)",prepocet,
115,2016,21.1.3,"Vyplňte 1 pokud přestupky řešíte sami na odboru, 0 pokud je předáváte k řešení na specializované pracoviště, odbor, oddělení nebo 2 (kombinace, jiné)",prepocet,
115,2017,21.1.3,"Vyplňte 1 pokud přestupky řešíte sami na odboru, 0 pokud je předáváte k řešení na specializované pracoviště, odbor, oddělení nebo 2 (kombinace, jiné)",prepocet,
115,2018,21.1.3,"Vyplňte 1 pokud přestupky řešíte sami na odboru, 0 pokud je předáváte k řešení na specializované pracoviště, odbor, oddělení nebo 2 (kombinace, jiné)",prepocet,
115,2019,21.1.3,"Vyplňte 1 pokud přestupky řešíte sami na odboru, 0 pokud je předáváte k řešení na specializované pracoviště, odbor, oddělení nebo 2 (kombinace, jiné)",prepocet,
115,2020,21.1.3,"Vyplňte 1 pokud přestupky řešíte sami na odboru, 0 pokud je předáváte k řešení na specializované pracoviště, odbor, oddělení nebo 2 (kombinace, jiné)",prepocet,
115,2021,21.1.3,"Vyplňte 1 pokud přestupky řešíte sami na odboru, 0 pokud je předáváte k řešení na specializované pracoviště, odbor, oddělení nebo 2 (kombinace, jiné)",prepocet,
115,2022,21.1.3,"Vyplňte 1 pokud přestupky řešíte sami na odboru, 0 pokud je předáváte k řešení na specializované pracoviště, odbor, oddělení nebo 2 (kombinace, jiné)",prepocet,
115,2023,21.1.3,"Vyplňte 1 pokud přestupky řešíte sami na odboru, 0 pokud je předáváte k řešení na specializované pracoviště, odbor, oddělení nebo 2 (kombinace, jiné)",prepocet,
115,2024,21.1.3,"Vyplňte 1 pokud přestupky řešíte sami na odboru, 0 pokud je předáváte k řešení na specializované pracoviště, odbor, oddělení nebo 2 (kombinace, jiné)",prepocet,
115,2025,21.1.3,"Vyplňte 1 pokud přestupky řešíte sami na odboru, 0 pokud je předáváte k řešení na specializované pracoviště, odbor, oddělení nebo 2 (kombinace, jiné)",prepocet,0.0
115,2010,21.4,Výměra pozemků určených k plnění funkce lesa ve správním obvodu v hektarech na jednoho zaměstnance,prepocet,
115,2011,21.4,Výměra pozemků určených k plnění funkce lesa ve správním obvodu v hektarech na jednoho zaměstnance,prepocet,
115,2012,21.4,Výměra pozemků určených k plnění funkce lesa ve správním obvodu v hektarech na jednoho zaměstnance,prepocet,
115,2013,21.4,Výměra pozemků určených k plnění funkce lesa ve správním obvodu v hektarech na jednoho zaměstnance,prepocet,
115,2014,21.4,Výměra pozemků určených k plnění funkce lesa ve správním obvodu v hektarech na jednoho zaměstnance,prepocet,
115,2015,21.4,Výměra pozemků určených k plnění funkce lesa ve správním obvodu v hektarech na jednoho zaměstnance,prepocet,
115,2016,21.4,Výměra pozemků určených k plnění funkce lesa ve správním obvodu v hektarech na jednoho zaměstnance,prepocet,
115,2017,21.4,Výměra pozemků určených k plnění funkce lesa ve správním obvodu v hektarech na jednoho zaměstnance,prepocet,
115,2018,21.4,Výměra pozemků určených k plnění funkce lesa ve správním obvodu v hektarech na jednoho zaměstnance,prepocet,
115,2019,21.4,Výměra pozemků určených k plnění funkce lesa ve správním obvodu v hektarech na jednoho zaměstnance,prepocet,
115,2020,21.4,Výměra pozemků určených k plnění funkce lesa ve správním obvodu v hektarech na jednoho zaměstnance,prepocet,
115,2021,21.4,Výměra pozemků určených k plnění funkce lesa ve správním obvodu v hektarech na jednoho zaměstnance,prepocet,
115,2022,21.4,Výměra pozemků určených k plnění funkce lesa ve správním obvodu v hektarech na jednoho zaměstnance,prepocet,
115,2023,21.4,Výměra pozemků určených k plnění funkce lesa ve správním obvodu v hektarech na jednoho zaměstnance,prepocet,
115,2024,21.4,Výměra pozemků určených k plnění funkce lesa ve správním obvodu v hektarech na jednoho zaměstnance,prepocet,
115,2025,21.4,Výměra pozemků určených k plnění funkce lesa ve správním obvodu v hektarech na jednoho zaměstnance,prepocet,4636.05
